---------- Date: 2026-03-29 00:00:12 ~ IP : 185.179.188.62 ----------
REQUEST URI : /index.php?route=feed/google_merchant
MOD DETAILS:
   modFile   : /home/canmotalka/web/can-motalka.ru/public_html/vqmod/xml/lightning.xml
   id        : OpenCart Lightning
   version   : 3.37
   vqmver    : 
   author    : MaxD http://devs.mx

File Name    : system/library/cache.php(0)
VQModObject::applyMod - SEARCH NOT FOUND (SKIPPED): if (is_file(DIR_SYSTEM . 'library/journal3/vendor/SuperCache

----------------------------------------------------------------------


---------- Date: 2026-03-29 00:00:28 ~ IP : 185.179.188.62 ----------
REQUEST URI : /podmotka-spidometra-volkswagen-polo-6/
MOD DETAILS:
   modFile   : /home/canmotalka/web/can-motalka.ru/public_html/vqmod/xml/lightning.xml
   id        : OpenCart Lightning
   version   : 3.37
   vqmver    : 
   author    : MaxD http://devs.mx

File Name    : system/library/cache.php(0)
VQModObject::applyMod - SEARCH NOT FOUND (SKIPPED): if (is_file(DIR_SYSTEM . 'library/journal3/vendor/SuperCache

----------------------------------------------------------------------


---------- Date: 2026-03-29 00:11:40 ~ IP : 185.179.188.62 ----------
REQUEST URI : /instrukciya-dlya-podmotki-lada-largus-2021/?ysclid=mnatseifny447388793
MOD DETAILS:
   modFile   : /home/canmotalka/web/can-motalka.ru/public_html/vqmod/xml/lightning.xml
   id        : OpenCart Lightning
   version   : 3.37
   vqmver    : 
   author    : MaxD http://devs.mx

File Name    : system/library/cache.php(0)
VQModObject::applyMod - SEARCH NOT FOUND (SKIPPED): if (is_file(DIR_SYSTEM . 'library/journal3/vendor/SuperCache

----------------------------------------------------------------------


---------- Date: 2026-03-29 00:11:40 ~ IP : 185.179.188.62 ----------
REQUEST URI : /instrukciya-dlya-podmotki-lada-largus-2021/
MOD DETAILS:
   modFile   : /home/canmotalka/web/can-motalka.ru/public_html/vqmod/xml/lightning.xml
   id        : OpenCart Lightning
   version   : 3.37
   vqmver    : 
   author    : MaxD http://devs.mx

File Name    : system/library/cache.php(0)
VQModObject::applyMod - SEARCH NOT FOUND (SKIPPED): if (is_file(DIR_SYSTEM . 'library/journal3/vendor/SuperCache

----------------------------------------------------------------------


---------- Date: 2026-03-29 00:11:53 ~ IP : 185.179.188.62 ----------
REQUEST URI : /manual-podmotka-toyota-camry-corolla-tlc-rav4/
MOD DETAILS:
   modFile   : /home/canmotalka/web/can-motalka.ru/public_html/vqmod/xml/lightning.xml
   id        : OpenCart Lightning
   version   : 3.37
   vqmver    : 
   author    : MaxD http://devs.mx

File Name    : system/library/cache.php(0)
VQModObject::applyMod - SEARCH NOT FOUND (SKIPPED): if (is_file(DIR_SYSTEM . 'library/journal3/vendor/SuperCache

----------------------------------------------------------------------


---------- Date: 2026-03-29 00:11:54 ~ IP : 185.179.188.62 ----------
REQUEST URI : /index.php?route=module/popupcart_extended
MOD DETAILS:
   modFile   : /home/canmotalka/web/can-motalka.ru/public_html/vqmod/xml/lightning.xml
   id        : OpenCart Lightning
   version   : 3.37
   vqmver    : 
   author    : MaxD http://devs.mx

File Name    : system/library/cache.php(0)
VQModObject::applyMod - SEARCH NOT FOUND (SKIPPED): if (is_file(DIR_SYSTEM . 'library/journal3/vendor/SuperCache

----------------------------------------------------------------------


---------- Date: 2026-03-29 00:12:39 ~ IP : 185.179.188.62 ----------
REQUEST URI : /.well-known/traffic-advice
MOD DETAILS:
   modFile   : /home/canmotalka/web/can-motalka.ru/public_html/vqmod/xml/lightning.xml
   id        : OpenCart Lightning
   version   : 3.37
   vqmver    : 
   author    : MaxD http://devs.mx

File Name    : system/library/cache.php(0)
VQModObject::applyMod - SEARCH NOT FOUND (SKIPPED): if (is_file(DIR_SYSTEM . 'library/journal3/vendor/SuperCache

----------------------------------------------------------------------


---------- Date: 2026-03-29 00:12:39 ~ IP : 185.179.188.62 ----------
REQUEST URI : /instrukciya-podmotka-camry/
MOD DETAILS:
   modFile   : /home/canmotalka/web/can-motalka.ru/public_html/vqmod/xml/lightning.xml
   id        : OpenCart Lightning
   version   : 3.37
   vqmver    : 
   author    : MaxD http://devs.mx

File Name    : system/library/cache.php(0)
VQModObject::applyMod - SEARCH NOT FOUND (SKIPPED): if (is_file(DIR_SYSTEM . 'library/journal3/vendor/SuperCache

----------------------------------------------------------------------


---------- Date: 2026-03-29 00:16:07 ~ IP : 185.179.188.62 ----------
REQUEST URI : /manual-podmotka-toyota-camry-corolla-tlc-rav4/
MOD DETAILS:
   modFile   : /home/canmotalka/web/can-motalka.ru/public_html/vqmod/xml/lightning.xml
   id        : OpenCart Lightning
   version   : 3.37
   vqmver    : 
   author    : MaxD http://devs.mx

File Name    : system/library/cache.php(0)
VQModObject::applyMod - SEARCH NOT FOUND (SKIPPED): if (is_file(DIR_SYSTEM . 'library/journal3/vendor/SuperCache

----------------------------------------------------------------------


---------- Date: 2026-03-29 00:16:08 ~ IP : 185.179.188.62 ----------
REQUEST URI : /index.php?route=module/popupcart_extended
MOD DETAILS:
   modFile   : /home/canmotalka/web/can-motalka.ru/public_html/vqmod/xml/lightning.xml
   id        : OpenCart Lightning
   version   : 3.37
   vqmver    : 
   author    : MaxD http://devs.mx

File Name    : system/library/cache.php(0)
VQModObject::applyMod - SEARCH NOT FOUND (SKIPPED): if (is_file(DIR_SYSTEM . 'library/journal3/vendor/SuperCache

----------------------------------------------------------------------


---------- Date: 2026-03-29 00:16:23 ~ IP : 185.179.188.62 ----------
REQUEST URI : /manual-podmotka-toyota-camry-corolla-tlc-rav4/
MOD DETAILS:
   modFile   : /home/canmotalka/web/can-motalka.ru/public_html/vqmod/xml/lightning.xml
   id        : OpenCart Lightning
   version   : 3.37
   vqmver    : 
   author    : MaxD http://devs.mx

File Name    : system/library/cache.php(0)
VQModObject::applyMod - SEARCH NOT FOUND (SKIPPED): if (is_file(DIR_SYSTEM . 'library/journal3/vendor/SuperCache

----------------------------------------------------------------------


---------- Date: 2026-03-29 00:16:24 ~ IP : 185.179.188.62 ----------
REQUEST URI : /index.php?route=module/popupcart_extended
MOD DETAILS:
   modFile   : /home/canmotalka/web/can-motalka.ru/public_html/vqmod/xml/lightning.xml
   id        : OpenCart Lightning
   version   : 3.37
   vqmver    : 
   author    : MaxD http://devs.mx

File Name    : system/library/cache.php(0)
VQModObject::applyMod - SEARCH NOT FOUND (SKIPPED): if (is_file(DIR_SYSTEM . 'library/journal3/vendor/SuperCache

----------------------------------------------------------------------


---------- Date: 2026-03-29 00:27:19 ~ IP : 185.179.188.62 ----------
REQUEST URI : /kak-rabotaet-podmotka-spidometra/
MOD DETAILS:
   modFile   : /home/canmotalka/web/can-motalka.ru/public_html/vqmod/xml/lightning.xml
   id        : OpenCart Lightning
   version   : 3.37
   vqmver    : 
   author    : MaxD http://devs.mx

File Name    : system/library/cache.php(0)
VQModObject::applyMod - SEARCH NOT FOUND (SKIPPED): if (is_file(DIR_SYSTEM . 'library/journal3/vendor/SuperCache

----------------------------------------------------------------------


---------- Date: 2026-03-29 00:34:58 ~ IP : 185.179.188.62 ----------
REQUEST URI : /manuals/
MOD DETAILS:
   modFile   : /home/canmotalka/web/can-motalka.ru/public_html/vqmod/xml/lightning.xml
   id        : OpenCart Lightning
   version   : 3.37
   vqmver    : 
   author    : MaxD http://devs.mx

File Name    : system/library/cache.php(0)
VQModObject::applyMod - SEARCH NOT FOUND (SKIPPED): if (is_file(DIR_SYSTEM . 'library/journal3/vendor/SuperCache

----------------------------------------------------------------------


---------- Date: 2026-03-29 00:38:02 ~ IP : 185.179.188.62 ----------
REQUEST URI : /manual-podmotka-toyota-camry-corolla-tlc-rav4/
MOD DETAILS:
   modFile   : /home/canmotalka/web/can-motalka.ru/public_html/vqmod/xml/lightning.xml
   id        : OpenCart Lightning
   version   : 3.37
   vqmver    : 
   author    : MaxD http://devs.mx

File Name    : system/library/cache.php(0)
VQModObject::applyMod - SEARCH NOT FOUND (SKIPPED): if (is_file(DIR_SYSTEM . 'library/journal3/vendor/SuperCache

----------------------------------------------------------------------


---------- Date: 2026-03-29 00:38:03 ~ IP : 185.179.188.62 ----------
REQUEST URI : /index.php?route=module/popupcart_extended
MOD DETAILS:
   modFile   : /home/canmotalka/web/can-motalka.ru/public_html/vqmod/xml/lightning.xml
   id        : OpenCart Lightning
   version   : 3.37
   vqmver    : 
   author    : MaxD http://devs.mx

File Name    : system/library/cache.php(0)
VQModObject::applyMod - SEARCH NOT FOUND (SKIPPED): if (is_file(DIR_SYSTEM . 'library/journal3/vendor/SuperCache

----------------------------------------------------------------------


---------- Date: 2026-03-29 00:38:45 ~ IP : 185.179.188.62 ----------
REQUEST URI : /gazelle_biz_manual/?ysclid=mnaur79fhs726170396
MOD DETAILS:
   modFile   : /home/canmotalka/web/can-motalka.ru/public_html/vqmod/xml/lightning.xml
   id        : OpenCart Lightning
   version   : 3.37
   vqmver    : 
   author    : MaxD http://devs.mx

File Name    : system/library/cache.php(0)
VQModObject::applyMod - SEARCH NOT FOUND (SKIPPED): if (is_file(DIR_SYSTEM . 'library/journal3/vendor/SuperCache

----------------------------------------------------------------------


---------- Date: 2026-03-29 00:38:45 ~ IP : 185.179.188.62 ----------
REQUEST URI : /gazelle_biz_manual/
MOD DETAILS:
   modFile   : /home/canmotalka/web/can-motalka.ru/public_html/vqmod/xml/lightning.xml
   id        : OpenCart Lightning
   version   : 3.37
   vqmver    : 
   author    : MaxD http://devs.mx

File Name    : system/library/cache.php(0)
VQModObject::applyMod - SEARCH NOT FOUND (SKIPPED): if (is_file(DIR_SYSTEM . 'library/journal3/vendor/SuperCache

----------------------------------------------------------------------


---------- Date: 2026-03-29 00:38:54 ~ IP : 185.179.188.62 ----------
REQUEST URI : /index.php?route=module/popupcart_extended
MOD DETAILS:
   modFile   : /home/canmotalka/web/can-motalka.ru/public_html/vqmod/xml/lightning.xml
   id        : OpenCart Lightning
   version   : 3.37
   vqmver    : 
   author    : MaxD http://devs.mx

File Name    : system/library/cache.php(0)
VQModObject::applyMod - SEARCH NOT FOUND (SKIPPED): if (is_file(DIR_SYSTEM . 'library/journal3/vendor/SuperCache

----------------------------------------------------------------------


---------- Date: 2026-03-29 01:06:47 ~ IP : 185.179.188.62 ----------
REQUEST URI : /setting_php/kamagra-gold/525-tadasip-v-apteke-grozniy
MOD DETAILS:
   modFile   : /home/canmotalka/web/can-motalka.ru/public_html/vqmod/xml/lightning.xml
   id        : OpenCart Lightning
   version   : 3.37
   vqmver    : 
   author    : MaxD http://devs.mx

File Name    : system/library/cache.php(0)
VQModObject::applyMod - SEARCH NOT FOUND (SKIPPED): if (is_file(DIR_SYSTEM . 'library/journal3/vendor/SuperCache

----------------------------------------------------------------------


---------- Date: 2026-03-29 01:23:09 ~ IP : 185.179.188.62 ----------
REQUEST URI : /namotchik-probega-dlya-uaz-patriot-konec-do-2016-zelenyy-displey/
MOD DETAILS:
   modFile   : /home/canmotalka/web/can-motalka.ru/public_html/vqmod/xml/lightning.xml
   id        : OpenCart Lightning
   version   : 3.37
   vqmver    : 
   author    : MaxD http://devs.mx

File Name    : system/library/cache.php(0)
VQModObject::applyMod - SEARCH NOT FOUND (SKIPPED): if (is_file(DIR_SYSTEM . 'library/journal3/vendor/SuperCache

----------------------------------------------------------------------


---------- Date: 2026-03-29 01:28:08 ~ IP : 185.179.188.62 ----------
REQUEST URI : /sitemap.xml
MOD DETAILS:
   modFile   : /home/canmotalka/web/can-motalka.ru/public_html/vqmod/xml/lightning.xml
   id        : OpenCart Lightning
   version   : 3.37
   vqmver    : 
   author    : MaxD http://devs.mx

File Name    : system/library/cache.php(0)
VQModObject::applyMod - SEARCH NOT FOUND (SKIPPED): if (is_file(DIR_SYSTEM . 'library/journal3/vendor/SuperCache

----------------------------------------------------------------------


---------- Date: 2026-03-29 01:28:31 ~ IP : 185.179.188.62 ----------
REQUEST URI : /podmotka-spidometra-toyota-corolla/
MOD DETAILS:
   modFile   : /home/canmotalka/web/can-motalka.ru/public_html/vqmod/xml/lightning.xml
   id        : OpenCart Lightning
   version   : 3.37
   vqmver    : 
   author    : MaxD http://devs.mx

File Name    : system/library/cache.php(0)
VQModObject::applyMod - SEARCH NOT FOUND (SKIPPED): if (is_file(DIR_SYSTEM . 'library/journal3/vendor/SuperCache

----------------------------------------------------------------------


---------- Date: 2026-03-29 01:29:32 ~ IP : 185.179.188.62 ----------
REQUEST URI : /podmotka-spidometra-lada-priora/
MOD DETAILS:
   modFile   : /home/canmotalka/web/can-motalka.ru/public_html/vqmod/xml/lightning.xml
   id        : OpenCart Lightning
   version   : 3.37
   vqmver    : 
   author    : MaxD http://devs.mx

File Name    : system/library/cache.php(0)
VQModObject::applyMod - SEARCH NOT FOUND (SKIPPED): if (is_file(DIR_SYSTEM . 'library/journal3/vendor/SuperCache

----------------------------------------------------------------------


---------- Date: 2026-03-29 01:31:29 ~ IP : 185.179.188.62 ----------
REQUEST URI : /otzyvy/
MOD DETAILS:
   modFile   : /home/canmotalka/web/can-motalka.ru/public_html/vqmod/xml/lightning.xml
   id        : OpenCart Lightning
   version   : 3.37
   vqmver    : 
   author    : MaxD http://devs.mx

File Name    : system/library/cache.php(0)
VQModObject::applyMod - SEARCH NOT FOUND (SKIPPED): if (is_file(DIR_SYSTEM . 'library/journal3/vendor/SuperCache

----------------------------------------------------------------------


---------- Date: 2026-03-29 01:32:50 ~ IP : 185.179.188.62 ----------
REQUEST URI : /podmotka-spidometra-uaz-patriot/
MOD DETAILS:
   modFile   : /home/canmotalka/web/can-motalka.ru/public_html/vqmod/xml/lightning.xml
   id        : OpenCart Lightning
   version   : 3.37
   vqmver    : 
   author    : MaxD http://devs.mx

File Name    : system/library/cache.php(0)
VQModObject::applyMod - SEARCH NOT FOUND (SKIPPED): if (is_file(DIR_SYSTEM . 'library/journal3/vendor/SuperCache

----------------------------------------------------------------------


---------- Date: 2026-03-29 01:35:58 ~ IP : 185.179.188.62 ----------
REQUEST URI : /podmotka-spidometra-mersedes-sprinter-classic/
MOD DETAILS:
   modFile   : /home/canmotalka/web/can-motalka.ru/public_html/vqmod/xml/lightning.xml
   id        : OpenCart Lightning
   version   : 3.37
   vqmver    : 
   author    : MaxD http://devs.mx

File Name    : system/library/cache.php(0)
VQModObject::applyMod - SEARCH NOT FOUND (SKIPPED): if (is_file(DIR_SYSTEM . 'library/journal3/vendor/SuperCache

----------------------------------------------------------------------


---------- Date: 2026-03-29 01:36:56 ~ IP : 185.179.188.62 ----------
REQUEST URI : /podmotka-spidometra-largus/
MOD DETAILS:
   modFile   : /home/canmotalka/web/can-motalka.ru/public_html/vqmod/xml/lightning.xml
   id        : OpenCart Lightning
   version   : 3.37
   vqmver    : 
   author    : MaxD http://devs.mx

File Name    : system/library/cache.php(0)
VQModObject::applyMod - SEARCH NOT FOUND (SKIPPED): if (is_file(DIR_SYSTEM . 'library/journal3/vendor/SuperCache

----------------------------------------------------------------------


---------- Date: 2026-03-29 01:40:53 ~ IP : 185.179.188.62 ----------
REQUEST URI : /podmotka-spidometra-jac-t6/
MOD DETAILS:
   modFile   : /home/canmotalka/web/can-motalka.ru/public_html/vqmod/xml/lightning.xml
   id        : OpenCart Lightning
   version   : 3.37
   vqmver    : 
   author    : MaxD http://devs.mx

File Name    : system/library/cache.php(0)
VQModObject::applyMod - SEARCH NOT FOUND (SKIPPED): if (is_file(DIR_SYSTEM . 'library/journal3/vendor/SuperCache

----------------------------------------------------------------------


---------- Date: 2026-03-29 01:41:18 ~ IP : 185.179.188.62 ----------
REQUEST URI : /podmotka-spidometra-gazel-nekst/
MOD DETAILS:
   modFile   : /home/canmotalka/web/can-motalka.ru/public_html/vqmod/xml/lightning.xml
   id        : OpenCart Lightning
   version   : 3.37
   vqmver    : 
   author    : MaxD http://devs.mx

File Name    : system/library/cache.php(0)
VQModObject::applyMod - SEARCH NOT FOUND (SKIPPED): if (is_file(DIR_SYSTEM . 'library/journal3/vendor/SuperCache

----------------------------------------------------------------------


---------- Date: 2026-03-29 01:42:27 ~ IP : 185.179.188.62 ----------
REQUEST URI : /podmotka-spidometra-ssang-young-kyron/
MOD DETAILS:
   modFile   : /home/canmotalka/web/can-motalka.ru/public_html/vqmod/xml/lightning.xml
   id        : OpenCart Lightning
   version   : 3.37
   vqmver    : 
   author    : MaxD http://devs.mx

File Name    : system/library/cache.php(0)
VQModObject::applyMod - SEARCH NOT FOUND (SKIPPED): if (is_file(DIR_SYSTEM . 'library/journal3/vendor/SuperCache

----------------------------------------------------------------------


---------- Date: 2026-03-29 01:45:59 ~ IP : 185.179.188.62 ----------
REQUEST URI : /o-kompanii/
MOD DETAILS:
   modFile   : /home/canmotalka/web/can-motalka.ru/public_html/vqmod/xml/lightning.xml
   id        : OpenCart Lightning
   version   : 3.37
   vqmver    : 
   author    : MaxD http://devs.mx

File Name    : system/library/cache.php(0)
VQModObject::applyMod - SEARCH NOT FOUND (SKIPPED): if (is_file(DIR_SYSTEM . 'library/journal3/vendor/SuperCache

----------------------------------------------------------------------


---------- Date: 2026-03-29 01:51:47 ~ IP : 185.179.188.62 ----------
REQUEST URI : /otzyvy/
MOD DETAILS:
   modFile   : /home/canmotalka/web/can-motalka.ru/public_html/vqmod/xml/lightning.xml
   id        : OpenCart Lightning
   version   : 3.37
   vqmver    : 
   author    : MaxD http://devs.mx

File Name    : system/library/cache.php(0)
VQModObject::applyMod - SEARCH NOT FOUND (SKIPPED): if (is_file(DIR_SYSTEM . 'library/journal3/vendor/SuperCache

----------------------------------------------------------------------


---------- Date: 2026-03-29 01:56:14 ~ IP : 185.179.188.62 ----------
REQUEST URI : /podmotka-spidometra-nissan-terrano/
MOD DETAILS:
   modFile   : /home/canmotalka/web/can-motalka.ru/public_html/vqmod/xml/lightning.xml
   id        : OpenCart Lightning
   version   : 3.37
   vqmver    : 
   author    : MaxD http://devs.mx

File Name    : system/library/cache.php(0)
VQModObject::applyMod - SEARCH NOT FOUND (SKIPPED): if (is_file(DIR_SYSTEM . 'library/journal3/vendor/SuperCache

----------------------------------------------------------------------


---------- Date: 2026-03-29 01:58:46 ~ IP : 185.179.188.62 ----------
REQUEST URI : /podmotka-spidometra-largus/
MOD DETAILS:
   modFile   : /home/canmotalka/web/can-motalka.ru/public_html/vqmod/xml/lightning.xml
   id        : OpenCart Lightning
   version   : 3.37
   vqmver    : 
   author    : MaxD http://devs.mx

File Name    : system/library/cache.php(0)
VQModObject::applyMod - SEARCH NOT FOUND (SKIPPED): if (is_file(DIR_SYSTEM . 'library/journal3/vendor/SuperCache

----------------------------------------------------------------------


---------- Date: 2026-03-29 02:07:01 ~ IP : 185.179.188.62 ----------
REQUEST URI : /podmotka-spidometra-gazel-nekst/
MOD DETAILS:
   modFile   : /home/canmotalka/web/can-motalka.ru/public_html/vqmod/xml/lightning.xml
   id        : OpenCart Lightning
   version   : 3.37
   vqmver    : 
   author    : MaxD http://devs.mx

File Name    : system/library/cache.php(0)
VQModObject::applyMod - SEARCH NOT FOUND (SKIPPED): if (is_file(DIR_SYSTEM . 'library/journal3/vendor/SuperCache

----------------------------------------------------------------------


---------- Date: 2026-03-29 02:08:03 ~ IP : 185.179.188.62 ----------
REQUEST URI : /podmotka-spidometra-toyota-kamri/
MOD DETAILS:
   modFile   : /home/canmotalka/web/can-motalka.ru/public_html/vqmod/xml/lightning.xml
   id        : OpenCart Lightning
   version   : 3.37
   vqmver    : 
   author    : MaxD http://devs.mx

File Name    : system/library/cache.php(0)
VQModObject::applyMod - SEARCH NOT FOUND (SKIPPED): if (is_file(DIR_SYSTEM . 'library/journal3/vendor/SuperCache

----------------------------------------------------------------------


---------- Date: 2026-03-29 02:09:20 ~ IP : 185.179.188.62 ----------
REQUEST URI : /namotchik-probega-dlya-bmw-x5/
MOD DETAILS:
   modFile   : /home/canmotalka/web/can-motalka.ru/public_html/vqmod/xml/lightning.xml
   id        : OpenCart Lightning
   version   : 3.37
   vqmver    : 
   author    : MaxD http://devs.mx

File Name    : system/library/cache.php(0)
VQModObject::applyMod - SEARCH NOT FOUND (SKIPPED): if (is_file(DIR_SYSTEM . 'library/journal3/vendor/SuperCache

----------------------------------------------------------------------


---------- Date: 2026-03-29 02:10:27 ~ IP : 185.179.188.62 ----------
REQUEST URI : /o-kompanii
MOD DETAILS:
   modFile   : /home/canmotalka/web/can-motalka.ru/public_html/vqmod/xml/lightning.xml
   id        : OpenCart Lightning
   version   : 3.37
   vqmver    : 
   author    : MaxD http://devs.mx

File Name    : system/library/cache.php(0)
VQModObject::applyMod - SEARCH NOT FOUND (SKIPPED): if (is_file(DIR_SYSTEM . 'library/journal3/vendor/SuperCache

----------------------------------------------------------------------


---------- Date: 2026-03-29 02:10:28 ~ IP : 185.179.188.62 ----------
REQUEST URI : /o-kompanii/
MOD DETAILS:
   modFile   : /home/canmotalka/web/can-motalka.ru/public_html/vqmod/xml/lightning.xml
   id        : OpenCart Lightning
   version   : 3.37
   vqmver    : 
   author    : MaxD http://devs.mx

File Name    : system/library/cache.php(0)
VQModObject::applyMod - SEARCH NOT FOUND (SKIPPED): if (is_file(DIR_SYSTEM . 'library/journal3/vendor/SuperCache

----------------------------------------------------------------------


---------- Date: 2026-03-29 02:15:40 ~ IP : 185.179.188.62 ----------
REQUEST URI : /podmotka-krutilka-motalka-spidometra-dlya-toyota-camry-v55/
MOD DETAILS:
   modFile   : /home/canmotalka/web/can-motalka.ru/public_html/vqmod/xml/lightning.xml
   id        : OpenCart Lightning
   version   : 3.37
   vqmver    : 
   author    : MaxD http://devs.mx

File Name    : system/library/cache.php(0)
VQModObject::applyMod - SEARCH NOT FOUND (SKIPPED): if (is_file(DIR_SYSTEM . 'library/journal3/vendor/SuperCache

----------------------------------------------------------------------


---------- Date: 2026-03-29 02:26:37 ~ IP : 185.179.188.62 ----------
REQUEST URI : /motalki/ssang-yong/
MOD DETAILS:
   modFile   : /home/canmotalka/web/can-motalka.ru/public_html/vqmod/xml/lightning.xml
   id        : OpenCart Lightning
   version   : 3.37
   vqmver    : 
   author    : MaxD http://devs.mx

File Name    : system/library/cache.php(0)
VQModObject::applyMod - SEARCH NOT FOUND (SKIPPED): if (is_file(DIR_SYSTEM . 'library/journal3/vendor/SuperCache

----------------------------------------------------------------------


---------- Date: 2026-03-29 02:30:25 ~ IP : 185.179.188.62 ----------
REQUEST URI : /cron__/thermo-detonator/300-trenbolon-forte-200-v-magazine-krasnogorsk/
MOD DETAILS:
   modFile   : /home/canmotalka/web/can-motalka.ru/public_html/vqmod/xml/lightning.xml
   id        : OpenCart Lightning
   version   : 3.37
   vqmver    : 
   author    : MaxD http://devs.mx

File Name    : system/library/cache.php(0)
VQModObject::applyMod - SEARCH NOT FOUND (SKIPPED): if (is_file(DIR_SYSTEM . 'library/journal3/vendor/SuperCache

----------------------------------------------------------------------


---------- Date: 2026-03-29 02:34:31 ~ IP : 185.179.188.62 ----------
REQUEST URI : /podmotka-spidometra-mersedes-sprinter-classic/
MOD DETAILS:
   modFile   : /home/canmotalka/web/can-motalka.ru/public_html/vqmod/xml/lightning.xml
   id        : OpenCart Lightning
   version   : 3.37
   vqmver    : 
   author    : MaxD http://devs.mx

File Name    : system/library/cache.php(0)
VQModObject::applyMod - SEARCH NOT FOUND (SKIPPED): if (is_file(DIR_SYSTEM . 'library/journal3/vendor/SuperCache

----------------------------------------------------------------------


---------- Date: 2026-03-29 02:41:59 ~ IP : 185.179.188.62 ----------
REQUEST URI : /sitemap.xml%200
MOD DETAILS:
   modFile   : /home/canmotalka/web/can-motalka.ru/public_html/vqmod/xml/lightning.xml
   id        : OpenCart Lightning
   version   : 3.37
   vqmver    : 
   author    : MaxD http://devs.mx

File Name    : system/library/cache.php(0)
VQModObject::applyMod - SEARCH NOT FOUND (SKIPPED): if (is_file(DIR_SYSTEM . 'library/journal3/vendor/SuperCache

----------------------------------------------------------------------


---------- Date: 2026-03-29 02:41:59 ~ IP : 185.179.188.62 ----------
REQUEST URI : /sitemap/
MOD DETAILS:
   modFile   : /home/canmotalka/web/can-motalka.ru/public_html/vqmod/xml/lightning.xml
   id        : OpenCart Lightning
   version   : 3.37
   vqmver    : 
   author    : MaxD http://devs.mx

File Name    : system/library/cache.php(0)
VQModObject::applyMod - SEARCH NOT FOUND (SKIPPED): if (is_file(DIR_SYSTEM . 'library/journal3/vendor/SuperCache

----------------------------------------------------------------------


---------- Date: 2026-03-29 02:48:46 ~ IP : 185.179.188.62 ----------
REQUEST URI : /video-obzor/
MOD DETAILS:
   modFile   : /home/canmotalka/web/can-motalka.ru/public_html/vqmod/xml/lightning.xml
   id        : OpenCart Lightning
   version   : 3.37
   vqmver    : 
   author    : MaxD http://devs.mx

File Name    : system/library/cache.php(0)
VQModObject::applyMod - SEARCH NOT FOUND (SKIPPED): if (is_file(DIR_SYSTEM . 'library/journal3/vendor/SuperCache

----------------------------------------------------------------------


---------- Date: 2026-03-29 02:50:43 ~ IP : 185.179.188.62 ----------
REQUEST URI : /niva_abs_re/
MOD DETAILS:
   modFile   : /home/canmotalka/web/can-motalka.ru/public_html/vqmod/xml/lightning.xml
   id        : OpenCart Lightning
   version   : 3.37
   vqmver    : 
   author    : MaxD http://devs.mx

File Name    : system/library/cache.php(0)
VQModObject::applyMod - SEARCH NOT FOUND (SKIPPED): if (is_file(DIR_SYSTEM . 'library/journal3/vendor/SuperCache

----------------------------------------------------------------------


---------- Date: 2026-03-29 02:50:46 ~ IP : 185.179.188.62 ----------
REQUEST URI : /index.php?route=information/information&amp;information_id=5
MOD DETAILS:
   modFile   : /home/canmotalka/web/can-motalka.ru/public_html/vqmod/xml/lightning.xml
   id        : OpenCart Lightning
   version   : 3.37
   vqmver    : 
   author    : MaxD http://devs.mx

File Name    : system/library/cache.php(0)
VQModObject::applyMod - SEARCH NOT FOUND (SKIPPED): if (is_file(DIR_SYSTEM . 'library/journal3/vendor/SuperCache

----------------------------------------------------------------------


---------- Date: 2026-03-29 02:54:21 ~ IP : 185.179.188.62 ----------
REQUEST URI : /camry70_photo_manual/
MOD DETAILS:
   modFile   : /home/canmotalka/web/can-motalka.ru/public_html/vqmod/xml/lightning.xml
   id        : OpenCart Lightning
   version   : 3.37
   vqmver    : 
   author    : MaxD http://devs.mx

File Name    : system/library/cache.php(0)
VQModObject::applyMod - SEARCH NOT FOUND (SKIPPED): if (is_file(DIR_SYSTEM . 'library/journal3/vendor/SuperCache

----------------------------------------------------------------------


---------- Date: 2026-03-29 02:54:53 ~ IP : 185.179.188.62 ----------
REQUEST URI : /instrukciya-podmotka-camry/?ysclid=mnazmah7nk926492564
MOD DETAILS:
   modFile   : /home/canmotalka/web/can-motalka.ru/public_html/vqmod/xml/lightning.xml
   id        : OpenCart Lightning
   version   : 3.37
   vqmver    : 
   author    : MaxD http://devs.mx

File Name    : system/library/cache.php(0)
VQModObject::applyMod - SEARCH NOT FOUND (SKIPPED): if (is_file(DIR_SYSTEM . 'library/journal3/vendor/SuperCache

----------------------------------------------------------------------


---------- Date: 2026-03-29 02:54:53 ~ IP : 185.179.188.62 ----------
REQUEST URI : /instrukciya-podmotka-camry/
MOD DETAILS:
   modFile   : /home/canmotalka/web/can-motalka.ru/public_html/vqmod/xml/lightning.xml
   id        : OpenCart Lightning
   version   : 3.37
   vqmver    : 
   author    : MaxD http://devs.mx

File Name    : system/library/cache.php(0)
VQModObject::applyMod - SEARCH NOT FOUND (SKIPPED): if (is_file(DIR_SYSTEM . 'library/journal3/vendor/SuperCache

----------------------------------------------------------------------


---------- Date: 2026-03-29 02:54:54 ~ IP : 185.179.188.62 ----------
REQUEST URI : /index.php?route=module/popupcart_extended
MOD DETAILS:
   modFile   : /home/canmotalka/web/can-motalka.ru/public_html/vqmod/xml/lightning.xml
   id        : OpenCart Lightning
   version   : 3.37
   vqmver    : 
   author    : MaxD http://devs.mx

File Name    : system/library/cache.php(0)
VQModObject::applyMod - SEARCH NOT FOUND (SKIPPED): if (is_file(DIR_SYSTEM . 'library/journal3/vendor/SuperCache

----------------------------------------------------------------------


---------- Date: 2026-03-29 03:03:12 ~ IP : 185.179.188.62 ----------
REQUEST URI : /sitemap.xml
MOD DETAILS:
   modFile   : /home/canmotalka/web/can-motalka.ru/public_html/vqmod/xml/lightning.xml
   id        : OpenCart Lightning
   version   : 3.37
   vqmver    : 
   author    : MaxD http://devs.mx

File Name    : system/library/cache.php(0)
VQModObject::applyMod - SEARCH NOT FOUND (SKIPPED): if (is_file(DIR_SYSTEM . 'library/journal3/vendor/SuperCache

----------------------------------------------------------------------


---------- Date: 2026-03-29 03:03:13 ~ IP : 185.179.188.62 ----------
REQUEST URI : /index.php?route=feed/google_sitemap_fast
MOD DETAILS:
   modFile   : /home/canmotalka/web/can-motalka.ru/public_html/vqmod/xml/lightning.xml
   id        : OpenCart Lightning
   version   : 3.37
   vqmver    : 
   author    : MaxD http://devs.mx

File Name    : system/library/cache.php(0)
VQModObject::applyMod - SEARCH NOT FOUND (SKIPPED): if (is_file(DIR_SYSTEM . 'library/journal3/vendor/SuperCache

----------------------------------------------------------------------


---------- Date: 2026-03-29 03:04:52 ~ IP : 185.179.188.62 ----------
REQUEST URI : /podmotka-spidometra-gazel-nekst/?ysclid=mnazz5jy1561168878
MOD DETAILS:
   modFile   : /home/canmotalka/web/can-motalka.ru/public_html/vqmod/xml/lightning.xml
   id        : OpenCart Lightning
   version   : 3.37
   vqmver    : 
   author    : MaxD http://devs.mx

File Name    : system/library/cache.php(0)
VQModObject::applyMod - SEARCH NOT FOUND (SKIPPED): if (is_file(DIR_SYSTEM . 'library/journal3/vendor/SuperCache

----------------------------------------------------------------------


---------- Date: 2026-03-29 03:04:53 ~ IP : 185.179.188.62 ----------
REQUEST URI : /podmotka-spidometra-gazel-nekst/
MOD DETAILS:
   modFile   : /home/canmotalka/web/can-motalka.ru/public_html/vqmod/xml/lightning.xml
   id        : OpenCart Lightning
   version   : 3.37
   vqmver    : 
   author    : MaxD http://devs.mx

File Name    : system/library/cache.php(0)
VQModObject::applyMod - SEARCH NOT FOUND (SKIPPED): if (is_file(DIR_SYSTEM . 'library/journal3/vendor/SuperCache

----------------------------------------------------------------------


---------- Date: 2026-03-29 03:04:54 ~ IP : 185.179.188.62 ----------
REQUEST URI : /index.php?route=product/product/review&amp;product_id=97
MOD DETAILS:
   modFile   : /home/canmotalka/web/can-motalka.ru/public_html/vqmod/xml/lightning.xml
   id        : OpenCart Lightning
   version   : 3.37
   vqmver    : 
   author    : MaxD http://devs.mx

File Name    : system/library/cache.php(0)
VQModObject::applyMod - SEARCH NOT FOUND (SKIPPED): if (is_file(DIR_SYSTEM . 'library/journal3/vendor/SuperCache

----------------------------------------------------------------------


---------- Date: 2026-03-29 03:04:54 ~ IP : 185.179.188.62 ----------
REQUEST URI : /index.php?route=module/popupcart_extended
MOD DETAILS:
   modFile   : /home/canmotalka/web/can-motalka.ru/public_html/vqmod/xml/lightning.xml
   id        : OpenCart Lightning
   version   : 3.37
   vqmver    : 
   author    : MaxD http://devs.mx

File Name    : system/library/cache.php(0)
VQModObject::applyMod - SEARCH NOT FOUND (SKIPPED): if (is_file(DIR_SYSTEM . 'library/journal3/vendor/SuperCache

----------------------------------------------------------------------


---------- Date: 2026-03-29 03:06:06 ~ IP : 185.179.188.62 ----------
REQUEST URI : /podmotka-spidometra-hyundai-h1/
MOD DETAILS:
   modFile   : /home/canmotalka/web/can-motalka.ru/public_html/vqmod/xml/lightning.xml
   id        : OpenCart Lightning
   version   : 3.37
   vqmver    : 
   author    : MaxD http://devs.mx

File Name    : system/library/cache.php(0)
VQModObject::applyMod - SEARCH NOT FOUND (SKIPPED): if (is_file(DIR_SYSTEM . 'library/journal3/vendor/SuperCache

----------------------------------------------------------------------


---------- Date: 2026-03-29 03:06:23 ~ IP : 185.179.188.62 ----------
REQUEST URI : /podmotka-spidometra-gazel-nekst/
MOD DETAILS:
   modFile   : /home/canmotalka/web/can-motalka.ru/public_html/vqmod/xml/lightning.xml
   id        : OpenCart Lightning
   version   : 3.37
   vqmver    : 
   author    : MaxD http://devs.mx

File Name    : system/library/cache.php(0)
VQModObject::applyMod - SEARCH NOT FOUND (SKIPPED): if (is_file(DIR_SYSTEM . 'library/journal3/vendor/SuperCache

----------------------------------------------------------------------


---------- Date: 2026-03-29 03:16:14 ~ IP : 185.179.188.62 ----------
REQUEST URI : /motalki/citroen/
MOD DETAILS:
   modFile   : /home/canmotalka/web/can-motalka.ru/public_html/vqmod/xml/lightning.xml
   id        : OpenCart Lightning
   version   : 3.37
   vqmver    : 
   author    : MaxD http://devs.mx

File Name    : system/library/cache.php(0)
VQModObject::applyMod - SEARCH NOT FOUND (SKIPPED): if (is_file(DIR_SYSTEM . 'library/journal3/vendor/SuperCache

----------------------------------------------------------------------


---------- Date: 2026-03-29 03:19:55 ~ IP : 185.179.188.62 ----------
REQUEST URI : /podmotka-spidometra-gazel-nekst/
MOD DETAILS:
   modFile   : /home/canmotalka/web/can-motalka.ru/public_html/vqmod/xml/lightning.xml
   id        : OpenCart Lightning
   version   : 3.37
   vqmver    : 
   author    : MaxD http://devs.mx

File Name    : system/library/cache.php(0)
VQModObject::applyMod - SEARCH NOT FOUND (SKIPPED): if (is_file(DIR_SYSTEM . 'library/journal3/vendor/SuperCache

----------------------------------------------------------------------


---------- Date: 2026-03-29 03:20:01 ~ IP : 185.179.188.62 ----------
REQUEST URI : /podmotka-spidometra-gazel-nekst/
MOD DETAILS:
   modFile   : /home/canmotalka/web/can-motalka.ru/public_html/vqmod/xml/lightning.xml
   id        : OpenCart Lightning
   version   : 3.37
   vqmver    : 
   author    : MaxD http://devs.mx

File Name    : system/library/cache.php(0)
VQModObject::applyMod - SEARCH NOT FOUND (SKIPPED): if (is_file(DIR_SYSTEM . 'library/journal3/vendor/SuperCache

----------------------------------------------------------------------


---------- Date: 2026-03-29 03:20:06 ~ IP : 185.179.188.62 ----------
REQUEST URI : /podmotka-spidometra-gazel-nekst/
MOD DETAILS:
   modFile   : /home/canmotalka/web/can-motalka.ru/public_html/vqmod/xml/lightning.xml
   id        : OpenCart Lightning
   version   : 3.37
   vqmver    : 
   author    : MaxD http://devs.mx

File Name    : system/library/cache.php(0)
VQModObject::applyMod - SEARCH NOT FOUND (SKIPPED): if (is_file(DIR_SYSTEM . 'library/journal3/vendor/SuperCache

----------------------------------------------------------------------


---------- Date: 2026-03-29 03:21:04 ~ IP : 185.179.188.62 ----------
REQUEST URI : /podmotka-spidometra-gazel-nekst/
MOD DETAILS:
   modFile   : /home/canmotalka/web/can-motalka.ru/public_html/vqmod/xml/lightning.xml
   id        : OpenCart Lightning
   version   : 3.37
   vqmver    : 
   author    : MaxD http://devs.mx

File Name    : system/library/cache.php(0)
VQModObject::applyMod - SEARCH NOT FOUND (SKIPPED): if (is_file(DIR_SYSTEM . 'library/journal3/vendor/SuperCache

----------------------------------------------------------------------


---------- Date: 2026-03-29 03:21:05 ~ IP : 185.179.188.62 ----------
REQUEST URI : /index.php?route=product/product/review&amp;product_id=97
MOD DETAILS:
   modFile   : /home/canmotalka/web/can-motalka.ru/public_html/vqmod/xml/lightning.xml
   id        : OpenCart Lightning
   version   : 3.37
   vqmver    : 
   author    : MaxD http://devs.mx

File Name    : system/library/cache.php(0)
VQModObject::applyMod - SEARCH NOT FOUND (SKIPPED): if (is_file(DIR_SYSTEM . 'library/journal3/vendor/SuperCache

----------------------------------------------------------------------


---------- Date: 2026-03-29 03:21:05 ~ IP : 185.179.188.62 ----------
REQUEST URI : /index.php?route=module/popupcart_extended
MOD DETAILS:
   modFile   : /home/canmotalka/web/can-motalka.ru/public_html/vqmod/xml/lightning.xml
   id        : OpenCart Lightning
   version   : 3.37
   vqmver    : 
   author    : MaxD http://devs.mx

File Name    : system/library/cache.php(0)
VQModObject::applyMod - SEARCH NOT FOUND (SKIPPED): if (is_file(DIR_SYSTEM . 'library/journal3/vendor/SuperCache

----------------------------------------------------------------------


---------- Date: 2026-03-29 03:25:21 ~ IP : 185.179.188.62 ----------
REQUEST URI : /podmotka-spidometra-ssang-young-action/
MOD DETAILS:
   modFile   : /home/canmotalka/web/can-motalka.ru/public_html/vqmod/xml/lightning.xml
   id        : OpenCart Lightning
   version   : 3.37
   vqmver    : 
   author    : MaxD http://devs.mx

File Name    : system/library/cache.php(0)
VQModObject::applyMod - SEARCH NOT FOUND (SKIPPED): if (is_file(DIR_SYSTEM . 'library/journal3/vendor/SuperCache

----------------------------------------------------------------------


---------- Date: 2026-03-29 03:31:03 ~ IP : 185.179.188.62 ----------
REQUEST URI : /zakaz/
MOD DETAILS:
   modFile   : /home/canmotalka/web/can-motalka.ru/public_html/vqmod/xml/lightning.xml
   id        : OpenCart Lightning
   version   : 3.37
   vqmver    : 
   author    : MaxD http://devs.mx

File Name    : system/library/cache.php(0)
VQModObject::applyMod - SEARCH NOT FOUND (SKIPPED): if (is_file(DIR_SYSTEM . 'library/journal3/vendor/SuperCache

----------------------------------------------------------------------


---------- Date: 2026-03-29 03:31:04 ~ IP : 185.179.188.62 ----------
REQUEST URI : /dostavka-i-oplata/
MOD DETAILS:
   modFile   : /home/canmotalka/web/can-motalka.ru/public_html/vqmod/xml/lightning.xml
   id        : OpenCart Lightning
   version   : 3.37
   vqmver    : 
   author    : MaxD http://devs.mx

File Name    : system/library/cache.php(0)
VQModObject::applyMod - SEARCH NOT FOUND (SKIPPED): if (is_file(DIR_SYSTEM . 'library/journal3/vendor/SuperCache

----------------------------------------------------------------------


---------- Date: 2026-03-29 03:31:04 ~ IP : 185.179.188.62 ----------
REQUEST URI : /video-obzor/
MOD DETAILS:
   modFile   : /home/canmotalka/web/can-motalka.ru/public_html/vqmod/xml/lightning.xml
   id        : OpenCart Lightning
   version   : 3.37
   vqmver    : 
   author    : MaxD http://devs.mx

File Name    : system/library/cache.php(0)
VQModObject::applyMod - SEARCH NOT FOUND (SKIPPED): if (is_file(DIR_SYSTEM . 'library/journal3/vendor/SuperCache

----------------------------------------------------------------------


---------- Date: 2026-03-29 03:31:04 ~ IP : 185.179.188.62 ----------
REQUEST URI : /o-kompanii/
MOD DETAILS:
   modFile   : /home/canmotalka/web/can-motalka.ru/public_html/vqmod/xml/lightning.xml
   id        : OpenCart Lightning
   version   : 3.37
   vqmver    : 
   author    : MaxD http://devs.mx

File Name    : system/library/cache.php(0)
VQModObject::applyMod - SEARCH NOT FOUND (SKIPPED): if (is_file(DIR_SYSTEM . 'library/journal3/vendor/SuperCache

----------------------------------------------------------------------


---------- Date: 2026-03-29 03:31:05 ~ IP : 185.179.188.62 ----------
REQUEST URI : /otzyvy/
MOD DETAILS:
   modFile   : /home/canmotalka/web/can-motalka.ru/public_html/vqmod/xml/lightning.xml
   id        : OpenCart Lightning
   version   : 3.37
   vqmver    : 
   author    : MaxD http://devs.mx

File Name    : system/library/cache.php(0)
VQModObject::applyMod - SEARCH NOT FOUND (SKIPPED): if (is_file(DIR_SYSTEM . 'library/journal3/vendor/SuperCache

----------------------------------------------------------------------


---------- Date: 2026-03-29 03:31:05 ~ IP : 185.179.188.62 ----------
REQUEST URI : /podmotka-spidometra-niva-travel/
MOD DETAILS:
   modFile   : /home/canmotalka/web/can-motalka.ru/public_html/vqmod/xml/lightning.xml
   id        : OpenCart Lightning
   version   : 3.37
   vqmver    : 
   author    : MaxD http://devs.mx

File Name    : system/library/cache.php(0)
VQModObject::applyMod - SEARCH NOT FOUND (SKIPPED): if (is_file(DIR_SYSTEM . 'library/journal3/vendor/SuperCache

----------------------------------------------------------------------


---------- Date: 2026-03-29 03:31:06 ~ IP : 185.179.188.62 ----------
REQUEST URI : /manuals/
MOD DETAILS:
   modFile   : /home/canmotalka/web/can-motalka.ru/public_html/vqmod/xml/lightning.xml
   id        : OpenCart Lightning
   version   : 3.37
   vqmver    : 
   author    : MaxD http://devs.mx

File Name    : system/library/cache.php(0)
VQModObject::applyMod - SEARCH NOT FOUND (SKIPPED): if (is_file(DIR_SYSTEM . 'library/journal3/vendor/SuperCache

----------------------------------------------------------------------


---------- Date: 2026-03-29 03:31:06 ~ IP : 185.179.188.62 ----------
REQUEST URI : /podmotka-spidometra-gazel-nekst/
MOD DETAILS:
   modFile   : /home/canmotalka/web/can-motalka.ru/public_html/vqmod/xml/lightning.xml
   id        : OpenCart Lightning
   version   : 3.37
   vqmver    : 
   author    : MaxD http://devs.mx

File Name    : system/library/cache.php(0)
VQModObject::applyMod - SEARCH NOT FOUND (SKIPPED): if (is_file(DIR_SYSTEM . 'library/journal3/vendor/SuperCache

----------------------------------------------------------------------


---------- Date: 2026-03-29 03:31:06 ~ IP : 185.179.188.62 ----------
REQUEST URI : /podmotka-spidometra-toyota-fortuner/
MOD DETAILS:
   modFile   : /home/canmotalka/web/can-motalka.ru/public_html/vqmod/xml/lightning.xml
   id        : OpenCart Lightning
   version   : 3.37
   vqmver    : 
   author    : MaxD http://devs.mx

File Name    : system/library/cache.php(0)
VQModObject::applyMod - SEARCH NOT FOUND (SKIPPED): if (is_file(DIR_SYSTEM . 'library/journal3/vendor/SuperCache

----------------------------------------------------------------------


---------- Date: 2026-03-29 03:31:06 ~ IP : 185.179.188.62 ----------
REQUEST URI : /folksvagen-polo-podmotka-spidometra/
MOD DETAILS:
   modFile   : /home/canmotalka/web/can-motalka.ru/public_html/vqmod/xml/lightning.xml
   id        : OpenCart Lightning
   version   : 3.37
   vqmver    : 
   author    : MaxD http://devs.mx

File Name    : system/library/cache.php(0)
VQModObject::applyMod - SEARCH NOT FOUND (SKIPPED): if (is_file(DIR_SYSTEM . 'library/journal3/vendor/SuperCache

----------------------------------------------------------------------


---------- Date: 2026-03-29 03:31:07 ~ IP : 185.179.188.62 ----------
REQUEST URI : /info/
MOD DETAILS:
   modFile   : /home/canmotalka/web/can-motalka.ru/public_html/vqmod/xml/lightning.xml
   id        : OpenCart Lightning
   version   : 3.37
   vqmver    : 
   author    : MaxD http://devs.mx

File Name    : system/library/cache.php(0)
VQModObject::applyMod - SEARCH NOT FOUND (SKIPPED): if (is_file(DIR_SYSTEM . 'library/journal3/vendor/SuperCache

----------------------------------------------------------------------


---------- Date: 2026-03-29 03:31:07 ~ IP : 185.179.188.62 ----------
REQUEST URI : /garantiya/
MOD DETAILS:
   modFile   : /home/canmotalka/web/can-motalka.ru/public_html/vqmod/xml/lightning.xml
   id        : OpenCart Lightning
   version   : 3.37
   vqmver    : 
   author    : MaxD http://devs.mx

File Name    : system/library/cache.php(0)
VQModObject::applyMod - SEARCH NOT FOUND (SKIPPED): if (is_file(DIR_SYSTEM . 'library/journal3/vendor/SuperCache

----------------------------------------------------------------------


---------- Date: 2026-03-29 03:31:07 ~ IP : 185.179.188.62 ----------
REQUEST URI : /podmotka-spidometra-haval-jolion/
MOD DETAILS:
   modFile   : /home/canmotalka/web/can-motalka.ru/public_html/vqmod/xml/lightning.xml
   id        : OpenCart Lightning
   version   : 3.37
   vqmver    : 
   author    : MaxD http://devs.mx

File Name    : system/library/cache.php(0)
VQModObject::applyMod - SEARCH NOT FOUND (SKIPPED): if (is_file(DIR_SYSTEM . 'library/journal3/vendor/SuperCache

----------------------------------------------------------------------


---------- Date: 2026-03-29 03:31:08 ~ IP : 185.179.188.62 ----------
REQUEST URI : /podmotka-spidometra-kia-rio/
MOD DETAILS:
   modFile   : /home/canmotalka/web/can-motalka.ru/public_html/vqmod/xml/lightning.xml
   id        : OpenCart Lightning
   version   : 3.37
   vqmver    : 
   author    : MaxD http://devs.mx

File Name    : system/library/cache.php(0)
VQModObject::applyMod - SEARCH NOT FOUND (SKIPPED): if (is_file(DIR_SYSTEM . 'library/journal3/vendor/SuperCache

----------------------------------------------------------------------


---------- Date: 2026-03-29 03:31:08 ~ IP : 185.179.188.62 ----------
REQUEST URI : /politika-konfidencialnosti/
MOD DETAILS:
   modFile   : /home/canmotalka/web/can-motalka.ru/public_html/vqmod/xml/lightning.xml
   id        : OpenCart Lightning
   version   : 3.37
   vqmver    : 
   author    : MaxD http://devs.mx

File Name    : system/library/cache.php(0)
VQModObject::applyMod - SEARCH NOT FOUND (SKIPPED): if (is_file(DIR_SYSTEM . 'library/journal3/vendor/SuperCache

----------------------------------------------------------------------


---------- Date: 2026-03-29 03:31:08 ~ IP : 185.179.188.62 ----------
REQUEST URI : /sitemap/
MOD DETAILS:
   modFile   : /home/canmotalka/web/can-motalka.ru/public_html/vqmod/xml/lightning.xml
   id        : OpenCart Lightning
   version   : 3.37
   vqmver    : 
   author    : MaxD http://devs.mx

File Name    : system/library/cache.php(0)
VQModObject::applyMod - SEARCH NOT FOUND (SKIPPED): if (is_file(DIR_SYSTEM . 'library/journal3/vendor/SuperCache

----------------------------------------------------------------------


---------- Date: 2026-03-29 03:31:08 ~ IP : 185.179.188.62 ----------
REQUEST URI : /podmotka-spidometra-hyundai-h1/
MOD DETAILS:
   modFile   : /home/canmotalka/web/can-motalka.ru/public_html/vqmod/xml/lightning.xml
   id        : OpenCart Lightning
   version   : 3.37
   vqmver    : 
   author    : MaxD http://devs.mx

File Name    : system/library/cache.php(0)
VQModObject::applyMod - SEARCH NOT FOUND (SKIPPED): if (is_file(DIR_SYSTEM . 'library/journal3/vendor/SuperCache

----------------------------------------------------------------------


---------- Date: 2026-03-29 03:31:09 ~ IP : 185.179.188.62 ----------
REQUEST URI : /podmotka-spidometra-volkswagen-caddy/
MOD DETAILS:
   modFile   : /home/canmotalka/web/can-motalka.ru/public_html/vqmod/xml/lightning.xml
   id        : OpenCart Lightning
   version   : 3.37
   vqmver    : 
   author    : MaxD http://devs.mx

File Name    : system/library/cache.php(0)
VQModObject::applyMod - SEARCH NOT FOUND (SKIPPED): if (is_file(DIR_SYSTEM . 'library/journal3/vendor/SuperCache

----------------------------------------------------------------------


---------- Date: 2026-03-29 03:31:09 ~ IP : 185.179.188.62 ----------
REQUEST URI : /podmotka-spidometra-nissan-terrano/
MOD DETAILS:
   modFile   : /home/canmotalka/web/can-motalka.ru/public_html/vqmod/xml/lightning.xml
   id        : OpenCart Lightning
   version   : 3.37
   vqmver    : 
   author    : MaxD http://devs.mx

File Name    : system/library/cache.php(0)
VQModObject::applyMod - SEARCH NOT FOUND (SKIPPED): if (is_file(DIR_SYSTEM . 'library/journal3/vendor/SuperCache

----------------------------------------------------------------------


---------- Date: 2026-03-29 03:31:09 ~ IP : 185.179.188.62 ----------
REQUEST URI : /podmotka-spidometra-uaz-profi/
MOD DETAILS:
   modFile   : /home/canmotalka/web/can-motalka.ru/public_html/vqmod/xml/lightning.xml
   id        : OpenCart Lightning
   version   : 3.37
   vqmver    : 
   author    : MaxD http://devs.mx

File Name    : system/library/cache.php(0)
VQModObject::applyMod - SEARCH NOT FOUND (SKIPPED): if (is_file(DIR_SYSTEM . 'library/journal3/vendor/SuperCache

----------------------------------------------------------------------


---------- Date: 2026-03-29 03:31:10 ~ IP : 185.179.188.62 ----------
REQUEST URI : /oferta/
MOD DETAILS:
   modFile   : /home/canmotalka/web/can-motalka.ru/public_html/vqmod/xml/lightning.xml
   id        : OpenCart Lightning
   version   : 3.37
   vqmver    : 
   author    : MaxD http://devs.mx

File Name    : system/library/cache.php(0)
VQModObject::applyMod - SEARCH NOT FOUND (SKIPPED): if (is_file(DIR_SYSTEM . 'library/journal3/vendor/SuperCache

----------------------------------------------------------------------


---------- Date: 2026-03-29 03:31:10 ~ IP : 185.179.188.62 ----------
REQUEST URI : /podmotka-spidometra-ford-mondeo-4/
MOD DETAILS:
   modFile   : /home/canmotalka/web/can-motalka.ru/public_html/vqmod/xml/lightning.xml
   id        : OpenCart Lightning
   version   : 3.37
   vqmver    : 
   author    : MaxD http://devs.mx

File Name    : system/library/cache.php(0)
VQModObject::applyMod - SEARCH NOT FOUND (SKIPPED): if (is_file(DIR_SYSTEM . 'library/journal3/vendor/SuperCache

----------------------------------------------------------------------


---------- Date: 2026-03-29 03:31:37 ~ IP : 185.179.188.62 ----------
REQUEST URI : /sitemap.xml
MOD DETAILS:
   modFile   : /home/canmotalka/web/can-motalka.ru/public_html/vqmod/xml/lightning.xml
   id        : OpenCart Lightning
   version   : 3.37
   vqmver    : 
   author    : MaxD http://devs.mx

File Name    : system/library/cache.php(0)
VQModObject::applyMod - SEARCH NOT FOUND (SKIPPED): if (is_file(DIR_SYSTEM . 'library/journal3/vendor/SuperCache

----------------------------------------------------------------------


---------- Date: 2026-03-29 03:33:55 ~ IP : 185.179.188.62 ----------
REQUEST URI : /podmotka-spidometra-uaz-patriot/
MOD DETAILS:
   modFile   : /home/canmotalka/web/can-motalka.ru/public_html/vqmod/xml/lightning.xml
   id        : OpenCart Lightning
   version   : 3.37
   vqmver    : 
   author    : MaxD http://devs.mx

File Name    : system/library/cache.php(0)
VQModObject::applyMod - SEARCH NOT FOUND (SKIPPED): if (is_file(DIR_SYSTEM . 'library/journal3/vendor/SuperCache

----------------------------------------------------------------------


---------- Date: 2026-03-29 03:35:22 ~ IP : 185.179.188.62 ----------
REQUEST URI : /podmotka-spidometra-uaz-patriot/
MOD DETAILS:
   modFile   : /home/canmotalka/web/can-motalka.ru/public_html/vqmod/xml/lightning.xml
   id        : OpenCart Lightning
   version   : 3.37
   vqmver    : 
   author    : MaxD http://devs.mx

File Name    : system/library/cache.php(0)
VQModObject::applyMod - SEARCH NOT FOUND (SKIPPED): if (is_file(DIR_SYSTEM . 'library/journal3/vendor/SuperCache

----------------------------------------------------------------------


---------- Date: 2026-03-29 03:36:40 ~ IP : 185.179.188.62 ----------
REQUEST URI : /podmotka-spidometra-uaz-patriot/
MOD DETAILS:
   modFile   : /home/canmotalka/web/can-motalka.ru/public_html/vqmod/xml/lightning.xml
   id        : OpenCart Lightning
   version   : 3.37
   vqmver    : 
   author    : MaxD http://devs.mx

File Name    : system/library/cache.php(0)
VQModObject::applyMod - SEARCH NOT FOUND (SKIPPED): if (is_file(DIR_SYSTEM . 'library/journal3/vendor/SuperCache

----------------------------------------------------------------------


---------- Date: 2026-03-29 03:36:49 ~ IP : 185.179.188.62 ----------
REQUEST URI : /podmotka-spidometra-uaz-patriot/
MOD DETAILS:
   modFile   : /home/canmotalka/web/can-motalka.ru/public_html/vqmod/xml/lightning.xml
   id        : OpenCart Lightning
   version   : 3.37
   vqmver    : 
   author    : MaxD http://devs.mx

File Name    : system/library/cache.php(0)
VQModObject::applyMod - SEARCH NOT FOUND (SKIPPED): if (is_file(DIR_SYSTEM . 'library/journal3/vendor/SuperCache

----------------------------------------------------------------------


---------- Date: 2026-03-29 03:37:23 ~ IP : 185.179.188.62 ----------
REQUEST URI : /podmotka-spidometra-uaz-patriot/
MOD DETAILS:
   modFile   : /home/canmotalka/web/can-motalka.ru/public_html/vqmod/xml/lightning.xml
   id        : OpenCart Lightning
   version   : 3.37
   vqmver    : 
   author    : MaxD http://devs.mx

File Name    : system/library/cache.php(0)
VQModObject::applyMod - SEARCH NOT FOUND (SKIPPED): if (is_file(DIR_SYSTEM . 'library/journal3/vendor/SuperCache

----------------------------------------------------------------------


---------- Date: 2026-03-29 03:44:02 ~ IP : 185.179.188.62 ----------
REQUEST URI : /motalki/datsun/
MOD DETAILS:
   modFile   : /home/canmotalka/web/can-motalka.ru/public_html/vqmod/xml/lightning.xml
   id        : OpenCart Lightning
   version   : 3.37
   vqmver    : 
   author    : MaxD http://devs.mx

File Name    : system/library/cache.php(0)
VQModObject::applyMod - SEARCH NOT FOUND (SKIPPED): if (is_file(DIR_SYSTEM . 'library/journal3/vendor/SuperCache

----------------------------------------------------------------------


---------- Date: 2026-03-29 03:51:54 ~ IP : 185.179.188.62 ----------
REQUEST URI : /namotchik-probega-dlya-toyota-land-cruiser-prado-150/
MOD DETAILS:
   modFile   : /home/canmotalka/web/can-motalka.ru/public_html/vqmod/xml/lightning.xml
   id        : OpenCart Lightning
   version   : 3.37
   vqmver    : 
   author    : MaxD http://devs.mx

File Name    : system/library/cache.php(0)
VQModObject::applyMod - SEARCH NOT FOUND (SKIPPED): if (is_file(DIR_SYSTEM . 'library/journal3/vendor/SuperCache

----------------------------------------------------------------------


---------- Date: 2026-03-29 03:54:19 ~ IP : 185.179.188.62 ----------
REQUEST URI : /podmotka-spidometra-vesta-ng-np/
MOD DETAILS:
   modFile   : /home/canmotalka/web/can-motalka.ru/public_html/vqmod/xml/lightning.xml
   id        : OpenCart Lightning
   version   : 3.37
   vqmver    : 
   author    : MaxD http://devs.mx

File Name    : system/library/cache.php(0)
VQModObject::applyMod - SEARCH NOT FOUND (SKIPPED): if (is_file(DIR_SYSTEM . 'library/journal3/vendor/SuperCache

----------------------------------------------------------------------


---------- Date: 2026-03-29 03:55:49 ~ IP : 185.179.188.62 ----------
REQUEST URI : /podmotka-spidometra-gazel-nekst
MOD DETAILS:
   modFile   : /home/canmotalka/web/can-motalka.ru/public_html/vqmod/xml/lightning.xml
   id        : OpenCart Lightning
   version   : 3.37
   vqmver    : 
   author    : MaxD http://devs.mx

File Name    : system/library/cache.php(0)
VQModObject::applyMod - SEARCH NOT FOUND (SKIPPED): if (is_file(DIR_SYSTEM . 'library/journal3/vendor/SuperCache

----------------------------------------------------------------------


---------- Date: 2026-03-29 03:55:50 ~ IP : 185.179.188.62 ----------
REQUEST URI : /podmotka-spidometra-gazel-nekst/
MOD DETAILS:
   modFile   : /home/canmotalka/web/can-motalka.ru/public_html/vqmod/xml/lightning.xml
   id        : OpenCart Lightning
   version   : 3.37
   vqmver    : 
   author    : MaxD http://devs.mx

File Name    : system/library/cache.php(0)
VQModObject::applyMod - SEARCH NOT FOUND (SKIPPED): if (is_file(DIR_SYSTEM . 'library/journal3/vendor/SuperCache

----------------------------------------------------------------------


---------- Date: 2026-03-29 03:55:51 ~ IP : 185.179.188.62 ----------
REQUEST URI : /index.php?route=product/product/review&amp;product_id=97
MOD DETAILS:
   modFile   : /home/canmotalka/web/can-motalka.ru/public_html/vqmod/xml/lightning.xml
   id        : OpenCart Lightning
   version   : 3.37
   vqmver    : 
   author    : MaxD http://devs.mx

File Name    : system/library/cache.php(0)
VQModObject::applyMod - SEARCH NOT FOUND (SKIPPED): if (is_file(DIR_SYSTEM . 'library/journal3/vendor/SuperCache

----------------------------------------------------------------------


---------- Date: 2026-03-29 03:55:51 ~ IP : 185.179.188.62 ----------
REQUEST URI : /index.php?route=module/popupcart_extended
MOD DETAILS:
   modFile   : /home/canmotalka/web/can-motalka.ru/public_html/vqmod/xml/lightning.xml
   id        : OpenCart Lightning
   version   : 3.37
   vqmver    : 
   author    : MaxD http://devs.mx

File Name    : system/library/cache.php(0)
VQModObject::applyMod - SEARCH NOT FOUND (SKIPPED): if (is_file(DIR_SYSTEM . 'library/journal3/vendor/SuperCache

----------------------------------------------------------------------


---------- Date: 2026-03-29 03:56:16 ~ IP : 185.179.188.62 ----------
REQUEST URI : /podmotka-spidometra-gazel-nekst/
MOD DETAILS:
   modFile   : /home/canmotalka/web/can-motalka.ru/public_html/vqmod/xml/lightning.xml
   id        : OpenCart Lightning
   version   : 3.37
   vqmver    : 
   author    : MaxD http://devs.mx

File Name    : system/library/cache.php(0)
VQModObject::applyMod - SEARCH NOT FOUND (SKIPPED): if (is_file(DIR_SYSTEM . 'library/journal3/vendor/SuperCache

----------------------------------------------------------------------


---------- Date: 2026-03-29 03:56:17 ~ IP : 185.179.188.62 ----------
REQUEST URI : /podmotka-spidometra-gazel-nekst
MOD DETAILS:
   modFile   : /home/canmotalka/web/can-motalka.ru/public_html/vqmod/xml/lightning.xml
   id        : OpenCart Lightning
   version   : 3.37
   vqmver    : 
   author    : MaxD http://devs.mx

File Name    : system/library/cache.php(0)
VQModObject::applyMod - SEARCH NOT FOUND (SKIPPED): if (is_file(DIR_SYSTEM . 'library/journal3/vendor/SuperCache

----------------------------------------------------------------------


---------- Date: 2026-03-29 03:58:29 ~ IP : 185.179.188.62 ----------
REQUEST URI : /index.php?route=product/product/review&amp;product_id=97&amp;page=2
MOD DETAILS:
   modFile   : /home/canmotalka/web/can-motalka.ru/public_html/vqmod/xml/lightning.xml
   id        : OpenCart Lightning
   version   : 3.37
   vqmver    : 
   author    : MaxD http://devs.mx

File Name    : system/library/cache.php(0)
VQModObject::applyMod - SEARCH NOT FOUND (SKIPPED): if (is_file(DIR_SYSTEM . 'library/journal3/vendor/SuperCache

----------------------------------------------------------------------


---------- Date: 2026-03-29 03:58:56 ~ IP : 185.179.188.62 ----------
REQUEST URI : /podmotka-spidometra-gazel-nekst
MOD DETAILS:
   modFile   : /home/canmotalka/web/can-motalka.ru/public_html/vqmod/xml/lightning.xml
   id        : OpenCart Lightning
   version   : 3.37
   vqmver    : 
   author    : MaxD http://devs.mx

File Name    : system/library/cache.php(0)
VQModObject::applyMod - SEARCH NOT FOUND (SKIPPED): if (is_file(DIR_SYSTEM . 'library/journal3/vendor/SuperCache

----------------------------------------------------------------------


---------- Date: 2026-03-29 04:04:15 ~ IP : 185.179.188.62 ----------
REQUEST URI : /podmotka-spidometra-gazel-nekst/
MOD DETAILS:
   modFile   : /home/canmotalka/web/can-motalka.ru/public_html/vqmod/xml/lightning.xml
   id        : OpenCart Lightning
   version   : 3.37
   vqmver    : 
   author    : MaxD http://devs.mx

File Name    : system/library/cache.php(0)
VQModObject::applyMod - SEARCH NOT FOUND (SKIPPED): if (is_file(DIR_SYSTEM . 'library/journal3/vendor/SuperCache

----------------------------------------------------------------------


---------- Date: 2026-03-29 04:04:32 ~ IP : 185.179.188.62 ----------
REQUEST URI : /podmotka-spidometra-gazel-nekst
MOD DETAILS:
   modFile   : /home/canmotalka/web/can-motalka.ru/public_html/vqmod/xml/lightning.xml
   id        : OpenCart Lightning
   version   : 3.37
   vqmver    : 
   author    : MaxD http://devs.mx

File Name    : system/library/cache.php(0)
VQModObject::applyMod - SEARCH NOT FOUND (SKIPPED): if (is_file(DIR_SYSTEM . 'library/journal3/vendor/SuperCache

----------------------------------------------------------------------


---------- Date: 2026-03-29 04:06:38 ~ IP : 185.179.188.62 ----------
REQUEST URI : /index.php?route=module/popupcart_extended
MOD DETAILS:
   modFile   : /home/canmotalka/web/can-motalka.ru/public_html/vqmod/xml/lightning.xml
   id        : OpenCart Lightning
   version   : 3.37
   vqmver    : 
   author    : MaxD http://devs.mx

File Name    : system/library/cache.php(0)
VQModObject::applyMod - SEARCH NOT FOUND (SKIPPED): if (is_file(DIR_SYSTEM . 'library/journal3/vendor/SuperCache

----------------------------------------------------------------------


---------- Date: 2026-03-29 04:15:40 ~ IP : 185.179.188.62 ----------
REQUEST URI : /index.php?route=module/popupcart_extended
MOD DETAILS:
   modFile   : /home/canmotalka/web/can-motalka.ru/public_html/vqmod/xml/lightning.xml
   id        : OpenCart Lightning
   version   : 3.37
   vqmver    : 
   author    : MaxD http://devs.mx

File Name    : system/library/cache.php(0)
VQModObject::applyMod - SEARCH NOT FOUND (SKIPPED): if (is_file(DIR_SYSTEM . 'library/journal3/vendor/SuperCache

----------------------------------------------------------------------


---------- Date: 2026-03-29 04:18:44 ~ IP : 185.179.188.62 ----------
REQUEST URI : /podmotka-spidometra-henday-palisade
MOD DETAILS:
   modFile   : /home/canmotalka/web/can-motalka.ru/public_html/vqmod/xml/lightning.xml
   id        : OpenCart Lightning
   version   : 3.37
   vqmver    : 
   author    : MaxD http://devs.mx

File Name    : system/library/cache.php(0)
VQModObject::applyMod - SEARCH NOT FOUND (SKIPPED): if (is_file(DIR_SYSTEM . 'library/journal3/vendor/SuperCache

----------------------------------------------------------------------


---------- Date: 2026-03-29 04:18:47 ~ IP : 185.179.188.62 ----------
REQUEST URI : /podmotka-spidometra-henday-palisade/
MOD DETAILS:
   modFile   : /home/canmotalka/web/can-motalka.ru/public_html/vqmod/xml/lightning.xml
   id        : OpenCart Lightning
   version   : 3.37
   vqmver    : 
   author    : MaxD http://devs.mx

File Name    : system/library/cache.php(0)
VQModObject::applyMod - SEARCH NOT FOUND (SKIPPED): if (is_file(DIR_SYSTEM . 'library/journal3/vendor/SuperCache

----------------------------------------------------------------------


---------- Date: 2026-03-29 04:18:59 ~ IP : 185.179.188.62 ----------
REQUEST URI : /namotchik-probega-dlya-mazda-3/
MOD DETAILS:
   modFile   : /home/canmotalka/web/can-motalka.ru/public_html/vqmod/xml/lightning.xml
   id        : OpenCart Lightning
   version   : 3.37
   vqmver    : 
   author    : MaxD http://devs.mx

File Name    : system/library/cache.php(0)
VQModObject::applyMod - SEARCH NOT FOUND (SKIPPED): if (is_file(DIR_SYSTEM . 'library/journal3/vendor/SuperCache

----------------------------------------------------------------------


---------- Date: 2026-03-29 04:41:27 ~ IP : 185.179.188.62 ----------
REQUEST URI : /podmotka-spidometra-hyndai-santa-fe-4/
MOD DETAILS:
   modFile   : /home/canmotalka/web/can-motalka.ru/public_html/vqmod/xml/lightning.xml
   id        : OpenCart Lightning
   version   : 3.37
   vqmver    : 
   author    : MaxD http://devs.mx

File Name    : system/library/cache.php(0)
VQModObject::applyMod - SEARCH NOT FOUND (SKIPPED): if (is_file(DIR_SYSTEM . 'library/journal3/vendor/SuperCache

----------------------------------------------------------------------


---------- Date: 2026-03-29 04:43:35 ~ IP : 185.179.188.62 ----------
REQUEST URI : /namotchik-probega-dlya-audi-a8/
MOD DETAILS:
   modFile   : /home/canmotalka/web/can-motalka.ru/public_html/vqmod/xml/lightning.xml
   id        : OpenCart Lightning
   version   : 3.37
   vqmver    : 
   author    : MaxD http://devs.mx

File Name    : system/library/cache.php(0)
VQModObject::applyMod - SEARCH NOT FOUND (SKIPPED): if (is_file(DIR_SYSTEM . 'library/journal3/vendor/SuperCache

----------------------------------------------------------------------


---------- Date: 2026-03-29 04:43:53 ~ IP : 185.179.188.62 ----------
REQUEST URI : /index.php?route=product/product/review&amp;product_id=235
MOD DETAILS:
   modFile   : /home/canmotalka/web/can-motalka.ru/public_html/vqmod/xml/lightning.xml
   id        : OpenCart Lightning
   version   : 3.37
   vqmver    : 
   author    : MaxD http://devs.mx

File Name    : system/library/cache.php(0)
VQModObject::applyMod - SEARCH NOT FOUND (SKIPPED): if (is_file(DIR_SYSTEM . 'library/journal3/vendor/SuperCache

----------------------------------------------------------------------


---------- Date: 2026-03-29 04:44:03 ~ IP : 185.179.188.62 ----------
REQUEST URI : /index.php?route=module/popupcart_extended
MOD DETAILS:
   modFile   : /home/canmotalka/web/can-motalka.ru/public_html/vqmod/xml/lightning.xml
   id        : OpenCart Lightning
   version   : 3.37
   vqmver    : 
   author    : MaxD http://devs.mx

File Name    : system/library/cache.php(0)
VQModObject::applyMod - SEARCH NOT FOUND (SKIPPED): if (is_file(DIR_SYSTEM . 'library/journal3/vendor/SuperCache

----------------------------------------------------------------------


---------- Date: 2026-03-29 04:45:25 ~ IP : 185.179.188.62 ----------
REQUEST URI : /instrukciya-podmotka-kamaz/?ysclid=mnb3kfu8jn866823177
MOD DETAILS:
   modFile   : /home/canmotalka/web/can-motalka.ru/public_html/vqmod/xml/lightning.xml
   id        : OpenCart Lightning
   version   : 3.37
   vqmver    : 
   author    : MaxD http://devs.mx

File Name    : system/library/cache.php(0)
VQModObject::applyMod - SEARCH NOT FOUND (SKIPPED): if (is_file(DIR_SYSTEM . 'library/journal3/vendor/SuperCache

----------------------------------------------------------------------


---------- Date: 2026-03-29 04:45:26 ~ IP : 185.179.188.62 ----------
REQUEST URI : /instrukciya-podmotka-kamaz/
MOD DETAILS:
   modFile   : /home/canmotalka/web/can-motalka.ru/public_html/vqmod/xml/lightning.xml
   id        : OpenCart Lightning
   version   : 3.37
   vqmver    : 
   author    : MaxD http://devs.mx

File Name    : system/library/cache.php(0)
VQModObject::applyMod - SEARCH NOT FOUND (SKIPPED): if (is_file(DIR_SYSTEM . 'library/journal3/vendor/SuperCache

----------------------------------------------------------------------


---------- Date: 2026-03-29 04:45:27 ~ IP : 185.179.188.62 ----------
REQUEST URI : /index.php?route=module/popupcart_extended
MOD DETAILS:
   modFile   : /home/canmotalka/web/can-motalka.ru/public_html/vqmod/xml/lightning.xml
   id        : OpenCart Lightning
   version   : 3.37
   vqmver    : 
   author    : MaxD http://devs.mx

File Name    : system/library/cache.php(0)
VQModObject::applyMod - SEARCH NOT FOUND (SKIPPED): if (is_file(DIR_SYSTEM . 'library/journal3/vendor/SuperCache

----------------------------------------------------------------------


---------- Date: 2026-03-29 04:47:58 ~ IP : 185.179.188.62 ----------
REQUEST URI : /?ysclid=mnb3nr4cc4277381906
MOD DETAILS:
   modFile   : /home/canmotalka/web/can-motalka.ru/public_html/vqmod/xml/lightning.xml
   id        : OpenCart Lightning
   version   : 3.37
   vqmver    : 
   author    : MaxD http://devs.mx

File Name    : system/library/cache.php(0)
VQModObject::applyMod - SEARCH NOT FOUND (SKIPPED): if (is_file(DIR_SYSTEM . 'library/journal3/vendor/SuperCache

----------------------------------------------------------------------


---------- Date: 2026-03-29 04:48:29 ~ IP : 185.179.188.62 ----------
REQUEST URI : /index.php?route=module/popupcart_extended
MOD DETAILS:
   modFile   : /home/canmotalka/web/can-motalka.ru/public_html/vqmod/xml/lightning.xml
   id        : OpenCart Lightning
   version   : 3.37
   vqmver    : 
   author    : MaxD http://devs.mx

File Name    : system/library/cache.php(0)
VQModObject::applyMod - SEARCH NOT FOUND (SKIPPED): if (is_file(DIR_SYSTEM . 'library/journal3/vendor/SuperCache

----------------------------------------------------------------------


---------- Date: 2026-03-29 04:52:36 ~ IP : 185.179.188.62 ----------
REQUEST URI : /podmotka-krutilka-motalka-spidometra-dlya-toyota-camry-v55
MOD DETAILS:
   modFile   : /home/canmotalka/web/can-motalka.ru/public_html/vqmod/xml/lightning.xml
   id        : OpenCart Lightning
   version   : 3.37
   vqmver    : 
   author    : MaxD http://devs.mx

File Name    : system/library/cache.php(0)
VQModObject::applyMod - SEARCH NOT FOUND (SKIPPED): if (is_file(DIR_SYSTEM . 'library/journal3/vendor/SuperCache

----------------------------------------------------------------------


---------- Date: 2026-03-29 04:52:53 ~ IP : 185.179.188.62 ----------
REQUEST URI : /podmotka_uaz_re/?ysclid=mnb3u1wrex505351208
MOD DETAILS:
   modFile   : /home/canmotalka/web/can-motalka.ru/public_html/vqmod/xml/lightning.xml
   id        : OpenCart Lightning
   version   : 3.37
   vqmver    : 
   author    : MaxD http://devs.mx

File Name    : system/library/cache.php(0)
VQModObject::applyMod - SEARCH NOT FOUND (SKIPPED): if (is_file(DIR_SYSTEM . 'library/journal3/vendor/SuperCache

----------------------------------------------------------------------


---------- Date: 2026-03-29 04:52:53 ~ IP : 185.179.188.62 ----------
REQUEST URI : /podmotka_uaz_re/
MOD DETAILS:
   modFile   : /home/canmotalka/web/can-motalka.ru/public_html/vqmod/xml/lightning.xml
   id        : OpenCart Lightning
   version   : 3.37
   vqmver    : 
   author    : MaxD http://devs.mx

File Name    : system/library/cache.php(0)
VQModObject::applyMod - SEARCH NOT FOUND (SKIPPED): if (is_file(DIR_SYSTEM . 'library/journal3/vendor/SuperCache

----------------------------------------------------------------------


---------- Date: 2026-03-29 04:52:54 ~ IP : 185.179.188.62 ----------
REQUEST URI : /index.php?route=module/popupcart_extended
MOD DETAILS:
   modFile   : /home/canmotalka/web/can-motalka.ru/public_html/vqmod/xml/lightning.xml
   id        : OpenCart Lightning
   version   : 3.37
   vqmver    : 
   author    : MaxD http://devs.mx

File Name    : system/library/cache.php(0)
VQModObject::applyMod - SEARCH NOT FOUND (SKIPPED): if (is_file(DIR_SYSTEM . 'library/journal3/vendor/SuperCache

----------------------------------------------------------------------


---------- Date: 2026-03-29 04:53:15 ~ IP : 185.179.188.62 ----------
REQUEST URI : /podmotka-spidometra-hyundai-i40/
MOD DETAILS:
   modFile   : /home/canmotalka/web/can-motalka.ru/public_html/vqmod/xml/lightning.xml
   id        : OpenCart Lightning
   version   : 3.37
   vqmver    : 
   author    : MaxD http://devs.mx

File Name    : system/library/cache.php(0)
VQModObject::applyMod - SEARCH NOT FOUND (SKIPPED): if (is_file(DIR_SYSTEM . 'library/journal3/vendor/SuperCache

----------------------------------------------------------------------


---------- Date: 2026-03-29 04:54:13 ~ IP : 185.179.188.62 ----------
REQUEST URI : /podmotka-spidometra-shevrole-niva-abs-bezlimitnaya/
MOD DETAILS:
   modFile   : /home/canmotalka/web/can-motalka.ru/public_html/vqmod/xml/lightning.xml
   id        : OpenCart Lightning
   version   : 3.37
   vqmver    : 
   author    : MaxD http://devs.mx

File Name    : system/library/cache.php(0)
VQModObject::applyMod - SEARCH NOT FOUND (SKIPPED): if (is_file(DIR_SYSTEM . 'library/journal3/vendor/SuperCache

----------------------------------------------------------------------


---------- Date: 2026-03-29 04:55:18 ~ IP : 185.179.188.62 ----------
REQUEST URI : /.well-known/traffic-advice
MOD DETAILS:
   modFile   : /home/canmotalka/web/can-motalka.ru/public_html/vqmod/xml/lightning.xml
   id        : OpenCart Lightning
   version   : 3.37
   vqmver    : 
   author    : MaxD http://devs.mx

File Name    : system/library/cache.php(0)
VQModObject::applyMod - SEARCH NOT FOUND (SKIPPED): if (is_file(DIR_SYSTEM . 'library/journal3/vendor/SuperCache

----------------------------------------------------------------------


---------- Date: 2026-03-29 04:55:18 ~ IP : 185.179.188.62 ----------
REQUEST URI : /.well-known/traffic-advice
MOD DETAILS:
   modFile   : /home/canmotalka/web/can-motalka.ru/public_html/vqmod/xml/lightning.xml
   id        : OpenCart Lightning
   version   : 3.37
   vqmver    : 
   author    : MaxD http://devs.mx

File Name    : system/library/cache.php(0)
VQModObject::applyMod - SEARCH NOT FOUND (SKIPPED): if (is_file(DIR_SYSTEM . 'library/journal3/vendor/SuperCache

----------------------------------------------------------------------


---------- Date: 2026-03-29 04:55:18 ~ IP : 185.179.188.62 ----------
REQUEST URI : /patriot_re/
MOD DETAILS:
   modFile   : /home/canmotalka/web/can-motalka.ru/public_html/vqmod/xml/lightning.xml
   id        : OpenCart Lightning
   version   : 3.37
   vqmver    : 
   author    : MaxD http://devs.mx

File Name    : system/library/cache.php(0)
VQModObject::applyMod - SEARCH NOT FOUND (SKIPPED): if (is_file(DIR_SYSTEM . 'library/journal3/vendor/SuperCache

----------------------------------------------------------------------


---------- Date: 2026-03-29 04:58:05 ~ IP : 185.179.188.62 ----------
REQUEST URI : /patriot_re/
MOD DETAILS:
   modFile   : /home/canmotalka/web/can-motalka.ru/public_html/vqmod/xml/lightning.xml
   id        : OpenCart Lightning
   version   : 3.37
   vqmver    : 
   author    : MaxD http://devs.mx

File Name    : system/library/cache.php(0)
VQModObject::applyMod - SEARCH NOT FOUND (SKIPPED): if (is_file(DIR_SYSTEM . 'library/journal3/vendor/SuperCache

----------------------------------------------------------------------


---------- Date: 2026-03-29 05:31:09 ~ IP : 185.179.188.62 ----------
REQUEST URI : /podmotka-krutilka-spidometra-gazel-biznes-benzin-evotec-ili-cummins/?ysclid=mnb578rs2709774156
MOD DETAILS:
   modFile   : /home/canmotalka/web/can-motalka.ru/public_html/vqmod/xml/lightning.xml
   id        : OpenCart Lightning
   version   : 3.37
   vqmver    : 
   author    : MaxD http://devs.mx

File Name    : system/library/cache.php(0)
VQModObject::applyMod - SEARCH NOT FOUND (SKIPPED): if (is_file(DIR_SYSTEM . 'library/journal3/vendor/SuperCache

----------------------------------------------------------------------


---------- Date: 2026-03-29 05:31:09 ~ IP : 185.179.188.62 ----------
REQUEST URI : /podmotka-krutilka-spidometra-gazel-biznes-benzin-evotec-ili-cummins/
MOD DETAILS:
   modFile   : /home/canmotalka/web/can-motalka.ru/public_html/vqmod/xml/lightning.xml
   id        : OpenCart Lightning
   version   : 3.37
   vqmver    : 
   author    : MaxD http://devs.mx

File Name    : system/library/cache.php(0)
VQModObject::applyMod - SEARCH NOT FOUND (SKIPPED): if (is_file(DIR_SYSTEM . 'library/journal3/vendor/SuperCache

----------------------------------------------------------------------


---------- Date: 2026-03-29 05:31:10 ~ IP : 185.179.188.62 ----------
REQUEST URI : /index.php?route=product/product/review&amp;product_id=98
MOD DETAILS:
   modFile   : /home/canmotalka/web/can-motalka.ru/public_html/vqmod/xml/lightning.xml
   id        : OpenCart Lightning
   version   : 3.37
   vqmver    : 
   author    : MaxD http://devs.mx

File Name    : system/library/cache.php(0)
VQModObject::applyMod - SEARCH NOT FOUND (SKIPPED): if (is_file(DIR_SYSTEM . 'library/journal3/vendor/SuperCache

----------------------------------------------------------------------


---------- Date: 2026-03-29 05:31:10 ~ IP : 185.179.188.62 ----------
REQUEST URI : /index.php?route=module/popupcart_extended
MOD DETAILS:
   modFile   : /home/canmotalka/web/can-motalka.ru/public_html/vqmod/xml/lightning.xml
   id        : OpenCart Lightning
   version   : 3.37
   vqmver    : 
   author    : MaxD http://devs.mx

File Name    : system/library/cache.php(0)
VQModObject::applyMod - SEARCH NOT FOUND (SKIPPED): if (is_file(DIR_SYSTEM . 'library/journal3/vendor/SuperCache

----------------------------------------------------------------------


---------- Date: 2026-03-29 05:32:13 ~ IP : 185.179.188.62 ----------
REQUEST URI : /dostavka-i-oplata/
MOD DETAILS:
   modFile   : /home/canmotalka/web/can-motalka.ru/public_html/vqmod/xml/lightning.xml
   id        : OpenCart Lightning
   version   : 3.37
   vqmver    : 
   author    : MaxD http://devs.mx

File Name    : system/library/cache.php(0)
VQModObject::applyMod - SEARCH NOT FOUND (SKIPPED): if (is_file(DIR_SYSTEM . 'library/journal3/vendor/SuperCache

----------------------------------------------------------------------


---------- Date: 2026-03-29 05:33:08 ~ IP : 185.179.188.62 ----------
REQUEST URI : /index.php?route=common/footer/click_counter
MOD DETAILS:
   modFile   : /home/canmotalka/web/can-motalka.ru/public_html/vqmod/xml/lightning.xml
   id        : OpenCart Lightning
   version   : 3.37
   vqmver    : 
   author    : MaxD http://devs.mx

File Name    : system/library/cache.php(0)
VQModObject::applyMod - SEARCH NOT FOUND (SKIPPED): if (is_file(DIR_SYSTEM . 'library/journal3/vendor/SuperCache

----------------------------------------------------------------------


---------- Date: 2026-03-29 05:42:46 ~ IP : 185.179.188.62 ----------
REQUEST URI : /sitemap.xml
MOD DETAILS:
   modFile   : /home/canmotalka/web/can-motalka.ru/public_html/vqmod/xml/lightning.xml
   id        : OpenCart Lightning
   version   : 3.37
   vqmver    : 
   author    : MaxD http://devs.mx

File Name    : system/library/cache.php(0)
VQModObject::applyMod - SEARCH NOT FOUND (SKIPPED): if (is_file(DIR_SYSTEM . 'library/journal3/vendor/SuperCache

----------------------------------------------------------------------


---------- Date: 2026-03-29 05:44:30 ~ IP : 185.179.188.62 ----------
REQUEST URI : /prado_video_manual/
MOD DETAILS:
   modFile   : /home/canmotalka/web/can-motalka.ru/public_html/vqmod/xml/lightning.xml
   id        : OpenCart Lightning
   version   : 3.37
   vqmver    : 
   author    : MaxD http://devs.mx

File Name    : system/library/cache.php(0)
VQModObject::applyMod - SEARCH NOT FOUND (SKIPPED): if (is_file(DIR_SYSTEM . 'library/journal3/vendor/SuperCache

----------------------------------------------------------------------


---------- Date: 2026-03-29 05:46:51 ~ IP : 185.179.188.62 ----------
REQUEST URI : /podmotka-spidometra-peugeot-boxer/
MOD DETAILS:
   modFile   : /home/canmotalka/web/can-motalka.ru/public_html/vqmod/xml/lightning.xml
   id        : OpenCart Lightning
   version   : 3.37
   vqmver    : 
   author    : MaxD http://devs.mx

File Name    : system/library/cache.php(0)
VQModObject::applyMod - SEARCH NOT FOUND (SKIPPED): if (is_file(DIR_SYSTEM . 'library/journal3/vendor/SuperCache

----------------------------------------------------------------------


---------- Date: 2026-03-29 05:48:31 ~ IP : 185.179.188.62 ----------
REQUEST URI : /podmotka-krutilka-spidometra-gazel-biznes-benzin-evotec-ili-cummins/
MOD DETAILS:
   modFile   : /home/canmotalka/web/can-motalka.ru/public_html/vqmod/xml/lightning.xml
   id        : OpenCart Lightning
   version   : 3.37
   vqmver    : 
   author    : MaxD http://devs.mx

File Name    : system/library/cache.php(0)
VQModObject::applyMod - SEARCH NOT FOUND (SKIPPED): if (is_file(DIR_SYSTEM . 'library/journal3/vendor/SuperCache

----------------------------------------------------------------------


---------- Date: 2026-03-29 05:49:33 ~ IP : 185.179.188.62 ----------
REQUEST URI : /podmotka-spidometra-ssang-young-kyron/
MOD DETAILS:
   modFile   : /home/canmotalka/web/can-motalka.ru/public_html/vqmod/xml/lightning.xml
   id        : OpenCart Lightning
   version   : 3.37
   vqmver    : 
   author    : MaxD http://devs.mx

File Name    : system/library/cache.php(0)
VQModObject::applyMod - SEARCH NOT FOUND (SKIPPED): if (is_file(DIR_SYSTEM . 'library/journal3/vendor/SuperCache

----------------------------------------------------------------------


---------- Date: 2026-03-29 05:49:51 ~ IP : 185.179.188.62 ----------
REQUEST URI : /podmotka_uaz_re/
MOD DETAILS:
   modFile   : /home/canmotalka/web/can-motalka.ru/public_html/vqmod/xml/lightning.xml
   id        : OpenCart Lightning
   version   : 3.37
   vqmver    : 
   author    : MaxD http://devs.mx

File Name    : system/library/cache.php(0)
VQModObject::applyMod - SEARCH NOT FOUND (SKIPPED): if (is_file(DIR_SYSTEM . 'library/journal3/vendor/SuperCache

----------------------------------------------------------------------


---------- Date: 2026-03-29 05:51:46 ~ IP : 185.179.188.62 ----------
REQUEST URI : /podmotka-spidometra-lada-granta-fl/
MOD DETAILS:
   modFile   : /home/canmotalka/web/can-motalka.ru/public_html/vqmod/xml/lightning.xml
   id        : OpenCart Lightning
   version   : 3.37
   vqmver    : 
   author    : MaxD http://devs.mx

File Name    : system/library/cache.php(0)
VQModObject::applyMod - SEARCH NOT FOUND (SKIPPED): if (is_file(DIR_SYSTEM . 'library/journal3/vendor/SuperCache

----------------------------------------------------------------------


---------- Date: 2026-03-29 05:52:58 ~ IP : 185.179.188.62 ----------
REQUEST URI : /instrukciya-podmotka-niva-travel-chevrolet/
MOD DETAILS:
   modFile   : /home/canmotalka/web/can-motalka.ru/public_html/vqmod/xml/lightning.xml
   id        : OpenCart Lightning
   version   : 3.37
   vqmver    : 
   author    : MaxD http://devs.mx

File Name    : system/library/cache.php(0)
VQModObject::applyMod - SEARCH NOT FOUND (SKIPPED): if (is_file(DIR_SYSTEM . 'library/journal3/vendor/SuperCache

----------------------------------------------------------------------


---------- Date: 2026-03-29 05:53:59 ~ IP : 185.179.188.62 ----------
REQUEST URI : /setting_php/uluchshenie-potencii/888-sialis-viagra-so-skidkoy-anjerosudjensk/
MOD DETAILS:
   modFile   : /home/canmotalka/web/can-motalka.ru/public_html/vqmod/xml/lightning.xml
   id        : OpenCart Lightning
   version   : 3.37
   vqmver    : 
   author    : MaxD http://devs.mx

File Name    : system/library/cache.php(0)
VQModObject::applyMod - SEARCH NOT FOUND (SKIPPED): if (is_file(DIR_SYSTEM . 'library/journal3/vendor/SuperCache

----------------------------------------------------------------------


---------- Date: 2026-03-29 05:55:07 ~ IP : 185.179.188.62 ----------
REQUEST URI : /podmotka-spidometra-gazel-nekst/
MOD DETAILS:
   modFile   : /home/canmotalka/web/can-motalka.ru/public_html/vqmod/xml/lightning.xml
   id        : OpenCart Lightning
   version   : 3.37
   vqmver    : 
   author    : MaxD http://devs.mx

File Name    : system/library/cache.php(0)
VQModObject::applyMod - SEARCH NOT FOUND (SKIPPED): if (is_file(DIR_SYSTEM . 'library/journal3/vendor/SuperCache

----------------------------------------------------------------------


---------- Date: 2026-03-29 05:55:24 ~ IP : 185.179.188.62 ----------
REQUEST URI : /setting_php/tadalafil-20/538-zakazat-nabor-lovelas-jigulevsk
MOD DETAILS:
   modFile   : /home/canmotalka/web/can-motalka.ru/public_html/vqmod/xml/lightning.xml
   id        : OpenCart Lightning
   version   : 3.37
   vqmver    : 
   author    : MaxD http://devs.mx

File Name    : system/library/cache.php(0)
VQModObject::applyMod - SEARCH NOT FOUND (SKIPPED): if (is_file(DIR_SYSTEM . 'library/journal3/vendor/SuperCache

----------------------------------------------------------------------


---------- Date: 2026-03-29 05:56:45 ~ IP : 185.179.188.62 ----------
REQUEST URI : /podmotka-spidometra-peugeot-traveller/
MOD DETAILS:
   modFile   : /home/canmotalka/web/can-motalka.ru/public_html/vqmod/xml/lightning.xml
   id        : OpenCart Lightning
   version   : 3.37
   vqmver    : 
   author    : MaxD http://devs.mx

File Name    : system/library/cache.php(0)
VQModObject::applyMod - SEARCH NOT FOUND (SKIPPED): if (is_file(DIR_SYSTEM . 'library/journal3/vendor/SuperCache

----------------------------------------------------------------------


---------- Date: 2026-03-29 05:56:53 ~ IP : 185.179.188.62 ----------
REQUEST URI : /setting_php/vardenafil/867-dapoksetin-cena-dubna
MOD DETAILS:
   modFile   : /home/canmotalka/web/can-motalka.ru/public_html/vqmod/xml/lightning.xml
   id        : OpenCart Lightning
   version   : 3.37
   vqmver    : 
   author    : MaxD http://devs.mx

File Name    : system/library/cache.php(0)
VQModObject::applyMod - SEARCH NOT FOUND (SKIPPED): if (is_file(DIR_SYSTEM . 'library/journal3/vendor/SuperCache

----------------------------------------------------------------------


---------- Date: 2026-03-29 05:57:53 ~ IP : 185.179.188.62 ----------
REQUEST URI : /index.php?route=module/popupcart_extended
MOD DETAILS:
   modFile   : /home/canmotalka/web/can-motalka.ru/public_html/vqmod/xml/lightning.xml
   id        : OpenCart Lightning
   version   : 3.37
   vqmver    : 
   author    : MaxD http://devs.mx

File Name    : system/library/cache.php(0)
VQModObject::applyMod - SEARCH NOT FOUND (SKIPPED): if (is_file(DIR_SYSTEM . 'library/journal3/vendor/SuperCache

----------------------------------------------------------------------


---------- Date: 2026-03-29 05:59:27 ~ IP : 185.179.188.62 ----------
REQUEST URI : /setting_php/vardenafil/847-zakazat-stad-5000-belogorsk
MOD DETAILS:
   modFile   : /home/canmotalka/web/can-motalka.ru/public_html/vqmod/xml/lightning.xml
   id        : OpenCart Lightning
   version   : 3.37
   vqmver    : 
   author    : MaxD http://devs.mx

File Name    : system/library/cache.php(0)
VQModObject::applyMod - SEARCH NOT FOUND (SKIPPED): if (is_file(DIR_SYSTEM . 'library/journal3/vendor/SuperCache

----------------------------------------------------------------------


---------- Date: 2026-03-29 06:00:40 ~ IP : 185.179.188.62 ----------
REQUEST URI : /setting_php/uluchshenie-potencii/802-kamagra-gold-kingisepp
MOD DETAILS:
   modFile   : /home/canmotalka/web/can-motalka.ru/public_html/vqmod/xml/lightning.xml
   id        : OpenCart Lightning
   version   : 3.37
   vqmver    : 
   author    : MaxD http://devs.mx

File Name    : system/library/cache.php(0)
VQModObject::applyMod - SEARCH NOT FOUND (SKIPPED): if (is_file(DIR_SYSTEM . 'library/journal3/vendor/SuperCache

----------------------------------------------------------------------


---------- Date: 2026-03-29 06:01:32 ~ IP : 185.179.188.62 ----------
REQUEST URI : /podmotka-spidometra-vesta-ng-np/
MOD DETAILS:
   modFile   : /home/canmotalka/web/can-motalka.ru/public_html/vqmod/xml/lightning.xml
   id        : OpenCart Lightning
   version   : 3.37
   vqmver    : 
   author    : MaxD http://devs.mx

File Name    : system/library/cache.php(0)
VQModObject::applyMod - SEARCH NOT FOUND (SKIPPED): if (is_file(DIR_SYSTEM . 'library/journal3/vendor/SuperCache

----------------------------------------------------------------------


---------- Date: 2026-03-29 06:02:30 ~ IP : 185.179.188.62 ----------
REQUEST URI : /podmotka-spidometra-mercedes-sprinter/
MOD DETAILS:
   modFile   : /home/canmotalka/web/can-motalka.ru/public_html/vqmod/xml/lightning.xml
   id        : OpenCart Lightning
   version   : 3.37
   vqmver    : 
   author    : MaxD http://devs.mx

File Name    : system/library/cache.php(0)
VQModObject::applyMod - SEARCH NOT FOUND (SKIPPED): if (is_file(DIR_SYSTEM . 'library/journal3/vendor/SuperCache

----------------------------------------------------------------------


---------- Date: 2026-03-29 06:03:20 ~ IP : 185.179.188.62 ----------
REQUEST URI : /cron__/gayner/457-kupit-kurs-stanozolol-solo-velikie-luki
MOD DETAILS:
   modFile   : /home/canmotalka/web/can-motalka.ru/public_html/vqmod/xml/lightning.xml
   id        : OpenCart Lightning
   version   : 3.37
   vqmver    : 
   author    : MaxD http://devs.mx

File Name    : system/library/cache.php(0)
VQModObject::applyMod - SEARCH NOT FOUND (SKIPPED): if (is_file(DIR_SYSTEM . 'library/journal3/vendor/SuperCache

----------------------------------------------------------------------


---------- Date: 2026-03-29 06:05:34 ~ IP : 185.179.188.62 ----------
REQUEST URI : /podmotka-spidometra-jac-t6/
MOD DETAILS:
   modFile   : /home/canmotalka/web/can-motalka.ru/public_html/vqmod/xml/lightning.xml
   id        : OpenCart Lightning
   version   : 3.37
   vqmver    : 
   author    : MaxD http://devs.mx

File Name    : system/library/cache.php(0)
VQModObject::applyMod - SEARCH NOT FOUND (SKIPPED): if (is_file(DIR_SYSTEM . 'library/journal3/vendor/SuperCache

----------------------------------------------------------------------


---------- Date: 2026-03-29 06:05:41 ~ IP : 185.179.188.62 ----------
REQUEST URI : /setting_php/pomojem-lechitsya/810-zakazat-super-zhevitra-buzuluk/
MOD DETAILS:
   modFile   : /home/canmotalka/web/can-motalka.ru/public_html/vqmod/xml/lightning.xml
   id        : OpenCart Lightning
   version   : 3.37
   vqmver    : 
   author    : MaxD http://devs.mx

File Name    : system/library/cache.php(0)
VQModObject::applyMod - SEARCH NOT FOUND (SKIPPED): if (is_file(DIR_SYSTEM . 'library/journal3/vendor/SuperCache

----------------------------------------------------------------------


---------- Date: 2026-03-29 06:06:10 ~ IP : 185.179.188.62 ----------
REQUEST URI : /podmotka-spidometra-largus/
MOD DETAILS:
   modFile   : /home/canmotalka/web/can-motalka.ru/public_html/vqmod/xml/lightning.xml
   id        : OpenCart Lightning
   version   : 3.37
   vqmver    : 
   author    : MaxD http://devs.mx

File Name    : system/library/cache.php(0)
VQModObject::applyMod - SEARCH NOT FOUND (SKIPPED): if (is_file(DIR_SYSTEM . 'library/journal3/vendor/SuperCache

----------------------------------------------------------------------


---------- Date: 2026-03-29 06:08:56 ~ IP : 185.179.188.62 ----------
REQUEST URI : /podmotka-spidometra-moskvich-3/
MOD DETAILS:
   modFile   : /home/canmotalka/web/can-motalka.ru/public_html/vqmod/xml/lightning.xml
   id        : OpenCart Lightning
   version   : 3.37
   vqmver    : 
   author    : MaxD http://devs.mx

File Name    : system/library/cache.php(0)
VQModObject::applyMod - SEARCH NOT FOUND (SKIPPED): if (is_file(DIR_SYSTEM . 'library/journal3/vendor/SuperCache

----------------------------------------------------------------------


---------- Date: 2026-03-29 06:09:20 ~ IP : 185.179.188.62 ----------
REQUEST URI : /podmotka-spidometra-skoda-rapid/
MOD DETAILS:
   modFile   : /home/canmotalka/web/can-motalka.ru/public_html/vqmod/xml/lightning.xml
   id        : OpenCart Lightning
   version   : 3.37
   vqmver    : 
   author    : MaxD http://devs.mx

File Name    : system/library/cache.php(0)
VQModObject::applyMod - SEARCH NOT FOUND (SKIPPED): if (is_file(DIR_SYSTEM . 'library/journal3/vendor/SuperCache

----------------------------------------------------------------------


---------- Date: 2026-03-29 06:09:56 ~ IP : 185.179.188.62 ----------
REQUEST URI : /podmotka-spidometra-ford-tranzit/
MOD DETAILS:
   modFile   : /home/canmotalka/web/can-motalka.ru/public_html/vqmod/xml/lightning.xml
   id        : OpenCart Lightning
   version   : 3.37
   vqmver    : 
   author    : MaxD http://devs.mx

File Name    : system/library/cache.php(0)
VQModObject::applyMod - SEARCH NOT FOUND (SKIPPED): if (is_file(DIR_SYSTEM . 'library/journal3/vendor/SuperCache

----------------------------------------------------------------------


---------- Date: 2026-03-29 06:10:20 ~ IP : 185.179.188.62 ----------
REQUEST URI : /podmotka-krutilka-motalka-spidometra-toyota-camry-v50/
MOD DETAILS:
   modFile   : /home/canmotalka/web/can-motalka.ru/public_html/vqmod/xml/lightning.xml
   id        : OpenCart Lightning
   version   : 3.37
   vqmver    : 
   author    : MaxD http://devs.mx

File Name    : system/library/cache.php(0)
VQModObject::applyMod - SEARCH NOT FOUND (SKIPPED): if (is_file(DIR_SYSTEM . 'library/journal3/vendor/SuperCache

----------------------------------------------------------------------


---------- Date: 2026-03-29 06:13:30 ~ IP : 185.179.188.62 ----------
REQUEST URI : /tranzit_video_manual/
MOD DETAILS:
   modFile   : /home/canmotalka/web/can-motalka.ru/public_html/vqmod/xml/lightning.xml
   id        : OpenCart Lightning
   version   : 3.37
   vqmver    : 
   author    : MaxD http://devs.mx

File Name    : system/library/cache.php(0)
VQModObject::applyMod - SEARCH NOT FOUND (SKIPPED): if (is_file(DIR_SYSTEM . 'library/journal3/vendor/SuperCache

----------------------------------------------------------------------


---------- Date: 2026-03-29 06:23:27 ~ IP : 185.179.188.62 ----------
REQUEST URI : /otzyvy/?page=3
MOD DETAILS:
   modFile   : /home/canmotalka/web/can-motalka.ru/public_html/vqmod/xml/lightning.xml
   id        : OpenCart Lightning
   version   : 3.37
   vqmver    : 
   author    : MaxD http://devs.mx

File Name    : system/library/cache.php(0)
VQModObject::applyMod - SEARCH NOT FOUND (SKIPPED): if (is_file(DIR_SYSTEM . 'library/journal3/vendor/SuperCache

----------------------------------------------------------------------


---------- Date: 2026-03-29 06:28:58 ~ IP : 185.179.188.62 ----------
REQUEST URI : /sitemap.xml
MOD DETAILS:
   modFile   : /home/canmotalka/web/can-motalka.ru/public_html/vqmod/xml/lightning.xml
   id        : OpenCart Lightning
   version   : 3.37
   vqmver    : 
   author    : MaxD http://devs.mx

File Name    : system/library/cache.php(0)
VQModObject::applyMod - SEARCH NOT FOUND (SKIPPED): if (is_file(DIR_SYSTEM . 'library/journal3/vendor/SuperCache

----------------------------------------------------------------------


---------- Date: 2026-03-29 06:29:42 ~ IP : 185.179.188.62 ----------
REQUEST URI : /setting_php/tadalafil-20/258-tadalafil-40-almetevsk/
MOD DETAILS:
   modFile   : /home/canmotalka/web/can-motalka.ru/public_html/vqmod/xml/lightning.xml
   id        : OpenCart Lightning
   version   : 3.37
   vqmver    : 
   author    : MaxD http://devs.mx

File Name    : system/library/cache.php(0)
VQModObject::applyMod - SEARCH NOT FOUND (SKIPPED): if (is_file(DIR_SYSTEM . 'library/journal3/vendor/SuperCache

----------------------------------------------------------------------


---------- Date: 2026-03-29 06:31:17 ~ IP : 185.179.188.62 ----------
REQUEST URI : /podmotka-spidometra-dlya-lada-granta-fl-bez-abs
MOD DETAILS:
   modFile   : /home/canmotalka/web/can-motalka.ru/public_html/vqmod/xml/lightning.xml
   id        : OpenCart Lightning
   version   : 3.37
   vqmver    : 
   author    : MaxD http://devs.mx

File Name    : system/library/cache.php(0)
VQModObject::applyMod - SEARCH NOT FOUND (SKIPPED): if (is_file(DIR_SYSTEM . 'library/journal3/vendor/SuperCache

----------------------------------------------------------------------


---------- Date: 2026-03-29 06:32:37 ~ IP : 185.179.188.62 ----------
REQUEST URI : /?ysclid=mnb7eb4268597508071
MOD DETAILS:
   modFile   : /home/canmotalka/web/can-motalka.ru/public_html/vqmod/xml/lightning.xml
   id        : OpenCart Lightning
   version   : 3.37
   vqmver    : 
   author    : MaxD http://devs.mx

File Name    : system/library/cache.php(0)
VQModObject::applyMod - SEARCH NOT FOUND (SKIPPED): if (is_file(DIR_SYSTEM . 'library/journal3/vendor/SuperCache

----------------------------------------------------------------------


---------- Date: 2026-03-29 06:32:45 ~ IP : 185.179.188.62 ----------
REQUEST URI : /manuals/
MOD DETAILS:
   modFile   : /home/canmotalka/web/can-motalka.ru/public_html/vqmod/xml/lightning.xml
   id        : OpenCart Lightning
   version   : 3.37
   vqmver    : 
   author    : MaxD http://devs.mx

File Name    : system/library/cache.php(0)
VQModObject::applyMod - SEARCH NOT FOUND (SKIPPED): if (is_file(DIR_SYSTEM . 'library/journal3/vendor/SuperCache

----------------------------------------------------------------------


---------- Date: 2026-03-29 06:32:48 ~ IP : 185.179.188.62 ----------
REQUEST URI : /index.php?route=module/popupcart_extended
MOD DETAILS:
   modFile   : /home/canmotalka/web/can-motalka.ru/public_html/vqmod/xml/lightning.xml
   id        : OpenCart Lightning
   version   : 3.37
   vqmver    : 
   author    : MaxD http://devs.mx

File Name    : system/library/cache.php(0)
VQModObject::applyMod - SEARCH NOT FOUND (SKIPPED): if (is_file(DIR_SYSTEM . 'library/journal3/vendor/SuperCache

----------------------------------------------------------------------


---------- Date: 2026-03-29 06:33:17 ~ IP : 185.179.188.62 ----------
REQUEST URI : /manuals/?page=2
MOD DETAILS:
   modFile   : /home/canmotalka/web/can-motalka.ru/public_html/vqmod/xml/lightning.xml
   id        : OpenCart Lightning
   version   : 3.37
   vqmver    : 
   author    : MaxD http://devs.mx

File Name    : system/library/cache.php(0)
VQModObject::applyMod - SEARCH NOT FOUND (SKIPPED): if (is_file(DIR_SYSTEM . 'library/journal3/vendor/SuperCache

----------------------------------------------------------------------


---------- Date: 2026-03-29 06:34:51 ~ IP : 185.179.188.62 ----------
REQUEST URI : /hyundai_h1_manual/
MOD DETAILS:
   modFile   : /home/canmotalka/web/can-motalka.ru/public_html/vqmod/xml/lightning.xml
   id        : OpenCart Lightning
   version   : 3.37
   vqmver    : 
   author    : MaxD http://devs.mx

File Name    : system/library/cache.php(0)
VQModObject::applyMod - SEARCH NOT FOUND (SKIPPED): if (is_file(DIR_SYSTEM . 'library/journal3/vendor/SuperCache

----------------------------------------------------------------------


---------- Date: 2026-03-29 06:37:34 ~ IP : 185.179.188.62 ----------
REQUEST URI : /.well-known/traffic-advice
MOD DETAILS:
   modFile   : /home/canmotalka/web/can-motalka.ru/public_html/vqmod/xml/lightning.xml
   id        : OpenCart Lightning
   version   : 3.37
   vqmver    : 
   author    : MaxD http://devs.mx

File Name    : system/library/cache.php(0)
VQModObject::applyMod - SEARCH NOT FOUND (SKIPPED): if (is_file(DIR_SYSTEM . 'library/journal3/vendor/SuperCache

----------------------------------------------------------------------


---------- Date: 2026-03-29 06:37:34 ~ IP : 185.179.188.62 ----------
REQUEST URI : /podmotka-spidometra-shevrole-niva-abs-bezlimitnaya/
MOD DETAILS:
   modFile   : /home/canmotalka/web/can-motalka.ru/public_html/vqmod/xml/lightning.xml
   id        : OpenCart Lightning
   version   : 3.37
   vqmver    : 
   author    : MaxD http://devs.mx

File Name    : system/library/cache.php(0)
VQModObject::applyMod - SEARCH NOT FOUND (SKIPPED): if (is_file(DIR_SYSTEM . 'library/journal3/vendor/SuperCache

----------------------------------------------------------------------


---------- Date: 2026-03-29 06:41:14 ~ IP : 185.179.188.62 ----------
REQUEST URI : /podmotka-spidometra-shevrole-niva-abs-bezlimitnaya/
MOD DETAILS:
   modFile   : /home/canmotalka/web/can-motalka.ru/public_html/vqmod/xml/lightning.xml
   id        : OpenCart Lightning
   version   : 3.37
   vqmver    : 
   author    : MaxD http://devs.mx

File Name    : system/library/cache.php(0)
VQModObject::applyMod - SEARCH NOT FOUND (SKIPPED): if (is_file(DIR_SYSTEM . 'library/journal3/vendor/SuperCache

----------------------------------------------------------------------


---------- Date: 2026-03-29 06:46:44 ~ IP : 185.179.188.62 ----------
REQUEST URI : /granta_video_manual/
MOD DETAILS:
   modFile   : /home/canmotalka/web/can-motalka.ru/public_html/vqmod/xml/lightning.xml
   id        : OpenCart Lightning
   version   : 3.37
   vqmver    : 
   author    : MaxD http://devs.mx

File Name    : system/library/cache.php(0)
VQModObject::applyMod - SEARCH NOT FOUND (SKIPPED): if (is_file(DIR_SYSTEM . 'library/journal3/vendor/SuperCache

----------------------------------------------------------------------


---------- Date: 2026-03-29 06:48:26 ~ IP : 185.179.188.62 ----------
REQUEST URI : /granta_video_manual/
MOD DETAILS:
   modFile   : /home/canmotalka/web/can-motalka.ru/public_html/vqmod/xml/lightning.xml
   id        : OpenCart Lightning
   version   : 3.37
   vqmver    : 
   author    : MaxD http://devs.mx

File Name    : system/library/cache.php(0)
VQModObject::applyMod - SEARCH NOT FOUND (SKIPPED): if (is_file(DIR_SYSTEM . 'library/journal3/vendor/SuperCache

----------------------------------------------------------------------


---------- Date: 2026-03-29 06:48:26 ~ IP : 185.179.188.62 ----------
REQUEST URI : /index.php?route=module/popupcart_extended
MOD DETAILS:
   modFile   : /home/canmotalka/web/can-motalka.ru/public_html/vqmod/xml/lightning.xml
   id        : OpenCart Lightning
   version   : 3.37
   vqmver    : 
   author    : MaxD http://devs.mx

File Name    : system/library/cache.php(0)
VQModObject::applyMod - SEARCH NOT FOUND (SKIPPED): if (is_file(DIR_SYSTEM . 'library/journal3/vendor/SuperCache

----------------------------------------------------------------------


---------- Date: 2026-03-29 06:53:41 ~ IP : 185.179.188.62 ----------
REQUEST URI : /setting_php/dapoksetin/886-zakazat-nabor-lovelas-duysburg/
MOD DETAILS:
   modFile   : /home/canmotalka/web/can-motalka.ru/public_html/vqmod/xml/lightning.xml
   id        : OpenCart Lightning
   version   : 3.37
   vqmver    : 
   author    : MaxD http://devs.mx

File Name    : system/library/cache.php(0)
VQModObject::applyMod - SEARCH NOT FOUND (SKIPPED): if (is_file(DIR_SYSTEM . 'library/journal3/vendor/SuperCache

----------------------------------------------------------------------


---------- Date: 2026-03-29 06:58:55 ~ IP : 185.179.188.62 ----------
REQUEST URI : /patriot_re/
MOD DETAILS:
   modFile   : /home/canmotalka/web/can-motalka.ru/public_html/vqmod/xml/lightning.xml
   id        : OpenCart Lightning
   version   : 3.37
   vqmver    : 
   author    : MaxD http://devs.mx

File Name    : system/library/cache.php(0)
VQModObject::applyMod - SEARCH NOT FOUND (SKIPPED): if (is_file(DIR_SYSTEM . 'library/journal3/vendor/SuperCache

----------------------------------------------------------------------


---------- Date: 2026-03-29 07:00:32 ~ IP : 185.179.188.62 ----------
REQUEST URI : /index.php?route=feed/yandex_yml&amp;token=we34w48348ygbh92103ru3klgdfg
MOD DETAILS:
   modFile   : /home/canmotalka/web/can-motalka.ru/public_html/vqmod/xml/lightning.xml
   id        : OpenCart Lightning
   version   : 3.37
   vqmver    : 
   author    : MaxD http://devs.mx

File Name    : system/library/cache.php(0)
VQModObject::applyMod - SEARCH NOT FOUND (SKIPPED): if (is_file(DIR_SYSTEM . 'library/journal3/vendor/SuperCache

----------------------------------------------------------------------


---------- Date: 2026-03-29 07:02:54 ~ IP : 185.179.188.62 ----------
REQUEST URI : /podmotka_vw_manual/
MOD DETAILS:
   modFile   : /home/canmotalka/web/can-motalka.ru/public_html/vqmod/xml/lightning.xml
   id        : OpenCart Lightning
   version   : 3.37
   vqmver    : 
   author    : MaxD http://devs.mx

File Name    : system/library/cache.php(0)
VQModObject::applyMod - SEARCH NOT FOUND (SKIPPED): if (is_file(DIR_SYSTEM . 'library/journal3/vendor/SuperCache

----------------------------------------------------------------------


---------- Date: 2026-03-29 07:02:55 ~ IP : 185.179.188.62 ----------
REQUEST URI : /index.php?route=module/popupcart_extended
MOD DETAILS:
   modFile   : /home/canmotalka/web/can-motalka.ru/public_html/vqmod/xml/lightning.xml
   id        : OpenCart Lightning
   version   : 3.37
   vqmver    : 
   author    : MaxD http://devs.mx

File Name    : system/library/cache.php(0)
VQModObject::applyMod - SEARCH NOT FOUND (SKIPPED): if (is_file(DIR_SYSTEM . 'library/journal3/vendor/SuperCache

----------------------------------------------------------------------


---------- Date: 2026-03-29 07:03:15 ~ IP : 185.179.188.62 ----------
REQUEST URI : /podmotka_vw_manual/
MOD DETAILS:
   modFile   : /home/canmotalka/web/can-motalka.ru/public_html/vqmod/xml/lightning.xml
   id        : OpenCart Lightning
   version   : 3.37
   vqmver    : 
   author    : MaxD http://devs.mx

File Name    : system/library/cache.php(0)
VQModObject::applyMod - SEARCH NOT FOUND (SKIPPED): if (is_file(DIR_SYSTEM . 'library/journal3/vendor/SuperCache

----------------------------------------------------------------------


---------- Date: 2026-03-29 07:04:41 ~ IP : 185.179.188.62 ----------
REQUEST URI : /setting_php/uluchshenie-potencii/234-viagra-ivanovo-kupit
MOD DETAILS:
   modFile   : /home/canmotalka/web/can-motalka.ru/public_html/vqmod/xml/lightning.xml
   id        : OpenCart Lightning
   version   : 3.37
   vqmver    : 
   author    : MaxD http://devs.mx

File Name    : system/library/cache.php(0)
VQModObject::applyMod - SEARCH NOT FOUND (SKIPPED): if (is_file(DIR_SYSTEM . 'library/journal3/vendor/SuperCache

----------------------------------------------------------------------


---------- Date: 2026-03-29 07:05:59 ~ IP : 185.179.188.62 ----------
REQUEST URI : /setting_php/kamagra-100/669-tadalafil-20-dostavka-krasnoyarsk
MOD DETAILS:
   modFile   : /home/canmotalka/web/can-motalka.ru/public_html/vqmod/xml/lightning.xml
   id        : OpenCart Lightning
   version   : 3.37
   vqmver    : 
   author    : MaxD http://devs.mx

File Name    : system/library/cache.php(0)
VQModObject::applyMod - SEARCH NOT FOUND (SKIPPED): if (is_file(DIR_SYSTEM . 'library/journal3/vendor/SuperCache

----------------------------------------------------------------------


---------- Date: 2026-03-29 07:07:30 ~ IP : 185.179.188.62 ----------
REQUEST URI : /index.php?route=common/footer/click_counter
MOD DETAILS:
   modFile   : /home/canmotalka/web/can-motalka.ru/public_html/vqmod/xml/lightning.xml
   id        : OpenCart Lightning
   version   : 3.37
   vqmver    : 
   author    : MaxD http://devs.mx

File Name    : system/library/cache.php(0)
VQModObject::applyMod - SEARCH NOT FOUND (SKIPPED): if (is_file(DIR_SYSTEM . 'library/journal3/vendor/SuperCache

----------------------------------------------------------------------


---------- Date: 2026-03-29 07:14:13 ~ IP : 185.179.188.62 ----------
REQUEST URI : /namotchik-probega-dlya-audi-q5/
MOD DETAILS:
   modFile   : /home/canmotalka/web/can-motalka.ru/public_html/vqmod/xml/lightning.xml
   id        : OpenCart Lightning
   version   : 3.37
   vqmver    : 
   author    : MaxD http://devs.mx

File Name    : system/library/cache.php(0)
VQModObject::applyMod - SEARCH NOT FOUND (SKIPPED): if (is_file(DIR_SYSTEM . 'library/journal3/vendor/SuperCache

----------------------------------------------------------------------


---------- Date: 2026-03-29 07:14:40 ~ IP : 185.179.188.62 ----------
REQUEST URI : /index.php?route=product/product/review&amp;product_id=237
MOD DETAILS:
   modFile   : /home/canmotalka/web/can-motalka.ru/public_html/vqmod/xml/lightning.xml
   id        : OpenCart Lightning
   version   : 3.37
   vqmver    : 
   author    : MaxD http://devs.mx

File Name    : system/library/cache.php(0)
VQModObject::applyMod - SEARCH NOT FOUND (SKIPPED): if (is_file(DIR_SYSTEM . 'library/journal3/vendor/SuperCache

----------------------------------------------------------------------


---------- Date: 2026-03-29 07:14:41 ~ IP : 185.179.188.62 ----------
REQUEST URI : /index.php?route=module/popupcart_extended
MOD DETAILS:
   modFile   : /home/canmotalka/web/can-motalka.ru/public_html/vqmod/xml/lightning.xml
   id        : OpenCart Lightning
   version   : 3.37
   vqmver    : 
   author    : MaxD http://devs.mx

File Name    : system/library/cache.php(0)
VQModObject::applyMod - SEARCH NOT FOUND (SKIPPED): if (is_file(DIR_SYSTEM . 'library/journal3/vendor/SuperCache

----------------------------------------------------------------------


---------- Date: 2026-03-29 07:15:36 ~ IP : 185.179.188.62 ----------
REQUEST URI : /patriot_re/
MOD DETAILS:
   modFile   : /home/canmotalka/web/can-motalka.ru/public_html/vqmod/xml/lightning.xml
   id        : OpenCart Lightning
   version   : 3.37
   vqmver    : 
   author    : MaxD http://devs.mx

File Name    : system/library/cache.php(0)
VQModObject::applyMod - SEARCH NOT FOUND (SKIPPED): if (is_file(DIR_SYSTEM . 'library/journal3/vendor/SuperCache

----------------------------------------------------------------------


---------- Date: 2026-03-29 07:17:41 ~ IP : 185.179.188.62 ----------
REQUEST URI : /setting_php/zdorovie-soveti/641-zakazat-indiyskiy-vardenafil-buguruslan/
MOD DETAILS:
   modFile   : /home/canmotalka/web/can-motalka.ru/public_html/vqmod/xml/lightning.xml
   id        : OpenCart Lightning
   version   : 3.37
   vqmver    : 
   author    : MaxD http://devs.mx

File Name    : system/library/cache.php(0)
VQModObject::applyMod - SEARCH NOT FOUND (SKIPPED): if (is_file(DIR_SYSTEM . 'library/journal3/vendor/SuperCache

----------------------------------------------------------------------


---------- Date: 2026-03-29 07:18:14 ~ IP : 185.179.188.62 ----------
REQUEST URI : /podmotka-spidometra-vesta/
MOD DETAILS:
   modFile   : /home/canmotalka/web/can-motalka.ru/public_html/vqmod/xml/lightning.xml
   id        : OpenCart Lightning
   version   : 3.37
   vqmver    : 
   author    : MaxD http://devs.mx

File Name    : system/library/cache.php(0)
VQModObject::applyMod - SEARCH NOT FOUND (SKIPPED): if (is_file(DIR_SYSTEM . 'library/journal3/vendor/SuperCache

----------------------------------------------------------------------


---------- Date: 2026-03-29 07:28:47 ~ IP : 185.179.188.62 ----------
REQUEST URI : /podmotka-spidometra-moskvich-3
MOD DETAILS:
   modFile   : /home/canmotalka/web/can-motalka.ru/public_html/vqmod/xml/lightning.xml
   id        : OpenCart Lightning
   version   : 3.37
   vqmver    : 
   author    : MaxD http://devs.mx

File Name    : system/library/cache.php(0)
VQModObject::applyMod - SEARCH NOT FOUND (SKIPPED): if (is_file(DIR_SYSTEM . 'library/journal3/vendor/SuperCache

----------------------------------------------------------------------


---------- Date: 2026-03-29 07:28:54 ~ IP : 185.179.188.62 ----------
REQUEST URI : /podmotka-spidometra-moskvich-3/
MOD DETAILS:
   modFile   : /home/canmotalka/web/can-motalka.ru/public_html/vqmod/xml/lightning.xml
   id        : OpenCart Lightning
   version   : 3.37
   vqmver    : 
   author    : MaxD http://devs.mx

File Name    : system/library/cache.php(0)
VQModObject::applyMod - SEARCH NOT FOUND (SKIPPED): if (is_file(DIR_SYSTEM . 'library/journal3/vendor/SuperCache

----------------------------------------------------------------------


---------- Date: 2026-03-29 07:31:36 ~ IP : 185.179.188.62 ----------
REQUEST URI : /setting_php/pomojem-lechitsya/652-kupit-dapoksetin-40-yakutsk
MOD DETAILS:
   modFile   : /home/canmotalka/web/can-motalka.ru/public_html/vqmod/xml/lightning.xml
   id        : OpenCart Lightning
   version   : 3.37
   vqmver    : 
   author    : MaxD http://devs.mx

File Name    : system/library/cache.php(0)
VQModObject::applyMod - SEARCH NOT FOUND (SKIPPED): if (is_file(DIR_SYSTEM . 'library/journal3/vendor/SuperCache

----------------------------------------------------------------------


---------- Date: 2026-03-29 07:36:31 ~ IP : 185.179.188.62 ----------
REQUEST URI : /contact/
MOD DETAILS:
   modFile   : /home/canmotalka/web/can-motalka.ru/public_html/vqmod/xml/lightning.xml
   id        : OpenCart Lightning
   version   : 3.37
   vqmver    : 
   author    : MaxD http://devs.mx

File Name    : system/library/cache.php(0)
VQModObject::applyMod - SEARCH NOT FOUND (SKIPPED): if (is_file(DIR_SYSTEM . 'library/journal3/vendor/SuperCache

----------------------------------------------------------------------


---------- Date: 2026-03-29 07:37:04 ~ IP : 185.179.188.62 ----------
REQUEST URI : /otzyvy/
MOD DETAILS:
   modFile   : /home/canmotalka/web/can-motalka.ru/public_html/vqmod/xml/lightning.xml
   id        : OpenCart Lightning
   version   : 3.37
   vqmver    : 
   author    : MaxD http://devs.mx

File Name    : system/library/cache.php(0)
VQModObject::applyMod - SEARCH NOT FOUND (SKIPPED): if (is_file(DIR_SYSTEM . 'library/journal3/vendor/SuperCache

----------------------------------------------------------------------


---------- Date: 2026-03-29 07:39:41 ~ IP : 185.179.188.62 ----------
REQUEST URI : /contact/
MOD DETAILS:
   modFile   : /home/canmotalka/web/can-motalka.ru/public_html/vqmod/xml/lightning.xml
   id        : OpenCart Lightning
   version   : 3.37
   vqmver    : 
   author    : MaxD http://devs.mx

File Name    : system/library/cache.php(0)
VQModObject::applyMod - SEARCH NOT FOUND (SKIPPED): if (is_file(DIR_SYSTEM . 'library/journal3/vendor/SuperCache

----------------------------------------------------------------------


---------- Date: 2026-03-29 07:41:16 ~ IP : 185.179.188.62 ----------
REQUEST URI : /sitemap.xml
MOD DETAILS:
   modFile   : /home/canmotalka/web/can-motalka.ru/public_html/vqmod/xml/lightning.xml
   id        : OpenCart Lightning
   version   : 3.37
   vqmver    : 
   author    : MaxD http://devs.mx

File Name    : system/library/cache.php(0)
VQModObject::applyMod - SEARCH NOT FOUND (SKIPPED): if (is_file(DIR_SYSTEM . 'library/journal3/vendor/SuperCache

----------------------------------------------------------------------


---------- Date: 2026-03-29 07:51:22 ~ IP : 185.179.188.62 ----------
REQUEST URI : /setting_php/super-jevitra/600-prilidji-20-zakazat
MOD DETAILS:
   modFile   : /home/canmotalka/web/can-motalka.ru/public_html/vqmod/xml/lightning.xml
   id        : OpenCart Lightning
   version   : 3.37
   vqmver    : 
   author    : MaxD http://devs.mx

File Name    : system/library/cache.php(0)
VQModObject::applyMod - SEARCH NOT FOUND (SKIPPED): if (is_file(DIR_SYSTEM . 'library/journal3/vendor/SuperCache

----------------------------------------------------------------------


---------- Date: 2026-03-29 07:51:25 ~ IP : 185.179.188.62 ----------
REQUEST URI : /manuals/
MOD DETAILS:
   modFile   : /home/canmotalka/web/can-motalka.ru/public_html/vqmod/xml/lightning.xml
   id        : OpenCart Lightning
   version   : 3.37
   vqmver    : 
   author    : MaxD http://devs.mx

File Name    : system/library/cache.php(0)
VQModObject::applyMod - SEARCH NOT FOUND (SKIPPED): if (is_file(DIR_SYSTEM . 'library/journal3/vendor/SuperCache

----------------------------------------------------------------------


---------- Date: 2026-03-29 07:55:42 ~ IP : 185.179.188.62 ----------
REQUEST URI : /namotchik-probega-dlya-audi-a8/
MOD DETAILS:
   modFile   : /home/canmotalka/web/can-motalka.ru/public_html/vqmod/xml/lightning.xml
   id        : OpenCart Lightning
   version   : 3.37
   vqmver    : 
   author    : MaxD http://devs.mx

File Name    : system/library/cache.php(0)
VQModObject::applyMod - SEARCH NOT FOUND (SKIPPED): if (is_file(DIR_SYSTEM . 'library/journal3/vendor/SuperCache

----------------------------------------------------------------------


---------- Date: 2026-03-29 07:55:44 ~ IP : 185.179.188.62 ----------
REQUEST URI : /index.php?route=product/product/review&amp;product_id=235
MOD DETAILS:
   modFile   : /home/canmotalka/web/can-motalka.ru/public_html/vqmod/xml/lightning.xml
   id        : OpenCart Lightning
   version   : 3.37
   vqmver    : 
   author    : MaxD http://devs.mx

File Name    : system/library/cache.php(0)
VQModObject::applyMod - SEARCH NOT FOUND (SKIPPED): if (is_file(DIR_SYSTEM . 'library/journal3/vendor/SuperCache

----------------------------------------------------------------------


---------- Date: 2026-03-29 07:55:45 ~ IP : 185.179.188.62 ----------
REQUEST URI : /index.php?route=module/popupcart_extended
MOD DETAILS:
   modFile   : /home/canmotalka/web/can-motalka.ru/public_html/vqmod/xml/lightning.xml
   id        : OpenCart Lightning
   version   : 3.37
   vqmver    : 
   author    : MaxD http://devs.mx

File Name    : system/library/cache.php(0)
VQModObject::applyMod - SEARCH NOT FOUND (SKIPPED): if (is_file(DIR_SYSTEM . 'library/journal3/vendor/SuperCache

----------------------------------------------------------------------


---------- Date: 2026-03-29 07:59:24 ~ IP : 185.179.188.62 ----------
REQUEST URI : /manuals/?ysclid=mnbahwh1ga247097200
MOD DETAILS:
   modFile   : /home/canmotalka/web/can-motalka.ru/public_html/vqmod/xml/lightning.xml
   id        : OpenCart Lightning
   version   : 3.37
   vqmver    : 
   author    : MaxD http://devs.mx

File Name    : system/library/cache.php(0)
VQModObject::applyMod - SEARCH NOT FOUND (SKIPPED): if (is_file(DIR_SYSTEM . 'library/journal3/vendor/SuperCache

----------------------------------------------------------------------


---------- Date: 2026-03-29 07:59:26 ~ IP : 185.179.188.62 ----------
REQUEST URI : /index.php?route=module/popupcart_extended
MOD DETAILS:
   modFile   : /home/canmotalka/web/can-motalka.ru/public_html/vqmod/xml/lightning.xml
   id        : OpenCart Lightning
   version   : 3.37
   vqmver    : 
   author    : MaxD http://devs.mx

File Name    : system/library/cache.php(0)
VQModObject::applyMod - SEARCH NOT FOUND (SKIPPED): if (is_file(DIR_SYSTEM . 'library/journal3/vendor/SuperCache

----------------------------------------------------------------------


---------- Date: 2026-03-29 08:05:41 ~ IP : 185.179.188.62 ----------
REQUEST URI : /namotchik-probega-dlya-volkswagen-touareg-2011/
MOD DETAILS:
   modFile   : /home/canmotalka/web/can-motalka.ru/public_html/vqmod/xml/lightning.xml
   id        : OpenCart Lightning
   version   : 3.37
   vqmver    : 
   author    : MaxD http://devs.mx

File Name    : system/library/cache.php(0)
VQModObject::applyMod - SEARCH NOT FOUND (SKIPPED): if (is_file(DIR_SYSTEM . 'library/journal3/vendor/SuperCache

----------------------------------------------------------------------


---------- Date: 2026-03-29 08:05:59 ~ IP : 185.179.188.62 ----------
REQUEST URI : /?ysclid=mnbaqdxo7t783160089
MOD DETAILS:
   modFile   : /home/canmotalka/web/can-motalka.ru/public_html/vqmod/xml/lightning.xml
   id        : OpenCart Lightning
   version   : 3.37
   vqmver    : 
   author    : MaxD http://devs.mx

File Name    : system/library/cache.php(0)
VQModObject::applyMod - SEARCH NOT FOUND (SKIPPED): if (is_file(DIR_SYSTEM . 'library/journal3/vendor/SuperCache

----------------------------------------------------------------------


---------- Date: 2026-03-29 08:06:29 ~ IP : 185.179.188.62 ----------
REQUEST URI : /index.php?route=common/footer/click_counter
MOD DETAILS:
   modFile   : /home/canmotalka/web/can-motalka.ru/public_html/vqmod/xml/lightning.xml
   id        : OpenCart Lightning
   version   : 3.37
   vqmver    : 
   author    : MaxD http://devs.mx

File Name    : system/library/cache.php(0)
VQModObject::applyMod - SEARCH NOT FOUND (SKIPPED): if (is_file(DIR_SYSTEM . 'library/journal3/vendor/SuperCache

----------------------------------------------------------------------


---------- Date: 2026-03-29 08:06:30 ~ IP : 185.179.188.62 ----------
REQUEST URI : /index.php?route=module/popupcart_extended
MOD DETAILS:
   modFile   : /home/canmotalka/web/can-motalka.ru/public_html/vqmod/xml/lightning.xml
   id        : OpenCart Lightning
   version   : 3.37
   vqmver    : 
   author    : MaxD http://devs.mx

File Name    : system/library/cache.php(0)
VQModObject::applyMod - SEARCH NOT FOUND (SKIPPED): if (is_file(DIR_SYSTEM . 'library/journal3/vendor/SuperCache

----------------------------------------------------------------------


---------- Date: 2026-03-29 08:09:04 ~ IP : 185.179.188.62 ----------
REQUEST URI : /prado_video_manual/
MOD DETAILS:
   modFile   : /home/canmotalka/web/can-motalka.ru/public_html/vqmod/xml/lightning.xml
   id        : OpenCart Lightning
   version   : 3.37
   vqmver    : 
   author    : MaxD http://devs.mx

File Name    : system/library/cache.php(0)
VQModObject::applyMod - SEARCH NOT FOUND (SKIPPED): if (is_file(DIR_SYSTEM . 'library/journal3/vendor/SuperCache

----------------------------------------------------------------------


---------- Date: 2026-03-29 08:20:37 ~ IP : 185.179.188.62 ----------
REQUEST URI : /podmotka-spidometra-haval-f7/
MOD DETAILS:
   modFile   : /home/canmotalka/web/can-motalka.ru/public_html/vqmod/xml/lightning.xml
   id        : OpenCart Lightning
   version   : 3.37
   vqmver    : 
   author    : MaxD http://devs.mx

File Name    : system/library/cache.php(0)
VQModObject::applyMod - SEARCH NOT FOUND (SKIPPED): if (is_file(DIR_SYSTEM . 'library/journal3/vendor/SuperCache

----------------------------------------------------------------------


---------- Date: 2026-03-29 08:20:38 ~ IP : 185.179.188.62 ----------
REQUEST URI : /index.php?route=product/product/review&amp;product_id=308
MOD DETAILS:
   modFile   : /home/canmotalka/web/can-motalka.ru/public_html/vqmod/xml/lightning.xml
   id        : OpenCart Lightning
   version   : 3.37
   vqmver    : 
   author    : MaxD http://devs.mx

File Name    : system/library/cache.php(0)
VQModObject::applyMod - SEARCH NOT FOUND (SKIPPED): if (is_file(DIR_SYSTEM . 'library/journal3/vendor/SuperCache

----------------------------------------------------------------------


---------- Date: 2026-03-29 08:20:38 ~ IP : 185.179.188.62 ----------
REQUEST URI : /index.php?route=module/popupcart_extended
MOD DETAILS:
   modFile   : /home/canmotalka/web/can-motalka.ru/public_html/vqmod/xml/lightning.xml
   id        : OpenCart Lightning
   version   : 3.37
   vqmver    : 
   author    : MaxD http://devs.mx

File Name    : system/library/cache.php(0)
VQModObject::applyMod - SEARCH NOT FOUND (SKIPPED): if (is_file(DIR_SYSTEM . 'library/journal3/vendor/SuperCache

----------------------------------------------------------------------


---------- Date: 2026-03-29 08:25:35 ~ IP : 185.179.188.62 ----------
REQUEST URI : /index.php?route=product/product/review&amp;product_id=308
MOD DETAILS:
   modFile   : /home/canmotalka/web/can-motalka.ru/public_html/vqmod/xml/lightning.xml
   id        : OpenCart Lightning
   version   : 3.37
   vqmver    : 
   author    : MaxD http://devs.mx

File Name    : system/library/cache.php(0)
VQModObject::applyMod - SEARCH NOT FOUND (SKIPPED): if (is_file(DIR_SYSTEM . 'library/journal3/vendor/SuperCache

----------------------------------------------------------------------


---------- Date: 2026-03-29 08:29:02 ~ IP : 185.179.188.62 ----------
REQUEST URI : /.well-known/traffic-advice
MOD DETAILS:
   modFile   : /home/canmotalka/web/can-motalka.ru/public_html/vqmod/xml/lightning.xml
   id        : OpenCart Lightning
   version   : 3.37
   vqmver    : 
   author    : MaxD http://devs.mx

File Name    : system/library/cache.php(0)
VQModObject::applyMod - SEARCH NOT FOUND (SKIPPED): if (is_file(DIR_SYSTEM . 'library/journal3/vendor/SuperCache

----------------------------------------------------------------------


---------- Date: 2026-03-29 08:29:02 ~ IP : 185.179.188.62 ----------
REQUEST URI : /instrukciya-podmotka-kamaz/
MOD DETAILS:
   modFile   : /home/canmotalka/web/can-motalka.ru/public_html/vqmod/xml/lightning.xml
   id        : OpenCart Lightning
   version   : 3.37
   vqmver    : 
   author    : MaxD http://devs.mx

File Name    : system/library/cache.php(0)
VQModObject::applyMod - SEARCH NOT FOUND (SKIPPED): if (is_file(DIR_SYSTEM . 'library/journal3/vendor/SuperCache

----------------------------------------------------------------------


---------- Date: 2026-03-29 08:29:09 ~ IP : 185.179.188.62 ----------
REQUEST URI : /instrukciya-dlya-podmotki-lada-niva/
MOD DETAILS:
   modFile   : /home/canmotalka/web/can-motalka.ru/public_html/vqmod/xml/lightning.xml
   id        : OpenCart Lightning
   version   : 3.37
   vqmver    : 
   author    : MaxD http://devs.mx

File Name    : system/library/cache.php(0)
VQModObject::applyMod - SEARCH NOT FOUND (SKIPPED): if (is_file(DIR_SYSTEM . 'library/journal3/vendor/SuperCache

----------------------------------------------------------------------


---------- Date: 2026-03-29 08:29:41 ~ IP : 185.179.188.62 ----------
REQUEST URI : /setting_php/kamagra-gold/1/
MOD DETAILS:
   modFile   : /home/canmotalka/web/can-motalka.ru/public_html/vqmod/xml/lightning.xml
   id        : OpenCart Lightning
   version   : 3.37
   vqmver    : 
   author    : MaxD http://devs.mx

File Name    : system/library/cache.php(0)
VQModObject::applyMod - SEARCH NOT FOUND (SKIPPED): if (is_file(DIR_SYSTEM . 'library/journal3/vendor/SuperCache

----------------------------------------------------------------------


---------- Date: 2026-03-29 08:29:56 ~ IP : 185.179.188.62 ----------
REQUEST URI : /podmotka_uaz_re/
MOD DETAILS:
   modFile   : /home/canmotalka/web/can-motalka.ru/public_html/vqmod/xml/lightning.xml
   id        : OpenCart Lightning
   version   : 3.37
   vqmver    : 
   author    : MaxD http://devs.mx

File Name    : system/library/cache.php(0)
VQModObject::applyMod - SEARCH NOT FOUND (SKIPPED): if (is_file(DIR_SYSTEM . 'library/journal3/vendor/SuperCache

----------------------------------------------------------------------


---------- Date: 2026-03-29 08:30:03 ~ IP : 185.179.188.62 ----------
REQUEST URI : /index.php?route=module/popupcart_extended
MOD DETAILS:
   modFile   : /home/canmotalka/web/can-motalka.ru/public_html/vqmod/xml/lightning.xml
   id        : OpenCart Lightning
   version   : 3.37
   vqmver    : 
   author    : MaxD http://devs.mx

File Name    : system/library/cache.php(0)
VQModObject::applyMod - SEARCH NOT FOUND (SKIPPED): if (is_file(DIR_SYSTEM . 'library/journal3/vendor/SuperCache

----------------------------------------------------------------------


---------- Date: 2026-03-29 08:31:37 ~ IP : 185.179.188.62 ----------
REQUEST URI : /manual-podmotka-toyota-camry-corolla-tlc-rav4/
MOD DETAILS:
   modFile   : /home/canmotalka/web/can-motalka.ru/public_html/vqmod/xml/lightning.xml
   id        : OpenCart Lightning
   version   : 3.37
   vqmver    : 
   author    : MaxD http://devs.mx

File Name    : system/library/cache.php(0)
VQModObject::applyMod - SEARCH NOT FOUND (SKIPPED): if (is_file(DIR_SYSTEM . 'library/journal3/vendor/SuperCache

----------------------------------------------------------------------


---------- Date: 2026-03-29 08:32:53 ~ IP : 185.179.188.62 ----------
REQUEST URI : /image/cache/data/cars/kia/rio/rio
MOD DETAILS:
   modFile   : /home/canmotalka/web/can-motalka.ru/public_html/vqmod/xml/lightning.xml
   id        : OpenCart Lightning
   version   : 3.37
   vqmver    : 
   author    : MaxD http://devs.mx

File Name    : system/library/cache.php(0)
VQModObject::applyMod - SEARCH NOT FOUND (SKIPPED): if (is_file(DIR_SYSTEM . 'library/journal3/vendor/SuperCache

----------------------------------------------------------------------


---------- Date: 2026-03-29 08:34:39 ~ IP : 185.179.188.62 ----------
REQUEST URI : /sitemap.xml
MOD DETAILS:
   modFile   : /home/canmotalka/web/can-motalka.ru/public_html/vqmod/xml/lightning.xml
   id        : OpenCart Lightning
   version   : 3.37
   vqmver    : 
   author    : MaxD http://devs.mx

File Name    : system/library/cache.php(0)
VQModObject::applyMod - SEARCH NOT FOUND (SKIPPED): if (is_file(DIR_SYSTEM . 'library/journal3/vendor/SuperCache

----------------------------------------------------------------------


---------- Date: 2026-03-29 08:34:41 ~ IP : 185.179.188.62 ----------
REQUEST URI : /podmotka-spidometra-volkswagen-caddy/
MOD DETAILS:
   modFile   : /home/canmotalka/web/can-motalka.ru/public_html/vqmod/xml/lightning.xml
   id        : OpenCart Lightning
   version   : 3.37
   vqmver    : 
   author    : MaxD http://devs.mx

File Name    : system/library/cache.php(0)
VQModObject::applyMod - SEARCH NOT FOUND (SKIPPED): if (is_file(DIR_SYSTEM . 'library/journal3/vendor/SuperCache

----------------------------------------------------------------------


---------- Date: 2026-03-29 08:35:35 ~ IP : 185.179.188.62 ----------
REQUEST URI : /xmlrpc.php
MOD DETAILS:
   modFile   : /home/canmotalka/web/can-motalka.ru/public_html/vqmod/xml/lightning.xml
   id        : OpenCart Lightning
   version   : 3.37
   vqmver    : 
   author    : MaxD http://devs.mx

File Name    : system/library/cache.php(0)
VQModObject::applyMod - SEARCH NOT FOUND (SKIPPED): if (is_file(DIR_SYSTEM . 'library/journal3/vendor/SuperCache

----------------------------------------------------------------------


---------- Date: 2026-03-29 08:37:02 ~ IP : 185.179.188.62 ----------
REQUEST URI : /xmlrpc.php
MOD DETAILS:
   modFile   : /home/canmotalka/web/can-motalka.ru/public_html/vqmod/xml/lightning.xml
   id        : OpenCart Lightning
   version   : 3.37
   vqmver    : 
   author    : MaxD http://devs.mx

File Name    : system/library/cache.php(0)
VQModObject::applyMod - SEARCH NOT FOUND (SKIPPED): if (is_file(DIR_SYSTEM . 'library/journal3/vendor/SuperCache

----------------------------------------------------------------------


---------- Date: 2026-03-29 08:37:17 ~ IP : 185.179.188.62 ----------
REQUEST URI : /podmotka-spidometra-henday-sonata-8/;/
MOD DETAILS:
   modFile   : /home/canmotalka/web/can-motalka.ru/public_html/vqmod/xml/lightning.xml
   id        : OpenCart Lightning
   version   : 3.37
   vqmver    : 
   author    : MaxD http://devs.mx

File Name    : system/library/cache.php(0)
VQModObject::applyMod - SEARCH NOT FOUND (SKIPPED): if (is_file(DIR_SYSTEM . 'library/journal3/vendor/SuperCache

----------------------------------------------------------------------


---------- Date: 2026-03-29 08:37:18 ~ IP : 185.179.188.62 ----------
REQUEST URI : /otzyvy/
MOD DETAILS:
   modFile   : /home/canmotalka/web/can-motalka.ru/public_html/vqmod/xml/lightning.xml
   id        : OpenCart Lightning
   version   : 3.37
   vqmver    : 
   author    : MaxD http://devs.mx

File Name    : system/library/cache.php(0)
VQModObject::applyMod - SEARCH NOT FOUND (SKIPPED): if (is_file(DIR_SYSTEM . 'library/journal3/vendor/SuperCache

----------------------------------------------------------------------


---------- Date: 2026-03-29 08:38:59 ~ IP : 185.179.188.62 ----------
REQUEST URI : /sitemap.xml
MOD DETAILS:
   modFile   : /home/canmotalka/web/can-motalka.ru/public_html/vqmod/xml/lightning.xml
   id        : OpenCart Lightning
   version   : 3.37
   vqmver    : 
   author    : MaxD http://devs.mx

File Name    : system/library/cache.php(0)
VQModObject::applyMod - SEARCH NOT FOUND (SKIPPED): if (is_file(DIR_SYSTEM . 'library/journal3/vendor/SuperCache

----------------------------------------------------------------------


---------- Date: 2026-03-29 08:39:00 ~ IP : 185.179.188.62 ----------
REQUEST URI : /index.php?route=feed/google_sitemap_fast
MOD DETAILS:
   modFile   : /home/canmotalka/web/can-motalka.ru/public_html/vqmod/xml/lightning.xml
   id        : OpenCart Lightning
   version   : 3.37
   vqmver    : 
   author    : MaxD http://devs.mx

File Name    : system/library/cache.php(0)
VQModObject::applyMod - SEARCH NOT FOUND (SKIPPED): if (is_file(DIR_SYSTEM . 'library/journal3/vendor/SuperCache

----------------------------------------------------------------------


---------- Date: 2026-03-29 08:44:59 ~ IP : 185.179.188.62 ----------
REQUEST URI : /?ysclid=mnbc4jdojv282845520
MOD DETAILS:
   modFile   : /home/canmotalka/web/can-motalka.ru/public_html/vqmod/xml/lightning.xml
   id        : OpenCart Lightning
   version   : 3.37
   vqmver    : 
   author    : MaxD http://devs.mx

File Name    : system/library/cache.php(0)
VQModObject::applyMod - SEARCH NOT FOUND (SKIPPED): if (is_file(DIR_SYSTEM . 'library/journal3/vendor/SuperCache

----------------------------------------------------------------------


---------- Date: 2026-03-29 08:45:31 ~ IP : 185.179.188.62 ----------
REQUEST URI : /index.php?route=module/popupcart_extended
MOD DETAILS:
   modFile   : /home/canmotalka/web/can-motalka.ru/public_html/vqmod/xml/lightning.xml
   id        : OpenCart Lightning
   version   : 3.37
   vqmver    : 
   author    : MaxD http://devs.mx

File Name    : system/library/cache.php(0)
VQModObject::applyMod - SEARCH NOT FOUND (SKIPPED): if (is_file(DIR_SYSTEM . 'library/journal3/vendor/SuperCache

----------------------------------------------------------------------


---------- Date: 2026-03-29 08:47:45 ~ IP : 185.179.188.62 ----------
REQUEST URI : /namotchik-probega-dlya-uaz-patriot-konec-do-2016-zelenyy-displey/?ysclid=mnbc82amwc268289232
MOD DETAILS:
   modFile   : /home/canmotalka/web/can-motalka.ru/public_html/vqmod/xml/lightning.xml
   id        : OpenCart Lightning
   version   : 3.37
   vqmver    : 
   author    : MaxD http://devs.mx

File Name    : system/library/cache.php(0)
VQModObject::applyMod - SEARCH NOT FOUND (SKIPPED): if (is_file(DIR_SYSTEM . 'library/journal3/vendor/SuperCache

----------------------------------------------------------------------


---------- Date: 2026-03-29 08:47:45 ~ IP : 185.179.188.62 ----------
REQUEST URI : /namotchik-probega-dlya-uaz-patriot-konec-do-2016-zelenyy-displey/
MOD DETAILS:
   modFile   : /home/canmotalka/web/can-motalka.ru/public_html/vqmod/xml/lightning.xml
   id        : OpenCart Lightning
   version   : 3.37
   vqmver    : 
   author    : MaxD http://devs.mx

File Name    : system/library/cache.php(0)
VQModObject::applyMod - SEARCH NOT FOUND (SKIPPED): if (is_file(DIR_SYSTEM . 'library/journal3/vendor/SuperCache

----------------------------------------------------------------------


---------- Date: 2026-03-29 08:47:50 ~ IP : 185.179.188.62 ----------
REQUEST URI : /index.php?route=product/product/review&amp;product_id=262
MOD DETAILS:
   modFile   : /home/canmotalka/web/can-motalka.ru/public_html/vqmod/xml/lightning.xml
   id        : OpenCart Lightning
   version   : 3.37
   vqmver    : 
   author    : MaxD http://devs.mx

File Name    : system/library/cache.php(0)
VQModObject::applyMod - SEARCH NOT FOUND (SKIPPED): if (is_file(DIR_SYSTEM . 'library/journal3/vendor/SuperCache

----------------------------------------------------------------------


---------- Date: 2026-03-29 08:47:51 ~ IP : 185.179.188.62 ----------
REQUEST URI : /index.php?route=module/popupcart_extended
MOD DETAILS:
   modFile   : /home/canmotalka/web/can-motalka.ru/public_html/vqmod/xml/lightning.xml
   id        : OpenCart Lightning
   version   : 3.37
   vqmver    : 
   author    : MaxD http://devs.mx

File Name    : system/library/cache.php(0)
VQModObject::applyMod - SEARCH NOT FOUND (SKIPPED): if (is_file(DIR_SYSTEM . 'library/journal3/vendor/SuperCache

----------------------------------------------------------------------


---------- Date: 2026-03-29 08:53:44 ~ IP : 185.179.188.62 ----------
REQUEST URI : /setting_php/pomojem-lechitsya/328-viagra-gel-dostavka-arhangelsk/
MOD DETAILS:
   modFile   : /home/canmotalka/web/can-motalka.ru/public_html/vqmod/xml/lightning.xml
   id        : OpenCart Lightning
   version   : 3.37
   vqmver    : 
   author    : MaxD http://devs.mx

File Name    : system/library/cache.php(0)
VQModObject::applyMod - SEARCH NOT FOUND (SKIPPED): if (is_file(DIR_SYSTEM . 'library/journal3/vendor/SuperCache

----------------------------------------------------------------------


---------- Date: 2026-03-29 08:55:13 ~ IP : 185.179.188.62 ----------
REQUEST URI : /motalka_spidometra/
MOD DETAILS:
   modFile   : /home/canmotalka/web/can-motalka.ru/public_html/vqmod/xml/lightning.xml
   id        : OpenCart Lightning
   version   : 3.37
   vqmver    : 
   author    : MaxD http://devs.mx

File Name    : system/library/cache.php(0)
VQModObject::applyMod - SEARCH NOT FOUND (SKIPPED): if (is_file(DIR_SYSTEM . 'library/journal3/vendor/SuperCache

----------------------------------------------------------------------


---------- Date: 2026-03-29 08:55:14 ~ IP : 185.179.188.62 ----------
REQUEST URI : /index.php?route=module/popupcart_extended
MOD DETAILS:
   modFile   : /home/canmotalka/web/can-motalka.ru/public_html/vqmod/xml/lightning.xml
   id        : OpenCart Lightning
   version   : 3.37
   vqmver    : 
   author    : MaxD http://devs.mx

File Name    : system/library/cache.php(0)
VQModObject::applyMod - SEARCH NOT FOUND (SKIPPED): if (is_file(DIR_SYSTEM . 'library/journal3/vendor/SuperCache

----------------------------------------------------------------------


---------- Date: 2026-03-29 08:55:37 ~ IP : 185.179.188.62 ----------
REQUEST URI : /motalka_spidometra/
MOD DETAILS:
   modFile   : /home/canmotalka/web/can-motalka.ru/public_html/vqmod/xml/lightning.xml
   id        : OpenCart Lightning
   version   : 3.37
   vqmver    : 
   author    : MaxD http://devs.mx

File Name    : system/library/cache.php(0)
VQModObject::applyMod - SEARCH NOT FOUND (SKIPPED): if (is_file(DIR_SYSTEM . 'library/journal3/vendor/SuperCache

----------------------------------------------------------------------


---------- Date: 2026-03-29 08:56:58 ~ IP : 185.179.188.62 ----------
REQUEST URI : /video-obzor/
MOD DETAILS:
   modFile   : /home/canmotalka/web/can-motalka.ru/public_html/vqmod/xml/lightning.xml
   id        : OpenCart Lightning
   version   : 3.37
   vqmver    : 
   author    : MaxD http://devs.mx

File Name    : system/library/cache.php(0)
VQModObject::applyMod - SEARCH NOT FOUND (SKIPPED): if (is_file(DIR_SYSTEM . 'library/journal3/vendor/SuperCache

----------------------------------------------------------------------


---------- Date: 2026-03-29 08:59:25 ~ IP : 185.179.188.62 ----------
REQUEST URI : /sitemap.xml
MOD DETAILS:
   modFile   : /home/canmotalka/web/can-motalka.ru/public_html/vqmod/xml/lightning.xml
   id        : OpenCart Lightning
   version   : 3.37
   vqmver    : 
   author    : MaxD http://devs.mx

File Name    : system/library/cache.php(0)
VQModObject::applyMod - SEARCH NOT FOUND (SKIPPED): if (is_file(DIR_SYSTEM . 'library/journal3/vendor/SuperCache

----------------------------------------------------------------------


---------- Date: 2026-03-29 09:03:04 ~ IP : 185.179.188.62 ----------
REQUEST URI : /contact/
MOD DETAILS:
   modFile   : /home/canmotalka/web/can-motalka.ru/public_html/vqmod/xml/lightning.xml
   id        : OpenCart Lightning
   version   : 3.37
   vqmver    : 
   author    : MaxD http://devs.mx

File Name    : system/library/cache.php(0)
VQModObject::applyMod - SEARCH NOT FOUND (SKIPPED): if (is_file(DIR_SYSTEM . 'library/journal3/vendor/SuperCache

----------------------------------------------------------------------


---------- Date: 2026-03-29 09:03:22 ~ IP : 185.179.188.62 ----------
REQUEST URI : /camry70_video_manual/
MOD DETAILS:
   modFile   : /home/canmotalka/web/can-motalka.ru/public_html/vqmod/xml/lightning.xml
   id        : OpenCart Lightning
   version   : 3.37
   vqmver    : 
   author    : MaxD http://devs.mx

File Name    : system/library/cache.php(0)
VQModObject::applyMod - SEARCH NOT FOUND (SKIPPED): if (is_file(DIR_SYSTEM . 'library/journal3/vendor/SuperCache

----------------------------------------------------------------------


---------- Date: 2026-03-29 09:06:28 ~ IP : 185.179.188.62 ----------
REQUEST URI : /podmotka-spidometra-uaz-patriot/?ysclid=mnbcw5u5qg911858706
MOD DETAILS:
   modFile   : /home/canmotalka/web/can-motalka.ru/public_html/vqmod/xml/lightning.xml
   id        : OpenCart Lightning
   version   : 3.37
   vqmver    : 
   author    : MaxD http://devs.mx

File Name    : system/library/cache.php(0)
VQModObject::applyMod - SEARCH NOT FOUND (SKIPPED): if (is_file(DIR_SYSTEM . 'library/journal3/vendor/SuperCache

----------------------------------------------------------------------


---------- Date: 2026-03-29 09:06:28 ~ IP : 185.179.188.62 ----------
REQUEST URI : /podmotka-spidometra-uaz-patriot/
MOD DETAILS:
   modFile   : /home/canmotalka/web/can-motalka.ru/public_html/vqmod/xml/lightning.xml
   id        : OpenCart Lightning
   version   : 3.37
   vqmver    : 
   author    : MaxD http://devs.mx

File Name    : system/library/cache.php(0)
VQModObject::applyMod - SEARCH NOT FOUND (SKIPPED): if (is_file(DIR_SYSTEM . 'library/journal3/vendor/SuperCache

----------------------------------------------------------------------


---------- Date: 2026-03-29 09:06:33 ~ IP : 185.179.188.62 ----------
REQUEST URI : /index.php?route=product/product/review&amp;product_id=277
MOD DETAILS:
   modFile   : /home/canmotalka/web/can-motalka.ru/public_html/vqmod/xml/lightning.xml
   id        : OpenCart Lightning
   version   : 3.37
   vqmver    : 
   author    : MaxD http://devs.mx

File Name    : system/library/cache.php(0)
VQModObject::applyMod - SEARCH NOT FOUND (SKIPPED): if (is_file(DIR_SYSTEM . 'library/journal3/vendor/SuperCache

----------------------------------------------------------------------


---------- Date: 2026-03-29 09:06:33 ~ IP : 185.179.188.62 ----------
REQUEST URI : /index.php?route=module/popupcart_extended
MOD DETAILS:
   modFile   : /home/canmotalka/web/can-motalka.ru/public_html/vqmod/xml/lightning.xml
   id        : OpenCart Lightning
   version   : 3.37
   vqmver    : 
   author    : MaxD http://devs.mx

File Name    : system/library/cache.php(0)
VQModObject::applyMod - SEARCH NOT FOUND (SKIPPED): if (is_file(DIR_SYSTEM . 'library/journal3/vendor/SuperCache

----------------------------------------------------------------------


---------- Date: 2026-03-29 09:06:42 ~ IP : 185.179.188.62 ----------
REQUEST URI : /index.php?route=common/footer/click_counter
MOD DETAILS:
   modFile   : /home/canmotalka/web/can-motalka.ru/public_html/vqmod/xml/lightning.xml
   id        : OpenCart Lightning
   version   : 3.37
   vqmver    : 
   author    : MaxD http://devs.mx

File Name    : system/library/cache.php(0)
VQModObject::applyMod - SEARCH NOT FOUND (SKIPPED): if (is_file(DIR_SYSTEM . 'library/journal3/vendor/SuperCache

----------------------------------------------------------------------


---------- Date: 2026-03-29 09:11:33 ~ IP : 185.179.188.62 ----------
REQUEST URI : /instrukciya-podmotka-kamaz/
MOD DETAILS:
   modFile   : /home/canmotalka/web/can-motalka.ru/public_html/vqmod/xml/lightning.xml
   id        : OpenCart Lightning
   version   : 3.37
   vqmver    : 
   author    : MaxD http://devs.mx

File Name    : system/library/cache.php(0)
VQModObject::applyMod - SEARCH NOT FOUND (SKIPPED): if (is_file(DIR_SYSTEM . 'library/journal3/vendor/SuperCache

----------------------------------------------------------------------


---------- Date: 2026-03-29 09:11:50 ~ IP : 185.179.188.62 ----------
REQUEST URI : /podmotka-spidometra-niva-travel/
MOD DETAILS:
   modFile   : /home/canmotalka/web/can-motalka.ru/public_html/vqmod/xml/lightning.xml
   id        : OpenCart Lightning
   version   : 3.37
   vqmver    : 
   author    : MaxD http://devs.mx

File Name    : system/library/cache.php(0)
VQModObject::applyMod - SEARCH NOT FOUND (SKIPPED): if (is_file(DIR_SYSTEM . 'library/journal3/vendor/SuperCache

----------------------------------------------------------------------


---------- Date: 2026-03-29 09:14:48 ~ IP : 185.179.188.62 ----------
REQUEST URI : /instrukciya-podmotka-kamaz/
MOD DETAILS:
   modFile   : /home/canmotalka/web/can-motalka.ru/public_html/vqmod/xml/lightning.xml
   id        : OpenCart Lightning
   version   : 3.37
   vqmver    : 
   author    : MaxD http://devs.mx

File Name    : system/library/cache.php(0)
VQModObject::applyMod - SEARCH NOT FOUND (SKIPPED): if (is_file(DIR_SYSTEM . 'library/journal3/vendor/SuperCache

----------------------------------------------------------------------


---------- Date: 2026-03-29 09:19:15 ~ IP : 185.179.188.62 ----------
REQUEST URI : /podmotka-spidometra-niva-travel/?ysclid=mnbdcm2rqy167189890
MOD DETAILS:
   modFile   : /home/canmotalka/web/can-motalka.ru/public_html/vqmod/xml/lightning.xml
   id        : OpenCart Lightning
   version   : 3.37
   vqmver    : 
   author    : MaxD http://devs.mx

File Name    : system/library/cache.php(0)
VQModObject::applyMod - SEARCH NOT FOUND (SKIPPED): if (is_file(DIR_SYSTEM . 'library/journal3/vendor/SuperCache

----------------------------------------------------------------------


---------- Date: 2026-03-29 09:19:16 ~ IP : 185.179.188.62 ----------
REQUEST URI : /podmotka-spidometra-niva-travel/
MOD DETAILS:
   modFile   : /home/canmotalka/web/can-motalka.ru/public_html/vqmod/xml/lightning.xml
   id        : OpenCart Lightning
   version   : 3.37
   vqmver    : 
   author    : MaxD http://devs.mx

File Name    : system/library/cache.php(0)
VQModObject::applyMod - SEARCH NOT FOUND (SKIPPED): if (is_file(DIR_SYSTEM . 'library/journal3/vendor/SuperCache

----------------------------------------------------------------------


---------- Date: 2026-03-29 09:19:18 ~ IP : 185.179.188.62 ----------
REQUEST URI : /index.php?route=product/product/review&amp;product_id=291
MOD DETAILS:
   modFile   : /home/canmotalka/web/can-motalka.ru/public_html/vqmod/xml/lightning.xml
   id        : OpenCart Lightning
   version   : 3.37
   vqmver    : 
   author    : MaxD http://devs.mx

File Name    : system/library/cache.php(0)
VQModObject::applyMod - SEARCH NOT FOUND (SKIPPED): if (is_file(DIR_SYSTEM . 'library/journal3/vendor/SuperCache

----------------------------------------------------------------------


---------- Date: 2026-03-29 09:19:18 ~ IP : 185.179.188.62 ----------
REQUEST URI : /index.php?route=module/popupcart_extended
MOD DETAILS:
   modFile   : /home/canmotalka/web/can-motalka.ru/public_html/vqmod/xml/lightning.xml
   id        : OpenCart Lightning
   version   : 3.37
   vqmver    : 
   author    : MaxD http://devs.mx

File Name    : system/library/cache.php(0)
VQModObject::applyMod - SEARCH NOT FOUND (SKIPPED): if (is_file(DIR_SYSTEM . 'library/journal3/vendor/SuperCache

----------------------------------------------------------------------


---------- Date: 2026-03-29 09:24:57 ~ IP : 185.179.188.62 ----------
REQUEST URI : /setting_php/dapoksetin-60/549-djenerik-sialis-stoimost-vladikavkaz
MOD DETAILS:
   modFile   : /home/canmotalka/web/can-motalka.ru/public_html/vqmod/xml/lightning.xml
   id        : OpenCart Lightning
   version   : 3.37
   vqmver    : 
   author    : MaxD http://devs.mx

File Name    : system/library/cache.php(0)
VQModObject::applyMod - SEARCH NOT FOUND (SKIPPED): if (is_file(DIR_SYSTEM . 'library/journal3/vendor/SuperCache

----------------------------------------------------------------------


---------- Date: 2026-03-29 09:28:07 ~ IP : 185.179.188.62 ----------
REQUEST URI : /podmotka-spidometra-henday-sonata-8/
MOD DETAILS:
   modFile   : /home/canmotalka/web/can-motalka.ru/public_html/vqmod/xml/lightning.xml
   id        : OpenCart Lightning
   version   : 3.37
   vqmver    : 
   author    : MaxD http://devs.mx

File Name    : system/library/cache.php(0)
VQModObject::applyMod - SEARCH NOT FOUND (SKIPPED): if (is_file(DIR_SYSTEM . 'library/journal3/vendor/SuperCache

----------------------------------------------------------------------


---------- Date: 2026-03-29 09:28:07 ~ IP : 185.179.188.62 ----------
REQUEST URI : /otzyvy/
MOD DETAILS:
   modFile   : /home/canmotalka/web/can-motalka.ru/public_html/vqmod/xml/lightning.xml
   id        : OpenCart Lightning
   version   : 3.37
   vqmver    : 
   author    : MaxD http://devs.mx

File Name    : system/library/cache.php(0)
VQModObject::applyMod - SEARCH NOT FOUND (SKIPPED): if (is_file(DIR_SYSTEM . 'library/journal3/vendor/SuperCache

----------------------------------------------------------------------


---------- Date: 2026-03-29 09:30:10 ~ IP : 185.179.188.62 ----------
REQUEST URI : /podmotka-spidometra-ssang-young-kyron/
MOD DETAILS:
   modFile   : /home/canmotalka/web/can-motalka.ru/public_html/vqmod/xml/lightning.xml
   id        : OpenCart Lightning
   version   : 3.37
   vqmver    : 
   author    : MaxD http://devs.mx

File Name    : system/library/cache.php(0)
VQModObject::applyMod - SEARCH NOT FOUND (SKIPPED): if (is_file(DIR_SYSTEM . 'library/journal3/vendor/SuperCache

----------------------------------------------------------------------


---------- Date: 2026-03-29 09:30:11 ~ IP : 185.179.188.62 ----------
REQUEST URI : /index.php?route=product/product/review&amp;product_id=186
MOD DETAILS:
   modFile   : /home/canmotalka/web/can-motalka.ru/public_html/vqmod/xml/lightning.xml
   id        : OpenCart Lightning
   version   : 3.37
   vqmver    : 
   author    : MaxD http://devs.mx

File Name    : system/library/cache.php(0)
VQModObject::applyMod - SEARCH NOT FOUND (SKIPPED): if (is_file(DIR_SYSTEM . 'library/journal3/vendor/SuperCache

----------------------------------------------------------------------


---------- Date: 2026-03-29 09:30:11 ~ IP : 185.179.188.62 ----------
REQUEST URI : /index.php?route=module/popupcart_extended
MOD DETAILS:
   modFile   : /home/canmotalka/web/can-motalka.ru/public_html/vqmod/xml/lightning.xml
   id        : OpenCart Lightning
   version   : 3.37
   vqmver    : 
   author    : MaxD http://devs.mx

File Name    : system/library/cache.php(0)
VQModObject::applyMod - SEARCH NOT FOUND (SKIPPED): if (is_file(DIR_SYSTEM . 'library/journal3/vendor/SuperCache

----------------------------------------------------------------------


---------- Date: 2026-03-29 09:30:35 ~ IP : 185.179.188.62 ----------
REQUEST URI : /podmotka-spidometra-ssang-young-action/
MOD DETAILS:
   modFile   : /home/canmotalka/web/can-motalka.ru/public_html/vqmod/xml/lightning.xml
   id        : OpenCart Lightning
   version   : 3.37
   vqmver    : 
   author    : MaxD http://devs.mx

File Name    : system/library/cache.php(0)
VQModObject::applyMod - SEARCH NOT FOUND (SKIPPED): if (is_file(DIR_SYSTEM . 'library/journal3/vendor/SuperCache

----------------------------------------------------------------------


---------- Date: 2026-03-29 09:30:35 ~ IP : 185.179.188.62 ----------
REQUEST URI : /index.php?route=product/product/review&amp;product_id=185
MOD DETAILS:
   modFile   : /home/canmotalka/web/can-motalka.ru/public_html/vqmod/xml/lightning.xml
   id        : OpenCart Lightning
   version   : 3.37
   vqmver    : 
   author    : MaxD http://devs.mx

File Name    : system/library/cache.php(0)
VQModObject::applyMod - SEARCH NOT FOUND (SKIPPED): if (is_file(DIR_SYSTEM . 'library/journal3/vendor/SuperCache

----------------------------------------------------------------------


---------- Date: 2026-03-29 09:31:03 ~ IP : 185.179.188.62 ----------
REQUEST URI : /podmotka-spidometra-ssang-young-action/
MOD DETAILS:
   modFile   : /home/canmotalka/web/can-motalka.ru/public_html/vqmod/xml/lightning.xml
   id        : OpenCart Lightning
   version   : 3.37
   vqmver    : 
   author    : MaxD http://devs.mx

File Name    : system/library/cache.php(0)
VQModObject::applyMod - SEARCH NOT FOUND (SKIPPED): if (is_file(DIR_SYSTEM . 'library/journal3/vendor/SuperCache

----------------------------------------------------------------------


---------- Date: 2026-03-29 09:32:18 ~ IP : 185.179.188.62 ----------
REQUEST URI : /podmotka-spidometra-jac-t6/
MOD DETAILS:
   modFile   : /home/canmotalka/web/can-motalka.ru/public_html/vqmod/xml/lightning.xml
   id        : OpenCart Lightning
   version   : 3.37
   vqmver    : 
   author    : MaxD http://devs.mx

File Name    : system/library/cache.php(0)
VQModObject::applyMod - SEARCH NOT FOUND (SKIPPED): if (is_file(DIR_SYSTEM . 'library/journal3/vendor/SuperCache

----------------------------------------------------------------------


---------- Date: 2026-03-29 09:32:19 ~ IP : 185.179.188.62 ----------
REQUEST URI : /index.php?route=product/product/review&amp;product_id=310
MOD DETAILS:
   modFile   : /home/canmotalka/web/can-motalka.ru/public_html/vqmod/xml/lightning.xml
   id        : OpenCart Lightning
   version   : 3.37
   vqmver    : 
   author    : MaxD http://devs.mx

File Name    : system/library/cache.php(0)
VQModObject::applyMod - SEARCH NOT FOUND (SKIPPED): if (is_file(DIR_SYSTEM . 'library/journal3/vendor/SuperCache

----------------------------------------------------------------------


---------- Date: 2026-03-29 09:32:19 ~ IP : 185.179.188.62 ----------
REQUEST URI : /index.php?route=module/popupcart_extended
MOD DETAILS:
   modFile   : /home/canmotalka/web/can-motalka.ru/public_html/vqmod/xml/lightning.xml
   id        : OpenCart Lightning
   version   : 3.37
   vqmver    : 
   author    : MaxD http://devs.mx

File Name    : system/library/cache.php(0)
VQModObject::applyMod - SEARCH NOT FOUND (SKIPPED): if (is_file(DIR_SYSTEM . 'library/journal3/vendor/SuperCache

----------------------------------------------------------------------


---------- Date: 2026-03-29 09:32:42 ~ IP : 185.179.188.62 ----------
REQUEST URI : /image/cache/data/cars/nissan/terrano/terrano
MOD DETAILS:
   modFile   : /home/canmotalka/web/can-motalka.ru/public_html/vqmod/xml/lightning.xml
   id        : OpenCart Lightning
   version   : 3.37
   vqmver    : 
   author    : MaxD http://devs.mx

File Name    : system/library/cache.php(0)
VQModObject::applyMod - SEARCH NOT FOUND (SKIPPED): if (is_file(DIR_SYSTEM . 'library/journal3/vendor/SuperCache

----------------------------------------------------------------------


---------- Date: 2026-03-29 09:33:38 ~ IP : 185.179.188.62 ----------
REQUEST URI : /index.php?route=module/popupcart_extended
MOD DETAILS:
   modFile   : /home/canmotalka/web/can-motalka.ru/public_html/vqmod/xml/lightning.xml
   id        : OpenCart Lightning
   version   : 3.37
   vqmver    : 
   author    : MaxD http://devs.mx

File Name    : system/library/cache.php(0)
VQModObject::applyMod - SEARCH NOT FOUND (SKIPPED): if (is_file(DIR_SYSTEM . 'library/journal3/vendor/SuperCache

----------------------------------------------------------------------


---------- Date: 2026-03-29 09:34:53 ~ IP : 185.179.188.62 ----------
REQUEST URI : /setting_php/uluchshenie-potencii/559-viagra-sravnit-ceni-balahna
MOD DETAILS:
   modFile   : /home/canmotalka/web/can-motalka.ru/public_html/vqmod/xml/lightning.xml
   id        : OpenCart Lightning
   version   : 3.37
   vqmver    : 
   author    : MaxD http://devs.mx

File Name    : system/library/cache.php(0)
VQModObject::applyMod - SEARCH NOT FOUND (SKIPPED): if (is_file(DIR_SYSTEM . 'library/journal3/vendor/SuperCache

----------------------------------------------------------------------


---------- Date: 2026-03-29 09:37:37 ~ IP : 185.179.188.62 ----------
REQUEST URI : /otzyvy/
MOD DETAILS:
   modFile   : /home/canmotalka/web/can-motalka.ru/public_html/vqmod/xml/lightning.xml
   id        : OpenCart Lightning
   version   : 3.37
   vqmver    : 
   author    : MaxD http://devs.mx

File Name    : system/library/cache.php(0)
VQModObject::applyMod - SEARCH NOT FOUND (SKIPPED): if (is_file(DIR_SYSTEM . 'library/journal3/vendor/SuperCache

----------------------------------------------------------------------


---------- Date: 2026-03-29 09:37:41 ~ IP : 185.179.188.62 ----------
REQUEST URI : /otzyvy/?page=2
MOD DETAILS:
   modFile   : /home/canmotalka/web/can-motalka.ru/public_html/vqmod/xml/lightning.xml
   id        : OpenCart Lightning
   version   : 3.37
   vqmver    : 
   author    : MaxD http://devs.mx

File Name    : system/library/cache.php(0)
VQModObject::applyMod - SEARCH NOT FOUND (SKIPPED): if (is_file(DIR_SYSTEM . 'library/journal3/vendor/SuperCache

----------------------------------------------------------------------


---------- Date: 2026-03-29 09:38:11 ~ IP : 185.179.188.62 ----------
REQUEST URI : /otzyvy/?page=30
MOD DETAILS:
   modFile   : /home/canmotalka/web/can-motalka.ru/public_html/vqmod/xml/lightning.xml
   id        : OpenCart Lightning
   version   : 3.37
   vqmver    : 
   author    : MaxD http://devs.mx

File Name    : system/library/cache.php(0)
VQModObject::applyMod - SEARCH NOT FOUND (SKIPPED): if (is_file(DIR_SYSTEM . 'library/journal3/vendor/SuperCache

----------------------------------------------------------------------


---------- Date: 2026-03-29 09:38:14 ~ IP : 185.179.188.62 ----------
REQUEST URI : /otzyvy/?page=30
MOD DETAILS:
   modFile   : /home/canmotalka/web/can-motalka.ru/public_html/vqmod/xml/lightning.xml
   id        : OpenCart Lightning
   version   : 3.37
   vqmver    : 
   author    : MaxD http://devs.mx

File Name    : system/library/cache.php(0)
VQModObject::applyMod - SEARCH NOT FOUND (SKIPPED): if (is_file(DIR_SYSTEM . 'library/journal3/vendor/SuperCache

----------------------------------------------------------------------


---------- Date: 2026-03-29 09:38:14 ~ IP : 185.179.188.62 ----------
REQUEST URI : /otzyvy/?page=30
MOD DETAILS:
   modFile   : /home/canmotalka/web/can-motalka.ru/public_html/vqmod/xml/lightning.xml
   id        : OpenCart Lightning
   version   : 3.37
   vqmver    : 
   author    : MaxD http://devs.mx

File Name    : system/library/cache.php(0)
VQModObject::applyMod - SEARCH NOT FOUND (SKIPPED): if (is_file(DIR_SYSTEM . 'library/journal3/vendor/SuperCache

----------------------------------------------------------------------


---------- Date: 2026-03-29 09:38:15 ~ IP : 185.179.188.62 ----------
REQUEST URI : /index.php?route=module/popupcart_extended
MOD DETAILS:
   modFile   : /home/canmotalka/web/can-motalka.ru/public_html/vqmod/xml/lightning.xml
   id        : OpenCart Lightning
   version   : 3.37
   vqmver    : 
   author    : MaxD http://devs.mx

File Name    : system/library/cache.php(0)
VQModObject::applyMod - SEARCH NOT FOUND (SKIPPED): if (is_file(DIR_SYSTEM . 'library/journal3/vendor/SuperCache

----------------------------------------------------------------------


---------- Date: 2026-03-29 09:39:48 ~ IP : 185.179.188.62 ----------
REQUEST URI : /contact/
MOD DETAILS:
   modFile   : /home/canmotalka/web/can-motalka.ru/public_html/vqmod/xml/lightning.xml
   id        : OpenCart Lightning
   version   : 3.37
   vqmver    : 
   author    : MaxD http://devs.mx

File Name    : system/library/cache.php(0)
VQModObject::applyMod - SEARCH NOT FOUND (SKIPPED): if (is_file(DIR_SYSTEM . 'library/journal3/vendor/SuperCache

----------------------------------------------------------------------


---------- Date: 2026-03-29 09:47:10 ~ IP : 185.179.188.62 ----------
REQUEST URI : /instrukciya-podmotka-niva-travel-chevrolet/
MOD DETAILS:
   modFile   : /home/canmotalka/web/can-motalka.ru/public_html/vqmod/xml/lightning.xml
   id        : OpenCart Lightning
   version   : 3.37
   vqmver    : 
   author    : MaxD http://devs.mx

File Name    : system/library/cache.php(0)
VQModObject::applyMod - SEARCH NOT FOUND (SKIPPED): if (is_file(DIR_SYSTEM . 'library/journal3/vendor/SuperCache

----------------------------------------------------------------------


---------- Date: 2026-03-29 09:47:12 ~ IP : 185.179.188.62 ----------
REQUEST URI : /index.php?route=module/popupcart_extended
MOD DETAILS:
   modFile   : /home/canmotalka/web/can-motalka.ru/public_html/vqmod/xml/lightning.xml
   id        : OpenCart Lightning
   version   : 3.37
   vqmver    : 
   author    : MaxD http://devs.mx

File Name    : system/library/cache.php(0)
VQModObject::applyMod - SEARCH NOT FOUND (SKIPPED): if (is_file(DIR_SYSTEM . 'library/journal3/vendor/SuperCache

----------------------------------------------------------------------


---------- Date: 2026-03-29 09:52:44 ~ IP : 185.179.188.62 ----------
REQUEST URI : /motalki/nissan/
MOD DETAILS:
   modFile   : /home/canmotalka/web/can-motalka.ru/public_html/vqmod/xml/lightning.xml
   id        : OpenCart Lightning
   version   : 3.37
   vqmver    : 
   author    : MaxD http://devs.mx

File Name    : system/library/cache.php(0)
VQModObject::applyMod - SEARCH NOT FOUND (SKIPPED): if (is_file(DIR_SYSTEM . 'library/journal3/vendor/SuperCache

----------------------------------------------------------------------


---------- Date: 2026-03-29 09:54:48 ~ IP : 185.179.188.62 ----------
REQUEST URI : /setting_php/super-jevitra/335-analogi-suhagri-150-moskva
MOD DETAILS:
   modFile   : /home/canmotalka/web/can-motalka.ru/public_html/vqmod/xml/lightning.xml
   id        : OpenCart Lightning
   version   : 3.37
   vqmver    : 
   author    : MaxD http://devs.mx

File Name    : system/library/cache.php(0)
VQModObject::applyMod - SEARCH NOT FOUND (SKIPPED): if (is_file(DIR_SYSTEM . 'library/journal3/vendor/SuperCache

----------------------------------------------------------------------


---------- Date: 2026-03-29 09:59:21 ~ IP : 185.179.188.62 ----------
REQUEST URI : /instrukciya-dlya-ford-tranzit/
MOD DETAILS:
   modFile   : /home/canmotalka/web/can-motalka.ru/public_html/vqmod/xml/lightning.xml
   id        : OpenCart Lightning
   version   : 3.37
   vqmver    : 
   author    : MaxD http://devs.mx

File Name    : system/library/cache.php(0)
VQModObject::applyMod - SEARCH NOT FOUND (SKIPPED): if (is_file(DIR_SYSTEM . 'library/journal3/vendor/SuperCache

----------------------------------------------------------------------


---------- Date: 2026-03-29 10:02:13 ~ IP : 185.179.188.62 ----------
REQUEST URI : /namotchik-probega-dlya-audi-a4/
MOD DETAILS:
   modFile   : /home/canmotalka/web/can-motalka.ru/public_html/vqmod/xml/lightning.xml
   id        : OpenCart Lightning
   version   : 3.37
   vqmver    : 
   author    : MaxD http://devs.mx

File Name    : system/library/cache.php(0)
VQModObject::applyMod - SEARCH NOT FOUND (SKIPPED): if (is_file(DIR_SYSTEM . 'library/journal3/vendor/SuperCache

----------------------------------------------------------------------


---------- Date: 2026-03-29 10:02:22 ~ IP : 185.179.188.62 ----------
REQUEST URI : /podmotka-spidometra-niva-travel/
MOD DETAILS:
   modFile   : /home/canmotalka/web/can-motalka.ru/public_html/vqmod/xml/lightning.xml
   id        : OpenCart Lightning
   version   : 3.37
   vqmver    : 
   author    : MaxD http://devs.mx

File Name    : system/library/cache.php(0)
VQModObject::applyMod - SEARCH NOT FOUND (SKIPPED): if (is_file(DIR_SYSTEM . 'library/journal3/vendor/SuperCache

----------------------------------------------------------------------


---------- Date: 2026-03-29 10:05:43 ~ IP : 185.179.188.62 ----------
REQUEST URI : /setting_php/super-zhevitra/869-cena-sialisa-soft-reutov/
MOD DETAILS:
   modFile   : /home/canmotalka/web/can-motalka.ru/public_html/vqmod/xml/lightning.xml
   id        : OpenCart Lightning
   version   : 3.37
   vqmver    : 
   author    : MaxD http://devs.mx

File Name    : system/library/cache.php(0)
VQModObject::applyMod - SEARCH NOT FOUND (SKIPPED): if (is_file(DIR_SYSTEM . 'library/journal3/vendor/SuperCache

----------------------------------------------------------------------


---------- Date: 2026-03-29 10:07:57 ~ IP : 185.179.188.62 ----------
REQUEST URI : /podmotka-spidometra-gazel-v-prikurivatel/
MOD DETAILS:
   modFile   : /home/canmotalka/web/can-motalka.ru/public_html/vqmod/xml/lightning.xml
   id        : OpenCart Lightning
   version   : 3.37
   vqmver    : 
   author    : MaxD http://devs.mx

File Name    : system/library/cache.php(0)
VQModObject::applyMod - SEARCH NOT FOUND (SKIPPED): if (is_file(DIR_SYSTEM . 'library/journal3/vendor/SuperCache

----------------------------------------------------------------------


---------- Date: 2026-03-29 10:07:58 ~ IP : 185.179.188.62 ----------
REQUEST URI : /index.php?route=product/product/review&amp;product_id=298
MOD DETAILS:
   modFile   : /home/canmotalka/web/can-motalka.ru/public_html/vqmod/xml/lightning.xml
   id        : OpenCart Lightning
   version   : 3.37
   vqmver    : 
   author    : MaxD http://devs.mx

File Name    : system/library/cache.php(0)
VQModObject::applyMod - SEARCH NOT FOUND (SKIPPED): if (is_file(DIR_SYSTEM . 'library/journal3/vendor/SuperCache

----------------------------------------------------------------------


---------- Date: 2026-03-29 10:07:58 ~ IP : 185.179.188.62 ----------
REQUEST URI : /index.php?route=module/popupcart_extended
MOD DETAILS:
   modFile   : /home/canmotalka/web/can-motalka.ru/public_html/vqmod/xml/lightning.xml
   id        : OpenCart Lightning
   version   : 3.37
   vqmver    : 
   author    : MaxD http://devs.mx

File Name    : system/library/cache.php(0)
VQModObject::applyMod - SEARCH NOT FOUND (SKIPPED): if (is_file(DIR_SYSTEM . 'library/journal3/vendor/SuperCache

----------------------------------------------------------------------


---------- Date: 2026-03-29 10:10:44 ~ IP : 185.179.188.62 ----------
REQUEST URI : /niva_abs_re/
MOD DETAILS:
   modFile   : /home/canmotalka/web/can-motalka.ru/public_html/vqmod/xml/lightning.xml
   id        : OpenCart Lightning
   version   : 3.37
   vqmver    : 
   author    : MaxD http://devs.mx

File Name    : system/library/cache.php(0)
VQModObject::applyMod - SEARCH NOT FOUND (SKIPPED): if (is_file(DIR_SYSTEM . 'library/journal3/vendor/SuperCache

----------------------------------------------------------------------


---------- Date: 2026-03-29 10:11:54 ~ IP : 185.179.188.62 ----------
REQUEST URI : /podmotka-spidometra-niva2020/
MOD DETAILS:
   modFile   : /home/canmotalka/web/can-motalka.ru/public_html/vqmod/xml/lightning.xml
   id        : OpenCart Lightning
   version   : 3.37
   vqmver    : 
   author    : MaxD http://devs.mx

File Name    : system/library/cache.php(0)
VQModObject::applyMod - SEARCH NOT FOUND (SKIPPED): if (is_file(DIR_SYSTEM . 'library/journal3/vendor/SuperCache

----------------------------------------------------------------------


---------- Date: 2026-03-29 10:16:06 ~ IP : 185.179.188.62 ----------
REQUEST URI : /kak-rabotaet-podmotka-spidometra/?ysclid=mnbfdpbp3a271602242
MOD DETAILS:
   modFile   : /home/canmotalka/web/can-motalka.ru/public_html/vqmod/xml/lightning.xml
   id        : OpenCart Lightning
   version   : 3.37
   vqmver    : 
   author    : MaxD http://devs.mx

File Name    : system/library/cache.php(0)
VQModObject::applyMod - SEARCH NOT FOUND (SKIPPED): if (is_file(DIR_SYSTEM . 'library/journal3/vendor/SuperCache

----------------------------------------------------------------------


---------- Date: 2026-03-29 10:16:06 ~ IP : 185.179.188.62 ----------
REQUEST URI : /kak-rabotaet-podmotka-spidometra/
MOD DETAILS:
   modFile   : /home/canmotalka/web/can-motalka.ru/public_html/vqmod/xml/lightning.xml
   id        : OpenCart Lightning
   version   : 3.37
   vqmver    : 
   author    : MaxD http://devs.mx

File Name    : system/library/cache.php(0)
VQModObject::applyMod - SEARCH NOT FOUND (SKIPPED): if (is_file(DIR_SYSTEM . 'library/journal3/vendor/SuperCache

----------------------------------------------------------------------


---------- Date: 2026-03-29 10:16:08 ~ IP : 185.179.188.62 ----------
REQUEST URI : /index.php?route=module/popupcart_extended
MOD DETAILS:
   modFile   : /home/canmotalka/web/can-motalka.ru/public_html/vqmod/xml/lightning.xml
   id        : OpenCart Lightning
   version   : 3.37
   vqmver    : 
   author    : MaxD http://devs.mx

File Name    : system/library/cache.php(0)
VQModObject::applyMod - SEARCH NOT FOUND (SKIPPED): if (is_file(DIR_SYSTEM . 'library/journal3/vendor/SuperCache

----------------------------------------------------------------------


---------- Date: 2026-03-29 10:16:20 ~ IP : 185.179.188.62 ----------
REQUEST URI : /.well-known/traffic-advice
MOD DETAILS:
   modFile   : /home/canmotalka/web/can-motalka.ru/public_html/vqmod/xml/lightning.xml
   id        : OpenCart Lightning
   version   : 3.37
   vqmver    : 
   author    : MaxD http://devs.mx

File Name    : system/library/cache.php(0)
VQModObject::applyMod - SEARCH NOT FOUND (SKIPPED): if (is_file(DIR_SYSTEM . 'library/journal3/vendor/SuperCache

----------------------------------------------------------------------


---------- Date: 2026-03-29 10:16:21 ~ IP : 185.179.188.62 ----------
REQUEST URI : /podmotka_uaz_re/
MOD DETAILS:
   modFile   : /home/canmotalka/web/can-motalka.ru/public_html/vqmod/xml/lightning.xml
   id        : OpenCart Lightning
   version   : 3.37
   vqmver    : 
   author    : MaxD http://devs.mx

File Name    : system/library/cache.php(0)
VQModObject::applyMod - SEARCH NOT FOUND (SKIPPED): if (is_file(DIR_SYSTEM . 'library/journal3/vendor/SuperCache

----------------------------------------------------------------------


---------- Date: 2026-03-29 10:20:03 ~ IP : 185.179.188.62 ----------
REQUEST URI : /instrukciya-podmotka-niva-travel-chevrolet/?ysclid=mnbfiq7d8d705205904
MOD DETAILS:
   modFile   : /home/canmotalka/web/can-motalka.ru/public_html/vqmod/xml/lightning.xml
   id        : OpenCart Lightning
   version   : 3.37
   vqmver    : 
   author    : MaxD http://devs.mx

File Name    : system/library/cache.php(0)
VQModObject::applyMod - SEARCH NOT FOUND (SKIPPED): if (is_file(DIR_SYSTEM . 'library/journal3/vendor/SuperCache

----------------------------------------------------------------------


---------- Date: 2026-03-29 10:20:03 ~ IP : 185.179.188.62 ----------
REQUEST URI : /instrukciya-podmotka-niva-travel-chevrolet/
MOD DETAILS:
   modFile   : /home/canmotalka/web/can-motalka.ru/public_html/vqmod/xml/lightning.xml
   id        : OpenCart Lightning
   version   : 3.37
   vqmver    : 
   author    : MaxD http://devs.mx

File Name    : system/library/cache.php(0)
VQModObject::applyMod - SEARCH NOT FOUND (SKIPPED): if (is_file(DIR_SYSTEM . 'library/journal3/vendor/SuperCache

----------------------------------------------------------------------


---------- Date: 2026-03-29 10:20:06 ~ IP : 185.179.188.62 ----------
REQUEST URI : /index.php?route=module/popupcart_extended
MOD DETAILS:
   modFile   : /home/canmotalka/web/can-motalka.ru/public_html/vqmod/xml/lightning.xml
   id        : OpenCart Lightning
   version   : 3.37
   vqmver    : 
   author    : MaxD http://devs.mx

File Name    : system/library/cache.php(0)
VQModObject::applyMod - SEARCH NOT FOUND (SKIPPED): if (is_file(DIR_SYSTEM . 'library/journal3/vendor/SuperCache

----------------------------------------------------------------------


---------- Date: 2026-03-29 10:21:34 ~ IP : 185.179.188.62 ----------
REQUEST URI : /podmotka-spidometra-gazel-v-prikurivatel/?ysclid=mnbfkrbngm140864279
MOD DETAILS:
   modFile   : /home/canmotalka/web/can-motalka.ru/public_html/vqmod/xml/lightning.xml
   id        : OpenCart Lightning
   version   : 3.37
   vqmver    : 
   author    : MaxD http://devs.mx

File Name    : system/library/cache.php(0)
VQModObject::applyMod - SEARCH NOT FOUND (SKIPPED): if (is_file(DIR_SYSTEM . 'library/journal3/vendor/SuperCache

----------------------------------------------------------------------


---------- Date: 2026-03-29 10:21:35 ~ IP : 185.179.188.62 ----------
REQUEST URI : /podmotka-spidometra-gazel-v-prikurivatel/
MOD DETAILS:
   modFile   : /home/canmotalka/web/can-motalka.ru/public_html/vqmod/xml/lightning.xml
   id        : OpenCart Lightning
   version   : 3.37
   vqmver    : 
   author    : MaxD http://devs.mx

File Name    : system/library/cache.php(0)
VQModObject::applyMod - SEARCH NOT FOUND (SKIPPED): if (is_file(DIR_SYSTEM . 'library/journal3/vendor/SuperCache

----------------------------------------------------------------------


---------- Date: 2026-03-29 10:21:37 ~ IP : 185.179.188.62 ----------
REQUEST URI : /index.php?route=product/product/review&amp;product_id=298
MOD DETAILS:
   modFile   : /home/canmotalka/web/can-motalka.ru/public_html/vqmod/xml/lightning.xml
   id        : OpenCart Lightning
   version   : 3.37
   vqmver    : 
   author    : MaxD http://devs.mx

File Name    : system/library/cache.php(0)
VQModObject::applyMod - SEARCH NOT FOUND (SKIPPED): if (is_file(DIR_SYSTEM . 'library/journal3/vendor/SuperCache

----------------------------------------------------------------------


---------- Date: 2026-03-29 10:21:37 ~ IP : 185.179.188.62 ----------
REQUEST URI : /index.php?route=module/popupcart_extended
MOD DETAILS:
   modFile   : /home/canmotalka/web/can-motalka.ru/public_html/vqmod/xml/lightning.xml
   id        : OpenCart Lightning
   version   : 3.37
   vqmver    : 
   author    : MaxD http://devs.mx

File Name    : system/library/cache.php(0)
VQModObject::applyMod - SEARCH NOT FOUND (SKIPPED): if (is_file(DIR_SYSTEM . 'library/journal3/vendor/SuperCache

----------------------------------------------------------------------


---------- Date: 2026-03-29 10:22:01 ~ IP : 185.179.188.62 ----------
REQUEST URI : /image/cache/data/cars/mitsubishi/l200/l200
MOD DETAILS:
   modFile   : /home/canmotalka/web/can-motalka.ru/public_html/vqmod/xml/lightning.xml
   id        : OpenCart Lightning
   version   : 3.37
   vqmver    : 
   author    : MaxD http://devs.mx

File Name    : system/library/cache.php(0)
VQModObject::applyMod - SEARCH NOT FOUND (SKIPPED): if (is_file(DIR_SYSTEM . 'library/journal3/vendor/SuperCache

----------------------------------------------------------------------


---------- Date: 2026-03-29 10:25:51 ~ IP : 185.179.188.62 ----------
REQUEST URI : /instrukciya-dlya-podmotki-lada-largus-2021/
MOD DETAILS:
   modFile   : /home/canmotalka/web/can-motalka.ru/public_html/vqmod/xml/lightning.xml
   id        : OpenCart Lightning
   version   : 3.37
   vqmver    : 
   author    : MaxD http://devs.mx

File Name    : system/library/cache.php(0)
VQModObject::applyMod - SEARCH NOT FOUND (SKIPPED): if (is_file(DIR_SYSTEM . 'library/journal3/vendor/SuperCache

----------------------------------------------------------------------


---------- Date: 2026-03-29 10:25:51 ~ IP : 185.179.188.62 ----------
REQUEST URI : /index.php?route=module/popupcart_extended
MOD DETAILS:
   modFile   : /home/canmotalka/web/can-motalka.ru/public_html/vqmod/xml/lightning.xml
   id        : OpenCart Lightning
   version   : 3.37
   vqmver    : 
   author    : MaxD http://devs.mx

File Name    : system/library/cache.php(0)
VQModObject::applyMod - SEARCH NOT FOUND (SKIPPED): if (is_file(DIR_SYSTEM . 'library/journal3/vendor/SuperCache

----------------------------------------------------------------------


---------- Date: 2026-03-29 10:31:38 ~ IP : 185.179.188.62 ----------
REQUEST URI : /manuals/
MOD DETAILS:
   modFile   : /home/canmotalka/web/can-motalka.ru/public_html/vqmod/xml/lightning.xml
   id        : OpenCart Lightning
   version   : 3.37
   vqmver    : 
   author    : MaxD http://devs.mx

File Name    : system/library/cache.php(0)
VQModObject::applyMod - SEARCH NOT FOUND (SKIPPED): if (is_file(DIR_SYSTEM . 'library/journal3/vendor/SuperCache

----------------------------------------------------------------------


---------- Date: 2026-03-29 10:32:16 ~ IP : 185.179.188.62 ----------
REQUEST URI : /manual-podmotka-toyota-camry-corolla-tlc-rav4
MOD DETAILS:
   modFile   : /home/canmotalka/web/can-motalka.ru/public_html/vqmod/xml/lightning.xml
   id        : OpenCart Lightning
   version   : 3.37
   vqmver    : 
   author    : MaxD http://devs.mx

File Name    : system/library/cache.php(0)
VQModObject::applyMod - SEARCH NOT FOUND (SKIPPED): if (is_file(DIR_SYSTEM . 'library/journal3/vendor/SuperCache

----------------------------------------------------------------------


---------- Date: 2026-03-29 10:32:17 ~ IP : 185.179.188.62 ----------
REQUEST URI : /manual-podmotka-toyota-camry-corolla-tlc-rav4/
MOD DETAILS:
   modFile   : /home/canmotalka/web/can-motalka.ru/public_html/vqmod/xml/lightning.xml
   id        : OpenCart Lightning
   version   : 3.37
   vqmver    : 
   author    : MaxD http://devs.mx

File Name    : system/library/cache.php(0)
VQModObject::applyMod - SEARCH NOT FOUND (SKIPPED): if (is_file(DIR_SYSTEM . 'library/journal3/vendor/SuperCache

----------------------------------------------------------------------


---------- Date: 2026-03-29 10:33:56 ~ IP : 185.179.188.62 ----------
REQUEST URI : /podmotka-spidometra-mitsubishi-l200/
MOD DETAILS:
   modFile   : /home/canmotalka/web/can-motalka.ru/public_html/vqmod/xml/lightning.xml
   id        : OpenCart Lightning
   version   : 3.37
   vqmver    : 
   author    : MaxD http://devs.mx

File Name    : system/library/cache.php(0)
VQModObject::applyMod - SEARCH NOT FOUND (SKIPPED): if (is_file(DIR_SYSTEM . 'library/journal3/vendor/SuperCache

----------------------------------------------------------------------


---------- Date: 2026-03-29 10:35:51 ~ IP : 185.179.188.62 ----------
REQUEST URI : /podmotka-spidometra-peugeot-boxer/
MOD DETAILS:
   modFile   : /home/canmotalka/web/can-motalka.ru/public_html/vqmod/xml/lightning.xml
   id        : OpenCart Lightning
   version   : 3.37
   vqmver    : 
   author    : MaxD http://devs.mx

File Name    : system/library/cache.php(0)
VQModObject::applyMod - SEARCH NOT FOUND (SKIPPED): if (is_file(DIR_SYSTEM . 'library/journal3/vendor/SuperCache

----------------------------------------------------------------------


---------- Date: 2026-03-29 10:35:53 ~ IP : 185.179.188.62 ----------
REQUEST URI : /index.php?route=product/product/review&amp;product_id=158
MOD DETAILS:
   modFile   : /home/canmotalka/web/can-motalka.ru/public_html/vqmod/xml/lightning.xml
   id        : OpenCart Lightning
   version   : 3.37
   vqmver    : 
   author    : MaxD http://devs.mx

File Name    : system/library/cache.php(0)
VQModObject::applyMod - SEARCH NOT FOUND (SKIPPED): if (is_file(DIR_SYSTEM . 'library/journal3/vendor/SuperCache

----------------------------------------------------------------------


---------- Date: 2026-03-29 10:35:54 ~ IP : 185.179.188.62 ----------
REQUEST URI : /index.php?route=module/popupcart_extended
MOD DETAILS:
   modFile   : /home/canmotalka/web/can-motalka.ru/public_html/vqmod/xml/lightning.xml
   id        : OpenCart Lightning
   version   : 3.37
   vqmver    : 
   author    : MaxD http://devs.mx

File Name    : system/library/cache.php(0)
VQModObject::applyMod - SEARCH NOT FOUND (SKIPPED): if (is_file(DIR_SYSTEM . 'library/journal3/vendor/SuperCache

----------------------------------------------------------------------


---------- Date: 2026-03-29 10:36:53 ~ IP : 185.179.188.62 ----------
REQUEST URI : /manual-podmotka-toyota-camry-corolla-tlc-rav4/
MOD DETAILS:
   modFile   : /home/canmotalka/web/can-motalka.ru/public_html/vqmod/xml/lightning.xml
   id        : OpenCart Lightning
   version   : 3.37
   vqmver    : 
   author    : MaxD http://devs.mx

File Name    : system/library/cache.php(0)
VQModObject::applyMod - SEARCH NOT FOUND (SKIPPED): if (is_file(DIR_SYSTEM . 'library/journal3/vendor/SuperCache

----------------------------------------------------------------------


---------- Date: 2026-03-29 10:36:54 ~ IP : 185.179.188.62 ----------
REQUEST URI : /index.php?route=module/popupcart_extended
MOD DETAILS:
   modFile   : /home/canmotalka/web/can-motalka.ru/public_html/vqmod/xml/lightning.xml
   id        : OpenCart Lightning
   version   : 3.37
   vqmver    : 
   author    : MaxD http://devs.mx

File Name    : system/library/cache.php(0)
VQModObject::applyMod - SEARCH NOT FOUND (SKIPPED): if (is_file(DIR_SYSTEM . 'library/journal3/vendor/SuperCache

----------------------------------------------------------------------


---------- Date: 2026-03-29 10:37:55 ~ IP : 185.179.188.62 ----------
REQUEST URI : /namotchik-probega-dlya-mazda-bt-50/
MOD DETAILS:
   modFile   : /home/canmotalka/web/can-motalka.ru/public_html/vqmod/xml/lightning.xml
   id        : OpenCart Lightning
   version   : 3.37
   vqmver    : 
   author    : MaxD http://devs.mx

File Name    : system/library/cache.php(0)
VQModObject::applyMod - SEARCH NOT FOUND (SKIPPED): if (is_file(DIR_SYSTEM . 'library/journal3/vendor/SuperCache

----------------------------------------------------------------------


---------- Date: 2026-03-29 10:37:59 ~ IP : 185.179.188.62 ----------
REQUEST URI : /index.php?route=module/popupcart_extended
MOD DETAILS:
   modFile   : /home/canmotalka/web/can-motalka.ru/public_html/vqmod/xml/lightning.xml
   id        : OpenCart Lightning
   version   : 3.37
   vqmver    : 
   author    : MaxD http://devs.mx

File Name    : system/library/cache.php(0)
VQModObject::applyMod - SEARCH NOT FOUND (SKIPPED): if (is_file(DIR_SYSTEM . 'library/journal3/vendor/SuperCache

----------------------------------------------------------------------


---------- Date: 2026-03-29 10:38:07 ~ IP : 185.179.188.62 ----------
REQUEST URI : /podmotka-spidometra-peugeot-boxer/
MOD DETAILS:
   modFile   : /home/canmotalka/web/can-motalka.ru/public_html/vqmod/xml/lightning.xml
   id        : OpenCart Lightning
   version   : 3.37
   vqmver    : 
   author    : MaxD http://devs.mx

File Name    : system/library/cache.php(0)
VQModObject::applyMod - SEARCH NOT FOUND (SKIPPED): if (is_file(DIR_SYSTEM . 'library/journal3/vendor/SuperCache

----------------------------------------------------------------------


---------- Date: 2026-03-29 10:38:08 ~ IP : 185.179.188.62 ----------
REQUEST URI : /index.php?route=product/product/review&amp;product_id=158
MOD DETAILS:
   modFile   : /home/canmotalka/web/can-motalka.ru/public_html/vqmod/xml/lightning.xml
   id        : OpenCart Lightning
   version   : 3.37
   vqmver    : 
   author    : MaxD http://devs.mx

File Name    : system/library/cache.php(0)
VQModObject::applyMod - SEARCH NOT FOUND (SKIPPED): if (is_file(DIR_SYSTEM . 'library/journal3/vendor/SuperCache

----------------------------------------------------------------------


---------- Date: 2026-03-29 10:38:08 ~ IP : 185.179.188.62 ----------
REQUEST URI : /index.php?route=module/popupcart_extended
MOD DETAILS:
   modFile   : /home/canmotalka/web/can-motalka.ru/public_html/vqmod/xml/lightning.xml
   id        : OpenCart Lightning
   version   : 3.37
   vqmver    : 
   author    : MaxD http://devs.mx

File Name    : system/library/cache.php(0)
VQModObject::applyMod - SEARCH NOT FOUND (SKIPPED): if (is_file(DIR_SYSTEM . 'library/journal3/vendor/SuperCache

----------------------------------------------------------------------


---------- Date: 2026-03-29 10:39:36 ~ IP : 185.179.188.62 ----------
REQUEST URI : /podmotka-spidometra-henday-sonata-8/
MOD DETAILS:
   modFile   : /home/canmotalka/web/can-motalka.ru/public_html/vqmod/xml/lightning.xml
   id        : OpenCart Lightning
   version   : 3.37
   vqmver    : 
   author    : MaxD http://devs.mx

File Name    : system/library/cache.php(0)
VQModObject::applyMod - SEARCH NOT FOUND (SKIPPED): if (is_file(DIR_SYSTEM . 'library/journal3/vendor/SuperCache

----------------------------------------------------------------------


---------- Date: 2026-03-29 10:39:37 ~ IP : 185.179.188.62 ----------
REQUEST URI : /otzyvy/
MOD DETAILS:
   modFile   : /home/canmotalka/web/can-motalka.ru/public_html/vqmod/xml/lightning.xml
   id        : OpenCart Lightning
   version   : 3.37
   vqmver    : 
   author    : MaxD http://devs.mx

File Name    : system/library/cache.php(0)
VQModObject::applyMod - SEARCH NOT FOUND (SKIPPED): if (is_file(DIR_SYSTEM . 'library/journal3/vendor/SuperCache

----------------------------------------------------------------------


---------- Date: 2026-03-29 10:42:15 ~ IP : 185.179.188.62 ----------
REQUEST URI : /instrukciya-podmotka-kamaz/
MOD DETAILS:
   modFile   : /home/canmotalka/web/can-motalka.ru/public_html/vqmod/xml/lightning.xml
   id        : OpenCart Lightning
   version   : 3.37
   vqmver    : 
   author    : MaxD http://devs.mx

File Name    : system/library/cache.php(0)
VQModObject::applyMod - SEARCH NOT FOUND (SKIPPED): if (is_file(DIR_SYSTEM . 'library/journal3/vendor/SuperCache

----------------------------------------------------------------------


---------- Date: 2026-03-29 10:42:17 ~ IP : 185.179.188.62 ----------
REQUEST URI : /index.php?route=module/popupcart_extended
MOD DETAILS:
   modFile   : /home/canmotalka/web/can-motalka.ru/public_html/vqmod/xml/lightning.xml
   id        : OpenCart Lightning
   version   : 3.37
   vqmver    : 
   author    : MaxD http://devs.mx

File Name    : system/library/cache.php(0)
VQModObject::applyMod - SEARCH NOT FOUND (SKIPPED): if (is_file(DIR_SYSTEM . 'library/journal3/vendor/SuperCache

----------------------------------------------------------------------


---------- Date: 2026-03-29 10:42:40 ~ IP : 185.179.188.62 ----------
REQUEST URI : /podmotka-spidometra-nissan-almera/
MOD DETAILS:
   modFile   : /home/canmotalka/web/can-motalka.ru/public_html/vqmod/xml/lightning.xml
   id        : OpenCart Lightning
   version   : 3.37
   vqmver    : 
   author    : MaxD http://devs.mx

File Name    : system/library/cache.php(0)
VQModObject::applyMod - SEARCH NOT FOUND (SKIPPED): if (is_file(DIR_SYSTEM . 'library/journal3/vendor/SuperCache

----------------------------------------------------------------------


---------- Date: 2026-03-29 10:44:17 ~ IP : 185.179.188.62 ----------
REQUEST URI : /manuals/?ysclid=mnbgdxkuza390045489
MOD DETAILS:
   modFile   : /home/canmotalka/web/can-motalka.ru/public_html/vqmod/xml/lightning.xml
   id        : OpenCart Lightning
   version   : 3.37
   vqmver    : 
   author    : MaxD http://devs.mx

File Name    : system/library/cache.php(0)
VQModObject::applyMod - SEARCH NOT FOUND (SKIPPED): if (is_file(DIR_SYSTEM . 'library/journal3/vendor/SuperCache

----------------------------------------------------------------------


---------- Date: 2026-03-29 10:44:20 ~ IP : 185.179.188.62 ----------
REQUEST URI : /gazelle_biz_manual/
MOD DETAILS:
   modFile   : /home/canmotalka/web/can-motalka.ru/public_html/vqmod/xml/lightning.xml
   id        : OpenCart Lightning
   version   : 3.37
   vqmver    : 
   author    : MaxD http://devs.mx

File Name    : system/library/cache.php(0)
VQModObject::applyMod - SEARCH NOT FOUND (SKIPPED): if (is_file(DIR_SYSTEM . 'library/journal3/vendor/SuperCache

----------------------------------------------------------------------


---------- Date: 2026-03-29 10:44:26 ~ IP : 185.179.188.62 ----------
REQUEST URI : /index.php?route=module/popupcart_extended
MOD DETAILS:
   modFile   : /home/canmotalka/web/can-motalka.ru/public_html/vqmod/xml/lightning.xml
   id        : OpenCart Lightning
   version   : 3.37
   vqmver    : 
   author    : MaxD http://devs.mx

File Name    : system/library/cache.php(0)
VQModObject::applyMod - SEARCH NOT FOUND (SKIPPED): if (is_file(DIR_SYSTEM . 'library/journal3/vendor/SuperCache

----------------------------------------------------------------------


---------- Date: 2026-03-29 10:49:07 ~ IP : 185.179.188.62 ----------
REQUEST URI : /setting_php/tadalafil-20/795-sildenafil-100-cena-korolev
MOD DETAILS:
   modFile   : /home/canmotalka/web/can-motalka.ru/public_html/vqmod/xml/lightning.xml
   id        : OpenCart Lightning
   version   : 3.37
   vqmver    : 
   author    : MaxD http://devs.mx

File Name    : system/library/cache.php(0)
VQModObject::applyMod - SEARCH NOT FOUND (SKIPPED): if (is_file(DIR_SYSTEM . 'library/journal3/vendor/SuperCache

----------------------------------------------------------------------


---------- Date: 2026-03-29 10:50:22 ~ IP : 185.179.188.62 ----------
REQUEST URI : /setting_php/uluchshenie-potencii/576-yabloki-pri-pielonefrite
MOD DETAILS:
   modFile   : /home/canmotalka/web/can-motalka.ru/public_html/vqmod/xml/lightning.xml
   id        : OpenCart Lightning
   version   : 3.37
   vqmver    : 
   author    : MaxD http://devs.mx

File Name    : system/library/cache.php(0)
VQModObject::applyMod - SEARCH NOT FOUND (SKIPPED): if (is_file(DIR_SYSTEM . 'library/journal3/vendor/SuperCache

----------------------------------------------------------------------


---------- Date: 2026-03-29 10:52:34 ~ IP : 185.179.188.62 ----------
REQUEST URI : /motalki/
MOD DETAILS:
   modFile   : /home/canmotalka/web/can-motalka.ru/public_html/vqmod/xml/lightning.xml
   id        : OpenCart Lightning
   version   : 3.37
   vqmver    : 
   author    : MaxD http://devs.mx

File Name    : system/library/cache.php(0)
VQModObject::applyMod - SEARCH NOT FOUND (SKIPPED): if (is_file(DIR_SYSTEM . 'library/journal3/vendor/SuperCache

----------------------------------------------------------------------


---------- Date: 2026-03-29 11:02:48 ~ IP : 185.179.188.62 ----------
REQUEST URI : /setting_php/dapoksetin/859-zakaz-super-forsa-gamburg/
MOD DETAILS:
   modFile   : /home/canmotalka/web/can-motalka.ru/public_html/vqmod/xml/lightning.xml
   id        : OpenCart Lightning
   version   : 3.37
   vqmver    : 
   author    : MaxD http://devs.mx

File Name    : system/library/cache.php(0)
VQModObject::applyMod - SEARCH NOT FOUND (SKIPPED): if (is_file(DIR_SYSTEM . 'library/journal3/vendor/SuperCache

----------------------------------------------------------------------


---------- Date: 2026-03-29 11:03:01 ~ IP : 185.179.188.62 ----------
REQUEST URI : /podmotka-spidometra-niva-travel/
MOD DETAILS:
   modFile   : /home/canmotalka/web/can-motalka.ru/public_html/vqmod/xml/lightning.xml
   id        : OpenCart Lightning
   version   : 3.37
   vqmver    : 
   author    : MaxD http://devs.mx

File Name    : system/library/cache.php(0)
VQModObject::applyMod - SEARCH NOT FOUND (SKIPPED): if (is_file(DIR_SYSTEM . 'library/journal3/vendor/SuperCache

----------------------------------------------------------------------


---------- Date: 2026-03-29 11:03:50 ~ IP : 185.179.188.62 ----------
REQUEST URI : /podmotka-spidometra-na-shkoda-oktaviya/
MOD DETAILS:
   modFile   : /home/canmotalka/web/can-motalka.ru/public_html/vqmod/xml/lightning.xml
   id        : OpenCart Lightning
   version   : 3.37
   vqmver    : 
   author    : MaxD http://devs.mx

File Name    : system/library/cache.php(0)
VQModObject::applyMod - SEARCH NOT FOUND (SKIPPED): if (is_file(DIR_SYSTEM . 'library/journal3/vendor/SuperCache

----------------------------------------------------------------------


---------- Date: 2026-03-29 11:10:46 ~ IP : 185.179.188.62 ----------
REQUEST URI : /patriot_re/
MOD DETAILS:
   modFile   : /home/canmotalka/web/can-motalka.ru/public_html/vqmod/xml/lightning.xml
   id        : OpenCart Lightning
   version   : 3.37
   vqmver    : 
   author    : MaxD http://devs.mx

File Name    : system/library/cache.php(0)
VQModObject::applyMod - SEARCH NOT FOUND (SKIPPED): if (is_file(DIR_SYSTEM . 'library/journal3/vendor/SuperCache

----------------------------------------------------------------------


---------- Date: 2026-03-29 11:10:47 ~ IP : 185.179.188.62 ----------
REQUEST URI : /index.php?route=module/popupcart_extended
MOD DETAILS:
   modFile   : /home/canmotalka/web/can-motalka.ru/public_html/vqmod/xml/lightning.xml
   id        : OpenCart Lightning
   version   : 3.37
   vqmver    : 
   author    : MaxD http://devs.mx

File Name    : system/library/cache.php(0)
VQModObject::applyMod - SEARCH NOT FOUND (SKIPPED): if (is_file(DIR_SYSTEM . 'library/journal3/vendor/SuperCache

----------------------------------------------------------------------


---------- Date: 2026-03-29 11:13:16 ~ IP : 185.179.188.62 ----------
REQUEST URI : /podmotka-spidometra-niva2020/
MOD DETAILS:
   modFile   : /home/canmotalka/web/can-motalka.ru/public_html/vqmod/xml/lightning.xml
   id        : OpenCart Lightning
   version   : 3.37
   vqmver    : 
   author    : MaxD http://devs.mx

File Name    : system/library/cache.php(0)
VQModObject::applyMod - SEARCH NOT FOUND (SKIPPED): if (is_file(DIR_SYSTEM . 'library/journal3/vendor/SuperCache

----------------------------------------------------------------------


---------- Date: 2026-03-29 11:13:54 ~ IP : 185.179.188.62 ----------
REQUEST URI : /instrukciya-podmotka-niva-travel-chevrolet/
MOD DETAILS:
   modFile   : /home/canmotalka/web/can-motalka.ru/public_html/vqmod/xml/lightning.xml
   id        : OpenCart Lightning
   version   : 3.37
   vqmver    : 
   author    : MaxD http://devs.mx

File Name    : system/library/cache.php(0)
VQModObject::applyMod - SEARCH NOT FOUND (SKIPPED): if (is_file(DIR_SYSTEM . 'library/journal3/vendor/SuperCache

----------------------------------------------------------------------


---------- Date: 2026-03-29 11:13:54 ~ IP : 185.179.188.62 ----------
REQUEST URI : /index.php?route=module/popupcart_extended
MOD DETAILS:
   modFile   : /home/canmotalka/web/can-motalka.ru/public_html/vqmod/xml/lightning.xml
   id        : OpenCart Lightning
   version   : 3.37
   vqmver    : 
   author    : MaxD http://devs.mx

File Name    : system/library/cache.php(0)
VQModObject::applyMod - SEARCH NOT FOUND (SKIPPED): if (is_file(DIR_SYSTEM . 'library/journal3/vendor/SuperCache

----------------------------------------------------------------------


---------- Date: 2026-03-29 11:14:36 ~ IP : 185.179.188.62 ----------
REQUEST URI : /sitemap.xml
MOD DETAILS:
   modFile   : /home/canmotalka/web/can-motalka.ru/public_html/vqmod/xml/lightning.xml
   id        : OpenCart Lightning
   version   : 3.37
   vqmver    : 
   author    : MaxD http://devs.mx

File Name    : system/library/cache.php(0)
VQModObject::applyMod - SEARCH NOT FOUND (SKIPPED): if (is_file(DIR_SYSTEM . 'library/journal3/vendor/SuperCache

----------------------------------------------------------------------


---------- Date: 2026-03-29 11:17:59 ~ IP : 185.179.188.62 ----------
REQUEST URI : /podmotka_uaz_re/
MOD DETAILS:
   modFile   : /home/canmotalka/web/can-motalka.ru/public_html/vqmod/xml/lightning.xml
   id        : OpenCart Lightning
   version   : 3.37
   vqmver    : 
   author    : MaxD http://devs.mx

File Name    : system/library/cache.php(0)
VQModObject::applyMod - SEARCH NOT FOUND (SKIPPED): if (is_file(DIR_SYSTEM . 'library/journal3/vendor/SuperCache

----------------------------------------------------------------------


---------- Date: 2026-03-29 11:22:12 ~ IP : 185.179.188.62 ----------
REQUEST URI : /podmotka-spidometra-uaz-buhanka/
MOD DETAILS:
   modFile   : /home/canmotalka/web/can-motalka.ru/public_html/vqmod/xml/lightning.xml
   id        : OpenCart Lightning
   version   : 3.37
   vqmver    : 
   author    : MaxD http://devs.mx

File Name    : system/library/cache.php(0)
VQModObject::applyMod - SEARCH NOT FOUND (SKIPPED): if (is_file(DIR_SYSTEM . 'library/journal3/vendor/SuperCache

----------------------------------------------------------------------


---------- Date: 2026-03-29 11:22:13 ~ IP : 185.179.188.62 ----------
REQUEST URI : /index.php?route=product/product/review&amp;product_id=257
MOD DETAILS:
   modFile   : /home/canmotalka/web/can-motalka.ru/public_html/vqmod/xml/lightning.xml
   id        : OpenCart Lightning
   version   : 3.37
   vqmver    : 
   author    : MaxD http://devs.mx

File Name    : system/library/cache.php(0)
VQModObject::applyMod - SEARCH NOT FOUND (SKIPPED): if (is_file(DIR_SYSTEM . 'library/journal3/vendor/SuperCache

----------------------------------------------------------------------


---------- Date: 2026-03-29 11:23:35 ~ IP : 185.179.188.62 ----------
REQUEST URI : /.well-known/traffic-advice
MOD DETAILS:
   modFile   : /home/canmotalka/web/can-motalka.ru/public_html/vqmod/xml/lightning.xml
   id        : OpenCart Lightning
   version   : 3.37
   vqmver    : 
   author    : MaxD http://devs.mx

File Name    : system/library/cache.php(0)
VQModObject::applyMod - SEARCH NOT FOUND (SKIPPED): if (is_file(DIR_SYSTEM . 'library/journal3/vendor/SuperCache

----------------------------------------------------------------------


---------- Date: 2026-03-29 11:23:35 ~ IP : 185.179.188.62 ----------
REQUEST URI : /podmotka-spidometra-gazel-nekst/
MOD DETAILS:
   modFile   : /home/canmotalka/web/can-motalka.ru/public_html/vqmod/xml/lightning.xml
   id        : OpenCart Lightning
   version   : 3.37
   vqmver    : 
   author    : MaxD http://devs.mx

File Name    : system/library/cache.php(0)
VQModObject::applyMod - SEARCH NOT FOUND (SKIPPED): if (is_file(DIR_SYSTEM . 'library/journal3/vendor/SuperCache

----------------------------------------------------------------------


---------- Date: 2026-03-29 11:25:53 ~ IP : 185.179.188.62 ----------
REQUEST URI : /manual-podmotka-toyota-camry-corolla-tlc-rav4/?ysclid=mnbhvgs1qg173177111
MOD DETAILS:
   modFile   : /home/canmotalka/web/can-motalka.ru/public_html/vqmod/xml/lightning.xml
   id        : OpenCart Lightning
   version   : 3.37
   vqmver    : 
   author    : MaxD http://devs.mx

File Name    : system/library/cache.php(0)
VQModObject::applyMod - SEARCH NOT FOUND (SKIPPED): if (is_file(DIR_SYSTEM . 'library/journal3/vendor/SuperCache

----------------------------------------------------------------------


---------- Date: 2026-03-29 11:25:54 ~ IP : 185.179.188.62 ----------
REQUEST URI : /manual-podmotka-toyota-camry-corolla-tlc-rav4/
MOD DETAILS:
   modFile   : /home/canmotalka/web/can-motalka.ru/public_html/vqmod/xml/lightning.xml
   id        : OpenCart Lightning
   version   : 3.37
   vqmver    : 
   author    : MaxD http://devs.mx

File Name    : system/library/cache.php(0)
VQModObject::applyMod - SEARCH NOT FOUND (SKIPPED): if (is_file(DIR_SYSTEM . 'library/journal3/vendor/SuperCache

----------------------------------------------------------------------


---------- Date: 2026-03-29 11:25:54 ~ IP : 185.179.188.62 ----------
REQUEST URI : /index.php?route=module/popupcart_extended
MOD DETAILS:
   modFile   : /home/canmotalka/web/can-motalka.ru/public_html/vqmod/xml/lightning.xml
   id        : OpenCart Lightning
   version   : 3.37
   vqmver    : 
   author    : MaxD http://devs.mx

File Name    : system/library/cache.php(0)
VQModObject::applyMod - SEARCH NOT FOUND (SKIPPED): if (is_file(DIR_SYSTEM . 'library/journal3/vendor/SuperCache

----------------------------------------------------------------------


---------- Date: 2026-03-29 11:26:48 ~ IP : 185.179.188.62 ----------
REQUEST URI : /setting_php/prilidji-60/452-viagra-150-dubna/
MOD DETAILS:
   modFile   : /home/canmotalka/web/can-motalka.ru/public_html/vqmod/xml/lightning.xml
   id        : OpenCart Lightning
   version   : 3.37
   vqmver    : 
   author    : MaxD http://devs.mx

File Name    : system/library/cache.php(0)
VQModObject::applyMod - SEARCH NOT FOUND (SKIPPED): if (is_file(DIR_SYSTEM . 'library/journal3/vendor/SuperCache

----------------------------------------------------------------------


---------- Date: 2026-03-29 11:44:06 ~ IP : 185.179.188.62 ----------
REQUEST URI : /namotchik-probega-dlya-uaz-patriot-konec-do-2016-zelenyy-displey/
MOD DETAILS:
   modFile   : /home/canmotalka/web/can-motalka.ru/public_html/vqmod/xml/lightning.xml
   id        : OpenCart Lightning
   version   : 3.37
   vqmver    : 
   author    : MaxD http://devs.mx

File Name    : system/library/cache.php(0)
VQModObject::applyMod - SEARCH NOT FOUND (SKIPPED): if (is_file(DIR_SYSTEM . 'library/journal3/vendor/SuperCache

----------------------------------------------------------------------


---------- Date: 2026-03-29 11:45:31 ~ IP : 185.179.188.62 ----------
REQUEST URI : /namotchik-probega-dlya-land-rover-discovery/
MOD DETAILS:
   modFile   : /home/canmotalka/web/can-motalka.ru/public_html/vqmod/xml/lightning.xml
   id        : OpenCart Lightning
   version   : 3.37
   vqmver    : 
   author    : MaxD http://devs.mx

File Name    : system/library/cache.php(0)
VQModObject::applyMod - SEARCH NOT FOUND (SKIPPED): if (is_file(DIR_SYSTEM . 'library/journal3/vendor/SuperCache

----------------------------------------------------------------------


---------- Date: 2026-03-29 11:48:06 ~ IP : 185.179.188.62 ----------
REQUEST URI : /patriot_re/?ysclid=mnbio0elbr720160141
MOD DETAILS:
   modFile   : /home/canmotalka/web/can-motalka.ru/public_html/vqmod/xml/lightning.xml
   id        : OpenCart Lightning
   version   : 3.37
   vqmver    : 
   author    : MaxD http://devs.mx

File Name    : system/library/cache.php(0)
VQModObject::applyMod - SEARCH NOT FOUND (SKIPPED): if (is_file(DIR_SYSTEM . 'library/journal3/vendor/SuperCache

----------------------------------------------------------------------


---------- Date: 2026-03-29 11:48:07 ~ IP : 185.179.188.62 ----------
REQUEST URI : /patriot_re/
MOD DETAILS:
   modFile   : /home/canmotalka/web/can-motalka.ru/public_html/vqmod/xml/lightning.xml
   id        : OpenCart Lightning
   version   : 3.37
   vqmver    : 
   author    : MaxD http://devs.mx

File Name    : system/library/cache.php(0)
VQModObject::applyMod - SEARCH NOT FOUND (SKIPPED): if (is_file(DIR_SYSTEM . 'library/journal3/vendor/SuperCache

----------------------------------------------------------------------


---------- Date: 2026-03-29 11:48:08 ~ IP : 185.179.188.62 ----------
REQUEST URI : /index.php?route=module/popupcart_extended
MOD DETAILS:
   modFile   : /home/canmotalka/web/can-motalka.ru/public_html/vqmod/xml/lightning.xml
   id        : OpenCart Lightning
   version   : 3.37
   vqmver    : 
   author    : MaxD http://devs.mx

File Name    : system/library/cache.php(0)
VQModObject::applyMod - SEARCH NOT FOUND (SKIPPED): if (is_file(DIR_SYSTEM . 'library/journal3/vendor/SuperCache

----------------------------------------------------------------------


---------- Date: 2026-03-29 11:48:47 ~ IP : 185.179.188.62 ----------
REQUEST URI : /podmotka-spidometra-largus/
MOD DETAILS:
   modFile   : /home/canmotalka/web/can-motalka.ru/public_html/vqmod/xml/lightning.xml
   id        : OpenCart Lightning
   version   : 3.37
   vqmver    : 
   author    : MaxD http://devs.mx

File Name    : system/library/cache.php(0)
VQModObject::applyMod - SEARCH NOT FOUND (SKIPPED): if (is_file(DIR_SYSTEM . 'library/journal3/vendor/SuperCache

----------------------------------------------------------------------


---------- Date: 2026-03-29 11:49:56 ~ IP : 185.179.188.62 ----------
REQUEST URI : /podmotka-spidometra-dlya-ford-exploer/
MOD DETAILS:
   modFile   : /home/canmotalka/web/can-motalka.ru/public_html/vqmod/xml/lightning.xml
   id        : OpenCart Lightning
   version   : 3.37
   vqmver    : 
   author    : MaxD http://devs.mx

File Name    : system/library/cache.php(0)
VQModObject::applyMod - SEARCH NOT FOUND (SKIPPED): if (is_file(DIR_SYSTEM . 'library/journal3/vendor/SuperCache

----------------------------------------------------------------------


---------- Date: 2026-03-29 11:50:57 ~ IP : 185.179.188.62 ----------
REQUEST URI : /podmotka-spidometra-gazel-nekst/
MOD DETAILS:
   modFile   : /home/canmotalka/web/can-motalka.ru/public_html/vqmod/xml/lightning.xml
   id        : OpenCart Lightning
   version   : 3.37
   vqmver    : 
   author    : MaxD http://devs.mx

File Name    : system/library/cache.php(0)
VQModObject::applyMod - SEARCH NOT FOUND (SKIPPED): if (is_file(DIR_SYSTEM . 'library/journal3/vendor/SuperCache

----------------------------------------------------------------------


---------- Date: 2026-03-29 11:52:35 ~ IP : 185.179.188.62 ----------
REQUEST URI : /podmotka-spidometra-citroen-jumper/
MOD DETAILS:
   modFile   : /home/canmotalka/web/can-motalka.ru/public_html/vqmod/xml/lightning.xml
   id        : OpenCart Lightning
   version   : 3.37
   vqmver    : 
   author    : MaxD http://devs.mx

File Name    : system/library/cache.php(0)
VQModObject::applyMod - SEARCH NOT FOUND (SKIPPED): if (is_file(DIR_SYSTEM . 'library/journal3/vendor/SuperCache

----------------------------------------------------------------------


---------- Date: 2026-03-29 11:52:35 ~ IP : 185.179.188.62 ----------
REQUEST URI : /index.php?route=product/product/review&amp;product_id=88
MOD DETAILS:
   modFile   : /home/canmotalka/web/can-motalka.ru/public_html/vqmod/xml/lightning.xml
   id        : OpenCart Lightning
   version   : 3.37
   vqmver    : 
   author    : MaxD http://devs.mx

File Name    : system/library/cache.php(0)
VQModObject::applyMod - SEARCH NOT FOUND (SKIPPED): if (is_file(DIR_SYSTEM . 'library/journal3/vendor/SuperCache

----------------------------------------------------------------------


---------- Date: 2026-03-29 11:52:35 ~ IP : 185.179.188.62 ----------
REQUEST URI : /index.php?route=module/popupcart_extended
MOD DETAILS:
   modFile   : /home/canmotalka/web/can-motalka.ru/public_html/vqmod/xml/lightning.xml
   id        : OpenCart Lightning
   version   : 3.37
   vqmver    : 
   author    : MaxD http://devs.mx

File Name    : system/library/cache.php(0)
VQModObject::applyMod - SEARCH NOT FOUND (SKIPPED): if (is_file(DIR_SYSTEM . 'library/journal3/vendor/SuperCache

----------------------------------------------------------------------


---------- Date: 2026-03-29 11:52:40 ~ IP : 185.179.188.62 ----------
REQUEST URI : /instrukciya-dlya-podmotki-lada-largus-2021/
MOD DETAILS:
   modFile   : /home/canmotalka/web/can-motalka.ru/public_html/vqmod/xml/lightning.xml
   id        : OpenCart Lightning
   version   : 3.37
   vqmver    : 
   author    : MaxD http://devs.mx

File Name    : system/library/cache.php(0)
VQModObject::applyMod - SEARCH NOT FOUND (SKIPPED): if (is_file(DIR_SYSTEM . 'library/journal3/vendor/SuperCache

----------------------------------------------------------------------


---------- Date: 2026-03-29 12:03:45 ~ IP : 185.179.188.62 ----------
REQUEST URI : /index.php?route=module/popupcart_extended
MOD DETAILS:
   modFile   : /home/canmotalka/web/can-motalka.ru/public_html/vqmod/xml/lightning.xml
   id        : OpenCart Lightning
   version   : 3.37
   vqmver    : 
   author    : MaxD http://devs.mx

File Name    : system/library/cache.php(0)
VQModObject::applyMod - SEARCH NOT FOUND (SKIPPED): if (is_file(DIR_SYSTEM . 'library/journal3/vendor/SuperCache

----------------------------------------------------------------------


---------- Date: 2026-03-29 12:07:20 ~ IP : 185.179.188.62 ----------
REQUEST URI : /namotchik-probega-dlya-bmw-x3/
MOD DETAILS:
   modFile   : /home/canmotalka/web/can-motalka.ru/public_html/vqmod/xml/lightning.xml
   id        : OpenCart Lightning
   version   : 3.37
   vqmver    : 
   author    : MaxD http://devs.mx

File Name    : system/library/cache.php(0)
VQModObject::applyMod - SEARCH NOT FOUND (SKIPPED): if (is_file(DIR_SYSTEM . 'library/journal3/vendor/SuperCache

----------------------------------------------------------------------


---------- Date: 2026-03-29 12:08:36 ~ IP : 185.179.188.62 ----------
REQUEST URI : /namotchik-probega-dlya-audi-a8/
MOD DETAILS:
   modFile   : /home/canmotalka/web/can-motalka.ru/public_html/vqmod/xml/lightning.xml
   id        : OpenCart Lightning
   version   : 3.37
   vqmver    : 
   author    : MaxD http://devs.mx

File Name    : system/library/cache.php(0)
VQModObject::applyMod - SEARCH NOT FOUND (SKIPPED): if (is_file(DIR_SYSTEM . 'library/journal3/vendor/SuperCache

----------------------------------------------------------------------


---------- Date: 2026-03-29 12:08:52 ~ IP : 185.179.188.62 ----------
REQUEST URI : /index.php?route=product/product/review&amp;product_id=235
MOD DETAILS:
   modFile   : /home/canmotalka/web/can-motalka.ru/public_html/vqmod/xml/lightning.xml
   id        : OpenCart Lightning
   version   : 3.37
   vqmver    : 
   author    : MaxD http://devs.mx

File Name    : system/library/cache.php(0)
VQModObject::applyMod - SEARCH NOT FOUND (SKIPPED): if (is_file(DIR_SYSTEM . 'library/journal3/vendor/SuperCache

----------------------------------------------------------------------


---------- Date: 2026-03-29 12:09:01 ~ IP : 185.179.188.62 ----------
REQUEST URI : /index.php?route=module/popupcart_extended
MOD DETAILS:
   modFile   : /home/canmotalka/web/can-motalka.ru/public_html/vqmod/xml/lightning.xml
   id        : OpenCart Lightning
   version   : 3.37
   vqmver    : 
   author    : MaxD http://devs.mx

File Name    : system/library/cache.php(0)
VQModObject::applyMod - SEARCH NOT FOUND (SKIPPED): if (is_file(DIR_SYSTEM . 'library/journal3/vendor/SuperCache

----------------------------------------------------------------------


---------- Date: 2026-03-29 12:09:27 ~ IP : 185.179.188.62 ----------
REQUEST URI : /granta_video_manual/?ysclid=mnbjfgqjub231412825
MOD DETAILS:
   modFile   : /home/canmotalka/web/can-motalka.ru/public_html/vqmod/xml/lightning.xml
   id        : OpenCart Lightning
   version   : 3.37
   vqmver    : 
   author    : MaxD http://devs.mx

File Name    : system/library/cache.php(0)
VQModObject::applyMod - SEARCH NOT FOUND (SKIPPED): if (is_file(DIR_SYSTEM . 'library/journal3/vendor/SuperCache

----------------------------------------------------------------------


---------- Date: 2026-03-29 12:09:27 ~ IP : 185.179.188.62 ----------
REQUEST URI : /granta_video_manual/
MOD DETAILS:
   modFile   : /home/canmotalka/web/can-motalka.ru/public_html/vqmod/xml/lightning.xml
   id        : OpenCart Lightning
   version   : 3.37
   vqmver    : 
   author    : MaxD http://devs.mx

File Name    : system/library/cache.php(0)
VQModObject::applyMod - SEARCH NOT FOUND (SKIPPED): if (is_file(DIR_SYSTEM . 'library/journal3/vendor/SuperCache

----------------------------------------------------------------------


---------- Date: 2026-03-29 12:09:32 ~ IP : 185.179.188.62 ----------
REQUEST URI : /index.php?route=module/popupcart_extended
MOD DETAILS:
   modFile   : /home/canmotalka/web/can-motalka.ru/public_html/vqmod/xml/lightning.xml
   id        : OpenCart Lightning
   version   : 3.37
   vqmver    : 
   author    : MaxD http://devs.mx

File Name    : system/library/cache.php(0)
VQModObject::applyMod - SEARCH NOT FOUND (SKIPPED): if (is_file(DIR_SYSTEM . 'library/journal3/vendor/SuperCache

----------------------------------------------------------------------


---------- Date: 2026-03-29 12:14:51 ~ IP : 185.179.188.62 ----------
REQUEST URI : /podmotka-spidometra-lada-granta-za-3000r/
MOD DETAILS:
   modFile   : /home/canmotalka/web/can-motalka.ru/public_html/vqmod/xml/lightning.xml
   id        : OpenCart Lightning
   version   : 3.37
   vqmver    : 
   author    : MaxD http://devs.mx

File Name    : system/library/cache.php(0)
VQModObject::applyMod - SEARCH NOT FOUND (SKIPPED): if (is_file(DIR_SYSTEM . 'library/journal3/vendor/SuperCache

----------------------------------------------------------------------


---------- Date: 2026-03-29 12:19:52 ~ IP : 185.179.188.62 ----------
REQUEST URI : /sitemap.xml
MOD DETAILS:
   modFile   : /home/canmotalka/web/can-motalka.ru/public_html/vqmod/xml/lightning.xml
   id        : OpenCart Lightning
   version   : 3.37
   vqmver    : 
   author    : MaxD http://devs.mx

File Name    : system/library/cache.php(0)
VQModObject::applyMod - SEARCH NOT FOUND (SKIPPED): if (is_file(DIR_SYSTEM . 'library/journal3/vendor/SuperCache

----------------------------------------------------------------------


---------- Date: 2026-03-29 12:23:28 ~ IP : 185.179.188.62 ----------
REQUEST URI : /podmotka-spidometra-henday-staria/
MOD DETAILS:
   modFile   : /home/canmotalka/web/can-motalka.ru/public_html/vqmod/xml/lightning.xml
   id        : OpenCart Lightning
   version   : 3.37
   vqmver    : 
   author    : MaxD http://devs.mx

File Name    : system/library/cache.php(0)
VQModObject::applyMod - SEARCH NOT FOUND (SKIPPED): if (is_file(DIR_SYSTEM . 'library/journal3/vendor/SuperCache

----------------------------------------------------------------------


---------- Date: 2026-03-29 12:23:45 ~ IP : 185.179.188.62 ----------
REQUEST URI : /.well-known/traffic-advice
MOD DETAILS:
   modFile   : /home/canmotalka/web/can-motalka.ru/public_html/vqmod/xml/lightning.xml
   id        : OpenCart Lightning
   version   : 3.37
   vqmver    : 
   author    : MaxD http://devs.mx

File Name    : system/library/cache.php(0)
VQModObject::applyMod - SEARCH NOT FOUND (SKIPPED): if (is_file(DIR_SYSTEM . 'library/journal3/vendor/SuperCache

----------------------------------------------------------------------


---------- Date: 2026-03-29 12:23:45 ~ IP : 185.179.188.62 ----------
REQUEST URI : /podmotka-spidometra-chevrolet-cruze/
MOD DETAILS:
   modFile   : /home/canmotalka/web/can-motalka.ru/public_html/vqmod/xml/lightning.xml
   id        : OpenCart Lightning
   version   : 3.37
   vqmver    : 
   author    : MaxD http://devs.mx

File Name    : system/library/cache.php(0)
VQModObject::applyMod - SEARCH NOT FOUND (SKIPPED): if (is_file(DIR_SYSTEM . 'library/journal3/vendor/SuperCache

----------------------------------------------------------------------


---------- Date: 2026-03-29 12:24:08 ~ IP : 185.179.188.62 ----------
REQUEST URI : /otzyvy/?page=11
MOD DETAILS:
   modFile   : /home/canmotalka/web/can-motalka.ru/public_html/vqmod/xml/lightning.xml
   id        : OpenCart Lightning
   version   : 3.37
   vqmver    : 
   author    : MaxD http://devs.mx

File Name    : system/library/cache.php(0)
VQModObject::applyMod - SEARCH NOT FOUND (SKIPPED): if (is_file(DIR_SYSTEM . 'library/journal3/vendor/SuperCache

----------------------------------------------------------------------


---------- Date: 2026-03-29 12:28:12 ~ IP : 185.179.188.62 ----------
REQUEST URI : /namotchik-probega-dlya-renault-master/
MOD DETAILS:
   modFile   : /home/canmotalka/web/can-motalka.ru/public_html/vqmod/xml/lightning.xml
   id        : OpenCart Lightning
   version   : 3.37
   vqmver    : 
   author    : MaxD http://devs.mx

File Name    : system/library/cache.php(0)
VQModObject::applyMod - SEARCH NOT FOUND (SKIPPED): if (is_file(DIR_SYSTEM . 'library/journal3/vendor/SuperCache

----------------------------------------------------------------------


---------- Date: 2026-03-29 12:28:15 ~ IP : 185.179.188.62 ----------
REQUEST URI : /setting_php/dapoksetin-60/501-suhagra-analog-viborg/
MOD DETAILS:
   modFile   : /home/canmotalka/web/can-motalka.ru/public_html/vqmod/xml/lightning.xml
   id        : OpenCart Lightning
   version   : 3.37
   vqmver    : 
   author    : MaxD http://devs.mx

File Name    : system/library/cache.php(0)
VQModObject::applyMod - SEARCH NOT FOUND (SKIPPED): if (is_file(DIR_SYSTEM . 'library/journal3/vendor/SuperCache

----------------------------------------------------------------------


---------- Date: 2026-03-29 12:28:16 ~ IP : 185.179.188.62 ----------
REQUEST URI : /index.php?route=module/popupcart_extended
MOD DETAILS:
   modFile   : /home/canmotalka/web/can-motalka.ru/public_html/vqmod/xml/lightning.xml
   id        : OpenCart Lightning
   version   : 3.37
   vqmver    : 
   author    : MaxD http://devs.mx

File Name    : system/library/cache.php(0)
VQModObject::applyMod - SEARCH NOT FOUND (SKIPPED): if (is_file(DIR_SYSTEM . 'library/journal3/vendor/SuperCache

----------------------------------------------------------------------


---------- Date: 2026-03-29 12:28:17 ~ IP : 185.179.188.62 ----------
REQUEST URI : /index.php?route=module/popupcart_extended
MOD DETAILS:
   modFile   : /home/canmotalka/web/can-motalka.ru/public_html/vqmod/xml/lightning.xml
   id        : OpenCart Lightning
   version   : 3.37
   vqmver    : 
   author    : MaxD http://devs.mx

File Name    : system/library/cache.php(0)
VQModObject::applyMod - SEARCH NOT FOUND (SKIPPED): if (is_file(DIR_SYSTEM . 'library/journal3/vendor/SuperCache

----------------------------------------------------------------------


---------- Date: 2026-03-29 12:31:45 ~ IP : 185.179.188.62 ----------
REQUEST URI : /setting_php/dapoksetin-60/501-suhagra-analog-viborg/
MOD DETAILS:
   modFile   : /home/canmotalka/web/can-motalka.ru/public_html/vqmod/xml/lightning.xml
   id        : OpenCart Lightning
   version   : 3.37
   vqmver    : 
   author    : MaxD http://devs.mx

File Name    : system/library/cache.php(0)
VQModObject::applyMod - SEARCH NOT FOUND (SKIPPED): if (is_file(DIR_SYSTEM . 'library/journal3/vendor/SuperCache

----------------------------------------------------------------------


---------- Date: 2026-03-29 12:42:40 ~ IP : 185.179.188.62 ----------
REQUEST URI : /podmotka-spidometra-hyundai-h1/
MOD DETAILS:
   modFile   : /home/canmotalka/web/can-motalka.ru/public_html/vqmod/xml/lightning.xml
   id        : OpenCart Lightning
   version   : 3.37
   vqmver    : 
   author    : MaxD http://devs.mx

File Name    : system/library/cache.php(0)
VQModObject::applyMod - SEARCH NOT FOUND (SKIPPED): if (is_file(DIR_SYSTEM . 'library/journal3/vendor/SuperCache

----------------------------------------------------------------------


---------- Date: 2026-03-29 12:46:05 ~ IP : 185.179.188.62 ----------
REQUEST URI : /podmotka-spidometra-gazel-v-prikurivatel/
MOD DETAILS:
   modFile   : /home/canmotalka/web/can-motalka.ru/public_html/vqmod/xml/lightning.xml
   id        : OpenCart Lightning
   version   : 3.37
   vqmver    : 
   author    : MaxD http://devs.mx

File Name    : system/library/cache.php(0)
VQModObject::applyMod - SEARCH NOT FOUND (SKIPPED): if (is_file(DIR_SYSTEM . 'library/journal3/vendor/SuperCache

----------------------------------------------------------------------


---------- Date: 2026-03-29 12:51:46 ~ IP : 185.179.188.62 ----------
REQUEST URI : /podmotka-krutilka-spidometra-gazel-biznes-benzin-evotec-ili-cummins/
MOD DETAILS:
   modFile   : /home/canmotalka/web/can-motalka.ru/public_html/vqmod/xml/lightning.xml
   id        : OpenCart Lightning
   version   : 3.37
   vqmver    : 
   author    : MaxD http://devs.mx

File Name    : system/library/cache.php(0)
VQModObject::applyMod - SEARCH NOT FOUND (SKIPPED): if (is_file(DIR_SYSTEM . 'library/journal3/vendor/SuperCache

----------------------------------------------------------------------


---------- Date: 2026-03-29 12:52:31 ~ IP : 185.179.188.62 ----------
REQUEST URI : /sitemap.xml
MOD DETAILS:
   modFile   : /home/canmotalka/web/can-motalka.ru/public_html/vqmod/xml/lightning.xml
   id        : OpenCart Lightning
   version   : 3.37
   vqmver    : 
   author    : MaxD http://devs.mx

File Name    : system/library/cache.php(0)
VQModObject::applyMod - SEARCH NOT FOUND (SKIPPED): if (is_file(DIR_SYSTEM . 'library/journal3/vendor/SuperCache

----------------------------------------------------------------------


---------- Date: 2026-03-29 12:52:32 ~ IP : 185.179.188.62 ----------
REQUEST URI : /index.php?route=feed/google_sitemap_fast
MOD DETAILS:
   modFile   : /home/canmotalka/web/can-motalka.ru/public_html/vqmod/xml/lightning.xml
   id        : OpenCart Lightning
   version   : 3.37
   vqmver    : 
   author    : MaxD http://devs.mx

File Name    : system/library/cache.php(0)
VQModObject::applyMod - SEARCH NOT FOUND (SKIPPED): if (is_file(DIR_SYSTEM . 'library/journal3/vendor/SuperCache

----------------------------------------------------------------------


---------- Date: 2026-03-29 12:59:07 ~ IP : 185.179.188.62 ----------
REQUEST URI : /cron__/alcar-750/310-kak-mne-vzyat-peptid-gonadorelin
MOD DETAILS:
   modFile   : /home/canmotalka/web/can-motalka.ru/public_html/vqmod/xml/lightning.xml
   id        : OpenCart Lightning
   version   : 3.37
   vqmver    : 
   author    : MaxD http://devs.mx

File Name    : system/library/cache.php(0)
VQModObject::applyMod - SEARCH NOT FOUND (SKIPPED): if (is_file(DIR_SYSTEM . 'library/journal3/vendor/SuperCache

----------------------------------------------------------------------


---------- Date: 2026-03-29 13:06:57 ~ IP : 185.179.188.62 ----------
REQUEST URI : /podmotka-spidometra-vesta/
MOD DETAILS:
   modFile   : /home/canmotalka/web/can-motalka.ru/public_html/vqmod/xml/lightning.xml
   id        : OpenCart Lightning
   version   : 3.37
   vqmver    : 
   author    : MaxD http://devs.mx

File Name    : system/library/cache.php(0)
VQModObject::applyMod - SEARCH NOT FOUND (SKIPPED): if (is_file(DIR_SYSTEM . 'library/journal3/vendor/SuperCache

----------------------------------------------------------------------


---------- Date: 2026-03-29 13:06:58 ~ IP : 185.179.188.62 ----------
REQUEST URI : /index.php?route=product/product/review&amp;product_id=247
MOD DETAILS:
   modFile   : /home/canmotalka/web/can-motalka.ru/public_html/vqmod/xml/lightning.xml
   id        : OpenCart Lightning
   version   : 3.37
   vqmver    : 
   author    : MaxD http://devs.mx

File Name    : system/library/cache.php(0)
VQModObject::applyMod - SEARCH NOT FOUND (SKIPPED): if (is_file(DIR_SYSTEM . 'library/journal3/vendor/SuperCache

----------------------------------------------------------------------


---------- Date: 2026-03-29 13:06:58 ~ IP : 185.179.188.62 ----------
REQUEST URI : /index.php?route=module/popupcart_extended
MOD DETAILS:
   modFile   : /home/canmotalka/web/can-motalka.ru/public_html/vqmod/xml/lightning.xml
   id        : OpenCart Lightning
   version   : 3.37
   vqmver    : 
   author    : MaxD http://devs.mx

File Name    : system/library/cache.php(0)
VQModObject::applyMod - SEARCH NOT FOUND (SKIPPED): if (is_file(DIR_SYSTEM . 'library/journal3/vendor/SuperCache

----------------------------------------------------------------------


---------- Date: 2026-03-29 13:10:12 ~ IP : 185.179.188.62 ----------
REQUEST URI : /instrukciya-podmotka-niva-travel-chevrolet/?ysclid=mnbln3wiyw351377582
MOD DETAILS:
   modFile   : /home/canmotalka/web/can-motalka.ru/public_html/vqmod/xml/lightning.xml
   id        : OpenCart Lightning
   version   : 3.37
   vqmver    : 
   author    : MaxD http://devs.mx

File Name    : system/library/cache.php(0)
VQModObject::applyMod - SEARCH NOT FOUND (SKIPPED): if (is_file(DIR_SYSTEM . 'library/journal3/vendor/SuperCache

----------------------------------------------------------------------


---------- Date: 2026-03-29 13:10:13 ~ IP : 185.179.188.62 ----------
REQUEST URI : /instrukciya-podmotka-niva-travel-chevrolet/
MOD DETAILS:
   modFile   : /home/canmotalka/web/can-motalka.ru/public_html/vqmod/xml/lightning.xml
   id        : OpenCart Lightning
   version   : 3.37
   vqmver    : 
   author    : MaxD http://devs.mx

File Name    : system/library/cache.php(0)
VQModObject::applyMod - SEARCH NOT FOUND (SKIPPED): if (is_file(DIR_SYSTEM . 'library/journal3/vendor/SuperCache

----------------------------------------------------------------------


---------- Date: 2026-03-29 13:10:13 ~ IP : 185.179.188.62 ----------
REQUEST URI : /index.php?route=module/popupcart_extended
MOD DETAILS:
   modFile   : /home/canmotalka/web/can-motalka.ru/public_html/vqmod/xml/lightning.xml
   id        : OpenCart Lightning
   version   : 3.37
   vqmver    : 
   author    : MaxD http://devs.mx

File Name    : system/library/cache.php(0)
VQModObject::applyMod - SEARCH NOT FOUND (SKIPPED): if (is_file(DIR_SYSTEM . 'library/journal3/vendor/SuperCache

----------------------------------------------------------------------


---------- Date: 2026-03-29 13:15:15 ~ IP : 185.179.188.62 ----------
REQUEST URI : /podmotka-spidometra-ford-mondeo-4/
MOD DETAILS:
   modFile   : /home/canmotalka/web/can-motalka.ru/public_html/vqmod/xml/lightning.xml
   id        : OpenCart Lightning
   version   : 3.37
   vqmver    : 
   author    : MaxD http://devs.mx

File Name    : system/library/cache.php(0)
VQModObject::applyMod - SEARCH NOT FOUND (SKIPPED): if (is_file(DIR_SYSTEM . 'library/journal3/vendor/SuperCache

----------------------------------------------------------------------


---------- Date: 2026-03-29 13:15:16 ~ IP : 185.179.188.62 ----------
REQUEST URI : /index.php?route=product/product/review&amp;product_id=55
MOD DETAILS:
   modFile   : /home/canmotalka/web/can-motalka.ru/public_html/vqmod/xml/lightning.xml
   id        : OpenCart Lightning
   version   : 3.37
   vqmver    : 
   author    : MaxD http://devs.mx

File Name    : system/library/cache.php(0)
VQModObject::applyMod - SEARCH NOT FOUND (SKIPPED): if (is_file(DIR_SYSTEM . 'library/journal3/vendor/SuperCache

----------------------------------------------------------------------


---------- Date: 2026-03-29 13:15:16 ~ IP : 185.179.188.62 ----------
REQUEST URI : /index.php?route=module/popupcart_extended
MOD DETAILS:
   modFile   : /home/canmotalka/web/can-motalka.ru/public_html/vqmod/xml/lightning.xml
   id        : OpenCart Lightning
   version   : 3.37
   vqmver    : 
   author    : MaxD http://devs.mx

File Name    : system/library/cache.php(0)
VQModObject::applyMod - SEARCH NOT FOUND (SKIPPED): if (is_file(DIR_SYSTEM . 'library/journal3/vendor/SuperCache

----------------------------------------------------------------------


---------- Date: 2026-03-29 13:17:13 ~ IP : 185.179.188.62 ----------
REQUEST URI : /podmotka-spidometra-ford-mondeo-4/
MOD DETAILS:
   modFile   : /home/canmotalka/web/can-motalka.ru/public_html/vqmod/xml/lightning.xml
   id        : OpenCart Lightning
   version   : 3.37
   vqmver    : 
   author    : MaxD http://devs.mx

File Name    : system/library/cache.php(0)
VQModObject::applyMod - SEARCH NOT FOUND (SKIPPED): if (is_file(DIR_SYSTEM . 'library/journal3/vendor/SuperCache

----------------------------------------------------------------------


---------- Date: 2026-03-29 13:19:34 ~ IP : 185.179.188.62 ----------
REQUEST URI : /test/?ysclid=mnblxo4dkt792931829
MOD DETAILS:
   modFile   : /home/canmotalka/web/can-motalka.ru/public_html/vqmod/xml/lightning.xml
   id        : OpenCart Lightning
   version   : 3.37
   vqmver    : 
   author    : MaxD http://devs.mx

File Name    : system/library/cache.php(0)
VQModObject::applyMod - SEARCH NOT FOUND (SKIPPED): if (is_file(DIR_SYSTEM . 'library/journal3/vendor/SuperCache

----------------------------------------------------------------------


---------- Date: 2026-03-29 13:27:57 ~ IP : 185.179.188.62 ----------
REQUEST URI : /.well-known/traffic-advice
MOD DETAILS:
   modFile   : /home/canmotalka/web/can-motalka.ru/public_html/vqmod/xml/lightning.xml
   id        : OpenCart Lightning
   version   : 3.37
   vqmver    : 
   author    : MaxD http://devs.mx

File Name    : system/library/cache.php(0)
VQModObject::applyMod - SEARCH NOT FOUND (SKIPPED): if (is_file(DIR_SYSTEM . 'library/journal3/vendor/SuperCache

----------------------------------------------------------------------


---------- Date: 2026-03-29 13:27:57 ~ IP : 185.179.188.62 ----------
REQUEST URI : /podmotka-spidometra-haval-f7/
MOD DETAILS:
   modFile   : /home/canmotalka/web/can-motalka.ru/public_html/vqmod/xml/lightning.xml
   id        : OpenCart Lightning
   version   : 3.37
   vqmver    : 
   author    : MaxD http://devs.mx

File Name    : system/library/cache.php(0)
VQModObject::applyMod - SEARCH NOT FOUND (SKIPPED): if (is_file(DIR_SYSTEM . 'library/journal3/vendor/SuperCache

----------------------------------------------------------------------


---------- Date: 2026-03-29 13:30:09 ~ IP : 185.179.188.62 ----------
REQUEST URI : /sitemap.xml
MOD DETAILS:
   modFile   : /home/canmotalka/web/can-motalka.ru/public_html/vqmod/xml/lightning.xml
   id        : OpenCart Lightning
   version   : 3.37
   vqmver    : 
   author    : MaxD http://devs.mx

File Name    : system/library/cache.php(0)
VQModObject::applyMod - SEARCH NOT FOUND (SKIPPED): if (is_file(DIR_SYSTEM . 'library/journal3/vendor/SuperCache

----------------------------------------------------------------------


---------- Date: 2026-03-29 13:32:34 ~ IP : 185.179.188.62 ----------
REQUEST URI : /motalka_spidometra/
MOD DETAILS:
   modFile   : /home/canmotalka/web/can-motalka.ru/public_html/vqmod/xml/lightning.xml
   id        : OpenCart Lightning
   version   : 3.37
   vqmver    : 
   author    : MaxD http://devs.mx

File Name    : system/library/cache.php(0)
VQModObject::applyMod - SEARCH NOT FOUND (SKIPPED): if (is_file(DIR_SYSTEM . 'library/journal3/vendor/SuperCache

----------------------------------------------------------------------


---------- Date: 2026-03-29 13:34:13 ~ IP : 185.179.188.62 ----------
REQUEST URI : /wp-login.php
MOD DETAILS:
   modFile   : /home/canmotalka/web/can-motalka.ru/public_html/vqmod/xml/lightning.xml
   id        : OpenCart Lightning
   version   : 3.37
   vqmver    : 
   author    : MaxD http://devs.mx

File Name    : system/library/cache.php(0)
VQModObject::applyMod - SEARCH NOT FOUND (SKIPPED): if (is_file(DIR_SYSTEM . 'library/journal3/vendor/SuperCache

----------------------------------------------------------------------


---------- Date: 2026-03-29 13:37:04 ~ IP : 185.179.188.62 ----------
REQUEST URI : /motalki/?ysclid=mnbmk5usme228287653
MOD DETAILS:
   modFile   : /home/canmotalka/web/can-motalka.ru/public_html/vqmod/xml/lightning.xml
   id        : OpenCart Lightning
   version   : 3.37
   vqmver    : 
   author    : MaxD http://devs.mx

File Name    : system/library/cache.php(0)
VQModObject::applyMod - SEARCH NOT FOUND (SKIPPED): if (is_file(DIR_SYSTEM . 'library/journal3/vendor/SuperCache

----------------------------------------------------------------------


---------- Date: 2026-03-29 13:37:31 ~ IP : 185.179.188.62 ----------
REQUEST URI : /cron__/thermo-detonator/300-trenbolon-forte-200-v-magazine-krasnogorsk/
MOD DETAILS:
   modFile   : /home/canmotalka/web/can-motalka.ru/public_html/vqmod/xml/lightning.xml
   id        : OpenCart Lightning
   version   : 3.37
   vqmver    : 
   author    : MaxD http://devs.mx

File Name    : system/library/cache.php(0)
VQModObject::applyMod - SEARCH NOT FOUND (SKIPPED): if (is_file(DIR_SYSTEM . 'library/journal3/vendor/SuperCache

----------------------------------------------------------------------


---------- Date: 2026-03-29 13:41:07 ~ IP : 185.179.188.62 ----------
REQUEST URI : /?ysclid=mnbot5y9mw618654596
MOD DETAILS:
   modFile   : /home/canmotalka/web/can-motalka.ru/public_html/vqmod/xml/lightning.xml
   id        : OpenCart Lightning
   version   : 3.37
   vqmver    : 
   author    : MaxD http://devs.mx

File Name    : system/library/cache.php(0)
VQModObject::applyMod - SEARCH NOT FOUND (SKIPPED): if (is_file(DIR_SYSTEM . 'library/journal3/vendor/SuperCache

----------------------------------------------------------------------


---------- Date: 2026-03-29 13:41:38 ~ IP : 185.179.188.62 ----------
REQUEST URI : /index.php?route=module/popupcart_extended
MOD DETAILS:
   modFile   : /home/canmotalka/web/can-motalka.ru/public_html/vqmod/xml/lightning.xml
   id        : OpenCart Lightning
   version   : 3.37
   vqmver    : 
   author    : MaxD http://devs.mx

File Name    : system/library/cache.php(0)
VQModObject::applyMod - SEARCH NOT FOUND (SKIPPED): if (is_file(DIR_SYSTEM . 'library/journal3/vendor/SuperCache

----------------------------------------------------------------------


---------- Date: 2026-03-29 13:42:24 ~ IP : 185.179.188.62 ----------
REQUEST URI : /podmotka-spidometra-nissan-almera/
MOD DETAILS:
   modFile   : /home/canmotalka/web/can-motalka.ru/public_html/vqmod/xml/lightning.xml
   id        : OpenCart Lightning
   version   : 3.37
   vqmver    : 
   author    : MaxD http://devs.mx

File Name    : system/library/cache.php(0)
VQModObject::applyMod - SEARCH NOT FOUND (SKIPPED): if (is_file(DIR_SYSTEM . 'library/journal3/vendor/SuperCache

----------------------------------------------------------------------


---------- Date: 2026-03-29 13:48:01 ~ IP : 185.179.188.62 ----------
REQUEST URI : /podmotka-spidometra-renault-logan-2005-2014/
MOD DETAILS:
   modFile   : /home/canmotalka/web/can-motalka.ru/public_html/vqmod/xml/lightning.xml
   id        : OpenCart Lightning
   version   : 3.37
   vqmver    : 
   author    : MaxD http://devs.mx

File Name    : system/library/cache.php(0)
VQModObject::applyMod - SEARCH NOT FOUND (SKIPPED): if (is_file(DIR_SYSTEM . 'library/journal3/vendor/SuperCache

----------------------------------------------------------------------


---------- Date: 2026-03-29 13:48:05 ~ IP : 185.179.188.62 ----------
REQUEST URI : /index.php?route=product/product/review&amp;product_id=259
MOD DETAILS:
   modFile   : /home/canmotalka/web/can-motalka.ru/public_html/vqmod/xml/lightning.xml
   id        : OpenCart Lightning
   version   : 3.37
   vqmver    : 
   author    : MaxD http://devs.mx

File Name    : system/library/cache.php(0)
VQModObject::applyMod - SEARCH NOT FOUND (SKIPPED): if (is_file(DIR_SYSTEM . 'library/journal3/vendor/SuperCache

----------------------------------------------------------------------


---------- Date: 2026-03-29 13:48:05 ~ IP : 185.179.188.62 ----------
REQUEST URI : /index.php?route=module/popupcart_extended
MOD DETAILS:
   modFile   : /home/canmotalka/web/can-motalka.ru/public_html/vqmod/xml/lightning.xml
   id        : OpenCart Lightning
   version   : 3.37
   vqmver    : 
   author    : MaxD http://devs.mx

File Name    : system/library/cache.php(0)
VQModObject::applyMod - SEARCH NOT FOUND (SKIPPED): if (is_file(DIR_SYSTEM . 'library/journal3/vendor/SuperCache

----------------------------------------------------------------------


---------- Date: 2026-03-29 13:48:05 ~ IP : 185.179.188.62 ----------
REQUEST URI : /gazelle_biz_manual/?ysclid=mnbmybuh8n569570226
MOD DETAILS:
   modFile   : /home/canmotalka/web/can-motalka.ru/public_html/vqmod/xml/lightning.xml
   id        : OpenCart Lightning
   version   : 3.37
   vqmver    : 
   author    : MaxD http://devs.mx

File Name    : system/library/cache.php(0)
VQModObject::applyMod - SEARCH NOT FOUND (SKIPPED): if (is_file(DIR_SYSTEM . 'library/journal3/vendor/SuperCache

----------------------------------------------------------------------


---------- Date: 2026-03-29 13:48:06 ~ IP : 185.179.188.62 ----------
REQUEST URI : /gazelle_biz_manual/
MOD DETAILS:
   modFile   : /home/canmotalka/web/can-motalka.ru/public_html/vqmod/xml/lightning.xml
   id        : OpenCart Lightning
   version   : 3.37
   vqmver    : 
   author    : MaxD http://devs.mx

File Name    : system/library/cache.php(0)
VQModObject::applyMod - SEARCH NOT FOUND (SKIPPED): if (is_file(DIR_SYSTEM . 'library/journal3/vendor/SuperCache

----------------------------------------------------------------------


---------- Date: 2026-03-29 13:48:07 ~ IP : 185.179.188.62 ----------
REQUEST URI : /index.php?route=module/popupcart_extended
MOD DETAILS:
   modFile   : /home/canmotalka/web/can-motalka.ru/public_html/vqmod/xml/lightning.xml
   id        : OpenCart Lightning
   version   : 3.37
   vqmver    : 
   author    : MaxD http://devs.mx

File Name    : system/library/cache.php(0)
VQModObject::applyMod - SEARCH NOT FOUND (SKIPPED): if (is_file(DIR_SYSTEM . 'library/journal3/vendor/SuperCache

----------------------------------------------------------------------


---------- Date: 2026-03-29 13:50:00 ~ IP : 185.179.188.62 ----------
REQUEST URI : /instrukciya-podmotka-kamaz/
MOD DETAILS:
   modFile   : /home/canmotalka/web/can-motalka.ru/public_html/vqmod/xml/lightning.xml
   id        : OpenCart Lightning
   version   : 3.37
   vqmver    : 
   author    : MaxD http://devs.mx

File Name    : system/library/cache.php(0)
VQModObject::applyMod - SEARCH NOT FOUND (SKIPPED): if (is_file(DIR_SYSTEM . 'library/journal3/vendor/SuperCache

----------------------------------------------------------------------


---------- Date: 2026-03-29 13:50:01 ~ IP : 185.179.188.62 ----------
REQUEST URI : /index.php?route=module/popupcart_extended
MOD DETAILS:
   modFile   : /home/canmotalka/web/can-motalka.ru/public_html/vqmod/xml/lightning.xml
   id        : OpenCart Lightning
   version   : 3.37
   vqmver    : 
   author    : MaxD http://devs.mx

File Name    : system/library/cache.php(0)
VQModObject::applyMod - SEARCH NOT FOUND (SKIPPED): if (is_file(DIR_SYSTEM . 'library/journal3/vendor/SuperCache

----------------------------------------------------------------------


---------- Date: 2026-03-29 13:52:38 ~ IP : 185.179.188.62 ----------
REQUEST URI : //wp-includes/wlwmanifest.xml
MOD DETAILS:
   modFile   : /home/canmotalka/web/can-motalka.ru/public_html/vqmod/xml/lightning.xml
   id        : OpenCart Lightning
   version   : 3.37
   vqmver    : 
   author    : MaxD http://devs.mx

File Name    : system/library/cache.php(0)
VQModObject::applyMod - SEARCH NOT FOUND (SKIPPED): if (is_file(DIR_SYSTEM . 'library/journal3/vendor/SuperCache

----------------------------------------------------------------------


---------- Date: 2026-03-29 13:52:39 ~ IP : 185.179.188.62 ----------
REQUEST URI : //xmlrpc.php?rsd
MOD DETAILS:
   modFile   : /home/canmotalka/web/can-motalka.ru/public_html/vqmod/xml/lightning.xml
   id        : OpenCart Lightning
   version   : 3.37
   vqmver    : 
   author    : MaxD http://devs.mx

File Name    : system/library/cache.php(0)
VQModObject::applyMod - SEARCH NOT FOUND (SKIPPED): if (is_file(DIR_SYSTEM . 'library/journal3/vendor/SuperCache

----------------------------------------------------------------------


---------- Date: 2026-03-29 13:52:40 ~ IP : 185.179.188.62 ----------
REQUEST URI : //blog/wp-includes/wlwmanifest.xml
MOD DETAILS:
   modFile   : /home/canmotalka/web/can-motalka.ru/public_html/vqmod/xml/lightning.xml
   id        : OpenCart Lightning
   version   : 3.37
   vqmver    : 
   author    : MaxD http://devs.mx

File Name    : system/library/cache.php(0)
VQModObject::applyMod - SEARCH NOT FOUND (SKIPPED): if (is_file(DIR_SYSTEM . 'library/journal3/vendor/SuperCache

----------------------------------------------------------------------


---------- Date: 2026-03-29 13:52:40 ~ IP : 185.179.188.62 ----------
REQUEST URI : //web/wp-includes/wlwmanifest.xml
MOD DETAILS:
   modFile   : /home/canmotalka/web/can-motalka.ru/public_html/vqmod/xml/lightning.xml
   id        : OpenCart Lightning
   version   : 3.37
   vqmver    : 
   author    : MaxD http://devs.mx

File Name    : system/library/cache.php(0)
VQModObject::applyMod - SEARCH NOT FOUND (SKIPPED): if (is_file(DIR_SYSTEM . 'library/journal3/vendor/SuperCache

----------------------------------------------------------------------


---------- Date: 2026-03-29 13:52:40 ~ IP : 185.179.188.62 ----------
REQUEST URI : //wordpress/wp-includes/wlwmanifest.xml
MOD DETAILS:
   modFile   : /home/canmotalka/web/can-motalka.ru/public_html/vqmod/xml/lightning.xml
   id        : OpenCart Lightning
   version   : 3.37
   vqmver    : 
   author    : MaxD http://devs.mx

File Name    : system/library/cache.php(0)
VQModObject::applyMod - SEARCH NOT FOUND (SKIPPED): if (is_file(DIR_SYSTEM . 'library/journal3/vendor/SuperCache

----------------------------------------------------------------------


---------- Date: 2026-03-29 13:52:41 ~ IP : 185.179.188.62 ----------
REQUEST URI : //website/wp-includes/wlwmanifest.xml
MOD DETAILS:
   modFile   : /home/canmotalka/web/can-motalka.ru/public_html/vqmod/xml/lightning.xml
   id        : OpenCart Lightning
   version   : 3.37
   vqmver    : 
   author    : MaxD http://devs.mx

File Name    : system/library/cache.php(0)
VQModObject::applyMod - SEARCH NOT FOUND (SKIPPED): if (is_file(DIR_SYSTEM . 'library/journal3/vendor/SuperCache

----------------------------------------------------------------------


---------- Date: 2026-03-29 13:52:41 ~ IP : 185.179.188.62 ----------
REQUEST URI : //wp/wp-includes/wlwmanifest.xml
MOD DETAILS:
   modFile   : /home/canmotalka/web/can-motalka.ru/public_html/vqmod/xml/lightning.xml
   id        : OpenCart Lightning
   version   : 3.37
   vqmver    : 
   author    : MaxD http://devs.mx

File Name    : system/library/cache.php(0)
VQModObject::applyMod - SEARCH NOT FOUND (SKIPPED): if (is_file(DIR_SYSTEM . 'library/journal3/vendor/SuperCache

----------------------------------------------------------------------


---------- Date: 2026-03-29 13:52:42 ~ IP : 185.179.188.62 ----------
REQUEST URI : //news/wp-includes/wlwmanifest.xml
MOD DETAILS:
   modFile   : /home/canmotalka/web/can-motalka.ru/public_html/vqmod/xml/lightning.xml
   id        : OpenCart Lightning
   version   : 3.37
   vqmver    : 
   author    : MaxD http://devs.mx

File Name    : system/library/cache.php(0)
VQModObject::applyMod - SEARCH NOT FOUND (SKIPPED): if (is_file(DIR_SYSTEM . 'library/journal3/vendor/SuperCache

----------------------------------------------------------------------


---------- Date: 2026-03-29 13:52:42 ~ IP : 185.179.188.62 ----------
REQUEST URI : //2018/wp-includes/wlwmanifest.xml
MOD DETAILS:
   modFile   : /home/canmotalka/web/can-motalka.ru/public_html/vqmod/xml/lightning.xml
   id        : OpenCart Lightning
   version   : 3.37
   vqmver    : 
   author    : MaxD http://devs.mx

File Name    : system/library/cache.php(0)
VQModObject::applyMod - SEARCH NOT FOUND (SKIPPED): if (is_file(DIR_SYSTEM . 'library/journal3/vendor/SuperCache

----------------------------------------------------------------------


---------- Date: 2026-03-29 13:52:42 ~ IP : 185.179.188.62 ----------
REQUEST URI : //2019/wp-includes/wlwmanifest.xml
MOD DETAILS:
   modFile   : /home/canmotalka/web/can-motalka.ru/public_html/vqmod/xml/lightning.xml
   id        : OpenCart Lightning
   version   : 3.37
   vqmver    : 
   author    : MaxD http://devs.mx

File Name    : system/library/cache.php(0)
VQModObject::applyMod - SEARCH NOT FOUND (SKIPPED): if (is_file(DIR_SYSTEM . 'library/journal3/vendor/SuperCache

----------------------------------------------------------------------


---------- Date: 2026-03-29 13:52:43 ~ IP : 185.179.188.62 ----------
REQUEST URI : //shop/wp-includes/wlwmanifest.xml
MOD DETAILS:
   modFile   : /home/canmotalka/web/can-motalka.ru/public_html/vqmod/xml/lightning.xml
   id        : OpenCart Lightning
   version   : 3.37
   vqmver    : 
   author    : MaxD http://devs.mx

File Name    : system/library/cache.php(0)
VQModObject::applyMod - SEARCH NOT FOUND (SKIPPED): if (is_file(DIR_SYSTEM . 'library/journal3/vendor/SuperCache

----------------------------------------------------------------------


---------- Date: 2026-03-29 13:52:43 ~ IP : 185.179.188.62 ----------
REQUEST URI : //wp1/wp-includes/wlwmanifest.xml
MOD DETAILS:
   modFile   : /home/canmotalka/web/can-motalka.ru/public_html/vqmod/xml/lightning.xml
   id        : OpenCart Lightning
   version   : 3.37
   vqmver    : 
   author    : MaxD http://devs.mx

File Name    : system/library/cache.php(0)
VQModObject::applyMod - SEARCH NOT FOUND (SKIPPED): if (is_file(DIR_SYSTEM . 'library/journal3/vendor/SuperCache

----------------------------------------------------------------------


---------- Date: 2026-03-29 13:52:43 ~ IP : 185.179.188.62 ----------
REQUEST URI : //test/wp-includes/wlwmanifest.xml
MOD DETAILS:
   modFile   : /home/canmotalka/web/can-motalka.ru/public_html/vqmod/xml/lightning.xml
   id        : OpenCart Lightning
   version   : 3.37
   vqmver    : 
   author    : MaxD http://devs.mx

File Name    : system/library/cache.php(0)
VQModObject::applyMod - SEARCH NOT FOUND (SKIPPED): if (is_file(DIR_SYSTEM . 'library/journal3/vendor/SuperCache

----------------------------------------------------------------------


---------- Date: 2026-03-29 13:52:44 ~ IP : 185.179.188.62 ----------
REQUEST URI : //media/wp-includes/wlwmanifest.xml
MOD DETAILS:
   modFile   : /home/canmotalka/web/can-motalka.ru/public_html/vqmod/xml/lightning.xml
   id        : OpenCart Lightning
   version   : 3.37
   vqmver    : 
   author    : MaxD http://devs.mx

File Name    : system/library/cache.php(0)
VQModObject::applyMod - SEARCH NOT FOUND (SKIPPED): if (is_file(DIR_SYSTEM . 'library/journal3/vendor/SuperCache

----------------------------------------------------------------------


---------- Date: 2026-03-29 13:52:44 ~ IP : 185.179.188.62 ----------
REQUEST URI : //wp2/wp-includes/wlwmanifest.xml
MOD DETAILS:
   modFile   : /home/canmotalka/web/can-motalka.ru/public_html/vqmod/xml/lightning.xml
   id        : OpenCart Lightning
   version   : 3.37
   vqmver    : 
   author    : MaxD http://devs.mx

File Name    : system/library/cache.php(0)
VQModObject::applyMod - SEARCH NOT FOUND (SKIPPED): if (is_file(DIR_SYSTEM . 'library/journal3/vendor/SuperCache

----------------------------------------------------------------------


---------- Date: 2026-03-29 13:52:44 ~ IP : 185.179.188.62 ----------
REQUEST URI : //site/wp-includes/wlwmanifest.xml
MOD DETAILS:
   modFile   : /home/canmotalka/web/can-motalka.ru/public_html/vqmod/xml/lightning.xml
   id        : OpenCart Lightning
   version   : 3.37
   vqmver    : 
   author    : MaxD http://devs.mx

File Name    : system/library/cache.php(0)
VQModObject::applyMod - SEARCH NOT FOUND (SKIPPED): if (is_file(DIR_SYSTEM . 'library/journal3/vendor/SuperCache

----------------------------------------------------------------------


---------- Date: 2026-03-29 13:52:45 ~ IP : 185.179.188.62 ----------
REQUEST URI : //cms/wp-includes/wlwmanifest.xml
MOD DETAILS:
   modFile   : /home/canmotalka/web/can-motalka.ru/public_html/vqmod/xml/lightning.xml
   id        : OpenCart Lightning
   version   : 3.37
   vqmver    : 
   author    : MaxD http://devs.mx

File Name    : system/library/cache.php(0)
VQModObject::applyMod - SEARCH NOT FOUND (SKIPPED): if (is_file(DIR_SYSTEM . 'library/journal3/vendor/SuperCache

----------------------------------------------------------------------


---------- Date: 2026-03-29 13:52:45 ~ IP : 185.179.188.62 ----------
REQUEST URI : //sito/wp-includes/wlwmanifest.xml
MOD DETAILS:
   modFile   : /home/canmotalka/web/can-motalka.ru/public_html/vqmod/xml/lightning.xml
   id        : OpenCart Lightning
   version   : 3.37
   vqmver    : 
   author    : MaxD http://devs.mx

File Name    : system/library/cache.php(0)
VQModObject::applyMod - SEARCH NOT FOUND (SKIPPED): if (is_file(DIR_SYSTEM . 'library/journal3/vendor/SuperCache

----------------------------------------------------------------------


---------- Date: 2026-03-29 13:53:02 ~ IP : 185.179.188.62 ----------
REQUEST URI : /instrukciya-podmotka-camry/
MOD DETAILS:
   modFile   : /home/canmotalka/web/can-motalka.ru/public_html/vqmod/xml/lightning.xml
   id        : OpenCart Lightning
   version   : 3.37
   vqmver    : 
   author    : MaxD http://devs.mx

File Name    : system/library/cache.php(0)
VQModObject::applyMod - SEARCH NOT FOUND (SKIPPED): if (is_file(DIR_SYSTEM . 'library/journal3/vendor/SuperCache

----------------------------------------------------------------------


---------- Date: 2026-03-29 13:56:20 ~ IP : 185.179.188.62 ----------
REQUEST URI : /granta_video_manual/
MOD DETAILS:
   modFile   : /home/canmotalka/web/can-motalka.ru/public_html/vqmod/xml/lightning.xml
   id        : OpenCart Lightning
   version   : 3.37
   vqmver    : 
   author    : MaxD http://devs.mx

File Name    : system/library/cache.php(0)
VQModObject::applyMod - SEARCH NOT FOUND (SKIPPED): if (is_file(DIR_SYSTEM . 'library/journal3/vendor/SuperCache

----------------------------------------------------------------------


---------- Date: 2026-03-29 14:01:40 ~ IP : 185.179.188.62 ----------
REQUEST URI : /podmotka-spidometra-gazon-nekst/
MOD DETAILS:
   modFile   : /home/canmotalka/web/can-motalka.ru/public_html/vqmod/xml/lightning.xml
   id        : OpenCart Lightning
   version   : 3.37
   vqmver    : 
   author    : MaxD http://devs.mx

File Name    : system/library/cache.php(0)
VQModObject::applyMod - SEARCH NOT FOUND (SKIPPED): if (is_file(DIR_SYSTEM . 'library/journal3/vendor/SuperCache

----------------------------------------------------------------------


---------- Date: 2026-03-29 14:01:45 ~ IP : 185.179.188.62 ----------
REQUEST URI : /index.php?route=product/product/review&amp;product_id=275
MOD DETAILS:
   modFile   : /home/canmotalka/web/can-motalka.ru/public_html/vqmod/xml/lightning.xml
   id        : OpenCart Lightning
   version   : 3.37
   vqmver    : 
   author    : MaxD http://devs.mx

File Name    : system/library/cache.php(0)
VQModObject::applyMod - SEARCH NOT FOUND (SKIPPED): if (is_file(DIR_SYSTEM . 'library/journal3/vendor/SuperCache

----------------------------------------------------------------------


---------- Date: 2026-03-29 14:04:50 ~ IP : 185.179.188.62 ----------
REQUEST URI : /sitemap.xml
MOD DETAILS:
   modFile   : /home/canmotalka/web/can-motalka.ru/public_html/vqmod/xml/lightning.xml
   id        : OpenCart Lightning
   version   : 3.37
   vqmver    : 
   author    : MaxD http://devs.mx

File Name    : system/library/cache.php(0)
VQModObject::applyMod - SEARCH NOT FOUND (SKIPPED): if (is_file(DIR_SYSTEM . 'library/journal3/vendor/SuperCache

----------------------------------------------------------------------


---------- Date: 2026-03-29 14:04:50 ~ IP : 185.179.188.62 ----------
REQUEST URI : /account-transaction/
MOD DETAILS:
   modFile   : /home/canmotalka/web/can-motalka.ru/public_html/vqmod/xml/lightning.xml
   id        : OpenCart Lightning
   version   : 3.37
   vqmver    : 
   author    : MaxD http://devs.mx

File Name    : system/library/cache.php(0)
VQModObject::applyMod - SEARCH NOT FOUND (SKIPPED): if (is_file(DIR_SYSTEM . 'library/journal3/vendor/SuperCache

----------------------------------------------------------------------


---------- Date: 2026-03-29 14:07:46 ~ IP : 185.179.188.62 ----------
REQUEST URI : /podmotka-spidometra-ford-focus-2/
MOD DETAILS:
   modFile   : /home/canmotalka/web/can-motalka.ru/public_html/vqmod/xml/lightning.xml
   id        : OpenCart Lightning
   version   : 3.37
   vqmver    : 
   author    : MaxD http://devs.mx

File Name    : system/library/cache.php(0)
VQModObject::applyMod - SEARCH NOT FOUND (SKIPPED): if (is_file(DIR_SYSTEM . 'library/journal3/vendor/SuperCache

----------------------------------------------------------------------


---------- Date: 2026-03-29 14:08:42 ~ IP : 185.179.188.62 ----------
REQUEST URI : /podmotka-spidometra-uaz-patriot/?ysclid=mnbnou1new747363604
MOD DETAILS:
   modFile   : /home/canmotalka/web/can-motalka.ru/public_html/vqmod/xml/lightning.xml
   id        : OpenCart Lightning
   version   : 3.37
   vqmver    : 
   author    : MaxD http://devs.mx

File Name    : system/library/cache.php(0)
VQModObject::applyMod - SEARCH NOT FOUND (SKIPPED): if (is_file(DIR_SYSTEM . 'library/journal3/vendor/SuperCache

----------------------------------------------------------------------


---------- Date: 2026-03-29 14:08:42 ~ IP : 185.179.188.62 ----------
REQUEST URI : /podmotka-spidometra-uaz-patriot/
MOD DETAILS:
   modFile   : /home/canmotalka/web/can-motalka.ru/public_html/vqmod/xml/lightning.xml
   id        : OpenCart Lightning
   version   : 3.37
   vqmver    : 
   author    : MaxD http://devs.mx

File Name    : system/library/cache.php(0)
VQModObject::applyMod - SEARCH NOT FOUND (SKIPPED): if (is_file(DIR_SYSTEM . 'library/journal3/vendor/SuperCache

----------------------------------------------------------------------


---------- Date: 2026-03-29 14:08:46 ~ IP : 185.179.188.62 ----------
REQUEST URI : /index.php?route=module/popupcart_extended
MOD DETAILS:
   modFile   : /home/canmotalka/web/can-motalka.ru/public_html/vqmod/xml/lightning.xml
   id        : OpenCart Lightning
   version   : 3.37
   vqmver    : 
   author    : MaxD http://devs.mx

File Name    : system/library/cache.php(0)
VQModObject::applyMod - SEARCH NOT FOUND (SKIPPED): if (is_file(DIR_SYSTEM . 'library/journal3/vendor/SuperCache

----------------------------------------------------------------------


---------- Date: 2026-03-29 14:08:46 ~ IP : 185.179.188.62 ----------
REQUEST URI : /index.php?route=product/product/review&amp;product_id=277
MOD DETAILS:
   modFile   : /home/canmotalka/web/can-motalka.ru/public_html/vqmod/xml/lightning.xml
   id        : OpenCart Lightning
   version   : 3.37
   vqmver    : 
   author    : MaxD http://devs.mx

File Name    : system/library/cache.php(0)
VQModObject::applyMod - SEARCH NOT FOUND (SKIPPED): if (is_file(DIR_SYSTEM . 'library/journal3/vendor/SuperCache

----------------------------------------------------------------------


---------- Date: 2026-03-29 14:10:56 ~ IP : 185.179.188.62 ----------
REQUEST URI : /manuals/?ysclid=mnbnrpm7zs803840262
MOD DETAILS:
   modFile   : /home/canmotalka/web/can-motalka.ru/public_html/vqmod/xml/lightning.xml
   id        : OpenCart Lightning
   version   : 3.37
   vqmver    : 
   author    : MaxD http://devs.mx

File Name    : system/library/cache.php(0)
VQModObject::applyMod - SEARCH NOT FOUND (SKIPPED): if (is_file(DIR_SYSTEM . 'library/journal3/vendor/SuperCache

----------------------------------------------------------------------


---------- Date: 2026-03-29 14:10:57 ~ IP : 185.179.188.62 ----------
REQUEST URI : /index.php?route=module/popupcart_extended
MOD DETAILS:
   modFile   : /home/canmotalka/web/can-motalka.ru/public_html/vqmod/xml/lightning.xml
   id        : OpenCart Lightning
   version   : 3.37
   vqmver    : 
   author    : MaxD http://devs.mx

File Name    : system/library/cache.php(0)
VQModObject::applyMod - SEARCH NOT FOUND (SKIPPED): if (is_file(DIR_SYSTEM . 'library/journal3/vendor/SuperCache

----------------------------------------------------------------------


---------- Date: 2026-03-29 14:11:33 ~ IP : 185.179.188.62 ----------
REQUEST URI : /instrukciya-podmotka-camry/
MOD DETAILS:
   modFile   : /home/canmotalka/web/can-motalka.ru/public_html/vqmod/xml/lightning.xml
   id        : OpenCart Lightning
   version   : 3.37
   vqmver    : 
   author    : MaxD http://devs.mx

File Name    : system/library/cache.php(0)
VQModObject::applyMod - SEARCH NOT FOUND (SKIPPED): if (is_file(DIR_SYSTEM . 'library/journal3/vendor/SuperCache

----------------------------------------------------------------------


---------- Date: 2026-03-29 14:11:38 ~ IP : 185.179.188.62 ----------
REQUEST URI : /index.php?route=module/popupcart_extended
MOD DETAILS:
   modFile   : /home/canmotalka/web/can-motalka.ru/public_html/vqmod/xml/lightning.xml
   id        : OpenCart Lightning
   version   : 3.37
   vqmver    : 
   author    : MaxD http://devs.mx

File Name    : system/library/cache.php(0)
VQModObject::applyMod - SEARCH NOT FOUND (SKIPPED): if (is_file(DIR_SYSTEM . 'library/journal3/vendor/SuperCache

----------------------------------------------------------------------


---------- Date: 2026-03-29 14:13:33 ~ IP : 185.179.188.62 ----------
REQUEST URI : /instrukciya-podmotka-camry/
MOD DETAILS:
   modFile   : /home/canmotalka/web/can-motalka.ru/public_html/vqmod/xml/lightning.xml
   id        : OpenCart Lightning
   version   : 3.37
   vqmver    : 
   author    : MaxD http://devs.mx

File Name    : system/library/cache.php(0)
VQModObject::applyMod - SEARCH NOT FOUND (SKIPPED): if (is_file(DIR_SYSTEM . 'library/journal3/vendor/SuperCache

----------------------------------------------------------------------


---------- Date: 2026-03-29 14:14:42 ~ IP : 185.179.188.62 ----------
REQUEST URI : /index.php?route=module/popupcart_extended
MOD DETAILS:
   modFile   : /home/canmotalka/web/can-motalka.ru/public_html/vqmod/xml/lightning.xml
   id        : OpenCart Lightning
   version   : 3.37
   vqmver    : 
   author    : MaxD http://devs.mx

File Name    : system/library/cache.php(0)
VQModObject::applyMod - SEARCH NOT FOUND (SKIPPED): if (is_file(DIR_SYSTEM . 'library/journal3/vendor/SuperCache

----------------------------------------------------------------------


---------- Date: 2026-03-29 14:16:40 ~ IP : 185.179.188.62 ----------
REQUEST URI : /index.php?route=common/footer/click_counter
MOD DETAILS:
   modFile   : /home/canmotalka/web/can-motalka.ru/public_html/vqmod/xml/lightning.xml
   id        : OpenCart Lightning
   version   : 3.37
   vqmver    : 
   author    : MaxD http://devs.mx

File Name    : system/library/cache.php(0)
VQModObject::applyMod - SEARCH NOT FOUND (SKIPPED): if (is_file(DIR_SYSTEM . 'library/journal3/vendor/SuperCache

----------------------------------------------------------------------


---------- Date: 2026-03-29 14:18:17 ~ IP : 185.179.188.62 ----------
REQUEST URI : /index.php?route=common/footer/click_counter
MOD DETAILS:
   modFile   : /home/canmotalka/web/can-motalka.ru/public_html/vqmod/xml/lightning.xml
   id        : OpenCart Lightning
   version   : 3.37
   vqmver    : 
   author    : MaxD http://devs.mx

File Name    : system/library/cache.php(0)
VQModObject::applyMod - SEARCH NOT FOUND (SKIPPED): if (is_file(DIR_SYSTEM . 'library/journal3/vendor/SuperCache

----------------------------------------------------------------------


---------- Date: 2026-03-29 14:18:29 ~ IP : 185.179.188.62 ----------
REQUEST URI : /podmotka-spidometra-dlya-lada-granta-bez-abs-bezlimitnaya/
MOD DETAILS:
   modFile   : /home/canmotalka/web/can-motalka.ru/public_html/vqmod/xml/lightning.xml
   id        : OpenCart Lightning
   version   : 3.37
   vqmver    : 
   author    : MaxD http://devs.mx

File Name    : system/library/cache.php(0)
VQModObject::applyMod - SEARCH NOT FOUND (SKIPPED): if (is_file(DIR_SYSTEM . 'library/journal3/vendor/SuperCache

----------------------------------------------------------------------


---------- Date: 2026-03-29 14:19:53 ~ IP : 185.179.188.62 ----------
REQUEST URI : /index.php?route=checkout/cart/add
MOD DETAILS:
   modFile   : /home/canmotalka/web/can-motalka.ru/public_html/vqmod/xml/lightning.xml
   id        : OpenCart Lightning
   version   : 3.37
   vqmver    : 
   author    : MaxD http://devs.mx

File Name    : system/library/cache.php(0)
VQModObject::applyMod - SEARCH NOT FOUND (SKIPPED): if (is_file(DIR_SYSTEM . 'library/journal3/vendor/SuperCache

----------------------------------------------------------------------


---------- Date: 2026-03-29 14:19:53 ~ IP : 185.179.188.62 ----------
REQUEST URI : /index.php?route=checkout/simplecheckout
MOD DETAILS:
   modFile   : /home/canmotalka/web/can-motalka.ru/public_html/vqmod/xml/lightning.xml
   id        : OpenCart Lightning
   version   : 3.37
   vqmver    : 
   author    : MaxD http://devs.mx

File Name    : system/library/cache.php(0)
VQModObject::applyMod - SEARCH NOT FOUND (SKIPPED): if (is_file(DIR_SYSTEM . 'library/journal3/vendor/SuperCache

----------------------------------------------------------------------


---------- Date: 2026-03-29 14:19:54 ~ IP : 185.179.188.62 ----------
REQUEST URI : /zakaz/
MOD DETAILS:
   modFile   : /home/canmotalka/web/can-motalka.ru/public_html/vqmod/xml/lightning.xml
   id        : OpenCart Lightning
   version   : 3.37
   vqmver    : 
   author    : MaxD http://devs.mx

File Name    : system/library/cache.php(0)
VQModObject::applyMod - SEARCH NOT FOUND (SKIPPED): if (is_file(DIR_SYSTEM . 'library/journal3/vendor/SuperCache

----------------------------------------------------------------------


---------- Date: 2026-03-29 14:19:56 ~ IP : 185.179.188.62 ----------
REQUEST URI : /podmotka-spidometra-vesta-ng-np/
MOD DETAILS:
   modFile   : /home/canmotalka/web/can-motalka.ru/public_html/vqmod/xml/lightning.xml
   id        : OpenCart Lightning
   version   : 3.37
   vqmver    : 
   author    : MaxD http://devs.mx

File Name    : system/library/cache.php(0)
VQModObject::applyMod - SEARCH NOT FOUND (SKIPPED): if (is_file(DIR_SYSTEM . 'library/journal3/vendor/SuperCache

----------------------------------------------------------------------


---------- Date: 2026-03-29 14:20:11 ~ IP : 185.179.188.62 ----------
REQUEST URI : /instrukciya-podmotka-camry/
MOD DETAILS:
   modFile   : /home/canmotalka/web/can-motalka.ru/public_html/vqmod/xml/lightning.xml
   id        : OpenCart Lightning
   version   : 3.37
   vqmver    : 
   author    : MaxD http://devs.mx

File Name    : system/library/cache.php(0)
VQModObject::applyMod - SEARCH NOT FOUND (SKIPPED): if (is_file(DIR_SYSTEM . 'library/journal3/vendor/SuperCache

----------------------------------------------------------------------


---------- Date: 2026-03-29 14:21:00 ~ IP : 185.179.188.62 ----------
REQUEST URI : /namotchik-probega-dlya-bmw-x3/
MOD DETAILS:
   modFile   : /home/canmotalka/web/can-motalka.ru/public_html/vqmod/xml/lightning.xml
   id        : OpenCart Lightning
   version   : 3.37
   vqmver    : 
   author    : MaxD http://devs.mx

File Name    : system/library/cache.php(0)
VQModObject::applyMod - SEARCH NOT FOUND (SKIPPED): if (is_file(DIR_SYSTEM . 'library/journal3/vendor/SuperCache

----------------------------------------------------------------------


---------- Date: 2026-03-29 14:21:56 ~ IP : 185.179.188.62 ----------
REQUEST URI : /podmotka-spidometra-dlya-ford-exploer/
MOD DETAILS:
   modFile   : /home/canmotalka/web/can-motalka.ru/public_html/vqmod/xml/lightning.xml
   id        : OpenCart Lightning
   version   : 3.37
   vqmver    : 
   author    : MaxD http://devs.mx

File Name    : system/library/cache.php(0)
VQModObject::applyMod - SEARCH NOT FOUND (SKIPPED): if (is_file(DIR_SYSTEM . 'library/journal3/vendor/SuperCache

----------------------------------------------------------------------


---------- Date: 2026-03-29 14:22:10 ~ IP : 185.179.188.62 ----------
REQUEST URI : /podmotka-krutilka-spidometra-gazel-biznes-benzin-evotec-ili-cummins/
MOD DETAILS:
   modFile   : /home/canmotalka/web/can-motalka.ru/public_html/vqmod/xml/lightning.xml
   id        : OpenCart Lightning
   version   : 3.37
   vqmver    : 
   author    : MaxD http://devs.mx

File Name    : system/library/cache.php(0)
VQModObject::applyMod - SEARCH NOT FOUND (SKIPPED): if (is_file(DIR_SYSTEM . 'library/journal3/vendor/SuperCache

----------------------------------------------------------------------


---------- Date: 2026-03-29 14:22:24 ~ IP : 185.179.188.62 ----------
REQUEST URI : /instrukciya-podmotka-kamaz/?ysclid=mnbo6gsmnj561533846
MOD DETAILS:
   modFile   : /home/canmotalka/web/can-motalka.ru/public_html/vqmod/xml/lightning.xml
   id        : OpenCart Lightning
   version   : 3.37
   vqmver    : 
   author    : MaxD http://devs.mx

File Name    : system/library/cache.php(0)
VQModObject::applyMod - SEARCH NOT FOUND (SKIPPED): if (is_file(DIR_SYSTEM . 'library/journal3/vendor/SuperCache

----------------------------------------------------------------------


---------- Date: 2026-03-29 14:22:25 ~ IP : 185.179.188.62 ----------
REQUEST URI : /instrukciya-podmotka-kamaz/
MOD DETAILS:
   modFile   : /home/canmotalka/web/can-motalka.ru/public_html/vqmod/xml/lightning.xml
   id        : OpenCart Lightning
   version   : 3.37
   vqmver    : 
   author    : MaxD http://devs.mx

File Name    : system/library/cache.php(0)
VQModObject::applyMod - SEARCH NOT FOUND (SKIPPED): if (is_file(DIR_SYSTEM . 'library/journal3/vendor/SuperCache

----------------------------------------------------------------------


---------- Date: 2026-03-29 14:22:26 ~ IP : 185.179.188.62 ----------
REQUEST URI : /index.php?route=module/popupcart_extended
MOD DETAILS:
   modFile   : /home/canmotalka/web/can-motalka.ru/public_html/vqmod/xml/lightning.xml
   id        : OpenCart Lightning
   version   : 3.37
   vqmver    : 
   author    : MaxD http://devs.mx

File Name    : system/library/cache.php(0)
VQModObject::applyMod - SEARCH NOT FOUND (SKIPPED): if (is_file(DIR_SYSTEM . 'library/journal3/vendor/SuperCache

----------------------------------------------------------------------


---------- Date: 2026-03-29 14:22:56 ~ IP : 185.179.188.62 ----------
REQUEST URI : /podmotka-spidometra-peugeot-boxer/
MOD DETAILS:
   modFile   : /home/canmotalka/web/can-motalka.ru/public_html/vqmod/xml/lightning.xml
   id        : OpenCart Lightning
   version   : 3.37
   vqmver    : 
   author    : MaxD http://devs.mx

File Name    : system/library/cache.php(0)
VQModObject::applyMod - SEARCH NOT FOUND (SKIPPED): if (is_file(DIR_SYSTEM . 'library/journal3/vendor/SuperCache

----------------------------------------------------------------------


---------- Date: 2026-03-29 14:23:17 ~ IP : 185.179.188.62 ----------
REQUEST URI : /kak-perenatroit-podmotku-spidometra/
MOD DETAILS:
   modFile   : /home/canmotalka/web/can-motalka.ru/public_html/vqmod/xml/lightning.xml
   id        : OpenCart Lightning
   version   : 3.37
   vqmver    : 
   author    : MaxD http://devs.mx

File Name    : system/library/cache.php(0)
VQModObject::applyMod - SEARCH NOT FOUND (SKIPPED): if (is_file(DIR_SYSTEM . 'library/journal3/vendor/SuperCache

----------------------------------------------------------------------


---------- Date: 2026-03-29 14:23:20 ~ IP : 185.179.188.62 ----------
REQUEST URI : /setting_php/uluchshenie-potencii/574-kupit-viagru-gel-dimitrovgrad/
MOD DETAILS:
   modFile   : /home/canmotalka/web/can-motalka.ru/public_html/vqmod/xml/lightning.xml
   id        : OpenCart Lightning
   version   : 3.37
   vqmver    : 
   author    : MaxD http://devs.mx

File Name    : system/library/cache.php(0)
VQModObject::applyMod - SEARCH NOT FOUND (SKIPPED): if (is_file(DIR_SYSTEM . 'library/journal3/vendor/SuperCache

----------------------------------------------------------------------


---------- Date: 2026-03-29 14:23:25 ~ IP : 185.179.188.62 ----------
REQUEST URI : /setting_php/dapoksetin-60/501-suhagra-analog-viborg/
MOD DETAILS:
   modFile   : /home/canmotalka/web/can-motalka.ru/public_html/vqmod/xml/lightning.xml
   id        : OpenCart Lightning
   version   : 3.37
   vqmver    : 
   author    : MaxD http://devs.mx

File Name    : system/library/cache.php(0)
VQModObject::applyMod - SEARCH NOT FOUND (SKIPPED): if (is_file(DIR_SYSTEM . 'library/journal3/vendor/SuperCache

----------------------------------------------------------------------


---------- Date: 2026-03-29 14:23:57 ~ IP : 185.179.188.62 ----------
REQUEST URI : /setting_php/uluchshenie-potencii/724-kupit-viagra-150-himki/
MOD DETAILS:
   modFile   : /home/canmotalka/web/can-motalka.ru/public_html/vqmod/xml/lightning.xml
   id        : OpenCart Lightning
   version   : 3.37
   vqmver    : 
   author    : MaxD http://devs.mx

File Name    : system/library/cache.php(0)
VQModObject::applyMod - SEARCH NOT FOUND (SKIPPED): if (is_file(DIR_SYSTEM . 'library/journal3/vendor/SuperCache

----------------------------------------------------------------------


---------- Date: 2026-03-29 14:24:23 ~ IP : 185.179.188.62 ----------
REQUEST URI : /podmotka-spidometra-shevrole-niva-abs-bezlimitnaya/
MOD DETAILS:
   modFile   : /home/canmotalka/web/can-motalka.ru/public_html/vqmod/xml/lightning.xml
   id        : OpenCart Lightning
   version   : 3.37
   vqmver    : 
   author    : MaxD http://devs.mx

File Name    : system/library/cache.php(0)
VQModObject::applyMod - SEARCH NOT FOUND (SKIPPED): if (is_file(DIR_SYSTEM . 'library/journal3/vendor/SuperCache

----------------------------------------------------------------------


---------- Date: 2026-03-29 14:24:31 ~ IP : 185.179.188.62 ----------
REQUEST URI : /podmotka-spidometra-renault-kangoo/
MOD DETAILS:
   modFile   : /home/canmotalka/web/can-motalka.ru/public_html/vqmod/xml/lightning.xml
   id        : OpenCart Lightning
   version   : 3.37
   vqmver    : 
   author    : MaxD http://devs.mx

File Name    : system/library/cache.php(0)
VQModObject::applyMod - SEARCH NOT FOUND (SKIPPED): if (is_file(DIR_SYSTEM . 'library/journal3/vendor/SuperCache

----------------------------------------------------------------------


---------- Date: 2026-03-29 14:24:36 ~ IP : 185.179.188.62 ----------
REQUEST URI : /podmotka_spidometra_solaris2/
MOD DETAILS:
   modFile   : /home/canmotalka/web/can-motalka.ru/public_html/vqmod/xml/lightning.xml
   id        : OpenCart Lightning
   version   : 3.37
   vqmver    : 
   author    : MaxD http://devs.mx

File Name    : system/library/cache.php(0)
VQModObject::applyMod - SEARCH NOT FOUND (SKIPPED): if (is_file(DIR_SYSTEM . 'library/journal3/vendor/SuperCache

----------------------------------------------------------------------


---------- Date: 2026-03-29 14:25:28 ~ IP : 185.179.188.62 ----------
REQUEST URI : /index.php?route=module/popupcart_extended
MOD DETAILS:
   modFile   : /home/canmotalka/web/can-motalka.ru/public_html/vqmod/xml/lightning.xml
   id        : OpenCart Lightning
   version   : 3.37
   vqmver    : 
   author    : MaxD http://devs.mx

File Name    : system/library/cache.php(0)
VQModObject::applyMod - SEARCH NOT FOUND (SKIPPED): if (is_file(DIR_SYSTEM . 'library/journal3/vendor/SuperCache

----------------------------------------------------------------------


---------- Date: 2026-03-29 14:26:09 ~ IP : 185.179.188.62 ----------
REQUEST URI : /index.php?route=common/footer/click_counter
MOD DETAILS:
   modFile   : /home/canmotalka/web/can-motalka.ru/public_html/vqmod/xml/lightning.xml
   id        : OpenCart Lightning
   version   : 3.37
   vqmver    : 
   author    : MaxD http://devs.mx

File Name    : system/library/cache.php(0)
VQModObject::applyMod - SEARCH NOT FOUND (SKIPPED): if (is_file(DIR_SYSTEM . 'library/journal3/vendor/SuperCache

----------------------------------------------------------------------


---------- Date: 2026-03-29 14:29:03 ~ IP : 185.179.188.62 ----------
REQUEST URI : /archivarix.cms.php
MOD DETAILS:
   modFile   : /home/canmotalka/web/can-motalka.ru/public_html/vqmod/xml/lightning.xml
   id        : OpenCart Lightning
   version   : 3.37
   vqmver    : 
   author    : MaxD http://devs.mx

File Name    : system/library/cache.php(0)
VQModObject::applyMod - SEARCH NOT FOUND (SKIPPED): if (is_file(DIR_SYSTEM . 'library/journal3/vendor/SuperCache

----------------------------------------------------------------------


---------- Date: 2026-03-29 14:30:59 ~ IP : 185.179.188.62 ----------
REQUEST URI : /podmotka-spidometra-uaz-profi/
MOD DETAILS:
   modFile   : /home/canmotalka/web/can-motalka.ru/public_html/vqmod/xml/lightning.xml
   id        : OpenCart Lightning
   version   : 3.37
   vqmver    : 
   author    : MaxD http://devs.mx

File Name    : system/library/cache.php(0)
VQModObject::applyMod - SEARCH NOT FOUND (SKIPPED): if (is_file(DIR_SYSTEM . 'library/journal3/vendor/SuperCache

----------------------------------------------------------------------


---------- Date: 2026-03-29 14:31:58 ~ IP : 185.179.188.62 ----------
REQUEST URI : /.well-known/traffic-advice
MOD DETAILS:
   modFile   : /home/canmotalka/web/can-motalka.ru/public_html/vqmod/xml/lightning.xml
   id        : OpenCart Lightning
   version   : 3.37
   vqmver    : 
   author    : MaxD http://devs.mx

File Name    : system/library/cache.php(0)
VQModObject::applyMod - SEARCH NOT FOUND (SKIPPED): if (is_file(DIR_SYSTEM . 'library/journal3/vendor/SuperCache

----------------------------------------------------------------------


---------- Date: 2026-03-29 14:31:58 ~ IP : 185.179.188.62 ----------
REQUEST URI : /.well-known/traffic-advice
MOD DETAILS:
   modFile   : /home/canmotalka/web/can-motalka.ru/public_html/vqmod/xml/lightning.xml
   id        : OpenCart Lightning
   version   : 3.37
   vqmver    : 
   author    : MaxD http://devs.mx

File Name    : system/library/cache.php(0)
VQModObject::applyMod - SEARCH NOT FOUND (SKIPPED): if (is_file(DIR_SYSTEM . 'library/journal3/vendor/SuperCache

----------------------------------------------------------------------


---------- Date: 2026-03-29 14:31:59 ~ IP : 185.179.188.62 ----------
REQUEST URI : /podmotka-spidometra-shevrole-niva-abs-bezlimitnaya/
MOD DETAILS:
   modFile   : /home/canmotalka/web/can-motalka.ru/public_html/vqmod/xml/lightning.xml
   id        : OpenCart Lightning
   version   : 3.37
   vqmver    : 
   author    : MaxD http://devs.mx

File Name    : system/library/cache.php(0)
VQModObject::applyMod - SEARCH NOT FOUND (SKIPPED): if (is_file(DIR_SYSTEM . 'library/journal3/vendor/SuperCache

----------------------------------------------------------------------


---------- Date: 2026-03-29 14:34:48 ~ IP : 185.179.188.62 ----------
REQUEST URI : /?ysclid=mnbomevi4n722413540
MOD DETAILS:
   modFile   : /home/canmotalka/web/can-motalka.ru/public_html/vqmod/xml/lightning.xml
   id        : OpenCart Lightning
   version   : 3.37
   vqmver    : 
   author    : MaxD http://devs.mx

File Name    : system/library/cache.php(0)
VQModObject::applyMod - SEARCH NOT FOUND (SKIPPED): if (is_file(DIR_SYSTEM . 'library/journal3/vendor/SuperCache

----------------------------------------------------------------------


---------- Date: 2026-03-29 14:35:16 ~ IP : 185.179.188.62 ----------
REQUEST URI : /video-obzor/
MOD DETAILS:
   modFile   : /home/canmotalka/web/can-motalka.ru/public_html/vqmod/xml/lightning.xml
   id        : OpenCart Lightning
   version   : 3.37
   vqmver    : 
   author    : MaxD http://devs.mx

File Name    : system/library/cache.php(0)
VQModObject::applyMod - SEARCH NOT FOUND (SKIPPED): if (is_file(DIR_SYSTEM . 'library/journal3/vendor/SuperCache

----------------------------------------------------------------------


---------- Date: 2026-03-29 14:35:17 ~ IP : 185.179.188.62 ----------
REQUEST URI : /index.php?route=module/popupcart_extended
MOD DETAILS:
   modFile   : /home/canmotalka/web/can-motalka.ru/public_html/vqmod/xml/lightning.xml
   id        : OpenCart Lightning
   version   : 3.37
   vqmver    : 
   author    : MaxD http://devs.mx

File Name    : system/library/cache.php(0)
VQModObject::applyMod - SEARCH NOT FOUND (SKIPPED): if (is_file(DIR_SYSTEM . 'library/journal3/vendor/SuperCache

----------------------------------------------------------------------


---------- Date: 2026-03-29 14:35:24 ~ IP : 185.179.188.62 ----------
REQUEST URI : /dostavka-i-oplata/
MOD DETAILS:
   modFile   : /home/canmotalka/web/can-motalka.ru/public_html/vqmod/xml/lightning.xml
   id        : OpenCart Lightning
   version   : 3.37
   vqmver    : 
   author    : MaxD http://devs.mx

File Name    : system/library/cache.php(0)
VQModObject::applyMod - SEARCH NOT FOUND (SKIPPED): if (is_file(DIR_SYSTEM . 'library/journal3/vendor/SuperCache

----------------------------------------------------------------------


---------- Date: 2026-03-29 14:35:41 ~ IP : 185.179.188.62 ----------
REQUEST URI : /motalki/?ysclid=mnbonjqqs3484460856
MOD DETAILS:
   modFile   : /home/canmotalka/web/can-motalka.ru/public_html/vqmod/xml/lightning.xml
   id        : OpenCart Lightning
   version   : 3.37
   vqmver    : 
   author    : MaxD http://devs.mx

File Name    : system/library/cache.php(0)
VQModObject::applyMod - SEARCH NOT FOUND (SKIPPED): if (is_file(DIR_SYSTEM . 'library/journal3/vendor/SuperCache

----------------------------------------------------------------------


---------- Date: 2026-03-29 14:35:45 ~ IP : 185.179.188.62 ----------
REQUEST URI : /index.php?route=information/information&amp;amp;information_id=9
MOD DETAILS:
   modFile   : /home/canmotalka/web/can-motalka.ru/public_html/vqmod/xml/lightning.xml
   id        : OpenCart Lightning
   version   : 3.37
   vqmver    : 
   author    : MaxD http://devs.mx

File Name    : system/library/cache.php(0)
VQModObject::applyMod - SEARCH NOT FOUND (SKIPPED): if (is_file(DIR_SYSTEM . 'library/journal3/vendor/SuperCache

----------------------------------------------------------------------


---------- Date: 2026-03-29 14:36:10 ~ IP : 185.179.188.62 ----------
REQUEST URI : /index.php?route=common/footer/click_counter
MOD DETAILS:
   modFile   : /home/canmotalka/web/can-motalka.ru/public_html/vqmod/xml/lightning.xml
   id        : OpenCart Lightning
   version   : 3.37
   vqmver    : 
   author    : MaxD http://devs.mx

File Name    : system/library/cache.php(0)
VQModObject::applyMod - SEARCH NOT FOUND (SKIPPED): if (is_file(DIR_SYSTEM . 'library/journal3/vendor/SuperCache

----------------------------------------------------------------------


---------- Date: 2026-03-29 14:37:19 ~ IP : 185.179.188.62 ----------
REQUEST URI : /largus_manual/
MOD DETAILS:
   modFile   : /home/canmotalka/web/can-motalka.ru/public_html/vqmod/xml/lightning.xml
   id        : OpenCart Lightning
   version   : 3.37
   vqmver    : 
   author    : MaxD http://devs.mx

File Name    : system/library/cache.php(0)
VQModObject::applyMod - SEARCH NOT FOUND (SKIPPED): if (is_file(DIR_SYSTEM . 'library/journal3/vendor/SuperCache

----------------------------------------------------------------------


---------- Date: 2026-03-29 14:38:16 ~ IP : 185.179.188.62 ----------
REQUEST URI : /instrukciya-podmotka-kamaz/?ysclid=mnboqvgiak358689414
MOD DETAILS:
   modFile   : /home/canmotalka/web/can-motalka.ru/public_html/vqmod/xml/lightning.xml
   id        : OpenCart Lightning
   version   : 3.37
   vqmver    : 
   author    : MaxD http://devs.mx

File Name    : system/library/cache.php(0)
VQModObject::applyMod - SEARCH NOT FOUND (SKIPPED): if (is_file(DIR_SYSTEM . 'library/journal3/vendor/SuperCache

----------------------------------------------------------------------


---------- Date: 2026-03-29 14:38:16 ~ IP : 185.179.188.62 ----------
REQUEST URI : /instrukciya-podmotka-kamaz/
MOD DETAILS:
   modFile   : /home/canmotalka/web/can-motalka.ru/public_html/vqmod/xml/lightning.xml
   id        : OpenCart Lightning
   version   : 3.37
   vqmver    : 
   author    : MaxD http://devs.mx

File Name    : system/library/cache.php(0)
VQModObject::applyMod - SEARCH NOT FOUND (SKIPPED): if (is_file(DIR_SYSTEM . 'library/journal3/vendor/SuperCache

----------------------------------------------------------------------


---------- Date: 2026-03-29 14:38:17 ~ IP : 185.179.188.62 ----------
REQUEST URI : /index.php?route=module/popupcart_extended
MOD DETAILS:
   modFile   : /home/canmotalka/web/can-motalka.ru/public_html/vqmod/xml/lightning.xml
   id        : OpenCart Lightning
   version   : 3.37
   vqmver    : 
   author    : MaxD http://devs.mx

File Name    : system/library/cache.php(0)
VQModObject::applyMod - SEARCH NOT FOUND (SKIPPED): if (is_file(DIR_SYSTEM . 'library/journal3/vendor/SuperCache

----------------------------------------------------------------------


---------- Date: 2026-03-29 14:42:25 ~ IP : 185.179.188.62 ----------
REQUEST URI : /folksvagen-polo-podmotka-spidometra/
MOD DETAILS:
   modFile   : /home/canmotalka/web/can-motalka.ru/public_html/vqmod/xml/lightning.xml
   id        : OpenCart Lightning
   version   : 3.37
   vqmver    : 
   author    : MaxD http://devs.mx

File Name    : system/library/cache.php(0)
VQModObject::applyMod - SEARCH NOT FOUND (SKIPPED): if (is_file(DIR_SYSTEM . 'library/journal3/vendor/SuperCache

----------------------------------------------------------------------


---------- Date: 2026-03-29 14:47:32 ~ IP : 185.179.188.62 ----------
REQUEST URI : /largus_manual/
MOD DETAILS:
   modFile   : /home/canmotalka/web/can-motalka.ru/public_html/vqmod/xml/lightning.xml
   id        : OpenCart Lightning
   version   : 3.37
   vqmver    : 
   author    : MaxD http://devs.mx

File Name    : system/library/cache.php(0)
VQModObject::applyMod - SEARCH NOT FOUND (SKIPPED): if (is_file(DIR_SYSTEM . 'library/journal3/vendor/SuperCache

----------------------------------------------------------------------


---------- Date: 2026-03-29 14:47:32 ~ IP : 185.179.188.62 ----------
REQUEST URI : /index.php?route=module/popupcart_extended
MOD DETAILS:
   modFile   : /home/canmotalka/web/can-motalka.ru/public_html/vqmod/xml/lightning.xml
   id        : OpenCart Lightning
   version   : 3.37
   vqmver    : 
   author    : MaxD http://devs.mx

File Name    : system/library/cache.php(0)
VQModObject::applyMod - SEARCH NOT FOUND (SKIPPED): if (is_file(DIR_SYSTEM . 'library/journal3/vendor/SuperCache

----------------------------------------------------------------------


---------- Date: 2026-03-29 14:48:17 ~ IP : 185.179.188.62 ----------
REQUEST URI : /kak-rabotaet-podmotka-spidometra/?ysclid=mnbp3q32oh52870327
MOD DETAILS:
   modFile   : /home/canmotalka/web/can-motalka.ru/public_html/vqmod/xml/lightning.xml
   id        : OpenCart Lightning
   version   : 3.37
   vqmver    : 
   author    : MaxD http://devs.mx

File Name    : system/library/cache.php(0)
VQModObject::applyMod - SEARCH NOT FOUND (SKIPPED): if (is_file(DIR_SYSTEM . 'library/journal3/vendor/SuperCache

----------------------------------------------------------------------


---------- Date: 2026-03-29 14:48:17 ~ IP : 185.179.188.62 ----------
REQUEST URI : /kak-rabotaet-podmotka-spidometra/
MOD DETAILS:
   modFile   : /home/canmotalka/web/can-motalka.ru/public_html/vqmod/xml/lightning.xml
   id        : OpenCart Lightning
   version   : 3.37
   vqmver    : 
   author    : MaxD http://devs.mx

File Name    : system/library/cache.php(0)
VQModObject::applyMod - SEARCH NOT FOUND (SKIPPED): if (is_file(DIR_SYSTEM . 'library/journal3/vendor/SuperCache

----------------------------------------------------------------------


---------- Date: 2026-03-29 14:48:18 ~ IP : 185.179.188.62 ----------
REQUEST URI : /index.php?route=module/popupcart_extended
MOD DETAILS:
   modFile   : /home/canmotalka/web/can-motalka.ru/public_html/vqmod/xml/lightning.xml
   id        : OpenCart Lightning
   version   : 3.37
   vqmver    : 
   author    : MaxD http://devs.mx

File Name    : system/library/cache.php(0)
VQModObject::applyMod - SEARCH NOT FOUND (SKIPPED): if (is_file(DIR_SYSTEM . 'library/journal3/vendor/SuperCache

----------------------------------------------------------------------


---------- Date: 2026-03-29 14:48:36 ~ IP : 185.179.188.62 ----------
REQUEST URI : /podmotka_vw_manual/?ysclid=mnbp45gmf919288405
MOD DETAILS:
   modFile   : /home/canmotalka/web/can-motalka.ru/public_html/vqmod/xml/lightning.xml
   id        : OpenCart Lightning
   version   : 3.37
   vqmver    : 
   author    : MaxD http://devs.mx

File Name    : system/library/cache.php(0)
VQModObject::applyMod - SEARCH NOT FOUND (SKIPPED): if (is_file(DIR_SYSTEM . 'library/journal3/vendor/SuperCache

----------------------------------------------------------------------


---------- Date: 2026-03-29 14:48:36 ~ IP : 185.179.188.62 ----------
REQUEST URI : /podmotka_vw_manual/
MOD DETAILS:
   modFile   : /home/canmotalka/web/can-motalka.ru/public_html/vqmod/xml/lightning.xml
   id        : OpenCart Lightning
   version   : 3.37
   vqmver    : 
   author    : MaxD http://devs.mx

File Name    : system/library/cache.php(0)
VQModObject::applyMod - SEARCH NOT FOUND (SKIPPED): if (is_file(DIR_SYSTEM . 'library/journal3/vendor/SuperCache

----------------------------------------------------------------------


---------- Date: 2026-03-29 14:48:38 ~ IP : 185.179.188.62 ----------
REQUEST URI : /index.php?route=module/popupcart_extended
MOD DETAILS:
   modFile   : /home/canmotalka/web/can-motalka.ru/public_html/vqmod/xml/lightning.xml
   id        : OpenCart Lightning
   version   : 3.37
   vqmver    : 
   author    : MaxD http://devs.mx

File Name    : system/library/cache.php(0)
VQModObject::applyMod - SEARCH NOT FOUND (SKIPPED): if (is_file(DIR_SYSTEM . 'library/journal3/vendor/SuperCache

----------------------------------------------------------------------


---------- Date: 2026-03-29 14:52:12 ~ IP : 185.179.188.62 ----------
REQUEST URI : /largus_manual/?ysclid=mnbp8rm59c822415916
MOD DETAILS:
   modFile   : /home/canmotalka/web/can-motalka.ru/public_html/vqmod/xml/lightning.xml
   id        : OpenCart Lightning
   version   : 3.37
   vqmver    : 
   author    : MaxD http://devs.mx

File Name    : system/library/cache.php(0)
VQModObject::applyMod - SEARCH NOT FOUND (SKIPPED): if (is_file(DIR_SYSTEM . 'library/journal3/vendor/SuperCache

----------------------------------------------------------------------


---------- Date: 2026-03-29 14:52:20 ~ IP : 185.179.188.62 ----------
REQUEST URI : /podmotka-spidometra-ford-tranzit/
MOD DETAILS:
   modFile   : /home/canmotalka/web/can-motalka.ru/public_html/vqmod/xml/lightning.xml
   id        : OpenCart Lightning
   version   : 3.37
   vqmver    : 
   author    : MaxD http://devs.mx

File Name    : system/library/cache.php(0)
VQModObject::applyMod - SEARCH NOT FOUND (SKIPPED): if (is_file(DIR_SYSTEM . 'library/journal3/vendor/SuperCache

----------------------------------------------------------------------


---------- Date: 2026-03-29 14:53:04 ~ IP : 185.179.188.62 ----------
REQUEST URI : /instrukciya-podmotka-duster/
MOD DETAILS:
   modFile   : /home/canmotalka/web/can-motalka.ru/public_html/vqmod/xml/lightning.xml
   id        : OpenCart Lightning
   version   : 3.37
   vqmver    : 
   author    : MaxD http://devs.mx

File Name    : system/library/cache.php(0)
VQModObject::applyMod - SEARCH NOT FOUND (SKIPPED): if (is_file(DIR_SYSTEM . 'library/journal3/vendor/SuperCache

----------------------------------------------------------------------


---------- Date: 2026-03-29 14:53:05 ~ IP : 185.179.188.62 ----------
REQUEST URI : /index.php?route=module/popupcart_extended
MOD DETAILS:
   modFile   : /home/canmotalka/web/can-motalka.ru/public_html/vqmod/xml/lightning.xml
   id        : OpenCart Lightning
   version   : 3.37
   vqmver    : 
   author    : MaxD http://devs.mx

File Name    : system/library/cache.php(0)
VQModObject::applyMod - SEARCH NOT FOUND (SKIPPED): if (is_file(DIR_SYSTEM . 'library/journal3/vendor/SuperCache

----------------------------------------------------------------------


---------- Date: 2026-03-29 14:53:55 ~ IP : 185.179.188.62 ----------
REQUEST URI : /setting_php/vardenafil/867-indiyskaya-levitra-cvikkau/
MOD DETAILS:
   modFile   : /home/canmotalka/web/can-motalka.ru/public_html/vqmod/xml/lightning.xml
   id        : OpenCart Lightning
   version   : 3.37
   vqmver    : 
   author    : MaxD http://devs.mx

File Name    : system/library/cache.php(0)
VQModObject::applyMod - SEARCH NOT FOUND (SKIPPED): if (is_file(DIR_SYSTEM . 'library/journal3/vendor/SuperCache

----------------------------------------------------------------------


---------- Date: 2026-03-29 14:55:30 ~ IP : 185.179.188.62 ----------
REQUEST URI : /largus_manual/
MOD DETAILS:
   modFile   : /home/canmotalka/web/can-motalka.ru/public_html/vqmod/xml/lightning.xml
   id        : OpenCart Lightning
   version   : 3.37
   vqmver    : 
   author    : MaxD http://devs.mx

File Name    : system/library/cache.php(0)
VQModObject::applyMod - SEARCH NOT FOUND (SKIPPED): if (is_file(DIR_SYSTEM . 'library/journal3/vendor/SuperCache

----------------------------------------------------------------------


---------- Date: 2026-03-29 14:56:13 ~ IP : 185.179.188.62 ----------
REQUEST URI : /folksvagen-polo-podmotka-spidometra/
MOD DETAILS:
   modFile   : /home/canmotalka/web/can-motalka.ru/public_html/vqmod/xml/lightning.xml
   id        : OpenCart Lightning
   version   : 3.37
   vqmver    : 
   author    : MaxD http://devs.mx

File Name    : system/library/cache.php(0)
VQModObject::applyMod - SEARCH NOT FOUND (SKIPPED): if (is_file(DIR_SYSTEM . 'library/journal3/vendor/SuperCache

----------------------------------------------------------------------


---------- Date: 2026-03-29 14:59:14 ~ IP : 185.179.188.62 ----------
REQUEST URI : /namotchik-probega-dlya-audi-q5/
MOD DETAILS:
   modFile   : /home/canmotalka/web/can-motalka.ru/public_html/vqmod/xml/lightning.xml
   id        : OpenCart Lightning
   version   : 3.37
   vqmver    : 
   author    : MaxD http://devs.mx

File Name    : system/library/cache.php(0)
VQModObject::applyMod - SEARCH NOT FOUND (SKIPPED): if (is_file(DIR_SYSTEM . 'library/journal3/vendor/SuperCache

----------------------------------------------------------------------


---------- Date: 2026-03-29 14:59:33 ~ IP : 185.179.188.62 ----------
REQUEST URI : /index.php?route=product/product/review&amp;product_id=237
MOD DETAILS:
   modFile   : /home/canmotalka/web/can-motalka.ru/public_html/vqmod/xml/lightning.xml
   id        : OpenCart Lightning
   version   : 3.37
   vqmver    : 
   author    : MaxD http://devs.mx

File Name    : system/library/cache.php(0)
VQModObject::applyMod - SEARCH NOT FOUND (SKIPPED): if (is_file(DIR_SYSTEM . 'library/journal3/vendor/SuperCache

----------------------------------------------------------------------


---------- Date: 2026-03-29 14:59:48 ~ IP : 185.179.188.62 ----------
REQUEST URI : /index.php?route=module/popupcart_extended
MOD DETAILS:
   modFile   : /home/canmotalka/web/can-motalka.ru/public_html/vqmod/xml/lightning.xml
   id        : OpenCart Lightning
   version   : 3.37
   vqmver    : 
   author    : MaxD http://devs.mx

File Name    : system/library/cache.php(0)
VQModObject::applyMod - SEARCH NOT FOUND (SKIPPED): if (is_file(DIR_SYSTEM . 'library/journal3/vendor/SuperCache

----------------------------------------------------------------------


---------- Date: 2026-03-29 15:01:17 ~ IP : 185.179.188.62 ----------
REQUEST URI : /podmotka-spidometra-uaz-patriot/
MOD DETAILS:
   modFile   : /home/canmotalka/web/can-motalka.ru/public_html/vqmod/xml/lightning.xml
   id        : OpenCart Lightning
   version   : 3.37
   vqmver    : 
   author    : MaxD http://devs.mx

File Name    : system/library/cache.php(0)
VQModObject::applyMod - SEARCH NOT FOUND (SKIPPED): if (is_file(DIR_SYSTEM . 'library/journal3/vendor/SuperCache

----------------------------------------------------------------------


---------- Date: 2026-03-29 15:02:12 ~ IP : 185.179.188.62 ----------
REQUEST URI : /largus_manual/
MOD DETAILS:
   modFile   : /home/canmotalka/web/can-motalka.ru/public_html/vqmod/xml/lightning.xml
   id        : OpenCart Lightning
   version   : 3.37
   vqmver    : 
   author    : MaxD http://devs.mx

File Name    : system/library/cache.php(0)
VQModObject::applyMod - SEARCH NOT FOUND (SKIPPED): if (is_file(DIR_SYSTEM . 'library/journal3/vendor/SuperCache

----------------------------------------------------------------------


---------- Date: 2026-03-29 15:02:27 ~ IP : 185.179.188.62 ----------
REQUEST URI : /sitemap.xml
MOD DETAILS:
   modFile   : /home/canmotalka/web/can-motalka.ru/public_html/vqmod/xml/lightning.xml
   id        : OpenCart Lightning
   version   : 3.37
   vqmver    : 
   author    : MaxD http://devs.mx

File Name    : system/library/cache.php(0)
VQModObject::applyMod - SEARCH NOT FOUND (SKIPPED): if (is_file(DIR_SYSTEM . 'library/journal3/vendor/SuperCache

----------------------------------------------------------------------


---------- Date: 2026-03-29 15:03:33 ~ IP : 185.179.188.62 ----------
REQUEST URI : /podmotka-spidometra-lada-priora/
MOD DETAILS:
   modFile   : /home/canmotalka/web/can-motalka.ru/public_html/vqmod/xml/lightning.xml
   id        : OpenCart Lightning
   version   : 3.37
   vqmver    : 
   author    : MaxD http://devs.mx

File Name    : system/library/cache.php(0)
VQModObject::applyMod - SEARCH NOT FOUND (SKIPPED): if (is_file(DIR_SYSTEM . 'library/journal3/vendor/SuperCache

----------------------------------------------------------------------


---------- Date: 2026-03-29 15:03:39 ~ IP : 185.179.188.62 ----------
REQUEST URI : /podmotka-spidometra-toyota-rav4/
MOD DETAILS:
   modFile   : /home/canmotalka/web/can-motalka.ru/public_html/vqmod/xml/lightning.xml
   id        : OpenCart Lightning
   version   : 3.37
   vqmver    : 
   author    : MaxD http://devs.mx

File Name    : system/library/cache.php(0)
VQModObject::applyMod - SEARCH NOT FOUND (SKIPPED): if (is_file(DIR_SYSTEM . 'library/journal3/vendor/SuperCache

----------------------------------------------------------------------


---------- Date: 2026-03-29 15:03:44 ~ IP : 185.179.188.62 ----------
REQUEST URI : /podmotka-spidometra-uaz-buhanka/
MOD DETAILS:
   modFile   : /home/canmotalka/web/can-motalka.ru/public_html/vqmod/xml/lightning.xml
   id        : OpenCart Lightning
   version   : 3.37
   vqmver    : 
   author    : MaxD http://devs.mx

File Name    : system/library/cache.php(0)
VQModObject::applyMod - SEARCH NOT FOUND (SKIPPED): if (is_file(DIR_SYSTEM . 'library/journal3/vendor/SuperCache

----------------------------------------------------------------------


---------- Date: 2026-03-29 15:03:50 ~ IP : 185.179.188.62 ----------
REQUEST URI : /podmotka-spidometra-uaz-patriot/
MOD DETAILS:
   modFile   : /home/canmotalka/web/can-motalka.ru/public_html/vqmod/xml/lightning.xml
   id        : OpenCart Lightning
   version   : 3.37
   vqmver    : 
   author    : MaxD http://devs.mx

File Name    : system/library/cache.php(0)
VQModObject::applyMod - SEARCH NOT FOUND (SKIPPED): if (is_file(DIR_SYSTEM . 'library/journal3/vendor/SuperCache

----------------------------------------------------------------------


---------- Date: 2026-03-29 15:03:56 ~ IP : 185.179.188.62 ----------
REQUEST URI : /podmotka-spidometra-vesta-ng-np/
MOD DETAILS:
   modFile   : /home/canmotalka/web/can-motalka.ru/public_html/vqmod/xml/lightning.xml
   id        : OpenCart Lightning
   version   : 3.37
   vqmver    : 
   author    : MaxD http://devs.mx

File Name    : system/library/cache.php(0)
VQModObject::applyMod - SEARCH NOT FOUND (SKIPPED): if (is_file(DIR_SYSTEM . 'library/journal3/vendor/SuperCache

----------------------------------------------------------------------


---------- Date: 2026-03-29 15:04:02 ~ IP : 185.179.188.62 ----------
REQUEST URI : /kak-rabotaet-podmotka-spidometra/
MOD DETAILS:
   modFile   : /home/canmotalka/web/can-motalka.ru/public_html/vqmod/xml/lightning.xml
   id        : OpenCart Lightning
   version   : 3.37
   vqmver    : 
   author    : MaxD http://devs.mx

File Name    : system/library/cache.php(0)
VQModObject::applyMod - SEARCH NOT FOUND (SKIPPED): if (is_file(DIR_SYSTEM . 'library/journal3/vendor/SuperCache

----------------------------------------------------------------------


---------- Date: 2026-03-29 15:04:08 ~ IP : 185.179.188.62 ----------
REQUEST URI : /podmotka-spidometra-datsun-on-do/
MOD DETAILS:
   modFile   : /home/canmotalka/web/can-motalka.ru/public_html/vqmod/xml/lightning.xml
   id        : OpenCart Lightning
   version   : 3.37
   vqmver    : 
   author    : MaxD http://devs.mx

File Name    : system/library/cache.php(0)
VQModObject::applyMod - SEARCH NOT FOUND (SKIPPED): if (is_file(DIR_SYSTEM . 'library/journal3/vendor/SuperCache

----------------------------------------------------------------------


---------- Date: 2026-03-29 15:04:14 ~ IP : 185.179.188.62 ----------
REQUEST URI : /podmotka-spidometra-ford-focus-2/
MOD DETAILS:
   modFile   : /home/canmotalka/web/can-motalka.ru/public_html/vqmod/xml/lightning.xml
   id        : OpenCart Lightning
   version   : 3.37
   vqmver    : 
   author    : MaxD http://devs.mx

File Name    : system/library/cache.php(0)
VQModObject::applyMod - SEARCH NOT FOUND (SKIPPED): if (is_file(DIR_SYSTEM . 'library/journal3/vendor/SuperCache

----------------------------------------------------------------------


---------- Date: 2026-03-29 15:04:20 ~ IP : 185.179.188.62 ----------
REQUEST URI : /podmotka-spidometra-ford-tranzit/
MOD DETAILS:
   modFile   : /home/canmotalka/web/can-motalka.ru/public_html/vqmod/xml/lightning.xml
   id        : OpenCart Lightning
   version   : 3.37
   vqmver    : 
   author    : MaxD http://devs.mx

File Name    : system/library/cache.php(0)
VQModObject::applyMod - SEARCH NOT FOUND (SKIPPED): if (is_file(DIR_SYSTEM . 'library/journal3/vendor/SuperCache

----------------------------------------------------------------------


---------- Date: 2026-03-29 15:04:27 ~ IP : 185.179.188.62 ----------
REQUEST URI : /podmotka-spidometra-hyundai-ix35/
MOD DETAILS:
   modFile   : /home/canmotalka/web/can-motalka.ru/public_html/vqmod/xml/lightning.xml
   id        : OpenCart Lightning
   version   : 3.37
   vqmver    : 
   author    : MaxD http://devs.mx

File Name    : system/library/cache.php(0)
VQModObject::applyMod - SEARCH NOT FOUND (SKIPPED): if (is_file(DIR_SYSTEM . 'library/journal3/vendor/SuperCache

----------------------------------------------------------------------


---------- Date: 2026-03-29 15:04:33 ~ IP : 185.179.188.62 ----------
REQUEST URI : /podmotka-spidometra-kia-carnival/
MOD DETAILS:
   modFile   : /home/canmotalka/web/can-motalka.ru/public_html/vqmod/xml/lightning.xml
   id        : OpenCart Lightning
   version   : 3.37
   vqmver    : 
   author    : MaxD http://devs.mx

File Name    : system/library/cache.php(0)
VQModObject::applyMod - SEARCH NOT FOUND (SKIPPED): if (is_file(DIR_SYSTEM . 'library/journal3/vendor/SuperCache

----------------------------------------------------------------------


---------- Date: 2026-03-29 15:04:39 ~ IP : 185.179.188.62 ----------
REQUEST URI : /podmotka-spidometra-kia-sorento4/
MOD DETAILS:
   modFile   : /home/canmotalka/web/can-motalka.ru/public_html/vqmod/xml/lightning.xml
   id        : OpenCart Lightning
   version   : 3.37
   vqmver    : 
   author    : MaxD http://devs.mx

File Name    : system/library/cache.php(0)
VQModObject::applyMod - SEARCH NOT FOUND (SKIPPED): if (is_file(DIR_SYSTEM . 'library/journal3/vendor/SuperCache

----------------------------------------------------------------------


---------- Date: 2026-03-29 15:04:45 ~ IP : 185.179.188.62 ----------
REQUEST URI : /podmotka-spidometra-kia-sportage/
MOD DETAILS:
   modFile   : /home/canmotalka/web/can-motalka.ru/public_html/vqmod/xml/lightning.xml
   id        : OpenCart Lightning
   version   : 3.37
   vqmver    : 
   author    : MaxD http://devs.mx

File Name    : system/library/cache.php(0)
VQModObject::applyMod - SEARCH NOT FOUND (SKIPPED): if (is_file(DIR_SYSTEM . 'library/journal3/vendor/SuperCache

----------------------------------------------------------------------


---------- Date: 2026-03-29 15:04:49 ~ IP : 185.179.188.62 ----------
REQUEST URI : /instrukciya-podmotka-vesta/
MOD DETAILS:
   modFile   : /home/canmotalka/web/can-motalka.ru/public_html/vqmod/xml/lightning.xml
   id        : OpenCart Lightning
   version   : 3.37
   vqmver    : 
   author    : MaxD http://devs.mx

File Name    : system/library/cache.php(0)
VQModObject::applyMod - SEARCH NOT FOUND (SKIPPED): if (is_file(DIR_SYSTEM . 'library/journal3/vendor/SuperCache

----------------------------------------------------------------------


---------- Date: 2026-03-29 15:04:50 ~ IP : 185.179.188.62 ----------
REQUEST URI : /index.php?route=module/popupcart_extended
MOD DETAILS:
   modFile   : /home/canmotalka/web/can-motalka.ru/public_html/vqmod/xml/lightning.xml
   id        : OpenCart Lightning
   version   : 3.37
   vqmver    : 
   author    : MaxD http://devs.mx

File Name    : system/library/cache.php(0)
VQModObject::applyMod - SEARCH NOT FOUND (SKIPPED): if (is_file(DIR_SYSTEM . 'library/journal3/vendor/SuperCache

----------------------------------------------------------------------


---------- Date: 2026-03-29 15:04:51 ~ IP : 185.179.188.62 ----------
REQUEST URI : /podmotka-spidometra-na-lada-xray/
MOD DETAILS:
   modFile   : /home/canmotalka/web/can-motalka.ru/public_html/vqmod/xml/lightning.xml
   id        : OpenCart Lightning
   version   : 3.37
   vqmver    : 
   author    : MaxD http://devs.mx

File Name    : system/library/cache.php(0)
VQModObject::applyMod - SEARCH NOT FOUND (SKIPPED): if (is_file(DIR_SYSTEM . 'library/journal3/vendor/SuperCache

----------------------------------------------------------------------


---------- Date: 2026-03-29 15:04:57 ~ IP : 185.179.188.62 ----------
REQUEST URI : /podmotka-spidometra-nissan-teana/
MOD DETAILS:
   modFile   : /home/canmotalka/web/can-motalka.ru/public_html/vqmod/xml/lightning.xml
   id        : OpenCart Lightning
   version   : 3.37
   vqmver    : 
   author    : MaxD http://devs.mx

File Name    : system/library/cache.php(0)
VQModObject::applyMod - SEARCH NOT FOUND (SKIPPED): if (is_file(DIR_SYSTEM . 'library/journal3/vendor/SuperCache

----------------------------------------------------------------------


---------- Date: 2026-03-29 15:05:03 ~ IP : 185.179.188.62 ----------
REQUEST URI : /podmotka-spidometra-toyota-kamri/
MOD DETAILS:
   modFile   : /home/canmotalka/web/can-motalka.ru/public_html/vqmod/xml/lightning.xml
   id        : OpenCart Lightning
   version   : 3.37
   vqmver    : 
   author    : MaxD http://devs.mx

File Name    : system/library/cache.php(0)
VQModObject::applyMod - SEARCH NOT FOUND (SKIPPED): if (is_file(DIR_SYSTEM . 'library/journal3/vendor/SuperCache

----------------------------------------------------------------------


---------- Date: 2026-03-29 15:05:09 ~ IP : 185.179.188.62 ----------
REQUEST URI : /podmotka-spidometra-citroen-jumpy/
MOD DETAILS:
   modFile   : /home/canmotalka/web/can-motalka.ru/public_html/vqmod/xml/lightning.xml
   id        : OpenCart Lightning
   version   : 3.37
   vqmver    : 
   author    : MaxD http://devs.mx

File Name    : system/library/cache.php(0)
VQModObject::applyMod - SEARCH NOT FOUND (SKIPPED): if (is_file(DIR_SYSTEM . 'library/journal3/vendor/SuperCache

----------------------------------------------------------------------


---------- Date: 2026-03-29 15:05:15 ~ IP : 185.179.188.62 ----------
REQUEST URI : /podmotka-spidometra-ford-mondeo-5/
MOD DETAILS:
   modFile   : /home/canmotalka/web/can-motalka.ru/public_html/vqmod/xml/lightning.xml
   id        : OpenCart Lightning
   version   : 3.37
   vqmver    : 
   author    : MaxD http://devs.mx

File Name    : system/library/cache.php(0)
VQModObject::applyMod - SEARCH NOT FOUND (SKIPPED): if (is_file(DIR_SYSTEM . 'library/journal3/vendor/SuperCache

----------------------------------------------------------------------


---------- Date: 2026-03-29 15:05:21 ~ IP : 185.179.188.62 ----------
REQUEST URI : /podmotka-spidometra-henday-staria/
MOD DETAILS:
   modFile   : /home/canmotalka/web/can-motalka.ru/public_html/vqmod/xml/lightning.xml
   id        : OpenCart Lightning
   version   : 3.37
   vqmver    : 
   author    : MaxD http://devs.mx

File Name    : system/library/cache.php(0)
VQModObject::applyMod - SEARCH NOT FOUND (SKIPPED): if (is_file(DIR_SYSTEM . 'library/journal3/vendor/SuperCache

----------------------------------------------------------------------


---------- Date: 2026-03-29 15:05:27 ~ IP : 185.179.188.62 ----------
REQUEST URI : /podmotka-spidometra-nissan-almera/
MOD DETAILS:
   modFile   : /home/canmotalka/web/can-motalka.ru/public_html/vqmod/xml/lightning.xml
   id        : OpenCart Lightning
   version   : 3.37
   vqmver    : 
   author    : MaxD http://devs.mx

File Name    : system/library/cache.php(0)
VQModObject::applyMod - SEARCH NOT FOUND (SKIPPED): if (is_file(DIR_SYSTEM . 'library/journal3/vendor/SuperCache

----------------------------------------------------------------------


---------- Date: 2026-03-29 15:05:33 ~ IP : 185.179.188.62 ----------
REQUEST URI : /podmotka-spidometra-peugeot-boxer/
MOD DETAILS:
   modFile   : /home/canmotalka/web/can-motalka.ru/public_html/vqmod/xml/lightning.xml
   id        : OpenCart Lightning
   version   : 3.37
   vqmver    : 
   author    : MaxD http://devs.mx

File Name    : system/library/cache.php(0)
VQModObject::applyMod - SEARCH NOT FOUND (SKIPPED): if (is_file(DIR_SYSTEM . 'library/journal3/vendor/SuperCache

----------------------------------------------------------------------


---------- Date: 2026-03-29 15:05:38 ~ IP : 185.179.188.62 ----------
REQUEST URI : /folksvagen-polo-podmotka-spidometra/
MOD DETAILS:
   modFile   : /home/canmotalka/web/can-motalka.ru/public_html/vqmod/xml/lightning.xml
   id        : OpenCart Lightning
   version   : 3.37
   vqmver    : 
   author    : MaxD http://devs.mx

File Name    : system/library/cache.php(0)
VQModObject::applyMod - SEARCH NOT FOUND (SKIPPED): if (is_file(DIR_SYSTEM . 'library/journal3/vendor/SuperCache

----------------------------------------------------------------------


---------- Date: 2026-03-29 15:05:39 ~ IP : 185.179.188.62 ----------
REQUEST URI : /podmotka-spidometra-citroen-jumper/
MOD DETAILS:
   modFile   : /home/canmotalka/web/can-motalka.ru/public_html/vqmod/xml/lightning.xml
   id        : OpenCart Lightning
   version   : 3.37
   vqmver    : 
   author    : MaxD http://devs.mx

File Name    : system/library/cache.php(0)
VQModObject::applyMod - SEARCH NOT FOUND (SKIPPED): if (is_file(DIR_SYSTEM . 'library/journal3/vendor/SuperCache

----------------------------------------------------------------------


---------- Date: 2026-03-29 15:05:45 ~ IP : 185.179.188.62 ----------
REQUEST URI : /podmotka-spidometra-lada-granta-fl/
MOD DETAILS:
   modFile   : /home/canmotalka/web/can-motalka.ru/public_html/vqmod/xml/lightning.xml
   id        : OpenCart Lightning
   version   : 3.37
   vqmver    : 
   author    : MaxD http://devs.mx

File Name    : system/library/cache.php(0)
VQModObject::applyMod - SEARCH NOT FOUND (SKIPPED): if (is_file(DIR_SYSTEM . 'library/journal3/vendor/SuperCache

----------------------------------------------------------------------


---------- Date: 2026-03-29 15:05:51 ~ IP : 185.179.188.62 ----------
REQUEST URI : /podmotka-spidometra-renault-dokker/
MOD DETAILS:
   modFile   : /home/canmotalka/web/can-motalka.ru/public_html/vqmod/xml/lightning.xml
   id        : OpenCart Lightning
   version   : 3.37
   vqmver    : 
   author    : MaxD http://devs.mx

File Name    : system/library/cache.php(0)
VQModObject::applyMod - SEARCH NOT FOUND (SKIPPED): if (is_file(DIR_SYSTEM . 'library/journal3/vendor/SuperCache

----------------------------------------------------------------------


---------- Date: 2026-03-29 15:05:57 ~ IP : 185.179.188.62 ----------
REQUEST URI : /podmotka-spidometra-renault-kangoo/
MOD DETAILS:
   modFile   : /home/canmotalka/web/can-motalka.ru/public_html/vqmod/xml/lightning.xml
   id        : OpenCart Lightning
   version   : 3.37
   vqmver    : 
   author    : MaxD http://devs.mx

File Name    : system/library/cache.php(0)
VQModObject::applyMod - SEARCH NOT FOUND (SKIPPED): if (is_file(DIR_SYSTEM . 'library/journal3/vendor/SuperCache

----------------------------------------------------------------------


---------- Date: 2026-03-29 15:06:03 ~ IP : 185.179.188.62 ----------
REQUEST URI : /podmotka-spidometra-renault-kaptur/
MOD DETAILS:
   modFile   : /home/canmotalka/web/can-motalka.ru/public_html/vqmod/xml/lightning.xml
   id        : OpenCart Lightning
   version   : 3.37
   vqmver    : 
   author    : MaxD http://devs.mx

File Name    : system/library/cache.php(0)
VQModObject::applyMod - SEARCH NOT FOUND (SKIPPED): if (is_file(DIR_SYSTEM . 'library/journal3/vendor/SuperCache

----------------------------------------------------------------------


---------- Date: 2026-03-29 15:06:11 ~ IP : 185.179.188.62 ----------
REQUEST URI : /podmotka-spidometra-toyota-avensis/
MOD DETAILS:
   modFile   : /home/canmotalka/web/can-motalka.ru/public_html/vqmod/xml/lightning.xml
   id        : OpenCart Lightning
   version   : 3.37
   vqmver    : 
   author    : MaxD http://devs.mx

File Name    : system/library/cache.php(0)
VQModObject::applyMod - SEARCH NOT FOUND (SKIPPED): if (is_file(DIR_SYSTEM . 'library/journal3/vendor/SuperCache

----------------------------------------------------------------------


---------- Date: 2026-03-29 15:06:17 ~ IP : 185.179.188.62 ----------
REQUEST URI : /podmotka-spidometra-toyota-corolla/
MOD DETAILS:
   modFile   : /home/canmotalka/web/can-motalka.ru/public_html/vqmod/xml/lightning.xml
   id        : OpenCart Lightning
   version   : 3.37
   vqmver    : 
   author    : MaxD http://devs.mx

File Name    : system/library/cache.php(0)
VQModObject::applyMod - SEARCH NOT FOUND (SKIPPED): if (is_file(DIR_SYSTEM . 'library/journal3/vendor/SuperCache

----------------------------------------------------------------------


---------- Date: 2026-03-29 15:06:23 ~ IP : 185.179.188.62 ----------
REQUEST URI : /instrukciya-dlya-podmotki-lada-niva/
MOD DETAILS:
   modFile   : /home/canmotalka/web/can-motalka.ru/public_html/vqmod/xml/lightning.xml
   id        : OpenCart Lightning
   version   : 3.37
   vqmver    : 
   author    : MaxD http://devs.mx

File Name    : system/library/cache.php(0)
VQModObject::applyMod - SEARCH NOT FOUND (SKIPPED): if (is_file(DIR_SYSTEM . 'library/journal3/vendor/SuperCache

----------------------------------------------------------------------


---------- Date: 2026-03-29 15:06:30 ~ IP : 185.179.188.62 ----------
REQUEST URI : /podmotka-spidometra-chevrolet-cruze/
MOD DETAILS:
   modFile   : /home/canmotalka/web/can-motalka.ru/public_html/vqmod/xml/lightning.xml
   id        : OpenCart Lightning
   version   : 3.37
   vqmver    : 
   author    : MaxD http://devs.mx

File Name    : system/library/cache.php(0)
VQModObject::applyMod - SEARCH NOT FOUND (SKIPPED): if (is_file(DIR_SYSTEM . 'library/journal3/vendor/SuperCache

----------------------------------------------------------------------


---------- Date: 2026-03-29 15:06:36 ~ IP : 185.179.188.62 ----------
REQUEST URI : /podmotka-spidometra-henday-palisade/
MOD DETAILS:
   modFile   : /home/canmotalka/web/can-motalka.ru/public_html/vqmod/xml/lightning.xml
   id        : OpenCart Lightning
   version   : 3.37
   vqmver    : 
   author    : MaxD http://devs.mx

File Name    : system/library/cache.php(0)
VQModObject::applyMod - SEARCH NOT FOUND (SKIPPED): if (is_file(DIR_SYSTEM . 'library/journal3/vendor/SuperCache

----------------------------------------------------------------------


---------- Date: 2026-03-29 15:06:42 ~ IP : 185.179.188.62 ----------
REQUEST URI : /podmotka-spidometra-henday-sonata-8/
MOD DETAILS:
   modFile   : /home/canmotalka/web/can-motalka.ru/public_html/vqmod/xml/lightning.xml
   id        : OpenCart Lightning
   version   : 3.37
   vqmver    : 
   author    : MaxD http://devs.mx

File Name    : system/library/cache.php(0)
VQModObject::applyMod - SEARCH NOT FOUND (SKIPPED): if (is_file(DIR_SYSTEM . 'library/journal3/vendor/SuperCache

----------------------------------------------------------------------


---------- Date: 2026-03-29 15:06:48 ~ IP : 185.179.188.62 ----------
REQUEST URI : /podmotka-spidometra-mitsubishi-l200/
MOD DETAILS:
   modFile   : /home/canmotalka/web/can-motalka.ru/public_html/vqmod/xml/lightning.xml
   id        : OpenCart Lightning
   version   : 3.37
   vqmver    : 
   author    : MaxD http://devs.mx

File Name    : system/library/cache.php(0)
VQModObject::applyMod - SEARCH NOT FOUND (SKIPPED): if (is_file(DIR_SYSTEM . 'library/journal3/vendor/SuperCache

----------------------------------------------------------------------


---------- Date: 2026-03-29 15:06:54 ~ IP : 185.179.188.62 ----------
REQUEST URI : /podmotka-spidometra-renault-fluence/
MOD DETAILS:
   modFile   : /home/canmotalka/web/can-motalka.ru/public_html/vqmod/xml/lightning.xml
   id        : OpenCart Lightning
   version   : 3.37
   vqmver    : 
   author    : MaxD http://devs.mx

File Name    : system/library/cache.php(0)
VQModObject::applyMod - SEARCH NOT FOUND (SKIPPED): if (is_file(DIR_SYSTEM . 'library/journal3/vendor/SuperCache

----------------------------------------------------------------------


---------- Date: 2026-03-29 15:07:00 ~ IP : 185.179.188.62 ----------
REQUEST URI : /kak-perenastroit-podmotku-spidometra/
MOD DETAILS:
   modFile   : /home/canmotalka/web/can-motalka.ru/public_html/vqmod/xml/lightning.xml
   id        : OpenCart Lightning
   version   : 3.37
   vqmver    : 
   author    : MaxD http://devs.mx

File Name    : system/library/cache.php(0)
VQModObject::applyMod - SEARCH NOT FOUND (SKIPPED): if (is_file(DIR_SYSTEM . 'library/journal3/vendor/SuperCache

----------------------------------------------------------------------


---------- Date: 2026-03-29 15:07:06 ~ IP : 185.179.188.62 ----------
REQUEST URI : /podmotka-spidometra-citroen-berlingo/
MOD DETAILS:
   modFile   : /home/canmotalka/web/can-motalka.ru/public_html/vqmod/xml/lightning.xml
   id        : OpenCart Lightning
   version   : 3.37
   vqmver    : 
   author    : MaxD http://devs.mx

File Name    : system/library/cache.php(0)
VQModObject::applyMod - SEARCH NOT FOUND (SKIPPED): if (is_file(DIR_SYSTEM . 'library/journal3/vendor/SuperCache

----------------------------------------------------------------------


---------- Date: 2026-03-29 15:07:13 ~ IP : 185.179.188.62 ----------
REQUEST URI : /podmotka-spidometra-renault-megane-2/
MOD DETAILS:
   modFile   : /home/canmotalka/web/can-motalka.ru/public_html/vqmod/xml/lightning.xml
   id        : OpenCart Lightning
   version   : 3.37
   vqmver    : 
   author    : MaxD http://devs.mx

File Name    : system/library/cache.php(0)
VQModObject::applyMod - SEARCH NOT FOUND (SKIPPED): if (is_file(DIR_SYSTEM . 'library/journal3/vendor/SuperCache

----------------------------------------------------------------------


---------- Date: 2026-03-29 15:07:16 ~ IP : 185.179.188.62 ----------
REQUEST URI : /podmotka-krutilka-spidometra-gazel-biznes-benzin-evotec-ili-cummins/
MOD DETAILS:
   modFile   : /home/canmotalka/web/can-motalka.ru/public_html/vqmod/xml/lightning.xml
   id        : OpenCart Lightning
   version   : 3.37
   vqmver    : 
   author    : MaxD http://devs.mx

File Name    : system/library/cache.php(0)
VQModObject::applyMod - SEARCH NOT FOUND (SKIPPED): if (is_file(DIR_SYSTEM . 'library/journal3/vendor/SuperCache

----------------------------------------------------------------------


---------- Date: 2026-03-29 15:07:19 ~ IP : 185.179.188.62 ----------
REQUEST URI : /posle-podmotki-menyaetsya-zapas-hoda/
MOD DETAILS:
   modFile   : /home/canmotalka/web/can-motalka.ru/public_html/vqmod/xml/lightning.xml
   id        : OpenCart Lightning
   version   : 3.37
   vqmver    : 
   author    : MaxD http://devs.mx

File Name    : system/library/cache.php(0)
VQModObject::applyMod - SEARCH NOT FOUND (SKIPPED): if (is_file(DIR_SYSTEM . 'library/journal3/vendor/SuperCache

----------------------------------------------------------------------


---------- Date: 2026-03-29 15:07:25 ~ IP : 185.179.188.62 ----------
REQUEST URI : /podmotka-spidometra-dlya-ford-exploer/
MOD DETAILS:
   modFile   : /home/canmotalka/web/can-motalka.ru/public_html/vqmod/xml/lightning.xml
   id        : OpenCart Lightning
   version   : 3.37
   vqmver    : 
   author    : MaxD http://devs.mx

File Name    : system/library/cache.php(0)
VQModObject::applyMod - SEARCH NOT FOUND (SKIPPED): if (is_file(DIR_SYSTEM . 'library/journal3/vendor/SuperCache

----------------------------------------------------------------------


---------- Date: 2026-03-29 15:07:32 ~ IP : 185.179.188.62 ----------
REQUEST URI : /podmotka-spidometra-hyndai-santa-fe-4/
MOD DETAILS:
   modFile   : /home/canmotalka/web/can-motalka.ru/public_html/vqmod/xml/lightning.xml
   id        : OpenCart Lightning
   version   : 3.37
   vqmver    : 
   author    : MaxD http://devs.mx

File Name    : system/library/cache.php(0)
VQModObject::applyMod - SEARCH NOT FOUND (SKIPPED): if (is_file(DIR_SYSTEM . 'library/journal3/vendor/SuperCache

----------------------------------------------------------------------


---------- Date: 2026-03-29 15:07:38 ~ IP : 185.179.188.62 ----------
REQUEST URI : /podmotka-spidometra-mercedes-sprinter/
MOD DETAILS:
   modFile   : /home/canmotalka/web/can-motalka.ru/public_html/vqmod/xml/lightning.xml
   id        : OpenCart Lightning
   version   : 3.37
   vqmver    : 
   author    : MaxD http://devs.mx

File Name    : system/library/cache.php(0)
VQModObject::applyMod - SEARCH NOT FOUND (SKIPPED): if (is_file(DIR_SYSTEM . 'library/journal3/vendor/SuperCache

----------------------------------------------------------------------


---------- Date: 2026-03-29 15:07:43 ~ IP : 185.179.188.62 ----------
REQUEST URI : /podmotka-spidometra-peugeot-traveller/
MOD DETAILS:
   modFile   : /home/canmotalka/web/can-motalka.ru/public_html/vqmod/xml/lightning.xml
   id        : OpenCart Lightning
   version   : 3.37
   vqmver    : 
   author    : MaxD http://devs.mx

File Name    : system/library/cache.php(0)
VQModObject::applyMod - SEARCH NOT FOUND (SKIPPED): if (is_file(DIR_SYSTEM . 'library/journal3/vendor/SuperCache

----------------------------------------------------------------------


---------- Date: 2026-03-29 15:07:48 ~ IP : 185.179.188.62 ----------
REQUEST URI : /podmotka-spidometra-renault-sandero-2/
MOD DETAILS:
   modFile   : /home/canmotalka/web/can-motalka.ru/public_html/vqmod/xml/lightning.xml
   id        : OpenCart Lightning
   version   : 3.37
   vqmver    : 
   author    : MaxD http://devs.mx

File Name    : system/library/cache.php(0)
VQModObject::applyMod - SEARCH NOT FOUND (SKIPPED): if (is_file(DIR_SYSTEM . 'library/journal3/vendor/SuperCache

----------------------------------------------------------------------


---------- Date: 2026-03-29 15:07:54 ~ IP : 185.179.188.62 ----------
REQUEST URI : /podmotka-spidometra-ssang-young-kyron/
MOD DETAILS:
   modFile   : /home/canmotalka/web/can-motalka.ru/public_html/vqmod/xml/lightning.xml
   id        : OpenCart Lightning
   version   : 3.37
   vqmver    : 
   author    : MaxD http://devs.mx

File Name    : system/library/cache.php(0)
VQModObject::applyMod - SEARCH NOT FOUND (SKIPPED): if (is_file(DIR_SYSTEM . 'library/journal3/vendor/SuperCache

----------------------------------------------------------------------


---------- Date: 2026-03-29 15:07:59 ~ IP : 185.179.188.62 ----------
REQUEST URI : /podmotka-spidometra-toyota-highlander/
MOD DETAILS:
   modFile   : /home/canmotalka/web/can-motalka.ru/public_html/vqmod/xml/lightning.xml
   id        : OpenCart Lightning
   version   : 3.37
   vqmver    : 
   author    : MaxD http://devs.mx

File Name    : system/library/cache.php(0)
VQModObject::applyMod - SEARCH NOT FOUND (SKIPPED): if (is_file(DIR_SYSTEM . 'library/journal3/vendor/SuperCache

----------------------------------------------------------------------


---------- Date: 2026-03-29 15:08:04 ~ IP : 185.179.188.62 ----------
REQUEST URI : /podmotka-spidometra-volkswagen-polo-6/
MOD DETAILS:
   modFile   : /home/canmotalka/web/can-motalka.ru/public_html/vqmod/xml/lightning.xml
   id        : OpenCart Lightning
   version   : 3.37
   vqmver    : 
   author    : MaxD http://devs.mx

File Name    : system/library/cache.php(0)
VQModObject::applyMod - SEARCH NOT FOUND (SKIPPED): if (is_file(DIR_SYSTEM . 'library/journal3/vendor/SuperCache

----------------------------------------------------------------------


---------- Date: 2026-03-29 15:08:09 ~ IP : 185.179.188.62 ----------
REQUEST URI : /podmotka-spidometra-hyundai-santa-fe-2/
MOD DETAILS:
   modFile   : /home/canmotalka/web/can-motalka.ru/public_html/vqmod/xml/lightning.xml
   id        : OpenCart Lightning
   version   : 3.37
   vqmver    : 
   author    : MaxD http://devs.mx

File Name    : system/library/cache.php(0)
VQModObject::applyMod - SEARCH NOT FOUND (SKIPPED): if (is_file(DIR_SYSTEM . 'library/journal3/vendor/SuperCache

----------------------------------------------------------------------


---------- Date: 2026-03-29 15:08:09 ~ IP : 185.179.188.62 ----------
REQUEST URI : /podmotka-spidometra-mersedes-sprinter-classic
MOD DETAILS:
   modFile   : /home/canmotalka/web/can-motalka.ru/public_html/vqmod/xml/lightning.xml
   id        : OpenCart Lightning
   version   : 3.37
   vqmver    : 
   author    : MaxD http://devs.mx

File Name    : system/library/cache.php(0)
VQModObject::applyMod - SEARCH NOT FOUND (SKIPPED): if (is_file(DIR_SYSTEM . 'library/journal3/vendor/SuperCache

----------------------------------------------------------------------


---------- Date: 2026-03-29 15:08:09 ~ IP : 185.179.188.62 ----------
REQUEST URI : /podmotka-spidometra-mersedes-sprinter-classic/
MOD DETAILS:
   modFile   : /home/canmotalka/web/can-motalka.ru/public_html/vqmod/xml/lightning.xml
   id        : OpenCart Lightning
   version   : 3.37
   vqmver    : 
   author    : MaxD http://devs.mx

File Name    : system/library/cache.php(0)
VQModObject::applyMod - SEARCH NOT FOUND (SKIPPED): if (is_file(DIR_SYSTEM . 'library/journal3/vendor/SuperCache

----------------------------------------------------------------------


---------- Date: 2026-03-29 15:08:14 ~ IP : 185.179.188.62 ----------
REQUEST URI : /podmotka-spidometra-hyundai-santa-fe-3/
MOD DETAILS:
   modFile   : /home/canmotalka/web/can-motalka.ru/public_html/vqmod/xml/lightning.xml
   id        : OpenCart Lightning
   version   : 3.37
   vqmver    : 
   author    : MaxD http://devs.mx

File Name    : system/library/cache.php(0)
VQModObject::applyMod - SEARCH NOT FOUND (SKIPPED): if (is_file(DIR_SYSTEM . 'library/journal3/vendor/SuperCache

----------------------------------------------------------------------


---------- Date: 2026-03-29 15:08:18 ~ IP : 185.179.188.62 ----------
REQUEST URI : /podmotka-spidometra-ford-focus-2/?ysclid=mnbptitbxc111092288
MOD DETAILS:
   modFile   : /home/canmotalka/web/can-motalka.ru/public_html/vqmod/xml/lightning.xml
   id        : OpenCart Lightning
   version   : 3.37
   vqmver    : 
   author    : MaxD http://devs.mx

File Name    : system/library/cache.php(0)
VQModObject::applyMod - SEARCH NOT FOUND (SKIPPED): if (is_file(DIR_SYSTEM . 'library/journal3/vendor/SuperCache

----------------------------------------------------------------------


---------- Date: 2026-03-29 15:08:18 ~ IP : 185.179.188.62 ----------
REQUEST URI : /podmotka-spidometra-ford-focus-2/
MOD DETAILS:
   modFile   : /home/canmotalka/web/can-motalka.ru/public_html/vqmod/xml/lightning.xml
   id        : OpenCart Lightning
   version   : 3.37
   vqmver    : 
   author    : MaxD http://devs.mx

File Name    : system/library/cache.php(0)
VQModObject::applyMod - SEARCH NOT FOUND (SKIPPED): if (is_file(DIR_SYSTEM . 'library/journal3/vendor/SuperCache

----------------------------------------------------------------------


---------- Date: 2026-03-29 15:08:19 ~ IP : 185.179.188.62 ----------
REQUEST URI : /podmotka-spidometra-na-shkoda-oktaviya/
MOD DETAILS:
   modFile   : /home/canmotalka/web/can-motalka.ru/public_html/vqmod/xml/lightning.xml
   id        : OpenCart Lightning
   version   : 3.37
   vqmver    : 
   author    : MaxD http://devs.mx

File Name    : system/library/cache.php(0)
VQModObject::applyMod - SEARCH NOT FOUND (SKIPPED): if (is_file(DIR_SYSTEM . 'library/journal3/vendor/SuperCache

----------------------------------------------------------------------


---------- Date: 2026-03-29 15:08:19 ~ IP : 185.179.188.62 ----------
REQUEST URI : /index.php?route=product/product/review&amp;product_id=53
MOD DETAILS:
   modFile   : /home/canmotalka/web/can-motalka.ru/public_html/vqmod/xml/lightning.xml
   id        : OpenCart Lightning
   version   : 3.37
   vqmver    : 
   author    : MaxD http://devs.mx

File Name    : system/library/cache.php(0)
VQModObject::applyMod - SEARCH NOT FOUND (SKIPPED): if (is_file(DIR_SYSTEM . 'library/journal3/vendor/SuperCache

----------------------------------------------------------------------


---------- Date: 2026-03-29 15:08:19 ~ IP : 185.179.188.62 ----------
REQUEST URI : /index.php?route=module/popupcart_extended
MOD DETAILS:
   modFile   : /home/canmotalka/web/can-motalka.ru/public_html/vqmod/xml/lightning.xml
   id        : OpenCart Lightning
   version   : 3.37
   vqmver    : 
   author    : MaxD http://devs.mx

File Name    : system/library/cache.php(0)
VQModObject::applyMod - SEARCH NOT FOUND (SKIPPED): if (is_file(DIR_SYSTEM . 'library/journal3/vendor/SuperCache

----------------------------------------------------------------------


---------- Date: 2026-03-29 15:08:24 ~ IP : 185.179.188.62 ----------
REQUEST URI : /podmotka-spidometra-podoidet-li-razyom/
MOD DETAILS:
   modFile   : /home/canmotalka/web/can-motalka.ru/public_html/vqmod/xml/lightning.xml
   id        : OpenCart Lightning
   version   : 3.37
   vqmver    : 
   author    : MaxD http://devs.mx

File Name    : system/library/cache.php(0)
VQModObject::applyMod - SEARCH NOT FOUND (SKIPPED): if (is_file(DIR_SYSTEM . 'library/journal3/vendor/SuperCache

----------------------------------------------------------------------


---------- Date: 2026-03-29 15:08:29 ~ IP : 185.179.188.62 ----------
REQUEST URI : /podmotka-spidometra-ssang-young-action/
MOD DETAILS:
   modFile   : /home/canmotalka/web/can-motalka.ru/public_html/vqmod/xml/lightning.xml
   id        : OpenCart Lightning
   version   : 3.37
   vqmver    : 
   author    : MaxD http://devs.mx

File Name    : system/library/cache.php(0)
VQModObject::applyMod - SEARCH NOT FOUND (SKIPPED): if (is_file(DIR_SYSTEM . 'library/journal3/vendor/SuperCache

----------------------------------------------------------------------


---------- Date: 2026-03-29 15:08:34 ~ IP : 185.179.188.62 ----------
REQUEST URI : /podmotka-spidometra-volkswagen-crafter/
MOD DETAILS:
   modFile   : /home/canmotalka/web/can-motalka.ru/public_html/vqmod/xml/lightning.xml
   id        : OpenCart Lightning
   version   : 3.37
   vqmver    : 
   author    : MaxD http://devs.mx

File Name    : system/library/cache.php(0)
VQModObject::applyMod - SEARCH NOT FOUND (SKIPPED): if (is_file(DIR_SYSTEM . 'library/journal3/vendor/SuperCache

----------------------------------------------------------------------


---------- Date: 2026-03-29 15:08:38 ~ IP : 185.179.188.62 ----------
REQUEST URI : /podmotka-spidometra-hyundai-genesis-g80/
MOD DETAILS:
   modFile   : /home/canmotalka/web/can-motalka.ru/public_html/vqmod/xml/lightning.xml
   id        : OpenCart Lightning
   version   : 3.37
   vqmver    : 
   author    : MaxD http://devs.mx

File Name    : system/library/cache.php(0)
VQModObject::applyMod - SEARCH NOT FOUND (SKIPPED): if (is_file(DIR_SYSTEM . 'library/journal3/vendor/SuperCache

----------------------------------------------------------------------


---------- Date: 2026-03-29 15:08:43 ~ IP : 185.179.188.62 ----------
REQUEST URI : /podmotka-spidometra-reno-logan-za-3000r/
MOD DETAILS:
   modFile   : /home/canmotalka/web/can-motalka.ru/public_html/vqmod/xml/lightning.xml
   id        : OpenCart Lightning
   version   : 3.37
   vqmver    : 
   author    : MaxD http://devs.mx

File Name    : system/library/cache.php(0)
VQModObject::applyMod - SEARCH NOT FOUND (SKIPPED): if (is_file(DIR_SYSTEM . 'library/journal3/vendor/SuperCache

----------------------------------------------------------------------


---------- Date: 2026-03-29 15:08:48 ~ IP : 185.179.188.62 ----------
REQUEST URI : /podmotka-spidome
MOD DETAILS:
   modFile   : /home/canmotalka/web/can-motalka.ru/public_html/vqmod/xml/lightning.xml
   id        : OpenCart Lightning
   version   : 3.37
   vqmver    : 
   author    : MaxD http://devs.mx

File Name    : system/library/cache.php(0)
VQModObject::applyMod - SEARCH NOT FOUND (SKIPPED): if (is_file(DIR_SYSTEM . 'library/journal3/vendor/SuperCache

----------------------------------------------------------------------


---------- Date: 2026-03-29 15:08:53 ~ IP : 185.179.188.62 ----------
REQUEST URI : /setting_php/vardenafil/158-dapoksetin-stoimost-seversk/
MOD DETAILS:
   modFile   : /home/canmotalka/web/can-motalka.ru/public_html/vqmod/xml/lightning.xml
   id        : OpenCart Lightning
   version   : 3.37
   vqmver    : 
   author    : MaxD http://devs.mx

File Name    : system/library/cache.php(0)
VQModObject::applyMod - SEARCH NOT FOUND (SKIPPED): if (is_file(DIR_SYSTEM . 'library/journal3/vendor/SuperCache

----------------------------------------------------------------------


---------- Date: 2026-03-29 15:10:01 ~ IP : 185.179.188.62 ----------
REQUEST URI : /xmlrpc.php
MOD DETAILS:
   modFile   : /home/canmotalka/web/can-motalka.ru/public_html/vqmod/xml/lightning.xml
   id        : OpenCart Lightning
   version   : 3.37
   vqmver    : 
   author    : MaxD http://devs.mx

File Name    : system/library/cache.php(0)
VQModObject::applyMod - SEARCH NOT FOUND (SKIPPED): if (is_file(DIR_SYSTEM . 'library/journal3/vendor/SuperCache

----------------------------------------------------------------------


---------- Date: 2026-03-29 15:10:12 ~ IP : 185.179.188.62 ----------
REQUEST URI : /podmotka-spidometra-dlya-ford-exploer/
MOD DETAILS:
   modFile   : /home/canmotalka/web/can-motalka.ru/public_html/vqmod/xml/lightning.xml
   id        : OpenCart Lightning
   version   : 3.37
   vqmver    : 
   author    : MaxD http://devs.mx

File Name    : system/library/cache.php(0)
VQModObject::applyMod - SEARCH NOT FOUND (SKIPPED): if (is_file(DIR_SYSTEM . 'library/journal3/vendor/SuperCache

----------------------------------------------------------------------


---------- Date: 2026-03-29 15:10:13 ~ IP : 185.179.188.62 ----------
REQUEST URI : /index.php?route=product/product/review&amp;product_id=255
MOD DETAILS:
   modFile   : /home/canmotalka/web/can-motalka.ru/public_html/vqmod/xml/lightning.xml
   id        : OpenCart Lightning
   version   : 3.37
   vqmver    : 
   author    : MaxD http://devs.mx

File Name    : system/library/cache.php(0)
VQModObject::applyMod - SEARCH NOT FOUND (SKIPPED): if (is_file(DIR_SYSTEM . 'library/journal3/vendor/SuperCache

----------------------------------------------------------------------


---------- Date: 2026-03-29 15:13:11 ~ IP : 185.179.188.62 ----------
REQUEST URI : /podmotka_vw_manual/
MOD DETAILS:
   modFile   : /home/canmotalka/web/can-motalka.ru/public_html/vqmod/xml/lightning.xml
   id        : OpenCart Lightning
   version   : 3.37
   vqmver    : 
   author    : MaxD http://devs.mx

File Name    : system/library/cache.php(0)
VQModObject::applyMod - SEARCH NOT FOUND (SKIPPED): if (is_file(DIR_SYSTEM . 'library/journal3/vendor/SuperCache

----------------------------------------------------------------------


---------- Date: 2026-03-29 15:13:14 ~ IP : 185.179.188.62 ----------
REQUEST URI : /index.php?route=module/popupcart_extended
MOD DETAILS:
   modFile   : /home/canmotalka/web/can-motalka.ru/public_html/vqmod/xml/lightning.xml
   id        : OpenCart Lightning
   version   : 3.37
   vqmver    : 
   author    : MaxD http://devs.mx

File Name    : system/library/cache.php(0)
VQModObject::applyMod - SEARCH NOT FOUND (SKIPPED): if (is_file(DIR_SYSTEM . 'library/journal3/vendor/SuperCache

----------------------------------------------------------------------


---------- Date: 2026-03-29 15:13:30 ~ IP : 185.179.188.62 ----------
REQUEST URI : /namotchik-probega-dlya-mercedes-sprinter/
MOD DETAILS:
   modFile   : /home/canmotalka/web/can-motalka.ru/public_html/vqmod/xml/lightning.xml
   id        : OpenCart Lightning
   version   : 3.37
   vqmver    : 
   author    : MaxD http://devs.mx

File Name    : system/library/cache.php(0)
VQModObject::applyMod - SEARCH NOT FOUND (SKIPPED): if (is_file(DIR_SYSTEM . 'library/journal3/vendor/SuperCache

----------------------------------------------------------------------


---------- Date: 2026-03-29 15:13:31 ~ IP : 185.179.188.62 ----------
REQUEST URI : /podmotka-spidometra-mercedes-sprinter/
MOD DETAILS:
   modFile   : /home/canmotalka/web/can-motalka.ru/public_html/vqmod/xml/lightning.xml
   id        : OpenCart Lightning
   version   : 3.37
   vqmver    : 
   author    : MaxD http://devs.mx

File Name    : system/library/cache.php(0)
VQModObject::applyMod - SEARCH NOT FOUND (SKIPPED): if (is_file(DIR_SYSTEM . 'library/journal3/vendor/SuperCache

----------------------------------------------------------------------


---------- Date: 2026-03-29 15:14:07 ~ IP : 185.179.188.62 ----------
REQUEST URI : /gazelle_biz_manual/
MOD DETAILS:
   modFile   : /home/canmotalka/web/can-motalka.ru/public_html/vqmod/xml/lightning.xml
   id        : OpenCart Lightning
   version   : 3.37
   vqmver    : 
   author    : MaxD http://devs.mx

File Name    : system/library/cache.php(0)
VQModObject::applyMod - SEARCH NOT FOUND (SKIPPED): if (is_file(DIR_SYSTEM . 'library/journal3/vendor/SuperCache

----------------------------------------------------------------------


---------- Date: 2026-03-29 15:14:07 ~ IP : 185.179.188.62 ----------
REQUEST URI : /index.php?route=module/popupcart_extended
MOD DETAILS:
   modFile   : /home/canmotalka/web/can-motalka.ru/public_html/vqmod/xml/lightning.xml
   id        : OpenCart Lightning
   version   : 3.37
   vqmver    : 
   author    : MaxD http://devs.mx

File Name    : system/library/cache.php(0)
VQModObject::applyMod - SEARCH NOT FOUND (SKIPPED): if (is_file(DIR_SYSTEM . 'library/journal3/vendor/SuperCache

----------------------------------------------------------------------


---------- Date: 2026-03-29 15:20:48 ~ IP : 185.179.188.62 ----------
REQUEST URI : /video-obzor
MOD DETAILS:
   modFile   : /home/canmotalka/web/can-motalka.ru/public_html/vqmod/xml/lightning.xml
   id        : OpenCart Lightning
   version   : 3.37
   vqmver    : 
   author    : MaxD http://devs.mx

File Name    : system/library/cache.php(0)
VQModObject::applyMod - SEARCH NOT FOUND (SKIPPED): if (is_file(DIR_SYSTEM . 'library/journal3/vendor/SuperCache

----------------------------------------------------------------------


---------- Date: 2026-03-29 15:20:52 ~ IP : 185.179.188.62 ----------
REQUEST URI : /video-obzor/
MOD DETAILS:
   modFile   : /home/canmotalka/web/can-motalka.ru/public_html/vqmod/xml/lightning.xml
   id        : OpenCart Lightning
   version   : 3.37
   vqmver    : 
   author    : MaxD http://devs.mx

File Name    : system/library/cache.php(0)
VQModObject::applyMod - SEARCH NOT FOUND (SKIPPED): if (is_file(DIR_SYSTEM . 'library/journal3/vendor/SuperCache

----------------------------------------------------------------------


---------- Date: 2026-03-29 15:25:36 ~ IP : 185.179.188.62 ----------
REQUEST URI : /instrukciya-dlya-podmotki-lada-niva/
MOD DETAILS:
   modFile   : /home/canmotalka/web/can-motalka.ru/public_html/vqmod/xml/lightning.xml
   id        : OpenCart Lightning
   version   : 3.37
   vqmver    : 
   author    : MaxD http://devs.mx

File Name    : system/library/cache.php(0)
VQModObject::applyMod - SEARCH NOT FOUND (SKIPPED): if (is_file(DIR_SYSTEM . 'library/journal3/vendor/SuperCache

----------------------------------------------------------------------


---------- Date: 2026-03-29 15:25:39 ~ IP : 185.179.188.62 ----------
REQUEST URI : /index.php?route=module/popupcart_extended
MOD DETAILS:
   modFile   : /home/canmotalka/web/can-motalka.ru/public_html/vqmod/xml/lightning.xml
   id        : OpenCart Lightning
   version   : 3.37
   vqmver    : 
   author    : MaxD http://devs.mx

File Name    : system/library/cache.php(0)
VQModObject::applyMod - SEARCH NOT FOUND (SKIPPED): if (is_file(DIR_SYSTEM . 'library/journal3/vendor/SuperCache

----------------------------------------------------------------------


---------- Date: 2026-03-29 15:25:54 ~ IP : 185.179.188.62 ----------
REQUEST URI : /index.php?route=information/information&amp;information_id=9
MOD DETAILS:
   modFile   : /home/canmotalka/web/can-motalka.ru/public_html/vqmod/xml/lightning.xml
   id        : OpenCart Lightning
   version   : 3.37
   vqmver    : 
   author    : MaxD http://devs.mx

File Name    : system/library/cache.php(0)
VQModObject::applyMod - SEARCH NOT FOUND (SKIPPED): if (is_file(DIR_SYSTEM . 'library/journal3/vendor/SuperCache

----------------------------------------------------------------------


---------- Date: 2026-03-29 15:30:06 ~ IP : 185.179.188.62 ----------
REQUEST URI : /podmotka-spidometra-gazel-v-prikurivatel/
MOD DETAILS:
   modFile   : /home/canmotalka/web/can-motalka.ru/public_html/vqmod/xml/lightning.xml
   id        : OpenCart Lightning
   version   : 3.37
   vqmver    : 
   author    : MaxD http://devs.mx

File Name    : system/library/cache.php(0)
VQModObject::applyMod - SEARCH NOT FOUND (SKIPPED): if (is_file(DIR_SYSTEM . 'library/journal3/vendor/SuperCache

----------------------------------------------------------------------


---------- Date: 2026-03-29 15:30:44 ~ IP : 185.179.188.62 ----------
REQUEST URI : /niva_abs_re/
MOD DETAILS:
   modFile   : /home/canmotalka/web/can-motalka.ru/public_html/vqmod/xml/lightning.xml
   id        : OpenCart Lightning
   version   : 3.37
   vqmver    : 
   author    : MaxD http://devs.mx

File Name    : system/library/cache.php(0)
VQModObject::applyMod - SEARCH NOT FOUND (SKIPPED): if (is_file(DIR_SYSTEM . 'library/journal3/vendor/SuperCache

----------------------------------------------------------------------


---------- Date: 2026-03-29 15:31:20 ~ IP : 185.179.188.62 ----------
REQUEST URI : /instrukciya-podmotka-niva-travel-chevrolet/
MOD DETAILS:
   modFile   : /home/canmotalka/web/can-motalka.ru/public_html/vqmod/xml/lightning.xml
   id        : OpenCart Lightning
   version   : 3.37
   vqmver    : 
   author    : MaxD http://devs.mx

File Name    : system/library/cache.php(0)
VQModObject::applyMod - SEARCH NOT FOUND (SKIPPED): if (is_file(DIR_SYSTEM . 'library/journal3/vendor/SuperCache

----------------------------------------------------------------------


---------- Date: 2026-03-29 15:31:33 ~ IP : 185.179.188.62 ----------
REQUEST URI : /kak-rabotaet-podmotka-spidometra/
MOD DETAILS:
   modFile   : /home/canmotalka/web/can-motalka.ru/public_html/vqmod/xml/lightning.xml
   id        : OpenCart Lightning
   version   : 3.37
   vqmver    : 
   author    : MaxD http://devs.mx

File Name    : system/library/cache.php(0)
VQModObject::applyMod - SEARCH NOT FOUND (SKIPPED): if (is_file(DIR_SYSTEM . 'library/journal3/vendor/SuperCache

----------------------------------------------------------------------


---------- Date: 2026-03-29 15:33:41 ~ IP : 185.179.188.62 ----------
REQUEST URI : /namotchik-probega-dlya-uaz-patriot-konec-do-2016-zelenyy-displey/
MOD DETAILS:
   modFile   : /home/canmotalka/web/can-motalka.ru/public_html/vqmod/xml/lightning.xml
   id        : OpenCart Lightning
   version   : 3.37
   vqmver    : 
   author    : MaxD http://devs.mx

File Name    : system/library/cache.php(0)
VQModObject::applyMod - SEARCH NOT FOUND (SKIPPED): if (is_file(DIR_SYSTEM . 'library/journal3/vendor/SuperCache

----------------------------------------------------------------------


---------- Date: 2026-03-29 15:35:45 ~ IP : 185.179.188.62 ----------
REQUEST URI : /podmotka-spidometra-gazel-nekst/
MOD DETAILS:
   modFile   : /home/canmotalka/web/can-motalka.ru/public_html/vqmod/xml/lightning.xml
   id        : OpenCart Lightning
   version   : 3.37
   vqmver    : 
   author    : MaxD http://devs.mx

File Name    : system/library/cache.php(0)
VQModObject::applyMod - SEARCH NOT FOUND (SKIPPED): if (is_file(DIR_SYSTEM . 'library/journal3/vendor/SuperCache

----------------------------------------------------------------------


---------- Date: 2026-03-29 15:35:48 ~ IP : 185.179.188.62 ----------
REQUEST URI : /folksvagen-polo-podmotka-spidometra/
MOD DETAILS:
   modFile   : /home/canmotalka/web/can-motalka.ru/public_html/vqmod/xml/lightning.xml
   id        : OpenCart Lightning
   version   : 3.37
   vqmver    : 
   author    : MaxD http://devs.mx

File Name    : system/library/cache.php(0)
VQModObject::applyMod - SEARCH NOT FOUND (SKIPPED): if (is_file(DIR_SYSTEM . 'library/journal3/vendor/SuperCache

----------------------------------------------------------------------


---------- Date: 2026-03-29 15:38:23 ~ IP : 185.179.188.62 ----------
REQUEST URI : /podmotka-spidometra-largus
MOD DETAILS:
   modFile   : /home/canmotalka/web/can-motalka.ru/public_html/vqmod/xml/lightning.xml
   id        : OpenCart Lightning
   version   : 3.37
   vqmver    : 
   author    : MaxD http://devs.mx

File Name    : system/library/cache.php(0)
VQModObject::applyMod - SEARCH NOT FOUND (SKIPPED): if (is_file(DIR_SYSTEM . 'library/journal3/vendor/SuperCache

----------------------------------------------------------------------


---------- Date: 2026-03-29 15:39:02 ~ IP : 185.179.188.62 ----------
REQUEST URI : /podmotka-spidometra-haval-f7/
MOD DETAILS:
   modFile   : /home/canmotalka/web/can-motalka.ru/public_html/vqmod/xml/lightning.xml
   id        : OpenCart Lightning
   version   : 3.37
   vqmver    : 
   author    : MaxD http://devs.mx

File Name    : system/library/cache.php(0)
VQModObject::applyMod - SEARCH NOT FOUND (SKIPPED): if (is_file(DIR_SYSTEM . 'library/journal3/vendor/SuperCache

----------------------------------------------------------------------


---------- Date: 2026-03-29 15:40:26 ~ IP : 185.179.188.62 ----------
REQUEST URI : /podmotka-krutilka-spidometra-gazel-biznes-benzin-evotec-ili-cummins/
MOD DETAILS:
   modFile   : /home/canmotalka/web/can-motalka.ru/public_html/vqmod/xml/lightning.xml
   id        : OpenCart Lightning
   version   : 3.37
   vqmver    : 
   author    : MaxD http://devs.mx

File Name    : system/library/cache.php(0)
VQModObject::applyMod - SEARCH NOT FOUND (SKIPPED): if (is_file(DIR_SYSTEM . 'library/journal3/vendor/SuperCache

----------------------------------------------------------------------


---------- Date: 2026-03-29 15:40:59 ~ IP : 185.179.188.62 ----------
REQUEST URI : /instrukciya-podmotka-niva-travel-chevrolet/?ysclid=mnbqzitowk878591627
MOD DETAILS:
   modFile   : /home/canmotalka/web/can-motalka.ru/public_html/vqmod/xml/lightning.xml
   id        : OpenCart Lightning
   version   : 3.37
   vqmver    : 
   author    : MaxD http://devs.mx

File Name    : system/library/cache.php(0)
VQModObject::applyMod - SEARCH NOT FOUND (SKIPPED): if (is_file(DIR_SYSTEM . 'library/journal3/vendor/SuperCache

----------------------------------------------------------------------


---------- Date: 2026-03-29 15:40:59 ~ IP : 185.179.188.62 ----------
REQUEST URI : /instrukciya-podmotka-niva-travel-chevrolet/
MOD DETAILS:
   modFile   : /home/canmotalka/web/can-motalka.ru/public_html/vqmod/xml/lightning.xml
   id        : OpenCart Lightning
   version   : 3.37
   vqmver    : 
   author    : MaxD http://devs.mx

File Name    : system/library/cache.php(0)
VQModObject::applyMod - SEARCH NOT FOUND (SKIPPED): if (is_file(DIR_SYSTEM . 'library/journal3/vendor/SuperCache

----------------------------------------------------------------------


---------- Date: 2026-03-29 15:41:00 ~ IP : 185.179.188.62 ----------
REQUEST URI : /index.php?route=module/popupcart_extended
MOD DETAILS:
   modFile   : /home/canmotalka/web/can-motalka.ru/public_html/vqmod/xml/lightning.xml
   id        : OpenCart Lightning
   version   : 3.37
   vqmver    : 
   author    : MaxD http://devs.mx

File Name    : system/library/cache.php(0)
VQModObject::applyMod - SEARCH NOT FOUND (SKIPPED): if (is_file(DIR_SYSTEM . 'library/journal3/vendor/SuperCache

----------------------------------------------------------------------


---------- Date: 2026-03-29 15:41:24 ~ IP : 185.179.188.62 ----------
REQUEST URI : /namotchik-probega-dlya-volkswagen-transporter-t5/
MOD DETAILS:
   modFile   : /home/canmotalka/web/can-motalka.ru/public_html/vqmod/xml/lightning.xml
   id        : OpenCart Lightning
   version   : 3.37
   vqmver    : 
   author    : MaxD http://devs.mx

File Name    : system/library/cache.php(0)
VQModObject::applyMod - SEARCH NOT FOUND (SKIPPED): if (is_file(DIR_SYSTEM . 'library/journal3/vendor/SuperCache

----------------------------------------------------------------------


---------- Date: 2026-03-29 15:41:27 ~ IP : 185.179.188.62 ----------
REQUEST URI : /podmotka-spidometra-volkswagen-transporter-t5/
MOD DETAILS:
   modFile   : /home/canmotalka/web/can-motalka.ru/public_html/vqmod/xml/lightning.xml
   id        : OpenCart Lightning
   version   : 3.37
   vqmver    : 
   author    : MaxD http://devs.mx

File Name    : system/library/cache.php(0)
VQModObject::applyMod - SEARCH NOT FOUND (SKIPPED): if (is_file(DIR_SYSTEM . 'library/journal3/vendor/SuperCache

----------------------------------------------------------------------


---------- Date: 2026-03-29 15:42:17 ~ IP : 185.179.188.62 ----------
REQUEST URI : /instrukciya-dlya-ford-tranzit
MOD DETAILS:
   modFile   : /home/canmotalka/web/can-motalka.ru/public_html/vqmod/xml/lightning.xml
   id        : OpenCart Lightning
   version   : 3.37
   vqmver    : 
   author    : MaxD http://devs.mx

File Name    : system/library/cache.php(0)
VQModObject::applyMod - SEARCH NOT FOUND (SKIPPED): if (is_file(DIR_SYSTEM . 'library/journal3/vendor/SuperCache

----------------------------------------------------------------------


---------- Date: 2026-03-29 15:42:17 ~ IP : 185.179.188.62 ----------
REQUEST URI : /instrukciya-dlya-ford-tranzit/
MOD DETAILS:
   modFile   : /home/canmotalka/web/can-motalka.ru/public_html/vqmod/xml/lightning.xml
   id        : OpenCart Lightning
   version   : 3.37
   vqmver    : 
   author    : MaxD http://devs.mx

File Name    : system/library/cache.php(0)
VQModObject::applyMod - SEARCH NOT FOUND (SKIPPED): if (is_file(DIR_SYSTEM . 'library/journal3/vendor/SuperCache

----------------------------------------------------------------------


---------- Date: 2026-03-29 15:44:24 ~ IP : 185.179.188.62 ----------
REQUEST URI : /test/?ysclid=mnbr3w09fe224245956
MOD DETAILS:
   modFile   : /home/canmotalka/web/can-motalka.ru/public_html/vqmod/xml/lightning.xml
   id        : OpenCart Lightning
   version   : 3.37
   vqmver    : 
   author    : MaxD http://devs.mx

File Name    : system/library/cache.php(0)
VQModObject::applyMod - SEARCH NOT FOUND (SKIPPED): if (is_file(DIR_SYSTEM . 'library/journal3/vendor/SuperCache

----------------------------------------------------------------------


---------- Date: 2026-03-29 15:46:24 ~ IP : 185.179.188.62 ----------
REQUEST URI : /patriot_re/
MOD DETAILS:
   modFile   : /home/canmotalka/web/can-motalka.ru/public_html/vqmod/xml/lightning.xml
   id        : OpenCart Lightning
   version   : 3.37
   vqmver    : 
   author    : MaxD http://devs.mx

File Name    : system/library/cache.php(0)
VQModObject::applyMod - SEARCH NOT FOUND (SKIPPED): if (is_file(DIR_SYSTEM . 'library/journal3/vendor/SuperCache

----------------------------------------------------------------------


---------- Date: 2026-03-29 15:46:25 ~ IP : 185.179.188.62 ----------
REQUEST URI : /index.php?route=module/popupcart_extended
MOD DETAILS:
   modFile   : /home/canmotalka/web/can-motalka.ru/public_html/vqmod/xml/lightning.xml
   id        : OpenCart Lightning
   version   : 3.37
   vqmver    : 
   author    : MaxD http://devs.mx

File Name    : system/library/cache.php(0)
VQModObject::applyMod - SEARCH NOT FOUND (SKIPPED): if (is_file(DIR_SYSTEM . 'library/journal3/vendor/SuperCache

----------------------------------------------------------------------


---------- Date: 2026-03-29 15:48:47 ~ IP : 185.179.188.62 ----------
REQUEST URI : /podmotka_vw_manual/
MOD DETAILS:
   modFile   : /home/canmotalka/web/can-motalka.ru/public_html/vqmod/xml/lightning.xml
   id        : OpenCart Lightning
   version   : 3.37
   vqmver    : 
   author    : MaxD http://devs.mx

File Name    : system/library/cache.php(0)
VQModObject::applyMod - SEARCH NOT FOUND (SKIPPED): if (is_file(DIR_SYSTEM . 'library/journal3/vendor/SuperCache

----------------------------------------------------------------------


---------- Date: 2026-03-29 15:49:19 ~ IP : 185.179.188.62 ----------
REQUEST URI : /setting_php/vardenafil/589-kupit-jevitru-dmitrov/
MOD DETAILS:
   modFile   : /home/canmotalka/web/can-motalka.ru/public_html/vqmod/xml/lightning.xml
   id        : OpenCart Lightning
   version   : 3.37
   vqmver    : 
   author    : MaxD http://devs.mx

File Name    : system/library/cache.php(0)
VQModObject::applyMod - SEARCH NOT FOUND (SKIPPED): if (is_file(DIR_SYSTEM . 'library/journal3/vendor/SuperCache

----------------------------------------------------------------------


---------- Date: 2026-03-29 15:49:19 ~ IP : 185.179.188.62 ----------
REQUEST URI : /setting_php/vardenafil/793-djenerik-viagra-soft-analog-chernogorsk/
MOD DETAILS:
   modFile   : /home/canmotalka/web/can-motalka.ru/public_html/vqmod/xml/lightning.xml
   id        : OpenCart Lightning
   version   : 3.37
   vqmver    : 
   author    : MaxD http://devs.mx

File Name    : system/library/cache.php(0)
VQModObject::applyMod - SEARCH NOT FOUND (SKIPPED): if (is_file(DIR_SYSTEM . 'library/journal3/vendor/SuperCache

----------------------------------------------------------------------


---------- Date: 2026-03-29 15:55:19 ~ IP : 185.179.188.62 ----------
REQUEST URI : /instrukciya-lada-granta-2021/
MOD DETAILS:
   modFile   : /home/canmotalka/web/can-motalka.ru/public_html/vqmod/xml/lightning.xml
   id        : OpenCart Lightning
   version   : 3.37
   vqmver    : 
   author    : MaxD http://devs.mx

File Name    : system/library/cache.php(0)
VQModObject::applyMod - SEARCH NOT FOUND (SKIPPED): if (is_file(DIR_SYSTEM . 'library/journal3/vendor/SuperCache

----------------------------------------------------------------------


---------- Date: 2026-03-29 15:55:19 ~ IP : 185.179.188.62 ----------
REQUEST URI : /index.php?route=module/popupcart_extended
MOD DETAILS:
   modFile   : /home/canmotalka/web/can-motalka.ru/public_html/vqmod/xml/lightning.xml
   id        : OpenCart Lightning
   version   : 3.37
   vqmver    : 
   author    : MaxD http://devs.mx

File Name    : system/library/cache.php(0)
VQModObject::applyMod - SEARCH NOT FOUND (SKIPPED): if (is_file(DIR_SYSTEM . 'library/journal3/vendor/SuperCache

----------------------------------------------------------------------


---------- Date: 2026-03-29 15:56:36 ~ IP : 185.179.188.62 ----------
REQUEST URI : /xmlrpc.php
MOD DETAILS:
   modFile   : /home/canmotalka/web/can-motalka.ru/public_html/vqmod/xml/lightning.xml
   id        : OpenCart Lightning
   version   : 3.37
   vqmver    : 
   author    : MaxD http://devs.mx

File Name    : system/library/cache.php(0)
VQModObject::applyMod - SEARCH NOT FOUND (SKIPPED): if (is_file(DIR_SYSTEM . 'library/journal3/vendor/SuperCache

----------------------------------------------------------------------


---------- Date: 2026-03-29 15:59:31 ~ IP : 185.179.188.62 ----------
REQUEST URI : /podmotka-spidometra-peugeot-traveller
MOD DETAILS:
   modFile   : /home/canmotalka/web/can-motalka.ru/public_html/vqmod/xml/lightning.xml
   id        : OpenCart Lightning
   version   : 3.37
   vqmver    : 
   author    : MaxD http://devs.mx

File Name    : system/library/cache.php(0)
VQModObject::applyMod - SEARCH NOT FOUND (SKIPPED): if (is_file(DIR_SYSTEM . 'library/journal3/vendor/SuperCache

----------------------------------------------------------------------


---------- Date: 2026-03-29 15:59:31 ~ IP : 185.179.188.62 ----------
REQUEST URI : /podmotka-spidometra-peugeot-traveller/
MOD DETAILS:
   modFile   : /home/canmotalka/web/can-motalka.ru/public_html/vqmod/xml/lightning.xml
   id        : OpenCart Lightning
   version   : 3.37
   vqmver    : 
   author    : MaxD http://devs.mx

File Name    : system/library/cache.php(0)
VQModObject::applyMod - SEARCH NOT FOUND (SKIPPED): if (is_file(DIR_SYSTEM . 'library/journal3/vendor/SuperCache

----------------------------------------------------------------------


---------- Date: 2026-03-29 16:01:19 ~ IP : 185.179.188.62 ----------
REQUEST URI : /instrukciya-podmotka-niva-travel-chevrolet/?ysclid=mnbrph9cu8871309857
MOD DETAILS:
   modFile   : /home/canmotalka/web/can-motalka.ru/public_html/vqmod/xml/lightning.xml
   id        : OpenCart Lightning
   version   : 3.37
   vqmver    : 
   author    : MaxD http://devs.mx

File Name    : system/library/cache.php(0)
VQModObject::applyMod - SEARCH NOT FOUND (SKIPPED): if (is_file(DIR_SYSTEM . 'library/journal3/vendor/SuperCache

----------------------------------------------------------------------


---------- Date: 2026-03-29 16:01:20 ~ IP : 185.179.188.62 ----------
REQUEST URI : /instrukciya-podmotka-niva-travel-chevrolet/
MOD DETAILS:
   modFile   : /home/canmotalka/web/can-motalka.ru/public_html/vqmod/xml/lightning.xml
   id        : OpenCart Lightning
   version   : 3.37
   vqmver    : 
   author    : MaxD http://devs.mx

File Name    : system/library/cache.php(0)
VQModObject::applyMod - SEARCH NOT FOUND (SKIPPED): if (is_file(DIR_SYSTEM . 'library/journal3/vendor/SuperCache

----------------------------------------------------------------------


---------- Date: 2026-03-29 16:01:22 ~ IP : 185.179.188.62 ----------
REQUEST URI : /index.php?route=module/popupcart_extended
MOD DETAILS:
   modFile   : /home/canmotalka/web/can-motalka.ru/public_html/vqmod/xml/lightning.xml
   id        : OpenCart Lightning
   version   : 3.37
   vqmver    : 
   author    : MaxD http://devs.mx

File Name    : system/library/cache.php(0)
VQModObject::applyMod - SEARCH NOT FOUND (SKIPPED): if (is_file(DIR_SYSTEM . 'library/journal3/vendor/SuperCache

----------------------------------------------------------------------


---------- Date: 2026-03-29 16:02:37 ~ IP : 185.179.188.62 ----------
REQUEST URI : /setting_php/kamagra-100/525-djenerik-levitra-sravnit-ceni-cheboksari
MOD DETAILS:
   modFile   : /home/canmotalka/web/can-motalka.ru/public_html/vqmod/xml/lightning.xml
   id        : OpenCart Lightning
   version   : 3.37
   vqmver    : 
   author    : MaxD http://devs.mx

File Name    : system/library/cache.php(0)
VQModObject::applyMod - SEARCH NOT FOUND (SKIPPED): if (is_file(DIR_SYSTEM . 'library/journal3/vendor/SuperCache

----------------------------------------------------------------------


---------- Date: 2026-03-29 16:02:57 ~ IP : 185.179.188.62 ----------
REQUEST URI : /sitemap.xml
MOD DETAILS:
   modFile   : /home/canmotalka/web/can-motalka.ru/public_html/vqmod/xml/lightning.xml
   id        : OpenCart Lightning
   version   : 3.37
   vqmver    : 
   author    : MaxD http://devs.mx

File Name    : system/library/cache.php(0)
VQModObject::applyMod - SEARCH NOT FOUND (SKIPPED): if (is_file(DIR_SYSTEM . 'library/journal3/vendor/SuperCache

----------------------------------------------------------------------


---------- Date: 2026-03-29 16:03:55 ~ IP : 185.179.188.62 ----------
REQUEST URI : /oferta/
MOD DETAILS:
   modFile   : /home/canmotalka/web/can-motalka.ru/public_html/vqmod/xml/lightning.xml
   id        : OpenCart Lightning
   version   : 3.37
   vqmver    : 
   author    : MaxD http://devs.mx

File Name    : system/library/cache.php(0)
VQModObject::applyMod - SEARCH NOT FOUND (SKIPPED): if (is_file(DIR_SYSTEM . 'library/journal3/vendor/SuperCache

----------------------------------------------------------------------


---------- Date: 2026-03-29 16:04:17 ~ IP : 185.179.188.62 ----------
REQUEST URI : /manuals/
MOD DETAILS:
   modFile   : /home/canmotalka/web/can-motalka.ru/public_html/vqmod/xml/lightning.xml
   id        : OpenCart Lightning
   version   : 3.37
   vqmver    : 
   author    : MaxD http://devs.mx

File Name    : system/library/cache.php(0)
VQModObject::applyMod - SEARCH NOT FOUND (SKIPPED): if (is_file(DIR_SYSTEM . 'library/journal3/vendor/SuperCache

----------------------------------------------------------------------


---------- Date: 2026-03-29 16:04:19 ~ IP : 185.179.188.62 ----------
REQUEST URI : /index.php?route=module/popupcart_extended
MOD DETAILS:
   modFile   : /home/canmotalka/web/can-motalka.ru/public_html/vqmod/xml/lightning.xml
   id        : OpenCart Lightning
   version   : 3.37
   vqmver    : 
   author    : MaxD http://devs.mx

File Name    : system/library/cache.php(0)
VQModObject::applyMod - SEARCH NOT FOUND (SKIPPED): if (is_file(DIR_SYSTEM . 'library/journal3/vendor/SuperCache

----------------------------------------------------------------------


---------- Date: 2026-03-29 16:13:40 ~ IP : 185.179.188.62 ----------
REQUEST URI : /namotchik-probega-dlya-audi-a8/
MOD DETAILS:
   modFile   : /home/canmotalka/web/can-motalka.ru/public_html/vqmod/xml/lightning.xml
   id        : OpenCart Lightning
   version   : 3.37
   vqmver    : 
   author    : MaxD http://devs.mx

File Name    : system/library/cache.php(0)
VQModObject::applyMod - SEARCH NOT FOUND (SKIPPED): if (is_file(DIR_SYSTEM . 'library/journal3/vendor/SuperCache

----------------------------------------------------------------------


---------- Date: 2026-03-29 16:13:58 ~ IP : 185.179.188.62 ----------
REQUEST URI : /index.php?route=product/product/review&amp;product_id=235
MOD DETAILS:
   modFile   : /home/canmotalka/web/can-motalka.ru/public_html/vqmod/xml/lightning.xml
   id        : OpenCart Lightning
   version   : 3.37
   vqmver    : 
   author    : MaxD http://devs.mx

File Name    : system/library/cache.php(0)
VQModObject::applyMod - SEARCH NOT FOUND (SKIPPED): if (is_file(DIR_SYSTEM . 'library/journal3/vendor/SuperCache

----------------------------------------------------------------------


---------- Date: 2026-03-29 16:14:08 ~ IP : 185.179.188.62 ----------
REQUEST URI : /index.php?route=module/popupcart_extended
MOD DETAILS:
   modFile   : /home/canmotalka/web/can-motalka.ru/public_html/vqmod/xml/lightning.xml
   id        : OpenCart Lightning
   version   : 3.37
   vqmver    : 
   author    : MaxD http://devs.mx

File Name    : system/library/cache.php(0)
VQModObject::applyMod - SEARCH NOT FOUND (SKIPPED): if (is_file(DIR_SYSTEM . 'library/journal3/vendor/SuperCache

----------------------------------------------------------------------


---------- Date: 2026-03-29 16:15:56 ~ IP : 185.179.188.62 ----------
REQUEST URI : /index.php?route=product/product&amp;path=87&amp;product_id=113
MOD DETAILS:
   modFile   : /home/canmotalka/web/can-motalka.ru/public_html/vqmod/xml/lightning.xml
   id        : OpenCart Lightning
   version   : 3.37
   vqmver    : 
   author    : MaxD http://devs.mx

File Name    : system/library/cache.php(0)
VQModObject::applyMod - SEARCH NOT FOUND (SKIPPED): if (is_file(DIR_SYSTEM . 'library/journal3/vendor/SuperCache

----------------------------------------------------------------------


---------- Date: 2026-03-29 16:16:02 ~ IP : 185.179.188.62 ----------
REQUEST URI : /podmotka-spidometra-lada-kalina/
MOD DETAILS:
   modFile   : /home/canmotalka/web/can-motalka.ru/public_html/vqmod/xml/lightning.xml
   id        : OpenCart Lightning
   version   : 3.37
   vqmver    : 
   author    : MaxD http://devs.mx

File Name    : system/library/cache.php(0)
VQModObject::applyMod - SEARCH NOT FOUND (SKIPPED): if (is_file(DIR_SYSTEM . 'library/journal3/vendor/SuperCache

----------------------------------------------------------------------


---------- Date: 2026-03-29 16:16:11 ~ IP : 185.179.188.62 ----------
REQUEST URI : /index.php?route=product/product&amp;path=87&amp;product_id=113
MOD DETAILS:
   modFile   : /home/canmotalka/web/can-motalka.ru/public_html/vqmod/xml/lightning.xml
   id        : OpenCart Lightning
   version   : 3.37
   vqmver    : 
   author    : MaxD http://devs.mx

File Name    : system/library/cache.php(0)
VQModObject::applyMod - SEARCH NOT FOUND (SKIPPED): if (is_file(DIR_SYSTEM . 'library/journal3/vendor/SuperCache

----------------------------------------------------------------------


---------- Date: 2026-03-29 16:16:19 ~ IP : 185.179.188.62 ----------
REQUEST URI : /podmotka-spidometra-lada-kalina/
MOD DETAILS:
   modFile   : /home/canmotalka/web/can-motalka.ru/public_html/vqmod/xml/lightning.xml
   id        : OpenCart Lightning
   version   : 3.37
   vqmver    : 
   author    : MaxD http://devs.mx

File Name    : system/library/cache.php(0)
VQModObject::applyMod - SEARCH NOT FOUND (SKIPPED): if (is_file(DIR_SYSTEM . 'library/journal3/vendor/SuperCache

----------------------------------------------------------------------


---------- Date: 2026-03-29 16:18:10 ~ IP : 185.179.188.62 ----------
REQUEST URI : /sitemap.xml
MOD DETAILS:
   modFile   : /home/canmotalka/web/can-motalka.ru/public_html/vqmod/xml/lightning.xml
   id        : OpenCart Lightning
   version   : 3.37
   vqmver    : 
   author    : MaxD http://devs.mx

File Name    : system/library/cache.php(0)
VQModObject::applyMod - SEARCH NOT FOUND (SKIPPED): if (is_file(DIR_SYSTEM . 'library/journal3/vendor/SuperCache

----------------------------------------------------------------------


---------- Date: 2026-03-29 16:18:37 ~ IP : 185.179.188.62 ----------
REQUEST URI : /podmotka_spidometra_solaris2/
MOD DETAILS:
   modFile   : /home/canmotalka/web/can-motalka.ru/public_html/vqmod/xml/lightning.xml
   id        : OpenCart Lightning
   version   : 3.37
   vqmver    : 
   author    : MaxD http://devs.mx

File Name    : system/library/cache.php(0)
VQModObject::applyMod - SEARCH NOT FOUND (SKIPPED): if (is_file(DIR_SYSTEM . 'library/journal3/vendor/SuperCache

----------------------------------------------------------------------


---------- Date: 2026-03-29 16:19:59 ~ IP : 185.179.188.62 ----------
REQUEST URI : /setting_php/super-jevitra/140-stoimost-viagri-150-tolyatti/
MOD DETAILS:
   modFile   : /home/canmotalka/web/can-motalka.ru/public_html/vqmod/xml/lightning.xml
   id        : OpenCart Lightning
   version   : 3.37
   vqmver    : 
   author    : MaxD http://devs.mx

File Name    : system/library/cache.php(0)
VQModObject::applyMod - SEARCH NOT FOUND (SKIPPED): if (is_file(DIR_SYSTEM . 'library/journal3/vendor/SuperCache

----------------------------------------------------------------------


---------- Date: 2026-03-29 16:20:06 ~ IP : 185.179.188.62 ----------
REQUEST URI : /index.php?route=module/popupcart_extended
MOD DETAILS:
   modFile   : /home/canmotalka/web/can-motalka.ru/public_html/vqmod/xml/lightning.xml
   id        : OpenCart Lightning
   version   : 3.37
   vqmver    : 
   author    : MaxD http://devs.mx

File Name    : system/library/cache.php(0)
VQModObject::applyMod - SEARCH NOT FOUND (SKIPPED): if (is_file(DIR_SYSTEM . 'library/journal3/vendor/SuperCache

----------------------------------------------------------------------


---------- Date: 2026-03-29 16:26:43 ~ IP : 185.179.188.62 ----------
REQUEST URI : /podmotka-spidometra-henday-sonata-8/
MOD DETAILS:
   modFile   : /home/canmotalka/web/can-motalka.ru/public_html/vqmod/xml/lightning.xml
   id        : OpenCart Lightning
   version   : 3.37
   vqmver    : 
   author    : MaxD http://devs.mx

File Name    : system/library/cache.php(0)
VQModObject::applyMod - SEARCH NOT FOUND (SKIPPED): if (is_file(DIR_SYSTEM . 'library/journal3/vendor/SuperCache

----------------------------------------------------------------------


---------- Date: 2026-03-29 16:26:43 ~ IP : 185.179.188.62 ----------
REQUEST URI : /otzyvy/
MOD DETAILS:
   modFile   : /home/canmotalka/web/can-motalka.ru/public_html/vqmod/xml/lightning.xml
   id        : OpenCart Lightning
   version   : 3.37
   vqmver    : 
   author    : MaxD http://devs.mx

File Name    : system/library/cache.php(0)
VQModObject::applyMod - SEARCH NOT FOUND (SKIPPED): if (is_file(DIR_SYSTEM . 'library/journal3/vendor/SuperCache

----------------------------------------------------------------------


---------- Date: 2026-03-29 16:26:58 ~ IP : 185.179.188.62 ----------
REQUEST URI : /namotchik-probega-dlya-toyota-land-cruiser-200/
MOD DETAILS:
   modFile   : /home/canmotalka/web/can-motalka.ru/public_html/vqmod/xml/lightning.xml
   id        : OpenCart Lightning
   version   : 3.37
   vqmver    : 
   author    : MaxD http://devs.mx

File Name    : system/library/cache.php(0)
VQModObject::applyMod - SEARCH NOT FOUND (SKIPPED): if (is_file(DIR_SYSTEM . 'library/journal3/vendor/SuperCache

----------------------------------------------------------------------


---------- Date: 2026-03-29 16:27:12 ~ IP : 185.179.188.62 ----------
REQUEST URI : /podmotka-spidometra-vesta-ng-np/?ysclid=mnbsmxua1x782452397
MOD DETAILS:
   modFile   : /home/canmotalka/web/can-motalka.ru/public_html/vqmod/xml/lightning.xml
   id        : OpenCart Lightning
   version   : 3.37
   vqmver    : 
   author    : MaxD http://devs.mx

File Name    : system/library/cache.php(0)
VQModObject::applyMod - SEARCH NOT FOUND (SKIPPED): if (is_file(DIR_SYSTEM . 'library/journal3/vendor/SuperCache

----------------------------------------------------------------------


---------- Date: 2026-03-29 16:27:13 ~ IP : 185.179.188.62 ----------
REQUEST URI : /podmotka-spidometra-vesta-ng-np/
MOD DETAILS:
   modFile   : /home/canmotalka/web/can-motalka.ru/public_html/vqmod/xml/lightning.xml
   id        : OpenCart Lightning
   version   : 3.37
   vqmver    : 
   author    : MaxD http://devs.mx

File Name    : system/library/cache.php(0)
VQModObject::applyMod - SEARCH NOT FOUND (SKIPPED): if (is_file(DIR_SYSTEM . 'library/journal3/vendor/SuperCache

----------------------------------------------------------------------


---------- Date: 2026-03-29 16:27:14 ~ IP : 185.179.188.62 ----------
REQUEST URI : /index.php?route=product/product/review&amp;product_id=309
MOD DETAILS:
   modFile   : /home/canmotalka/web/can-motalka.ru/public_html/vqmod/xml/lightning.xml
   id        : OpenCart Lightning
   version   : 3.37
   vqmver    : 
   author    : MaxD http://devs.mx

File Name    : system/library/cache.php(0)
VQModObject::applyMod - SEARCH NOT FOUND (SKIPPED): if (is_file(DIR_SYSTEM . 'library/journal3/vendor/SuperCache

----------------------------------------------------------------------


---------- Date: 2026-03-29 16:27:14 ~ IP : 185.179.188.62 ----------
REQUEST URI : /index.php?route=module/popupcart_extended
MOD DETAILS:
   modFile   : /home/canmotalka/web/can-motalka.ru/public_html/vqmod/xml/lightning.xml
   id        : OpenCart Lightning
   version   : 3.37
   vqmver    : 
   author    : MaxD http://devs.mx

File Name    : system/library/cache.php(0)
VQModObject::applyMod - SEARCH NOT FOUND (SKIPPED): if (is_file(DIR_SYSTEM . 'library/journal3/vendor/SuperCache

----------------------------------------------------------------------


---------- Date: 2026-03-29 16:27:35 ~ IP : 185.179.188.62 ----------
REQUEST URI : /index.php?route=common/footer/click_counter
MOD DETAILS:
   modFile   : /home/canmotalka/web/can-motalka.ru/public_html/vqmod/xml/lightning.xml
   id        : OpenCart Lightning
   version   : 3.37
   vqmver    : 
   author    : MaxD http://devs.mx

File Name    : system/library/cache.php(0)
VQModObject::applyMod - SEARCH NOT FOUND (SKIPPED): if (is_file(DIR_SYSTEM . 'library/journal3/vendor/SuperCache

----------------------------------------------------------------------


---------- Date: 2026-03-29 16:27:56 ~ IP : 185.179.188.62 ----------
REQUEST URI : /podmotka-spidometra-peugeot-traveller/
MOD DETAILS:
   modFile   : /home/canmotalka/web/can-motalka.ru/public_html/vqmod/xml/lightning.xml
   id        : OpenCart Lightning
   version   : 3.37
   vqmver    : 
   author    : MaxD http://devs.mx

File Name    : system/library/cache.php(0)
VQModObject::applyMod - SEARCH NOT FOUND (SKIPPED): if (is_file(DIR_SYSTEM . 'library/journal3/vendor/SuperCache

----------------------------------------------------------------------


---------- Date: 2026-03-29 16:28:01 ~ IP : 185.179.188.62 ----------
REQUEST URI : /index.php?route=common/footer/click_counter
MOD DETAILS:
   modFile   : /home/canmotalka/web/can-motalka.ru/public_html/vqmod/xml/lightning.xml
   id        : OpenCart Lightning
   version   : 3.37
   vqmver    : 
   author    : MaxD http://devs.mx

File Name    : system/library/cache.php(0)
VQModObject::applyMod - SEARCH NOT FOUND (SKIPPED): if (is_file(DIR_SYSTEM . 'library/journal3/vendor/SuperCache

----------------------------------------------------------------------


---------- Date: 2026-03-29 16:30:35 ~ IP : 185.179.188.62 ----------
REQUEST URI : /otzyvy/?page=5
MOD DETAILS:
   modFile   : /home/canmotalka/web/can-motalka.ru/public_html/vqmod/xml/lightning.xml
   id        : OpenCart Lightning
   version   : 3.37
   vqmver    : 
   author    : MaxD http://devs.mx

File Name    : system/library/cache.php(0)
VQModObject::applyMod - SEARCH NOT FOUND (SKIPPED): if (is_file(DIR_SYSTEM . 'library/journal3/vendor/SuperCache

----------------------------------------------------------------------


---------- Date: 2026-03-29 16:34:20 ~ IP : 185.179.188.62 ----------
REQUEST URI : /podmotka-spidometra-largus/
MOD DETAILS:
   modFile   : /home/canmotalka/web/can-motalka.ru/public_html/vqmod/xml/lightning.xml
   id        : OpenCart Lightning
   version   : 3.37
   vqmver    : 
   author    : MaxD http://devs.mx

File Name    : system/library/cache.php(0)
VQModObject::applyMod - SEARCH NOT FOUND (SKIPPED): if (is_file(DIR_SYSTEM . 'library/journal3/vendor/SuperCache

----------------------------------------------------------------------


---------- Date: 2026-03-29 16:35:04 ~ IP : 185.179.188.62 ----------
REQUEST URI : /index.php?route=product/product/review&amp;product_id=258
MOD DETAILS:
   modFile   : /home/canmotalka/web/can-motalka.ru/public_html/vqmod/xml/lightning.xml
   id        : OpenCart Lightning
   version   : 3.37
   vqmver    : 
   author    : MaxD http://devs.mx

File Name    : system/library/cache.php(0)
VQModObject::applyMod - SEARCH NOT FOUND (SKIPPED): if (is_file(DIR_SYSTEM . 'library/journal3/vendor/SuperCache

----------------------------------------------------------------------


---------- Date: 2026-03-29 16:35:05 ~ IP : 185.179.188.62 ----------
REQUEST URI : /index.php?route=module/popupcart_extended
MOD DETAILS:
   modFile   : /home/canmotalka/web/can-motalka.ru/public_html/vqmod/xml/lightning.xml
   id        : OpenCart Lightning
   version   : 3.37
   vqmver    : 
   author    : MaxD http://devs.mx

File Name    : system/library/cache.php(0)
VQModObject::applyMod - SEARCH NOT FOUND (SKIPPED): if (is_file(DIR_SYSTEM . 'library/journal3/vendor/SuperCache

----------------------------------------------------------------------


---------- Date: 2026-03-29 16:38:56 ~ IP : 185.179.188.62 ----------
REQUEST URI : /camry70_photo_manual/?ysclid=mnbt21mbmp101324377
MOD DETAILS:
   modFile   : /home/canmotalka/web/can-motalka.ru/public_html/vqmod/xml/lightning.xml
   id        : OpenCart Lightning
   version   : 3.37
   vqmver    : 
   author    : MaxD http://devs.mx

File Name    : system/library/cache.php(0)
VQModObject::applyMod - SEARCH NOT FOUND (SKIPPED): if (is_file(DIR_SYSTEM . 'library/journal3/vendor/SuperCache

----------------------------------------------------------------------


---------- Date: 2026-03-29 16:38:57 ~ IP : 185.179.188.62 ----------
REQUEST URI : /camry70_photo_manual/
MOD DETAILS:
   modFile   : /home/canmotalka/web/can-motalka.ru/public_html/vqmod/xml/lightning.xml
   id        : OpenCart Lightning
   version   : 3.37
   vqmver    : 
   author    : MaxD http://devs.mx

File Name    : system/library/cache.php(0)
VQModObject::applyMod - SEARCH NOT FOUND (SKIPPED): if (is_file(DIR_SYSTEM . 'library/journal3/vendor/SuperCache

----------------------------------------------------------------------


---------- Date: 2026-03-29 16:39:00 ~ IP : 185.179.188.62 ----------
REQUEST URI : /index.php?route=module/popupcart_extended
MOD DETAILS:
   modFile   : /home/canmotalka/web/can-motalka.ru/public_html/vqmod/xml/lightning.xml
   id        : OpenCart Lightning
   version   : 3.37
   vqmver    : 
   author    : MaxD http://devs.mx

File Name    : system/library/cache.php(0)
VQModObject::applyMod - SEARCH NOT FOUND (SKIPPED): if (is_file(DIR_SYSTEM . 'library/journal3/vendor/SuperCache

----------------------------------------------------------------------


---------- Date: 2026-03-29 16:42:38 ~ IP : 185.179.188.62 ----------
REQUEST URI : /instrukciya-podmotka-niva-travel-chevrolet/?ysclid=mnbt6sv9qr933535837
MOD DETAILS:
   modFile   : /home/canmotalka/web/can-motalka.ru/public_html/vqmod/xml/lightning.xml
   id        : OpenCart Lightning
   version   : 3.37
   vqmver    : 
   author    : MaxD http://devs.mx

File Name    : system/library/cache.php(0)
VQModObject::applyMod - SEARCH NOT FOUND (SKIPPED): if (is_file(DIR_SYSTEM . 'library/journal3/vendor/SuperCache

----------------------------------------------------------------------


---------- Date: 2026-03-29 16:42:38 ~ IP : 185.179.188.62 ----------
REQUEST URI : /instrukciya-podmotka-niva-travel-chevrolet/
MOD DETAILS:
   modFile   : /home/canmotalka/web/can-motalka.ru/public_html/vqmod/xml/lightning.xml
   id        : OpenCart Lightning
   version   : 3.37
   vqmver    : 
   author    : MaxD http://devs.mx

File Name    : system/library/cache.php(0)
VQModObject::applyMod - SEARCH NOT FOUND (SKIPPED): if (is_file(DIR_SYSTEM . 'library/journal3/vendor/SuperCache

----------------------------------------------------------------------


---------- Date: 2026-03-29 16:42:39 ~ IP : 185.179.188.62 ----------
REQUEST URI : /index.php?route=module/popupcart_extended
MOD DETAILS:
   modFile   : /home/canmotalka/web/can-motalka.ru/public_html/vqmod/xml/lightning.xml
   id        : OpenCart Lightning
   version   : 3.37
   vqmver    : 
   author    : MaxD http://devs.mx

File Name    : system/library/cache.php(0)
VQModObject::applyMod - SEARCH NOT FOUND (SKIPPED): if (is_file(DIR_SYSTEM . 'library/journal3/vendor/SuperCache

----------------------------------------------------------------------


---------- Date: 2026-03-29 16:47:28 ~ IP : 185.179.188.62 ----------
REQUEST URI : /podmotka-spidometra-uaz-buhanka/
MOD DETAILS:
   modFile   : /home/canmotalka/web/can-motalka.ru/public_html/vqmod/xml/lightning.xml
   id        : OpenCart Lightning
   version   : 3.37
   vqmver    : 
   author    : MaxD http://devs.mx

File Name    : system/library/cache.php(0)
VQModObject::applyMod - SEARCH NOT FOUND (SKIPPED): if (is_file(DIR_SYSTEM . 'library/journal3/vendor/SuperCache

----------------------------------------------------------------------


---------- Date: 2026-03-29 16:49:22 ~ IP : 185.179.188.62 ----------
REQUEST URI : /camry70_video_manual/
MOD DETAILS:
   modFile   : /home/canmotalka/web/can-motalka.ru/public_html/vqmod/xml/lightning.xml
   id        : OpenCart Lightning
   version   : 3.37
   vqmver    : 
   author    : MaxD http://devs.mx

File Name    : system/library/cache.php(0)
VQModObject::applyMod - SEARCH NOT FOUND (SKIPPED): if (is_file(DIR_SYSTEM . 'library/journal3/vendor/SuperCache

----------------------------------------------------------------------


---------- Date: 2026-03-29 16:49:37 ~ IP : 185.179.188.62 ----------
REQUEST URI : /podmotka_uaz_re/
MOD DETAILS:
   modFile   : /home/canmotalka/web/can-motalka.ru/public_html/vqmod/xml/lightning.xml
   id        : OpenCart Lightning
   version   : 3.37
   vqmver    : 
   author    : MaxD http://devs.mx

File Name    : system/library/cache.php(0)
VQModObject::applyMod - SEARCH NOT FOUND (SKIPPED): if (is_file(DIR_SYSTEM . 'library/journal3/vendor/SuperCache

----------------------------------------------------------------------


---------- Date: 2026-03-29 16:49:44 ~ IP : 185.179.188.62 ----------
REQUEST URI : /index.php?route=module/popupcart_extended
MOD DETAILS:
   modFile   : /home/canmotalka/web/can-motalka.ru/public_html/vqmod/xml/lightning.xml
   id        : OpenCart Lightning
   version   : 3.37
   vqmver    : 
   author    : MaxD http://devs.mx

File Name    : system/library/cache.php(0)
VQModObject::applyMod - SEARCH NOT FOUND (SKIPPED): if (is_file(DIR_SYSTEM . 'library/journal3/vendor/SuperCache

----------------------------------------------------------------------


---------- Date: 2026-03-29 16:50:56 ~ IP : 185.179.188.62 ----------
REQUEST URI : /index.php?route=module/popupcart_extended
MOD DETAILS:
   modFile   : /home/canmotalka/web/can-motalka.ru/public_html/vqmod/xml/lightning.xml
   id        : OpenCart Lightning
   version   : 3.37
   vqmver    : 
   author    : MaxD http://devs.mx

File Name    : system/library/cache.php(0)
VQModObject::applyMod - SEARCH NOT FOUND (SKIPPED): if (is_file(DIR_SYSTEM . 'library/journal3/vendor/SuperCache

----------------------------------------------------------------------


---------- Date: 2026-03-29 16:51:38 ~ IP : 185.179.188.62 ----------
REQUEST URI : /manuals/
MOD DETAILS:
   modFile   : /home/canmotalka/web/can-motalka.ru/public_html/vqmod/xml/lightning.xml
   id        : OpenCart Lightning
   version   : 3.37
   vqmver    : 
   author    : MaxD http://devs.mx

File Name    : system/library/cache.php(0)
VQModObject::applyMod - SEARCH NOT FOUND (SKIPPED): if (is_file(DIR_SYSTEM . 'library/journal3/vendor/SuperCache

----------------------------------------------------------------------


---------- Date: 2026-03-29 16:51:50 ~ IP : 185.179.188.62 ----------
REQUEST URI : /podmotka-spidometra-uaz-patriot/
MOD DETAILS:
   modFile   : /home/canmotalka/web/can-motalka.ru/public_html/vqmod/xml/lightning.xml
   id        : OpenCart Lightning
   version   : 3.37
   vqmver    : 
   author    : MaxD http://devs.mx

File Name    : system/library/cache.php(0)
VQModObject::applyMod - SEARCH NOT FOUND (SKIPPED): if (is_file(DIR_SYSTEM . 'library/journal3/vendor/SuperCache

----------------------------------------------------------------------


---------- Date: 2026-03-29 16:52:36 ~ IP : 185.179.188.62 ----------
REQUEST URI : /instrukciya-podmotka-kamaz/
MOD DETAILS:
   modFile   : /home/canmotalka/web/can-motalka.ru/public_html/vqmod/xml/lightning.xml
   id        : OpenCart Lightning
   version   : 3.37
   vqmver    : 
   author    : MaxD http://devs.mx

File Name    : system/library/cache.php(0)
VQModObject::applyMod - SEARCH NOT FOUND (SKIPPED): if (is_file(DIR_SYSTEM . 'library/journal3/vendor/SuperCache

----------------------------------------------------------------------


---------- Date: 2026-03-29 16:52:42 ~ IP : 185.179.188.62 ----------
REQUEST URI : /instrukciya-podmotka-kamaz/
MOD DETAILS:
   modFile   : /home/canmotalka/web/can-motalka.ru/public_html/vqmod/xml/lightning.xml
   id        : OpenCart Lightning
   version   : 3.37
   vqmver    : 
   author    : MaxD http://devs.mx

File Name    : system/library/cache.php(0)
VQModObject::applyMod - SEARCH NOT FOUND (SKIPPED): if (is_file(DIR_SYSTEM . 'library/journal3/vendor/SuperCache

----------------------------------------------------------------------


---------- Date: 2026-03-29 16:52:45 ~ IP : 185.179.188.62 ----------
REQUEST URI : /instrukciya-podmotka-kamaz/
MOD DETAILS:
   modFile   : /home/canmotalka/web/can-motalka.ru/public_html/vqmod/xml/lightning.xml
   id        : OpenCart Lightning
   version   : 3.37
   vqmver    : 
   author    : MaxD http://devs.mx

File Name    : system/library/cache.php(0)
VQModObject::applyMod - SEARCH NOT FOUND (SKIPPED): if (is_file(DIR_SYSTEM . 'library/journal3/vendor/SuperCache

----------------------------------------------------------------------


---------- Date: 2026-03-29 16:52:56 ~ IP : 185.179.188.62 ----------
REQUEST URI : /largus_manual/
MOD DETAILS:
   modFile   : /home/canmotalka/web/can-motalka.ru/public_html/vqmod/xml/lightning.xml
   id        : OpenCart Lightning
   version   : 3.37
   vqmver    : 
   author    : MaxD http://devs.mx

File Name    : system/library/cache.php(0)
VQModObject::applyMod - SEARCH NOT FOUND (SKIPPED): if (is_file(DIR_SYSTEM . 'library/journal3/vendor/SuperCache

----------------------------------------------------------------------


---------- Date: 2026-03-29 16:53:30 ~ IP : 185.179.188.62 ----------
REQUEST URI : /manuals/
MOD DETAILS:
   modFile   : /home/canmotalka/web/can-motalka.ru/public_html/vqmod/xml/lightning.xml
   id        : OpenCart Lightning
   version   : 3.37
   vqmver    : 
   author    : MaxD http://devs.mx

File Name    : system/library/cache.php(0)
VQModObject::applyMod - SEARCH NOT FOUND (SKIPPED): if (is_file(DIR_SYSTEM . 'library/journal3/vendor/SuperCache

----------------------------------------------------------------------


---------- Date: 2026-03-29 16:53:48 ~ IP : 185.179.188.62 ----------
REQUEST URI : /instrukciya-podmotka-camry
MOD DETAILS:
   modFile   : /home/canmotalka/web/can-motalka.ru/public_html/vqmod/xml/lightning.xml
   id        : OpenCart Lightning
   version   : 3.37
   vqmver    : 
   author    : MaxD http://devs.mx

File Name    : system/library/cache.php(0)
VQModObject::applyMod - SEARCH NOT FOUND (SKIPPED): if (is_file(DIR_SYSTEM . 'library/journal3/vendor/SuperCache

----------------------------------------------------------------------


---------- Date: 2026-03-29 16:53:49 ~ IP : 185.179.188.62 ----------
REQUEST URI : /instrukciya-podmotka-camry/
MOD DETAILS:
   modFile   : /home/canmotalka/web/can-motalka.ru/public_html/vqmod/xml/lightning.xml
   id        : OpenCart Lightning
   version   : 3.37
   vqmver    : 
   author    : MaxD http://devs.mx

File Name    : system/library/cache.php(0)
VQModObject::applyMod - SEARCH NOT FOUND (SKIPPED): if (is_file(DIR_SYSTEM . 'library/journal3/vendor/SuperCache

----------------------------------------------------------------------


---------- Date: 2026-03-29 16:54:26 ~ IP : 185.179.188.62 ----------
REQUEST URI : /index.php?route=common/footer/click_counter
MOD DETAILS:
   modFile   : /home/canmotalka/web/can-motalka.ru/public_html/vqmod/xml/lightning.xml
   id        : OpenCart Lightning
   version   : 3.37
   vqmver    : 
   author    : MaxD http://devs.mx

File Name    : system/library/cache.php(0)
VQModObject::applyMod - SEARCH NOT FOUND (SKIPPED): if (is_file(DIR_SYSTEM . 'library/journal3/vendor/SuperCache

----------------------------------------------------------------------


---------- Date: 2026-03-29 16:59:09 ~ IP : 185.179.188.62 ----------
REQUEST URI : /motalki
MOD DETAILS:
   modFile   : /home/canmotalka/web/can-motalka.ru/public_html/vqmod/xml/lightning.xml
   id        : OpenCart Lightning
   version   : 3.37
   vqmver    : 
   author    : MaxD http://devs.mx

File Name    : system/library/cache.php(0)
VQModObject::applyMod - SEARCH NOT FOUND (SKIPPED): if (is_file(DIR_SYSTEM . 'library/journal3/vendor/SuperCache

----------------------------------------------------------------------


---------- Date: 2026-03-29 17:07:04 ~ IP : 185.179.188.62 ----------
REQUEST URI : /instrukciya-lada-granta-2021/?ysclid=mnbu27xbyu884775467
MOD DETAILS:
   modFile   : /home/canmotalka/web/can-motalka.ru/public_html/vqmod/xml/lightning.xml
   id        : OpenCart Lightning
   version   : 3.37
   vqmver    : 
   author    : MaxD http://devs.mx

File Name    : system/library/cache.php(0)
VQModObject::applyMod - SEARCH NOT FOUND (SKIPPED): if (is_file(DIR_SYSTEM . 'library/journal3/vendor/SuperCache

----------------------------------------------------------------------


---------- Date: 2026-03-29 17:07:05 ~ IP : 185.179.188.62 ----------
REQUEST URI : /instrukciya-lada-granta-2021/
MOD DETAILS:
   modFile   : /home/canmotalka/web/can-motalka.ru/public_html/vqmod/xml/lightning.xml
   id        : OpenCart Lightning
   version   : 3.37
   vqmver    : 
   author    : MaxD http://devs.mx

File Name    : system/library/cache.php(0)
VQModObject::applyMod - SEARCH NOT FOUND (SKIPPED): if (is_file(DIR_SYSTEM . 'library/journal3/vendor/SuperCache

----------------------------------------------------------------------


---------- Date: 2026-03-29 17:07:06 ~ IP : 185.179.188.62 ----------
REQUEST URI : /index.php?route=module/popupcart_extended
MOD DETAILS:
   modFile   : /home/canmotalka/web/can-motalka.ru/public_html/vqmod/xml/lightning.xml
   id        : OpenCart Lightning
   version   : 3.37
   vqmver    : 
   author    : MaxD http://devs.mx

File Name    : system/library/cache.php(0)
VQModObject::applyMod - SEARCH NOT FOUND (SKIPPED): if (is_file(DIR_SYSTEM . 'library/journal3/vendor/SuperCache

----------------------------------------------------------------------


---------- Date: 2026-03-29 17:08:10 ~ IP : 185.179.188.62 ----------
REQUEST URI : /setting_php/kamagra-100/525-djenerik-levitra-sravnit-ceni-cheboksari
MOD DETAILS:
   modFile   : /home/canmotalka/web/can-motalka.ru/public_html/vqmod/xml/lightning.xml
   id        : OpenCart Lightning
   version   : 3.37
   vqmver    : 
   author    : MaxD http://devs.mx

File Name    : system/library/cache.php(0)
VQModObject::applyMod - SEARCH NOT FOUND (SKIPPED): if (is_file(DIR_SYSTEM . 'library/journal3/vendor/SuperCache

----------------------------------------------------------------------


---------- Date: 2026-03-29 17:08:37 ~ IP : 185.179.188.62 ----------
REQUEST URI : /podmotka-spidometra-gazel-nekst/?ysclid=mnbu47j9fz668894418
MOD DETAILS:
   modFile   : /home/canmotalka/web/can-motalka.ru/public_html/vqmod/xml/lightning.xml
   id        : OpenCart Lightning
   version   : 3.37
   vqmver    : 
   author    : MaxD http://devs.mx

File Name    : system/library/cache.php(0)
VQModObject::applyMod - SEARCH NOT FOUND (SKIPPED): if (is_file(DIR_SYSTEM . 'library/journal3/vendor/SuperCache

----------------------------------------------------------------------


---------- Date: 2026-03-29 17:08:38 ~ IP : 185.179.188.62 ----------
REQUEST URI : /podmotka-spidometra-gazel-nekst/
MOD DETAILS:
   modFile   : /home/canmotalka/web/can-motalka.ru/public_html/vqmod/xml/lightning.xml
   id        : OpenCart Lightning
   version   : 3.37
   vqmver    : 
   author    : MaxD http://devs.mx

File Name    : system/library/cache.php(0)
VQModObject::applyMod - SEARCH NOT FOUND (SKIPPED): if (is_file(DIR_SYSTEM . 'library/journal3/vendor/SuperCache

----------------------------------------------------------------------


---------- Date: 2026-03-29 17:08:39 ~ IP : 185.179.188.62 ----------
REQUEST URI : /index.php?route=module/popupcart_extended
MOD DETAILS:
   modFile   : /home/canmotalka/web/can-motalka.ru/public_html/vqmod/xml/lightning.xml
   id        : OpenCart Lightning
   version   : 3.37
   vqmver    : 
   author    : MaxD http://devs.mx

File Name    : system/library/cache.php(0)
VQModObject::applyMod - SEARCH NOT FOUND (SKIPPED): if (is_file(DIR_SYSTEM . 'library/journal3/vendor/SuperCache

----------------------------------------------------------------------


---------- Date: 2026-03-29 17:08:39 ~ IP : 185.179.188.62 ----------
REQUEST URI : /index.php?route=product/product/review&amp;product_id=97
MOD DETAILS:
   modFile   : /home/canmotalka/web/can-motalka.ru/public_html/vqmod/xml/lightning.xml
   id        : OpenCart Lightning
   version   : 3.37
   vqmver    : 
   author    : MaxD http://devs.mx

File Name    : system/library/cache.php(0)
VQModObject::applyMod - SEARCH NOT FOUND (SKIPPED): if (is_file(DIR_SYSTEM . 'library/journal3/vendor/SuperCache

----------------------------------------------------------------------


---------- Date: 2026-03-29 17:09:53 ~ IP : 185.179.188.62 ----------
REQUEST URI : /instrukciya-lada-granta-2021/?ysclid=mnbu5u02lh835524009
MOD DETAILS:
   modFile   : /home/canmotalka/web/can-motalka.ru/public_html/vqmod/xml/lightning.xml
   id        : OpenCart Lightning
   version   : 3.37
   vqmver    : 
   author    : MaxD http://devs.mx

File Name    : system/library/cache.php(0)
VQModObject::applyMod - SEARCH NOT FOUND (SKIPPED): if (is_file(DIR_SYSTEM . 'library/journal3/vendor/SuperCache

----------------------------------------------------------------------


---------- Date: 2026-03-29 17:09:53 ~ IP : 185.179.188.62 ----------
REQUEST URI : /instrukciya-lada-granta-2021/
MOD DETAILS:
   modFile   : /home/canmotalka/web/can-motalka.ru/public_html/vqmod/xml/lightning.xml
   id        : OpenCart Lightning
   version   : 3.37
   vqmver    : 
   author    : MaxD http://devs.mx

File Name    : system/library/cache.php(0)
VQModObject::applyMod - SEARCH NOT FOUND (SKIPPED): if (is_file(DIR_SYSTEM . 'library/journal3/vendor/SuperCache

----------------------------------------------------------------------


---------- Date: 2026-03-29 17:12:22 ~ IP : 185.179.188.62 ----------
REQUEST URI : /podmotka-spidometra-volkswagen-caddy/
MOD DETAILS:
   modFile   : /home/canmotalka/web/can-motalka.ru/public_html/vqmod/xml/lightning.xml
   id        : OpenCart Lightning
   version   : 3.37
   vqmver    : 
   author    : MaxD http://devs.mx

File Name    : system/library/cache.php(0)
VQModObject::applyMod - SEARCH NOT FOUND (SKIPPED): if (is_file(DIR_SYSTEM . 'library/journal3/vendor/SuperCache

----------------------------------------------------------------------


---------- Date: 2026-03-29 17:12:24 ~ IP : 185.179.188.62 ----------
REQUEST URI : /podmotka-spidometra-kia-rio/
MOD DETAILS:
   modFile   : /home/canmotalka/web/can-motalka.ru/public_html/vqmod/xml/lightning.xml
   id        : OpenCart Lightning
   version   : 3.37
   vqmver    : 
   author    : MaxD http://devs.mx

File Name    : system/library/cache.php(0)
VQModObject::applyMod - SEARCH NOT FOUND (SKIPPED): if (is_file(DIR_SYSTEM . 'library/journal3/vendor/SuperCache

----------------------------------------------------------------------


---------- Date: 2026-03-29 17:12:29 ~ IP : 185.179.188.62 ----------
REQUEST URI : /podmotka-spidometra-ford-mondeo-4/
MOD DETAILS:
   modFile   : /home/canmotalka/web/can-motalka.ru/public_html/vqmod/xml/lightning.xml
   id        : OpenCart Lightning
   version   : 3.37
   vqmver    : 
   author    : MaxD http://devs.mx

File Name    : system/library/cache.php(0)
VQModObject::applyMod - SEARCH NOT FOUND (SKIPPED): if (is_file(DIR_SYSTEM . 'library/journal3/vendor/SuperCache

----------------------------------------------------------------------


---------- Date: 2026-03-29 17:12:31 ~ IP : 185.179.188.62 ----------
REQUEST URI : /podmotka-spidometra-hyundai-h1/
MOD DETAILS:
   modFile   : /home/canmotalka/web/can-motalka.ru/public_html/vqmod/xml/lightning.xml
   id        : OpenCart Lightning
   version   : 3.37
   vqmver    : 
   author    : MaxD http://devs.mx

File Name    : system/library/cache.php(0)
VQModObject::applyMod - SEARCH NOT FOUND (SKIPPED): if (is_file(DIR_SYSTEM . 'library/journal3/vendor/SuperCache

----------------------------------------------------------------------


---------- Date: 2026-03-29 17:12:35 ~ IP : 185.179.188.62 ----------
REQUEST URI : /folksvagen-polo-podmotka-spidometra/
MOD DETAILS:
   modFile   : /home/canmotalka/web/can-motalka.ru/public_html/vqmod/xml/lightning.xml
   id        : OpenCart Lightning
   version   : 3.37
   vqmver    : 
   author    : MaxD http://devs.mx

File Name    : system/library/cache.php(0)
VQModObject::applyMod - SEARCH NOT FOUND (SKIPPED): if (is_file(DIR_SYSTEM . 'library/journal3/vendor/SuperCache

----------------------------------------------------------------------


---------- Date: 2026-03-29 17:12:36 ~ IP : 185.179.188.62 ----------
REQUEST URI : /podmotka-spidometra-toyota-fortuner/
MOD DETAILS:
   modFile   : /home/canmotalka/web/can-motalka.ru/public_html/vqmod/xml/lightning.xml
   id        : OpenCart Lightning
   version   : 3.37
   vqmver    : 
   author    : MaxD http://devs.mx

File Name    : system/library/cache.php(0)
VQModObject::applyMod - SEARCH NOT FOUND (SKIPPED): if (is_file(DIR_SYSTEM . 'library/journal3/vendor/SuperCache

----------------------------------------------------------------------


---------- Date: 2026-03-29 17:12:37 ~ IP : 185.179.188.62 ----------
REQUEST URI : /podmotka-spidometra-gazel-nekst/
MOD DETAILS:
   modFile   : /home/canmotalka/web/can-motalka.ru/public_html/vqmod/xml/lightning.xml
   id        : OpenCart Lightning
   version   : 3.37
   vqmver    : 
   author    : MaxD http://devs.mx

File Name    : system/library/cache.php(0)
VQModObject::applyMod - SEARCH NOT FOUND (SKIPPED): if (is_file(DIR_SYSTEM . 'library/journal3/vendor/SuperCache

----------------------------------------------------------------------


---------- Date: 2026-03-29 17:12:39 ~ IP : 185.179.188.62 ----------
REQUEST URI : /podmotka-spidometra-niva-travel/
MOD DETAILS:
   modFile   : /home/canmotalka/web/can-motalka.ru/public_html/vqmod/xml/lightning.xml
   id        : OpenCart Lightning
   version   : 3.37
   vqmver    : 
   author    : MaxD http://devs.mx

File Name    : system/library/cache.php(0)
VQModObject::applyMod - SEARCH NOT FOUND (SKIPPED): if (is_file(DIR_SYSTEM . 'library/journal3/vendor/SuperCache

----------------------------------------------------------------------


---------- Date: 2026-03-29 17:12:40 ~ IP : 185.179.188.62 ----------
REQUEST URI : /podmotka-spidometra-haval-jolion/
MOD DETAILS:
   modFile   : /home/canmotalka/web/can-motalka.ru/public_html/vqmod/xml/lightning.xml
   id        : OpenCart Lightning
   version   : 3.37
   vqmver    : 
   author    : MaxD http://devs.mx

File Name    : system/library/cache.php(0)
VQModObject::applyMod - SEARCH NOT FOUND (SKIPPED): if (is_file(DIR_SYSTEM . 'library/journal3/vendor/SuperCache

----------------------------------------------------------------------


---------- Date: 2026-03-29 17:13:16 ~ IP : 185.179.188.62 ----------
REQUEST URI : /podmotka-spidometra-gazel-nekst/
MOD DETAILS:
   modFile   : /home/canmotalka/web/can-motalka.ru/public_html/vqmod/xml/lightning.xml
   id        : OpenCart Lightning
   version   : 3.37
   vqmver    : 
   author    : MaxD http://devs.mx

File Name    : system/library/cache.php(0)
VQModObject::applyMod - SEARCH NOT FOUND (SKIPPED): if (is_file(DIR_SYSTEM . 'library/journal3/vendor/SuperCache

----------------------------------------------------------------------


---------- Date: 2026-03-29 17:19:29 ~ IP : 185.179.188.62 ----------
REQUEST URI : /podmotka-spidometra-renault-duster-2009-2015/
MOD DETAILS:
   modFile   : /home/canmotalka/web/can-motalka.ru/public_html/vqmod/xml/lightning.xml
   id        : OpenCart Lightning
   version   : 3.37
   vqmver    : 
   author    : MaxD http://devs.mx

File Name    : system/library/cache.php(0)
VQModObject::applyMod - SEARCH NOT FOUND (SKIPPED): if (is_file(DIR_SYSTEM . 'library/journal3/vendor/SuperCache

----------------------------------------------------------------------


---------- Date: 2026-03-29 17:20:42 ~ IP : 185.179.188.62 ----------
REQUEST URI : /index.php?route=common/footer/click_counter
MOD DETAILS:
   modFile   : /home/canmotalka/web/can-motalka.ru/public_html/vqmod/xml/lightning.xml
   id        : OpenCart Lightning
   version   : 3.37
   vqmver    : 
   author    : MaxD http://devs.mx

File Name    : system/library/cache.php(0)
VQModObject::applyMod - SEARCH NOT FOUND (SKIPPED): if (is_file(DIR_SYSTEM . 'library/journal3/vendor/SuperCache

----------------------------------------------------------------------


---------- Date: 2026-03-29 17:21:46 ~ IP : 185.179.188.62 ----------
REQUEST URI : /video-obzor/?ysclid=mnbul4rea5889100801
MOD DETAILS:
   modFile   : /home/canmotalka/web/can-motalka.ru/public_html/vqmod/xml/lightning.xml
   id        : OpenCart Lightning
   version   : 3.37
   vqmver    : 
   author    : MaxD http://devs.mx

File Name    : system/library/cache.php(0)
VQModObject::applyMod - SEARCH NOT FOUND (SKIPPED): if (is_file(DIR_SYSTEM . 'library/journal3/vendor/SuperCache

----------------------------------------------------------------------


---------- Date: 2026-03-29 17:21:47 ~ IP : 185.179.188.62 ----------
REQUEST URI : /index.php?route=module/popupcart_extended
MOD DETAILS:
   modFile   : /home/canmotalka/web/can-motalka.ru/public_html/vqmod/xml/lightning.xml
   id        : OpenCart Lightning
   version   : 3.37
   vqmver    : 
   author    : MaxD http://devs.mx

File Name    : system/library/cache.php(0)
VQModObject::applyMod - SEARCH NOT FOUND (SKIPPED): if (is_file(DIR_SYSTEM . 'library/journal3/vendor/SuperCache

----------------------------------------------------------------------


---------- Date: 2026-03-29 17:22:37 ~ IP : 185.179.188.62 ----------
REQUEST URI : /manuals/
MOD DETAILS:
   modFile   : /home/canmotalka/web/can-motalka.ru/public_html/vqmod/xml/lightning.xml
   id        : OpenCart Lightning
   version   : 3.37
   vqmver    : 
   author    : MaxD http://devs.mx

File Name    : system/library/cache.php(0)
VQModObject::applyMod - SEARCH NOT FOUND (SKIPPED): if (is_file(DIR_SYSTEM . 'library/journal3/vendor/SuperCache

----------------------------------------------------------------------


---------- Date: 2026-03-29 17:23:37 ~ IP : 185.179.188.62 ----------
REQUEST URI : /podmotka-spidometra-jac-t6/
MOD DETAILS:
   modFile   : /home/canmotalka/web/can-motalka.ru/public_html/vqmod/xml/lightning.xml
   id        : OpenCart Lightning
   version   : 3.37
   vqmver    : 
   author    : MaxD http://devs.mx

File Name    : system/library/cache.php(0)
VQModObject::applyMod - SEARCH NOT FOUND (SKIPPED): if (is_file(DIR_SYSTEM . 'library/journal3/vendor/SuperCache

----------------------------------------------------------------------


---------- Date: 2026-03-29 17:23:37 ~ IP : 185.179.188.62 ----------
REQUEST URI : /index.php?route=product/product/review&amp;product_id=310
MOD DETAILS:
   modFile   : /home/canmotalka/web/can-motalka.ru/public_html/vqmod/xml/lightning.xml
   id        : OpenCart Lightning
   version   : 3.37
   vqmver    : 
   author    : MaxD http://devs.mx

File Name    : system/library/cache.php(0)
VQModObject::applyMod - SEARCH NOT FOUND (SKIPPED): if (is_file(DIR_SYSTEM . 'library/journal3/vendor/SuperCache

----------------------------------------------------------------------


---------- Date: 2026-03-29 17:24:18 ~ IP : 185.179.188.62 ----------
REQUEST URI : /index.php?route=product/category&amp;path=66
MOD DETAILS:
   modFile   : /home/canmotalka/web/can-motalka.ru/public_html/vqmod/xml/lightning.xml
   id        : OpenCart Lightning
   version   : 3.37
   vqmver    : 
   author    : MaxD http://devs.mx

File Name    : system/library/cache.php(0)
VQModObject::applyMod - SEARCH NOT FOUND (SKIPPED): if (is_file(DIR_SYSTEM . 'library/journal3/vendor/SuperCache

----------------------------------------------------------------------


---------- Date: 2026-03-29 17:24:21 ~ IP : 185.179.188.62 ----------
REQUEST URI : /motalki/lexus/
MOD DETAILS:
   modFile   : /home/canmotalka/web/can-motalka.ru/public_html/vqmod/xml/lightning.xml
   id        : OpenCart Lightning
   version   : 3.37
   vqmver    : 
   author    : MaxD http://devs.mx

File Name    : system/library/cache.php(0)
VQModObject::applyMod - SEARCH NOT FOUND (SKIPPED): if (is_file(DIR_SYSTEM . 'library/journal3/vendor/SuperCache

----------------------------------------------------------------------


---------- Date: 2026-03-29 17:26:30 ~ IP : 185.179.188.62 ----------
REQUEST URI : /motalki/?ysclid=mnbur7hssa520552360
MOD DETAILS:
   modFile   : /home/canmotalka/web/can-motalka.ru/public_html/vqmod/xml/lightning.xml
   id        : OpenCart Lightning
   version   : 3.37
   vqmver    : 
   author    : MaxD http://devs.mx

File Name    : system/library/cache.php(0)
VQModObject::applyMod - SEARCH NOT FOUND (SKIPPED): if (is_file(DIR_SYSTEM . 'library/journal3/vendor/SuperCache

----------------------------------------------------------------------


---------- Date: 2026-03-29 17:26:41 ~ IP : 185.179.188.62 ----------
REQUEST URI : /motalki/lada/
MOD DETAILS:
   modFile   : /home/canmotalka/web/can-motalka.ru/public_html/vqmod/xml/lightning.xml
   id        : OpenCart Lightning
   version   : 3.37
   vqmver    : 
   author    : MaxD http://devs.mx

File Name    : system/library/cache.php(0)
VQModObject::applyMod - SEARCH NOT FOUND (SKIPPED): if (is_file(DIR_SYSTEM . 'library/journal3/vendor/SuperCache

----------------------------------------------------------------------


---------- Date: 2026-03-29 17:26:48 ~ IP : 185.179.188.62 ----------
REQUEST URI : /podmotka-spidometra-niva2020/
MOD DETAILS:
   modFile   : /home/canmotalka/web/can-motalka.ru/public_html/vqmod/xml/lightning.xml
   id        : OpenCart Lightning
   version   : 3.37
   vqmver    : 
   author    : MaxD http://devs.mx

File Name    : system/library/cache.php(0)
VQModObject::applyMod - SEARCH NOT FOUND (SKIPPED): if (is_file(DIR_SYSTEM . 'library/journal3/vendor/SuperCache

----------------------------------------------------------------------


---------- Date: 2026-03-29 17:26:48 ~ IP : 185.179.188.62 ----------
REQUEST URI : /index.php?route=product/product/review&amp;product_id=290
MOD DETAILS:
   modFile   : /home/canmotalka/web/can-motalka.ru/public_html/vqmod/xml/lightning.xml
   id        : OpenCart Lightning
   version   : 3.37
   vqmver    : 
   author    : MaxD http://devs.mx

File Name    : system/library/cache.php(0)
VQModObject::applyMod - SEARCH NOT FOUND (SKIPPED): if (is_file(DIR_SYSTEM . 'library/journal3/vendor/SuperCache

----------------------------------------------------------------------


---------- Date: 2026-03-29 17:26:48 ~ IP : 185.179.188.62 ----------
REQUEST URI : /index.php?route=module/popupcart_extended
MOD DETAILS:
   modFile   : /home/canmotalka/web/can-motalka.ru/public_html/vqmod/xml/lightning.xml
   id        : OpenCart Lightning
   version   : 3.37
   vqmver    : 
   author    : MaxD http://devs.mx

File Name    : system/library/cache.php(0)
VQModObject::applyMod - SEARCH NOT FOUND (SKIPPED): if (is_file(DIR_SYSTEM . 'library/journal3/vendor/SuperCache

----------------------------------------------------------------------


---------- Date: 2026-03-29 17:27:18 ~ IP : 185.179.188.62 ----------
REQUEST URI : /.well-known/traffic-advice
MOD DETAILS:
   modFile   : /home/canmotalka/web/can-motalka.ru/public_html/vqmod/xml/lightning.xml
   id        : OpenCart Lightning
   version   : 3.37
   vqmver    : 
   author    : MaxD http://devs.mx

File Name    : system/library/cache.php(0)
VQModObject::applyMod - SEARCH NOT FOUND (SKIPPED): if (is_file(DIR_SYSTEM . 'library/journal3/vendor/SuperCache

----------------------------------------------------------------------


---------- Date: 2026-03-29 17:27:19 ~ IP : 185.179.188.62 ----------
REQUEST URI : /motalka_spidometra/
MOD DETAILS:
   modFile   : /home/canmotalka/web/can-motalka.ru/public_html/vqmod/xml/lightning.xml
   id        : OpenCart Lightning
   version   : 3.37
   vqmver    : 
   author    : MaxD http://devs.mx

File Name    : system/library/cache.php(0)
VQModObject::applyMod - SEARCH NOT FOUND (SKIPPED): if (is_file(DIR_SYSTEM . 'library/journal3/vendor/SuperCache

----------------------------------------------------------------------


---------- Date: 2026-03-29 17:28:12 ~ IP : 185.179.188.62 ----------
REQUEST URI : //wp-includes/wlwmanifest.xml
MOD DETAILS:
   modFile   : /home/canmotalka/web/can-motalka.ru/public_html/vqmod/xml/lightning.xml
   id        : OpenCart Lightning
   version   : 3.37
   vqmver    : 
   author    : MaxD http://devs.mx

File Name    : system/library/cache.php(0)
VQModObject::applyMod - SEARCH NOT FOUND (SKIPPED): if (is_file(DIR_SYSTEM . 'library/journal3/vendor/SuperCache

----------------------------------------------------------------------


---------- Date: 2026-03-29 17:28:12 ~ IP : 185.179.188.62 ----------
REQUEST URI : //xmlrpc.php?rsd
MOD DETAILS:
   modFile   : /home/canmotalka/web/can-motalka.ru/public_html/vqmod/xml/lightning.xml
   id        : OpenCart Lightning
   version   : 3.37
   vqmver    : 
   author    : MaxD http://devs.mx

File Name    : system/library/cache.php(0)
VQModObject::applyMod - SEARCH NOT FOUND (SKIPPED): if (is_file(DIR_SYSTEM . 'library/journal3/vendor/SuperCache

----------------------------------------------------------------------


---------- Date: 2026-03-29 17:28:13 ~ IP : 185.179.188.62 ----------
REQUEST URI : //blog/wp-includes/wlwmanifest.xml
MOD DETAILS:
   modFile   : /home/canmotalka/web/can-motalka.ru/public_html/vqmod/xml/lightning.xml
   id        : OpenCart Lightning
   version   : 3.37
   vqmver    : 
   author    : MaxD http://devs.mx

File Name    : system/library/cache.php(0)
VQModObject::applyMod - SEARCH NOT FOUND (SKIPPED): if (is_file(DIR_SYSTEM . 'library/journal3/vendor/SuperCache

----------------------------------------------------------------------


---------- Date: 2026-03-29 17:28:14 ~ IP : 185.179.188.62 ----------
REQUEST URI : //web/wp-includes/wlwmanifest.xml
MOD DETAILS:
   modFile   : /home/canmotalka/web/can-motalka.ru/public_html/vqmod/xml/lightning.xml
   id        : OpenCart Lightning
   version   : 3.37
   vqmver    : 
   author    : MaxD http://devs.mx

File Name    : system/library/cache.php(0)
VQModObject::applyMod - SEARCH NOT FOUND (SKIPPED): if (is_file(DIR_SYSTEM . 'library/journal3/vendor/SuperCache

----------------------------------------------------------------------


---------- Date: 2026-03-29 17:28:14 ~ IP : 185.179.188.62 ----------
REQUEST URI : //wordpress/wp-includes/wlwmanifest.xml
MOD DETAILS:
   modFile   : /home/canmotalka/web/can-motalka.ru/public_html/vqmod/xml/lightning.xml
   id        : OpenCart Lightning
   version   : 3.37
   vqmver    : 
   author    : MaxD http://devs.mx

File Name    : system/library/cache.php(0)
VQModObject::applyMod - SEARCH NOT FOUND (SKIPPED): if (is_file(DIR_SYSTEM . 'library/journal3/vendor/SuperCache

----------------------------------------------------------------------


---------- Date: 2026-03-29 17:28:15 ~ IP : 185.179.188.62 ----------
REQUEST URI : //website/wp-includes/wlwmanifest.xml
MOD DETAILS:
   modFile   : /home/canmotalka/web/can-motalka.ru/public_html/vqmod/xml/lightning.xml
   id        : OpenCart Lightning
   version   : 3.37
   vqmver    : 
   author    : MaxD http://devs.mx

File Name    : system/library/cache.php(0)
VQModObject::applyMod - SEARCH NOT FOUND (SKIPPED): if (is_file(DIR_SYSTEM . 'library/journal3/vendor/SuperCache

----------------------------------------------------------------------


---------- Date: 2026-03-29 17:28:15 ~ IP : 185.179.188.62 ----------
REQUEST URI : //wp/wp-includes/wlwmanifest.xml
MOD DETAILS:
   modFile   : /home/canmotalka/web/can-motalka.ru/public_html/vqmod/xml/lightning.xml
   id        : OpenCart Lightning
   version   : 3.37
   vqmver    : 
   author    : MaxD http://devs.mx

File Name    : system/library/cache.php(0)
VQModObject::applyMod - SEARCH NOT FOUND (SKIPPED): if (is_file(DIR_SYSTEM . 'library/journal3/vendor/SuperCache

----------------------------------------------------------------------


---------- Date: 2026-03-29 17:28:16 ~ IP : 185.179.188.62 ----------
REQUEST URI : //news/wp-includes/wlwmanifest.xml
MOD DETAILS:
   modFile   : /home/canmotalka/web/can-motalka.ru/public_html/vqmod/xml/lightning.xml
   id        : OpenCart Lightning
   version   : 3.37
   vqmver    : 
   author    : MaxD http://devs.mx

File Name    : system/library/cache.php(0)
VQModObject::applyMod - SEARCH NOT FOUND (SKIPPED): if (is_file(DIR_SYSTEM . 'library/journal3/vendor/SuperCache

----------------------------------------------------------------------


---------- Date: 2026-03-29 17:28:17 ~ IP : 185.179.188.62 ----------
REQUEST URI : //2018/wp-includes/wlwmanifest.xml
MOD DETAILS:
   modFile   : /home/canmotalka/web/can-motalka.ru/public_html/vqmod/xml/lightning.xml
   id        : OpenCart Lightning
   version   : 3.37
   vqmver    : 
   author    : MaxD http://devs.mx

File Name    : system/library/cache.php(0)
VQModObject::applyMod - SEARCH NOT FOUND (SKIPPED): if (is_file(DIR_SYSTEM . 'library/journal3/vendor/SuperCache

----------------------------------------------------------------------


---------- Date: 2026-03-29 17:28:17 ~ IP : 185.179.188.62 ----------
REQUEST URI : //2019/wp-includes/wlwmanifest.xml
MOD DETAILS:
   modFile   : /home/canmotalka/web/can-motalka.ru/public_html/vqmod/xml/lightning.xml
   id        : OpenCart Lightning
   version   : 3.37
   vqmver    : 
   author    : MaxD http://devs.mx

File Name    : system/library/cache.php(0)
VQModObject::applyMod - SEARCH NOT FOUND (SKIPPED): if (is_file(DIR_SYSTEM . 'library/journal3/vendor/SuperCache

----------------------------------------------------------------------


---------- Date: 2026-03-29 17:28:17 ~ IP : 185.179.188.62 ----------
REQUEST URI : //shop/wp-includes/wlwmanifest.xml
MOD DETAILS:
   modFile   : /home/canmotalka/web/can-motalka.ru/public_html/vqmod/xml/lightning.xml
   id        : OpenCart Lightning
   version   : 3.37
   vqmver    : 
   author    : MaxD http://devs.mx

File Name    : system/library/cache.php(0)
VQModObject::applyMod - SEARCH NOT FOUND (SKIPPED): if (is_file(DIR_SYSTEM . 'library/journal3/vendor/SuperCache

----------------------------------------------------------------------


---------- Date: 2026-03-29 17:28:18 ~ IP : 185.179.188.62 ----------
REQUEST URI : //wp1/wp-includes/wlwmanifest.xml
MOD DETAILS:
   modFile   : /home/canmotalka/web/can-motalka.ru/public_html/vqmod/xml/lightning.xml
   id        : OpenCart Lightning
   version   : 3.37
   vqmver    : 
   author    : MaxD http://devs.mx

File Name    : system/library/cache.php(0)
VQModObject::applyMod - SEARCH NOT FOUND (SKIPPED): if (is_file(DIR_SYSTEM . 'library/journal3/vendor/SuperCache

----------------------------------------------------------------------


---------- Date: 2026-03-29 17:28:19 ~ IP : 185.179.188.62 ----------
REQUEST URI : //test/wp-includes/wlwmanifest.xml
MOD DETAILS:
   modFile   : /home/canmotalka/web/can-motalka.ru/public_html/vqmod/xml/lightning.xml
   id        : OpenCart Lightning
   version   : 3.37
   vqmver    : 
   author    : MaxD http://devs.mx

File Name    : system/library/cache.php(0)
VQModObject::applyMod - SEARCH NOT FOUND (SKIPPED): if (is_file(DIR_SYSTEM . 'library/journal3/vendor/SuperCache

----------------------------------------------------------------------


---------- Date: 2026-03-29 17:28:20 ~ IP : 185.179.188.62 ----------
REQUEST URI : //media/wp-includes/wlwmanifest.xml
MOD DETAILS:
   modFile   : /home/canmotalka/web/can-motalka.ru/public_html/vqmod/xml/lightning.xml
   id        : OpenCart Lightning
   version   : 3.37
   vqmver    : 
   author    : MaxD http://devs.mx

File Name    : system/library/cache.php(0)
VQModObject::applyMod - SEARCH NOT FOUND (SKIPPED): if (is_file(DIR_SYSTEM . 'library/journal3/vendor/SuperCache

----------------------------------------------------------------------


---------- Date: 2026-03-29 17:28:21 ~ IP : 185.179.188.62 ----------
REQUEST URI : //wp2/wp-includes/wlwmanifest.xml
MOD DETAILS:
   modFile   : /home/canmotalka/web/can-motalka.ru/public_html/vqmod/xml/lightning.xml
   id        : OpenCart Lightning
   version   : 3.37
   vqmver    : 
   author    : MaxD http://devs.mx

File Name    : system/library/cache.php(0)
VQModObject::applyMod - SEARCH NOT FOUND (SKIPPED): if (is_file(DIR_SYSTEM . 'library/journal3/vendor/SuperCache

----------------------------------------------------------------------


---------- Date: 2026-03-29 17:28:21 ~ IP : 185.179.188.62 ----------
REQUEST URI : //site/wp-includes/wlwmanifest.xml
MOD DETAILS:
   modFile   : /home/canmotalka/web/can-motalka.ru/public_html/vqmod/xml/lightning.xml
   id        : OpenCart Lightning
   version   : 3.37
   vqmver    : 
   author    : MaxD http://devs.mx

File Name    : system/library/cache.php(0)
VQModObject::applyMod - SEARCH NOT FOUND (SKIPPED): if (is_file(DIR_SYSTEM . 'library/journal3/vendor/SuperCache

----------------------------------------------------------------------


---------- Date: 2026-03-29 17:28:22 ~ IP : 185.179.188.62 ----------
REQUEST URI : //cms/wp-includes/wlwmanifest.xml
MOD DETAILS:
   modFile   : /home/canmotalka/web/can-motalka.ru/public_html/vqmod/xml/lightning.xml
   id        : OpenCart Lightning
   version   : 3.37
   vqmver    : 
   author    : MaxD http://devs.mx

File Name    : system/library/cache.php(0)
VQModObject::applyMod - SEARCH NOT FOUND (SKIPPED): if (is_file(DIR_SYSTEM . 'library/journal3/vendor/SuperCache

----------------------------------------------------------------------


---------- Date: 2026-03-29 17:28:22 ~ IP : 185.179.188.62 ----------
REQUEST URI : //sito/wp-includes/wlwmanifest.xml
MOD DETAILS:
   modFile   : /home/canmotalka/web/can-motalka.ru/public_html/vqmod/xml/lightning.xml
   id        : OpenCart Lightning
   version   : 3.37
   vqmver    : 
   author    : MaxD http://devs.mx

File Name    : system/library/cache.php(0)
VQModObject::applyMod - SEARCH NOT FOUND (SKIPPED): if (is_file(DIR_SYSTEM . 'library/journal3/vendor/SuperCache

----------------------------------------------------------------------


---------- Date: 2026-03-29 17:28:55 ~ IP : 185.179.188.62 ----------
REQUEST URI : /index.php?route=product/product/review&amp;product_id=310
MOD DETAILS:
   modFile   : /home/canmotalka/web/can-motalka.ru/public_html/vqmod/xml/lightning.xml
   id        : OpenCart Lightning
   version   : 3.37
   vqmver    : 
   author    : MaxD http://devs.mx

File Name    : system/library/cache.php(0)
VQModObject::applyMod - SEARCH NOT FOUND (SKIPPED): if (is_file(DIR_SYSTEM . 'library/journal3/vendor/SuperCache

----------------------------------------------------------------------


---------- Date: 2026-03-29 17:29:13 ~ IP : 185.179.188.62 ----------
REQUEST URI : /instrukciya-dlya-ford-tranzit/
MOD DETAILS:
   modFile   : /home/canmotalka/web/can-motalka.ru/public_html/vqmod/xml/lightning.xml
   id        : OpenCart Lightning
   version   : 3.37
   vqmver    : 
   author    : MaxD http://devs.mx

File Name    : system/library/cache.php(0)
VQModObject::applyMod - SEARCH NOT FOUND (SKIPPED): if (is_file(DIR_SYSTEM . 'library/journal3/vendor/SuperCache

----------------------------------------------------------------------


---------- Date: 2026-03-29 17:29:15 ~ IP : 185.179.188.62 ----------
REQUEST URI : /instrukciya-podmotka-kamaz/?ysclid=mnbuurlgz3198605525
MOD DETAILS:
   modFile   : /home/canmotalka/web/can-motalka.ru/public_html/vqmod/xml/lightning.xml
   id        : OpenCart Lightning
   version   : 3.37
   vqmver    : 
   author    : MaxD http://devs.mx

File Name    : system/library/cache.php(0)
VQModObject::applyMod - SEARCH NOT FOUND (SKIPPED): if (is_file(DIR_SYSTEM . 'library/journal3/vendor/SuperCache

----------------------------------------------------------------------


---------- Date: 2026-03-29 17:29:17 ~ IP : 185.179.188.62 ----------
REQUEST URI : /index.php?route=common/footer/click_counter
MOD DETAILS:
   modFile   : /home/canmotalka/web/can-motalka.ru/public_html/vqmod/xml/lightning.xml
   id        : OpenCart Lightning
   version   : 3.37
   vqmver    : 
   author    : MaxD http://devs.mx

File Name    : system/library/cache.php(0)
VQModObject::applyMod - SEARCH NOT FOUND (SKIPPED): if (is_file(DIR_SYSTEM . 'library/journal3/vendor/SuperCache

----------------------------------------------------------------------


---------- Date: 2026-03-29 17:29:24 ~ IP : 185.179.188.62 ----------
REQUEST URI : /index.php?route=product/product&amp;path=86&amp;product_id=110
MOD DETAILS:
   modFile   : /home/canmotalka/web/can-motalka.ru/public_html/vqmod/xml/lightning.xml
   id        : OpenCart Lightning
   version   : 3.37
   vqmver    : 
   author    : MaxD http://devs.mx

File Name    : system/library/cache.php(0)
VQModObject::applyMod - SEARCH NOT FOUND (SKIPPED): if (is_file(DIR_SYSTEM . 'library/journal3/vendor/SuperCache

----------------------------------------------------------------------


---------- Date: 2026-03-29 17:29:24 ~ IP : 185.179.188.62 ----------
REQUEST URI : /podmotka-spidometra-kamaz/
MOD DETAILS:
   modFile   : /home/canmotalka/web/can-motalka.ru/public_html/vqmod/xml/lightning.xml
   id        : OpenCart Lightning
   version   : 3.37
   vqmver    : 
   author    : MaxD http://devs.mx

File Name    : system/library/cache.php(0)
VQModObject::applyMod - SEARCH NOT FOUND (SKIPPED): if (is_file(DIR_SYSTEM . 'library/journal3/vendor/SuperCache

----------------------------------------------------------------------


---------- Date: 2026-03-29 17:29:25 ~ IP : 185.179.188.62 ----------
REQUEST URI : /index.php?route=module/popupcart_extended
MOD DETAILS:
   modFile   : /home/canmotalka/web/can-motalka.ru/public_html/vqmod/xml/lightning.xml
   id        : OpenCart Lightning
   version   : 3.37
   vqmver    : 
   author    : MaxD http://devs.mx

File Name    : system/library/cache.php(0)
VQModObject::applyMod - SEARCH NOT FOUND (SKIPPED): if (is_file(DIR_SYSTEM . 'library/journal3/vendor/SuperCache

----------------------------------------------------------------------


---------- Date: 2026-03-29 17:29:51 ~ IP : 185.179.188.62 ----------
REQUEST URI : /kak-perenatroit-podmotku-spidometra
MOD DETAILS:
   modFile   : /home/canmotalka/web/can-motalka.ru/public_html/vqmod/xml/lightning.xml
   id        : OpenCart Lightning
   version   : 3.37
   vqmver    : 
   author    : MaxD http://devs.mx

File Name    : system/library/cache.php(0)
VQModObject::applyMod - SEARCH NOT FOUND (SKIPPED): if (is_file(DIR_SYSTEM . 'library/journal3/vendor/SuperCache

----------------------------------------------------------------------


---------- Date: 2026-03-29 17:37:36 ~ IP : 185.179.188.62 ----------
REQUEST URI : /?ysclid=mnbv5hoxox740868351
MOD DETAILS:
   modFile   : /home/canmotalka/web/can-motalka.ru/public_html/vqmod/xml/lightning.xml
   id        : OpenCart Lightning
   version   : 3.37
   vqmver    : 
   author    : MaxD http://devs.mx

File Name    : system/library/cache.php(0)
VQModObject::applyMod - SEARCH NOT FOUND (SKIPPED): if (is_file(DIR_SYSTEM . 'library/journal3/vendor/SuperCache

----------------------------------------------------------------------


---------- Date: 2026-03-29 17:38:11 ~ IP : 185.179.188.62 ----------
REQUEST URI : /index.php?route=module/popupcart_extended
MOD DETAILS:
   modFile   : /home/canmotalka/web/can-motalka.ru/public_html/vqmod/xml/lightning.xml
   id        : OpenCart Lightning
   version   : 3.37
   vqmver    : 
   author    : MaxD http://devs.mx

File Name    : system/library/cache.php(0)
VQModObject::applyMod - SEARCH NOT FOUND (SKIPPED): if (is_file(DIR_SYSTEM . 'library/journal3/vendor/SuperCache

----------------------------------------------------------------------


---------- Date: 2026-03-29 17:40:30 ~ IP : 185.179.188.62 ----------
REQUEST URI : /podmotka-spidometra-niva-travel/
MOD DETAILS:
   modFile   : /home/canmotalka/web/can-motalka.ru/public_html/vqmod/xml/lightning.xml
   id        : OpenCart Lightning
   version   : 3.37
   vqmver    : 
   author    : MaxD http://devs.mx

File Name    : system/library/cache.php(0)
VQModObject::applyMod - SEARCH NOT FOUND (SKIPPED): if (is_file(DIR_SYSTEM . 'library/journal3/vendor/SuperCache

----------------------------------------------------------------------


---------- Date: 2026-03-29 17:40:35 ~ IP : 185.179.188.62 ----------
REQUEST URI : /video-obzor/
MOD DETAILS:
   modFile   : /home/canmotalka/web/can-motalka.ru/public_html/vqmod/xml/lightning.xml
   id        : OpenCart Lightning
   version   : 3.37
   vqmver    : 
   author    : MaxD http://devs.mx

File Name    : system/library/cache.php(0)
VQModObject::applyMod - SEARCH NOT FOUND (SKIPPED): if (is_file(DIR_SYSTEM . 'library/journal3/vendor/SuperCache

----------------------------------------------------------------------


---------- Date: 2026-03-29 17:47:01 ~ IP : 185.179.188.62 ----------
REQUEST URI : /?ysclid=mnbvhl7wjz920213970
MOD DETAILS:
   modFile   : /home/canmotalka/web/can-motalka.ru/public_html/vqmod/xml/lightning.xml
   id        : OpenCart Lightning
   version   : 3.37
   vqmver    : 
   author    : MaxD http://devs.mx

File Name    : system/library/cache.php(0)
VQModObject::applyMod - SEARCH NOT FOUND (SKIPPED): if (is_file(DIR_SYSTEM . 'library/journal3/vendor/SuperCache

----------------------------------------------------------------------


---------- Date: 2026-03-29 17:58:12 ~ IP : 185.179.188.62 ----------
REQUEST URI : /index.php?route=module/popupcart_extended
MOD DETAILS:
   modFile   : /home/canmotalka/web/can-motalka.ru/public_html/vqmod/xml/lightning.xml
   id        : OpenCart Lightning
   version   : 3.37
   vqmver    : 
   author    : MaxD http://devs.mx

File Name    : system/library/cache.php(0)
VQModObject::applyMod - SEARCH NOT FOUND (SKIPPED): if (is_file(DIR_SYSTEM . 'library/journal3/vendor/SuperCache

----------------------------------------------------------------------


---------- Date: 2026-03-29 17:58:16 ~ IP : 185.179.188.62 ----------
REQUEST URI : /index.php?route=module/popupcart_extended
MOD DETAILS:
   modFile   : /home/canmotalka/web/can-motalka.ru/public_html/vqmod/xml/lightning.xml
   id        : OpenCart Lightning
   version   : 3.37
   vqmver    : 
   author    : MaxD http://devs.mx

File Name    : system/library/cache.php(0)
VQModObject::applyMod - SEARCH NOT FOUND (SKIPPED): if (is_file(DIR_SYSTEM . 'library/journal3/vendor/SuperCache

----------------------------------------------------------------------


---------- Date: 2026-03-29 17:59:59 ~ IP : 185.179.188.62 ----------
REQUEST URI : /hyundai_h1_manual/?ysclid=mnbvy9xp8u79645500
MOD DETAILS:
   modFile   : /home/canmotalka/web/can-motalka.ru/public_html/vqmod/xml/lightning.xml
   id        : OpenCart Lightning
   version   : 3.37
   vqmver    : 
   author    : MaxD http://devs.mx

File Name    : system/library/cache.php(0)
VQModObject::applyMod - SEARCH NOT FOUND (SKIPPED): if (is_file(DIR_SYSTEM . 'library/journal3/vendor/SuperCache

----------------------------------------------------------------------


---------- Date: 2026-03-29 18:00:00 ~ IP : 185.179.188.62 ----------
REQUEST URI : /hyundai_h1_manual/
MOD DETAILS:
   modFile   : /home/canmotalka/web/can-motalka.ru/public_html/vqmod/xml/lightning.xml
   id        : OpenCart Lightning
   version   : 3.37
   vqmver    : 
   author    : MaxD http://devs.mx

File Name    : system/library/cache.php(0)
VQModObject::applyMod - SEARCH NOT FOUND (SKIPPED): if (is_file(DIR_SYSTEM . 'library/journal3/vendor/SuperCache

----------------------------------------------------------------------


---------- Date: 2026-03-29 18:00:09 ~ IP : 185.179.188.62 ----------
REQUEST URI : /index.php?route=module/popupcart_extended
MOD DETAILS:
   modFile   : /home/canmotalka/web/can-motalka.ru/public_html/vqmod/xml/lightning.xml
   id        : OpenCart Lightning
   version   : 3.37
   vqmver    : 
   author    : MaxD http://devs.mx

File Name    : system/library/cache.php(0)
VQModObject::applyMod - SEARCH NOT FOUND (SKIPPED): if (is_file(DIR_SYSTEM . 'library/journal3/vendor/SuperCache

----------------------------------------------------------------------


---------- Date: 2026-03-29 18:00:25 ~ IP : 185.179.188.62 ----------
REQUEST URI : /index.php?route=module/popupcart_extended
MOD DETAILS:
   modFile   : /home/canmotalka/web/can-motalka.ru/public_html/vqmod/xml/lightning.xml
   id        : OpenCart Lightning
   version   : 3.37
   vqmver    : 
   author    : MaxD http://devs.mx

File Name    : system/library/cache.php(0)
VQModObject::applyMod - SEARCH NOT FOUND (SKIPPED): if (is_file(DIR_SYSTEM . 'library/journal3/vendor/SuperCache

----------------------------------------------------------------------


---------- Date: 2026-03-29 18:03:35 ~ IP : 185.179.188.62 ----------
REQUEST URI : /podmotka-spidometra-gazel-nekst/?ysclid=mnbw2w5r9364826072
MOD DETAILS:
   modFile   : /home/canmotalka/web/can-motalka.ru/public_html/vqmod/xml/lightning.xml
   id        : OpenCart Lightning
   version   : 3.37
   vqmver    : 
   author    : MaxD http://devs.mx

File Name    : system/library/cache.php(0)
VQModObject::applyMod - SEARCH NOT FOUND (SKIPPED): if (is_file(DIR_SYSTEM . 'library/journal3/vendor/SuperCache

----------------------------------------------------------------------


---------- Date: 2026-03-29 18:03:36 ~ IP : 185.179.188.62 ----------
REQUEST URI : /podmotka-spidometra-gazel-nekst/
MOD DETAILS:
   modFile   : /home/canmotalka/web/can-motalka.ru/public_html/vqmod/xml/lightning.xml
   id        : OpenCart Lightning
   version   : 3.37
   vqmver    : 
   author    : MaxD http://devs.mx

File Name    : system/library/cache.php(0)
VQModObject::applyMod - SEARCH NOT FOUND (SKIPPED): if (is_file(DIR_SYSTEM . 'library/journal3/vendor/SuperCache

----------------------------------------------------------------------


---------- Date: 2026-03-29 18:03:37 ~ IP : 185.179.188.62 ----------
REQUEST URI : /index.php?route=product/product/review&amp;product_id=97
MOD DETAILS:
   modFile   : /home/canmotalka/web/can-motalka.ru/public_html/vqmod/xml/lightning.xml
   id        : OpenCart Lightning
   version   : 3.37
   vqmver    : 
   author    : MaxD http://devs.mx

File Name    : system/library/cache.php(0)
VQModObject::applyMod - SEARCH NOT FOUND (SKIPPED): if (is_file(DIR_SYSTEM . 'library/journal3/vendor/SuperCache

----------------------------------------------------------------------


---------- Date: 2026-03-29 18:03:37 ~ IP : 185.179.188.62 ----------
REQUEST URI : /index.php?route=module/popupcart_extended
MOD DETAILS:
   modFile   : /home/canmotalka/web/can-motalka.ru/public_html/vqmod/xml/lightning.xml
   id        : OpenCart Lightning
   version   : 3.37
   vqmver    : 
   author    : MaxD http://devs.mx

File Name    : system/library/cache.php(0)
VQModObject::applyMod - SEARCH NOT FOUND (SKIPPED): if (is_file(DIR_SYSTEM . 'library/journal3/vendor/SuperCache

----------------------------------------------------------------------


---------- Date: 2026-03-29 18:03:39 ~ IP : 185.179.188.62 ----------
REQUEST URI : /hyundai_h1_manual/
MOD DETAILS:
   modFile   : /home/canmotalka/web/can-motalka.ru/public_html/vqmod/xml/lightning.xml
   id        : OpenCart Lightning
   version   : 3.37
   vqmver    : 
   author    : MaxD http://devs.mx

File Name    : system/library/cache.php(0)
VQModObject::applyMod - SEARCH NOT FOUND (SKIPPED): if (is_file(DIR_SYSTEM . 'library/journal3/vendor/SuperCache

----------------------------------------------------------------------


---------- Date: 2026-03-29 18:10:51 ~ IP : 185.179.188.62 ----------
REQUEST URI : /patriot_re/?ysclid=mnbwc8pwre619090686
MOD DETAILS:
   modFile   : /home/canmotalka/web/can-motalka.ru/public_html/vqmod/xml/lightning.xml
   id        : OpenCart Lightning
   version   : 3.37
   vqmver    : 
   author    : MaxD http://devs.mx

File Name    : system/library/cache.php(0)
VQModObject::applyMod - SEARCH NOT FOUND (SKIPPED): if (is_file(DIR_SYSTEM . 'library/journal3/vendor/SuperCache

----------------------------------------------------------------------


---------- Date: 2026-03-29 18:10:51 ~ IP : 185.179.188.62 ----------
REQUEST URI : /patriot_re/
MOD DETAILS:
   modFile   : /home/canmotalka/web/can-motalka.ru/public_html/vqmod/xml/lightning.xml
   id        : OpenCart Lightning
   version   : 3.37
   vqmver    : 
   author    : MaxD http://devs.mx

File Name    : system/library/cache.php(0)
VQModObject::applyMod - SEARCH NOT FOUND (SKIPPED): if (is_file(DIR_SYSTEM . 'library/journal3/vendor/SuperCache

----------------------------------------------------------------------


---------- Date: 2026-03-29 18:10:53 ~ IP : 185.179.188.62 ----------
REQUEST URI : /index.php?route=module/popupcart_extended
MOD DETAILS:
   modFile   : /home/canmotalka/web/can-motalka.ru/public_html/vqmod/xml/lightning.xml
   id        : OpenCart Lightning
   version   : 3.37
   vqmver    : 
   author    : MaxD http://devs.mx

File Name    : system/library/cache.php(0)
VQModObject::applyMod - SEARCH NOT FOUND (SKIPPED): if (is_file(DIR_SYSTEM . 'library/journal3/vendor/SuperCache

----------------------------------------------------------------------


---------- Date: 2026-03-29 18:11:42 ~ IP : 185.179.188.62 ----------
REQUEST URI : /namotchik-probega-dlya-uaz-patriot-konec-do-2016-zelenyy-displey/
MOD DETAILS:
   modFile   : /home/canmotalka/web/can-motalka.ru/public_html/vqmod/xml/lightning.xml
   id        : OpenCart Lightning
   version   : 3.37
   vqmver    : 
   author    : MaxD http://devs.mx

File Name    : system/library/cache.php(0)
VQModObject::applyMod - SEARCH NOT FOUND (SKIPPED): if (is_file(DIR_SYSTEM . 'library/journal3/vendor/SuperCache

----------------------------------------------------------------------


---------- Date: 2026-03-29 18:11:43 ~ IP : 185.179.188.62 ----------
REQUEST URI : /index.php?route=product/product/review&amp;product_id=262
MOD DETAILS:
   modFile   : /home/canmotalka/web/can-motalka.ru/public_html/vqmod/xml/lightning.xml
   id        : OpenCart Lightning
   version   : 3.37
   vqmver    : 
   author    : MaxD http://devs.mx

File Name    : system/library/cache.php(0)
VQModObject::applyMod - SEARCH NOT FOUND (SKIPPED): if (is_file(DIR_SYSTEM . 'library/journal3/vendor/SuperCache

----------------------------------------------------------------------


---------- Date: 2026-03-29 18:15:39 ~ IP : 185.179.188.62 ----------
REQUEST URI : /motalka_spidometra_re/
MOD DETAILS:
   modFile   : /home/canmotalka/web/can-motalka.ru/public_html/vqmod/xml/lightning.xml
   id        : OpenCart Lightning
   version   : 3.37
   vqmver    : 
   author    : MaxD http://devs.mx

File Name    : system/library/cache.php(0)
VQModObject::applyMod - SEARCH NOT FOUND (SKIPPED): if (is_file(DIR_SYSTEM . 'library/journal3/vendor/SuperCache

----------------------------------------------------------------------


---------- Date: 2026-03-29 18:15:40 ~ IP : 185.179.188.62 ----------
REQUEST URI : /index.php?route=module/popupcart_extended
MOD DETAILS:
   modFile   : /home/canmotalka/web/can-motalka.ru/public_html/vqmod/xml/lightning.xml
   id        : OpenCart Lightning
   version   : 3.37
   vqmver    : 
   author    : MaxD http://devs.mx

File Name    : system/library/cache.php(0)
VQModObject::applyMod - SEARCH NOT FOUND (SKIPPED): if (is_file(DIR_SYSTEM . 'library/journal3/vendor/SuperCache

----------------------------------------------------------------------


---------- Date: 2026-03-29 18:20:23 ~ IP : 185.179.188.62 ----------
REQUEST URI : /podmotka-spidometra-ford-mondeo-5/
MOD DETAILS:
   modFile   : /home/canmotalka/web/can-motalka.ru/public_html/vqmod/xml/lightning.xml
   id        : OpenCart Lightning
   version   : 3.37
   vqmver    : 
   author    : MaxD http://devs.mx

File Name    : system/library/cache.php(0)
VQModObject::applyMod - SEARCH NOT FOUND (SKIPPED): if (is_file(DIR_SYSTEM . 'library/journal3/vendor/SuperCache

----------------------------------------------------------------------


---------- Date: 2026-03-29 18:24:47 ~ IP : 185.179.188.62 ----------
REQUEST URI : /podmotka-spidometra-hyundai-ix35/
MOD DETAILS:
   modFile   : /home/canmotalka/web/can-motalka.ru/public_html/vqmod/xml/lightning.xml
   id        : OpenCart Lightning
   version   : 3.37
   vqmver    : 
   author    : MaxD http://devs.mx

File Name    : system/library/cache.php(0)
VQModObject::applyMod - SEARCH NOT FOUND (SKIPPED): if (is_file(DIR_SYSTEM . 'library/journal3/vendor/SuperCache

----------------------------------------------------------------------


---------- Date: 2026-03-29 18:29:36 ~ IP : 185.179.188.62 ----------
REQUEST URI : /podmotka-spidometra-largus/
MOD DETAILS:
   modFile   : /home/canmotalka/web/can-motalka.ru/public_html/vqmod/xml/lightning.xml
   id        : OpenCart Lightning
   version   : 3.37
   vqmver    : 
   author    : MaxD http://devs.mx

File Name    : system/library/cache.php(0)
VQModObject::applyMod - SEARCH NOT FOUND (SKIPPED): if (is_file(DIR_SYSTEM . 'library/journal3/vendor/SuperCache

----------------------------------------------------------------------


---------- Date: 2026-03-29 18:30:20 ~ IP : 185.179.188.62 ----------
REQUEST URI : /index.php?route=product/product/review&amp;product_id=258
MOD DETAILS:
   modFile   : /home/canmotalka/web/can-motalka.ru/public_html/vqmod/xml/lightning.xml
   id        : OpenCart Lightning
   version   : 3.37
   vqmver    : 
   author    : MaxD http://devs.mx

File Name    : system/library/cache.php(0)
VQModObject::applyMod - SEARCH NOT FOUND (SKIPPED): if (is_file(DIR_SYSTEM . 'library/journal3/vendor/SuperCache

----------------------------------------------------------------------


---------- Date: 2026-03-29 18:30:21 ~ IP : 185.179.188.62 ----------
REQUEST URI : /index.php?route=module/popupcart_extended
MOD DETAILS:
   modFile   : /home/canmotalka/web/can-motalka.ru/public_html/vqmod/xml/lightning.xml
   id        : OpenCart Lightning
   version   : 3.37
   vqmver    : 
   author    : MaxD http://devs.mx

File Name    : system/library/cache.php(0)
VQModObject::applyMod - SEARCH NOT FOUND (SKIPPED): if (is_file(DIR_SYSTEM . 'library/journal3/vendor/SuperCache

----------------------------------------------------------------------


---------- Date: 2026-03-29 18:32:59 ~ IP : 185.179.188.62 ----------
REQUEST URI : /setting_php/pomojem-lechitsya/135-kupit-stendru-noviy-orlean/
MOD DETAILS:
   modFile   : /home/canmotalka/web/can-motalka.ru/public_html/vqmod/xml/lightning.xml
   id        : OpenCart Lightning
   version   : 3.37
   vqmver    : 
   author    : MaxD http://devs.mx

File Name    : system/library/cache.php(0)
VQModObject::applyMod - SEARCH NOT FOUND (SKIPPED): if (is_file(DIR_SYSTEM . 'library/journal3/vendor/SuperCache

----------------------------------------------------------------------


---------- Date: 2026-03-29 18:34:25 ~ IP : 185.179.188.62 ----------
REQUEST URI : /setting_php/kamagra-gold/525-tadasip-v-apteke-grozniy
MOD DETAILS:
   modFile   : /home/canmotalka/web/can-motalka.ru/public_html/vqmod/xml/lightning.xml
   id        : OpenCart Lightning
   version   : 3.37
   vqmver    : 
   author    : MaxD http://devs.mx

File Name    : system/library/cache.php(0)
VQModObject::applyMod - SEARCH NOT FOUND (SKIPPED): if (is_file(DIR_SYSTEM . 'library/journal3/vendor/SuperCache

----------------------------------------------------------------------


---------- Date: 2026-03-29 18:38:37 ~ IP : 185.179.188.62 ----------
REQUEST URI : /namotchik-probega-dlya-uaz-patriot-konec-do-2016-zelenyy-displey/
MOD DETAILS:
   modFile   : /home/canmotalka/web/can-motalka.ru/public_html/vqmod/xml/lightning.xml
   id        : OpenCart Lightning
   version   : 3.37
   vqmver    : 
   author    : MaxD http://devs.mx

File Name    : system/library/cache.php(0)
VQModObject::applyMod - SEARCH NOT FOUND (SKIPPED): if (is_file(DIR_SYSTEM . 'library/journal3/vendor/SuperCache

----------------------------------------------------------------------


---------- Date: 2026-03-29 18:39:59 ~ IP : 185.179.188.62 ----------
REQUEST URI : /podmotka-spidometra-jac-t6/
MOD DETAILS:
   modFile   : /home/canmotalka/web/can-motalka.ru/public_html/vqmod/xml/lightning.xml
   id        : OpenCart Lightning
   version   : 3.37
   vqmver    : 
   author    : MaxD http://devs.mx

File Name    : system/library/cache.php(0)
VQModObject::applyMod - SEARCH NOT FOUND (SKIPPED): if (is_file(DIR_SYSTEM . 'library/journal3/vendor/SuperCache

----------------------------------------------------------------------


---------- Date: 2026-03-29 18:44:26 ~ IP : 185.179.188.62 ----------
REQUEST URI : /podmotka-spidometra-haval-f7/
MOD DETAILS:
   modFile   : /home/canmotalka/web/can-motalka.ru/public_html/vqmod/xml/lightning.xml
   id        : OpenCart Lightning
   version   : 3.37
   vqmver    : 
   author    : MaxD http://devs.mx

File Name    : system/library/cache.php(0)
VQModObject::applyMod - SEARCH NOT FOUND (SKIPPED): if (is_file(DIR_SYSTEM . 'library/journal3/vendor/SuperCache

----------------------------------------------------------------------


---------- Date: 2026-03-29 18:45:04 ~ IP : 185.179.188.62 ----------
REQUEST URI : /namotchik-probega-dlya-bmw-x3/
MOD DETAILS:
   modFile   : /home/canmotalka/web/can-motalka.ru/public_html/vqmod/xml/lightning.xml
   id        : OpenCart Lightning
   version   : 3.37
   vqmver    : 
   author    : MaxD http://devs.mx

File Name    : system/library/cache.php(0)
VQModObject::applyMod - SEARCH NOT FOUND (SKIPPED): if (is_file(DIR_SYSTEM . 'library/journal3/vendor/SuperCache

----------------------------------------------------------------------


---------- Date: 2026-03-29 18:46:45 ~ IP : 185.179.188.62 ----------
REQUEST URI : /motalka_spidometra_re/?ysclid=mnbxmf6p8l560454761
MOD DETAILS:
   modFile   : /home/canmotalka/web/can-motalka.ru/public_html/vqmod/xml/lightning.xml
   id        : OpenCart Lightning
   version   : 3.37
   vqmver    : 
   author    : MaxD http://devs.mx

File Name    : system/library/cache.php(0)
VQModObject::applyMod - SEARCH NOT FOUND (SKIPPED): if (is_file(DIR_SYSTEM . 'library/journal3/vendor/SuperCache

----------------------------------------------------------------------


---------- Date: 2026-03-29 18:46:46 ~ IP : 185.179.188.62 ----------
REQUEST URI : /motalka_spidometra_re/
MOD DETAILS:
   modFile   : /home/canmotalka/web/can-motalka.ru/public_html/vqmod/xml/lightning.xml
   id        : OpenCart Lightning
   version   : 3.37
   vqmver    : 
   author    : MaxD http://devs.mx

File Name    : system/library/cache.php(0)
VQModObject::applyMod - SEARCH NOT FOUND (SKIPPED): if (is_file(DIR_SYSTEM . 'library/journal3/vendor/SuperCache

----------------------------------------------------------------------


---------- Date: 2026-03-29 18:48:22 ~ IP : 185.179.188.62 ----------
REQUEST URI : /podmotka-spidometra-gazel-v-prikurivatel/
MOD DETAILS:
   modFile   : /home/canmotalka/web/can-motalka.ru/public_html/vqmod/xml/lightning.xml
   id        : OpenCart Lightning
   version   : 3.37
   vqmver    : 
   author    : MaxD http://devs.mx

File Name    : system/library/cache.php(0)
VQModObject::applyMod - SEARCH NOT FOUND (SKIPPED): if (is_file(DIR_SYSTEM . 'library/journal3/vendor/SuperCache

----------------------------------------------------------------------


---------- Date: 2026-03-29 18:49:02 ~ IP : 185.179.188.62 ----------
REQUEST URI : /podmotka-spidometra-ssang-young-action/
MOD DETAILS:
   modFile   : /home/canmotalka/web/can-motalka.ru/public_html/vqmod/xml/lightning.xml
   id        : OpenCart Lightning
   version   : 3.37
   vqmver    : 
   author    : MaxD http://devs.mx

File Name    : system/library/cache.php(0)
VQModObject::applyMod - SEARCH NOT FOUND (SKIPPED): if (is_file(DIR_SYSTEM . 'library/journal3/vendor/SuperCache

----------------------------------------------------------------------


---------- Date: 2026-03-29 18:50:36 ~ IP : 185.179.188.62 ----------
REQUEST URI : /podmotka-krutilka-spidometra-gazel-biznes-benzin-evotec-ili-cummins/
MOD DETAILS:
   modFile   : /home/canmotalka/web/can-motalka.ru/public_html/vqmod/xml/lightning.xml
   id        : OpenCart Lightning
   version   : 3.37
   vqmver    : 
   author    : MaxD http://devs.mx

File Name    : system/library/cache.php(0)
VQModObject::applyMod - SEARCH NOT FOUND (SKIPPED): if (is_file(DIR_SYSTEM . 'library/journal3/vendor/SuperCache

----------------------------------------------------------------------


---------- Date: 2026-03-29 18:53:08 ~ IP : 185.179.188.62 ----------
REQUEST URI : /podmotka-spidometra-peugeot-boxer/
MOD DETAILS:
   modFile   : /home/canmotalka/web/can-motalka.ru/public_html/vqmod/xml/lightning.xml
   id        : OpenCart Lightning
   version   : 3.37
   vqmver    : 
   author    : MaxD http://devs.mx

File Name    : system/library/cache.php(0)
VQModObject::applyMod - SEARCH NOT FOUND (SKIPPED): if (is_file(DIR_SYSTEM . 'library/journal3/vendor/SuperCache

----------------------------------------------------------------------


---------- Date: 2026-03-29 18:54:47 ~ IP : 185.179.188.62 ----------
REQUEST URI : /sitemap.xml
MOD DETAILS:
   modFile   : /home/canmotalka/web/can-motalka.ru/public_html/vqmod/xml/lightning.xml
   id        : OpenCart Lightning
   version   : 3.37
   vqmver    : 
   author    : MaxD http://devs.mx

File Name    : system/library/cache.php(0)
VQModObject::applyMod - SEARCH NOT FOUND (SKIPPED): if (is_file(DIR_SYSTEM . 'library/journal3/vendor/SuperCache

----------------------------------------------------------------------


---------- Date: 2026-03-29 18:54:49 ~ IP : 185.179.188.62 ----------
REQUEST URI : /podmotka-spidometra-ssang-young-kyron/
MOD DETAILS:
   modFile   : /home/canmotalka/web/can-motalka.ru/public_html/vqmod/xml/lightning.xml
   id        : OpenCart Lightning
   version   : 3.37
   vqmver    : 
   author    : MaxD http://devs.mx

File Name    : system/library/cache.php(0)
VQModObject::applyMod - SEARCH NOT FOUND (SKIPPED): if (is_file(DIR_SYSTEM . 'library/journal3/vendor/SuperCache

----------------------------------------------------------------------


---------- Date: 2026-03-29 18:56:26 ~ IP : 185.179.188.62 ----------
REQUEST URI : /podmotka-spidometra-uaz-patriot/
MOD DETAILS:
   modFile   : /home/canmotalka/web/can-motalka.ru/public_html/vqmod/xml/lightning.xml
   id        : OpenCart Lightning
   version   : 3.37
   vqmver    : 
   author    : MaxD http://devs.mx

File Name    : system/library/cache.php(0)
VQModObject::applyMod - SEARCH NOT FOUND (SKIPPED): if (is_file(DIR_SYSTEM . 'library/journal3/vendor/SuperCache

----------------------------------------------------------------------


---------- Date: 2026-03-29 18:57:26 ~ IP : 185.179.188.62 ----------
REQUEST URI : /podmotka-spidometra-mitsubishi-outlander/
MOD DETAILS:
   modFile   : /home/canmotalka/web/can-motalka.ru/public_html/vqmod/xml/lightning.xml
   id        : OpenCart Lightning
   version   : 3.37
   vqmver    : 
   author    : MaxD http://devs.mx

File Name    : system/library/cache.php(0)
VQModObject::applyMod - SEARCH NOT FOUND (SKIPPED): if (is_file(DIR_SYSTEM . 'library/journal3/vendor/SuperCache

----------------------------------------------------------------------


---------- Date: 2026-03-29 19:08:18 ~ IP : 185.179.188.62 ----------
REQUEST URI : /podmotka-spidometra-henday-solyaris/
MOD DETAILS:
   modFile   : /home/canmotalka/web/can-motalka.ru/public_html/vqmod/xml/lightning.xml
   id        : OpenCart Lightning
   version   : 3.37
   vqmver    : 
   author    : MaxD http://devs.mx

File Name    : system/library/cache.php(0)
VQModObject::applyMod - SEARCH NOT FOUND (SKIPPED): if (is_file(DIR_SYSTEM . 'library/journal3/vendor/SuperCache

----------------------------------------------------------------------


---------- Date: 2026-03-29 19:09:56 ~ IP : 185.179.188.62 ----------
REQUEST URI : /kak-rabotaet-podmotka-spidometra/
MOD DETAILS:
   modFile   : /home/canmotalka/web/can-motalka.ru/public_html/vqmod/xml/lightning.xml
   id        : OpenCart Lightning
   version   : 3.37
   vqmver    : 
   author    : MaxD http://devs.mx

File Name    : system/library/cache.php(0)
VQModObject::applyMod - SEARCH NOT FOUND (SKIPPED): if (is_file(DIR_SYSTEM . 'library/journal3/vendor/SuperCache

----------------------------------------------------------------------


---------- Date: 2026-03-29 19:10:29 ~ IP : 185.179.188.62 ----------
REQUEST URI : /podmotka-spidometra-peugeot-boxer/
MOD DETAILS:
   modFile   : /home/canmotalka/web/can-motalka.ru/public_html/vqmod/xml/lightning.xml
   id        : OpenCart Lightning
   version   : 3.37
   vqmver    : 
   author    : MaxD http://devs.mx

File Name    : system/library/cache.php(0)
VQModObject::applyMod - SEARCH NOT FOUND (SKIPPED): if (is_file(DIR_SYSTEM . 'library/journal3/vendor/SuperCache

----------------------------------------------------------------------


---------- Date: 2026-03-29 19:12:18 ~ IP : 185.179.188.62 ----------
REQUEST URI : /instrukciya-podmotka-kamaz/?ysclid=mnbyj94g3p567143544
MOD DETAILS:
   modFile   : /home/canmotalka/web/can-motalka.ru/public_html/vqmod/xml/lightning.xml
   id        : OpenCart Lightning
   version   : 3.37
   vqmver    : 
   author    : MaxD http://devs.mx

File Name    : system/library/cache.php(0)
VQModObject::applyMod - SEARCH NOT FOUND (SKIPPED): if (is_file(DIR_SYSTEM . 'library/journal3/vendor/SuperCache

----------------------------------------------------------------------


---------- Date: 2026-03-29 19:12:19 ~ IP : 185.179.188.62 ----------
REQUEST URI : /instrukciya-podmotka-kamaz/
MOD DETAILS:
   modFile   : /home/canmotalka/web/can-motalka.ru/public_html/vqmod/xml/lightning.xml
   id        : OpenCart Lightning
   version   : 3.37
   vqmver    : 
   author    : MaxD http://devs.mx

File Name    : system/library/cache.php(0)
VQModObject::applyMod - SEARCH NOT FOUND (SKIPPED): if (is_file(DIR_SYSTEM . 'library/journal3/vendor/SuperCache

----------------------------------------------------------------------


---------- Date: 2026-03-29 19:12:20 ~ IP : 185.179.188.62 ----------
REQUEST URI : /index.php?route=module/popupcart_extended
MOD DETAILS:
   modFile   : /home/canmotalka/web/can-motalka.ru/public_html/vqmod/xml/lightning.xml
   id        : OpenCart Lightning
   version   : 3.37
   vqmver    : 
   author    : MaxD http://devs.mx

File Name    : system/library/cache.php(0)
VQModObject::applyMod - SEARCH NOT FOUND (SKIPPED): if (is_file(DIR_SYSTEM . 'library/journal3/vendor/SuperCache

----------------------------------------------------------------------


---------- Date: 2026-03-29 19:13:50 ~ IP : 185.179.188.62 ----------
REQUEST URI : /namotchik-probega-dlya-bmw-x3/
MOD DETAILS:
   modFile   : /home/canmotalka/web/can-motalka.ru/public_html/vqmod/xml/lightning.xml
   id        : OpenCart Lightning
   version   : 3.37
   vqmver    : 
   author    : MaxD http://devs.mx

File Name    : system/library/cache.php(0)
VQModObject::applyMod - SEARCH NOT FOUND (SKIPPED): if (is_file(DIR_SYSTEM . 'library/journal3/vendor/SuperCache

----------------------------------------------------------------------


---------- Date: 2026-03-29 19:14:30 ~ IP : 185.179.188.62 ----------
REQUEST URI : /podmotka-spidometra-volkswagen-transporter-t5/
MOD DETAILS:
   modFile   : /home/canmotalka/web/can-motalka.ru/public_html/vqmod/xml/lightning.xml
   id        : OpenCart Lightning
   version   : 3.37
   vqmver    : 
   author    : MaxD http://devs.mx

File Name    : system/library/cache.php(0)
VQModObject::applyMod - SEARCH NOT FOUND (SKIPPED): if (is_file(DIR_SYSTEM . 'library/journal3/vendor/SuperCache

----------------------------------------------------------------------


---------- Date: 2026-03-29 19:21:00 ~ IP : 185.179.188.62 ----------
REQUEST URI : /podmotka-spidometra-na-shkoda-oktaviya/
MOD DETAILS:
   modFile   : /home/canmotalka/web/can-motalka.ru/public_html/vqmod/xml/lightning.xml
   id        : OpenCart Lightning
   version   : 3.37
   vqmver    : 
   author    : MaxD http://devs.mx

File Name    : system/library/cache.php(0)
VQModObject::applyMod - SEARCH NOT FOUND (SKIPPED): if (is_file(DIR_SYSTEM . 'library/journal3/vendor/SuperCache

----------------------------------------------------------------------


---------- Date: 2026-03-29 19:26:56 ~ IP : 185.179.188.62 ----------
REQUEST URI : /.well-known/traffic-advice
MOD DETAILS:
   modFile   : /home/canmotalka/web/can-motalka.ru/public_html/vqmod/xml/lightning.xml
   id        : OpenCart Lightning
   version   : 3.37
   vqmver    : 
   author    : MaxD http://devs.mx

File Name    : system/library/cache.php(0)
VQModObject::applyMod - SEARCH NOT FOUND (SKIPPED): if (is_file(DIR_SYSTEM . 'library/journal3/vendor/SuperCache

----------------------------------------------------------------------


---------- Date: 2026-03-29 19:26:57 ~ IP : 185.179.188.62 ----------
REQUEST URI : /podmotka_spidometra/
MOD DETAILS:
   modFile   : /home/canmotalka/web/can-motalka.ru/public_html/vqmod/xml/lightning.xml
   id        : OpenCart Lightning
   version   : 3.37
   vqmver    : 
   author    : MaxD http://devs.mx

File Name    : system/library/cache.php(0)
VQModObject::applyMod - SEARCH NOT FOUND (SKIPPED): if (is_file(DIR_SYSTEM . 'library/journal3/vendor/SuperCache

----------------------------------------------------------------------


---------- Date: 2026-03-29 19:27:28 ~ IP : 185.179.188.62 ----------
REQUEST URI : /index.php?route=module/popupcart_extended
MOD DETAILS:
   modFile   : /home/canmotalka/web/can-motalka.ru/public_html/vqmod/xml/lightning.xml
   id        : OpenCart Lightning
   version   : 3.37
   vqmver    : 
   author    : MaxD http://devs.mx

File Name    : system/library/cache.php(0)
VQModObject::applyMod - SEARCH NOT FOUND (SKIPPED): if (is_file(DIR_SYSTEM . 'library/journal3/vendor/SuperCache

----------------------------------------------------------------------


---------- Date: 2026-03-29 19:28:10 ~ IP : 185.179.188.62 ----------
REQUEST URI : /chevrolet_niva_manual
MOD DETAILS:
   modFile   : /home/canmotalka/web/can-motalka.ru/public_html/vqmod/xml/lightning.xml
   id        : OpenCart Lightning
   version   : 3.37
   vqmver    : 
   author    : MaxD http://devs.mx

File Name    : system/library/cache.php(0)
VQModObject::applyMod - SEARCH NOT FOUND (SKIPPED): if (is_file(DIR_SYSTEM . 'library/journal3/vendor/SuperCache

----------------------------------------------------------------------


---------- Date: 2026-03-29 19:29:06 ~ IP : 185.179.188.62 ----------
REQUEST URI : /patriot_re/?ysclid=mnbz4w03nk599390979
MOD DETAILS:
   modFile   : /home/canmotalka/web/can-motalka.ru/public_html/vqmod/xml/lightning.xml
   id        : OpenCart Lightning
   version   : 3.37
   vqmver    : 
   author    : MaxD http://devs.mx

File Name    : system/library/cache.php(0)
VQModObject::applyMod - SEARCH NOT FOUND (SKIPPED): if (is_file(DIR_SYSTEM . 'library/journal3/vendor/SuperCache

----------------------------------------------------------------------


---------- Date: 2026-03-29 19:29:07 ~ IP : 185.179.188.62 ----------
REQUEST URI : /patriot_re/
MOD DETAILS:
   modFile   : /home/canmotalka/web/can-motalka.ru/public_html/vqmod/xml/lightning.xml
   id        : OpenCart Lightning
   version   : 3.37
   vqmver    : 
   author    : MaxD http://devs.mx

File Name    : system/library/cache.php(0)
VQModObject::applyMod - SEARCH NOT FOUND (SKIPPED): if (is_file(DIR_SYSTEM . 'library/journal3/vendor/SuperCache

----------------------------------------------------------------------


---------- Date: 2026-03-29 19:29:09 ~ IP : 185.179.188.62 ----------
REQUEST URI : /index.php?route=module/popupcart_extended
MOD DETAILS:
   modFile   : /home/canmotalka/web/can-motalka.ru/public_html/vqmod/xml/lightning.xml
   id        : OpenCart Lightning
   version   : 3.37
   vqmver    : 
   author    : MaxD http://devs.mx

File Name    : system/library/cache.php(0)
VQModObject::applyMod - SEARCH NOT FOUND (SKIPPED): if (is_file(DIR_SYSTEM . 'library/journal3/vendor/SuperCache

----------------------------------------------------------------------


---------- Date: 2026-03-29 19:30:41 ~ IP : 185.179.188.62 ----------
REQUEST URI : /otzyvy/?page=3
MOD DETAILS:
   modFile   : /home/canmotalka/web/can-motalka.ru/public_html/vqmod/xml/lightning.xml
   id        : OpenCart Lightning
   version   : 3.37
   vqmver    : 
   author    : MaxD http://devs.mx

File Name    : system/library/cache.php(0)
VQModObject::applyMod - SEARCH NOT FOUND (SKIPPED): if (is_file(DIR_SYSTEM . 'library/journal3/vendor/SuperCache

----------------------------------------------------------------------


---------- Date: 2026-03-29 19:31:15 ~ IP : 185.179.188.62 ----------
REQUEST URI : /podmotka_uaz_re/
MOD DETAILS:
   modFile   : /home/canmotalka/web/can-motalka.ru/public_html/vqmod/xml/lightning.xml
   id        : OpenCart Lightning
   version   : 3.37
   vqmver    : 
   author    : MaxD http://devs.mx

File Name    : system/library/cache.php(0)
VQModObject::applyMod - SEARCH NOT FOUND (SKIPPED): if (is_file(DIR_SYSTEM . 'library/journal3/vendor/SuperCache

----------------------------------------------------------------------


---------- Date: 2026-03-29 19:31:18 ~ IP : 185.179.188.62 ----------
REQUEST URI : /index.php?route=module/popupcart_extended
MOD DETAILS:
   modFile   : /home/canmotalka/web/can-motalka.ru/public_html/vqmod/xml/lightning.xml
   id        : OpenCart Lightning
   version   : 3.37
   vqmver    : 
   author    : MaxD http://devs.mx

File Name    : system/library/cache.php(0)
VQModObject::applyMod - SEARCH NOT FOUND (SKIPPED): if (is_file(DIR_SYSTEM . 'library/journal3/vendor/SuperCache

----------------------------------------------------------------------


---------- Date: 2026-03-29 19:42:28 ~ IP : 185.179.188.62 ----------
REQUEST URI : /podmotka_spidometra/
MOD DETAILS:
   modFile   : /home/canmotalka/web/can-motalka.ru/public_html/vqmod/xml/lightning.xml
   id        : OpenCart Lightning
   version   : 3.37
   vqmver    : 
   author    : MaxD http://devs.mx

File Name    : system/library/cache.php(0)
VQModObject::applyMod - SEARCH NOT FOUND (SKIPPED): if (is_file(DIR_SYSTEM . 'library/journal3/vendor/SuperCache

----------------------------------------------------------------------


---------- Date: 2026-03-29 19:42:30 ~ IP : 185.179.188.62 ----------
REQUEST URI : /index.php?route=module/popupcart_extended
MOD DETAILS:
   modFile   : /home/canmotalka/web/can-motalka.ru/public_html/vqmod/xml/lightning.xml
   id        : OpenCart Lightning
   version   : 3.37
   vqmver    : 
   author    : MaxD http://devs.mx

File Name    : system/library/cache.php(0)
VQModObject::applyMod - SEARCH NOT FOUND (SKIPPED): if (is_file(DIR_SYSTEM . 'library/journal3/vendor/SuperCache

----------------------------------------------------------------------


---------- Date: 2026-03-29 19:48:49 ~ IP : 185.179.188.62 ----------
REQUEST URI : /kak-rabotaet-podmotka-spidometra/
MOD DETAILS:
   modFile   : /home/canmotalka/web/can-motalka.ru/public_html/vqmod/xml/lightning.xml
   id        : OpenCart Lightning
   version   : 3.37
   vqmver    : 
   author    : MaxD http://devs.mx

File Name    : system/library/cache.php(0)
VQModObject::applyMod - SEARCH NOT FOUND (SKIPPED): if (is_file(DIR_SYSTEM . 'library/journal3/vendor/SuperCache

----------------------------------------------------------------------


---------- Date: 2026-03-29 19:48:50 ~ IP : 185.179.188.62 ----------
REQUEST URI : /index.php?route=module/popupcart_extended
MOD DETAILS:
   modFile   : /home/canmotalka/web/can-motalka.ru/public_html/vqmod/xml/lightning.xml
   id        : OpenCart Lightning
   version   : 3.37
   vqmver    : 
   author    : MaxD http://devs.mx

File Name    : system/library/cache.php(0)
VQModObject::applyMod - SEARCH NOT FOUND (SKIPPED): if (is_file(DIR_SYSTEM . 'library/journal3/vendor/SuperCache

----------------------------------------------------------------------


---------- Date: 2026-03-29 19:54:43 ~ IP : 185.179.188.62 ----------
REQUEST URI : /podmotka-spidometra-kia-rio/
MOD DETAILS:
   modFile   : /home/canmotalka/web/can-motalka.ru/public_html/vqmod/xml/lightning.xml
   id        : OpenCart Lightning
   version   : 3.37
   vqmver    : 
   author    : MaxD http://devs.mx

File Name    : system/library/cache.php(0)
VQModObject::applyMod - SEARCH NOT FOUND (SKIPPED): if (is_file(DIR_SYSTEM . 'library/journal3/vendor/SuperCache

----------------------------------------------------------------------


---------- Date: 2026-03-29 19:54:51 ~ IP : 185.179.188.62 ----------
REQUEST URI : /podmotka-spidometra-henday-sonata-8/
MOD DETAILS:
   modFile   : /home/canmotalka/web/can-motalka.ru/public_html/vqmod/xml/lightning.xml
   id        : OpenCart Lightning
   version   : 3.37
   vqmver    : 
   author    : MaxD http://devs.mx

File Name    : system/library/cache.php(0)
VQModObject::applyMod - SEARCH NOT FOUND (SKIPPED): if (is_file(DIR_SYSTEM . 'library/journal3/vendor/SuperCache

----------------------------------------------------------------------


---------- Date: 2026-03-29 19:54:52 ~ IP : 185.179.188.62 ----------
REQUEST URI : /otzyvy/
MOD DETAILS:
   modFile   : /home/canmotalka/web/can-motalka.ru/public_html/vqmod/xml/lightning.xml
   id        : OpenCart Lightning
   version   : 3.37
   vqmver    : 
   author    : MaxD http://devs.mx

File Name    : system/library/cache.php(0)
VQModObject::applyMod - SEARCH NOT FOUND (SKIPPED): if (is_file(DIR_SYSTEM . 'library/journal3/vendor/SuperCache

----------------------------------------------------------------------


---------- Date: 2026-03-29 19:59:50 ~ IP : 185.179.188.62 ----------
REQUEST URI : /patriot_re/?ysclid=mnc07ylpuq860311460
MOD DETAILS:
   modFile   : /home/canmotalka/web/can-motalka.ru/public_html/vqmod/xml/lightning.xml
   id        : OpenCart Lightning
   version   : 3.37
   vqmver    : 
   author    : MaxD http://devs.mx

File Name    : system/library/cache.php(0)
VQModObject::applyMod - SEARCH NOT FOUND (SKIPPED): if (is_file(DIR_SYSTEM . 'library/journal3/vendor/SuperCache

----------------------------------------------------------------------


---------- Date: 2026-03-29 19:59:53 ~ IP : 185.179.188.62 ----------
REQUEST URI : /patriot_re/
MOD DETAILS:
   modFile   : /home/canmotalka/web/can-motalka.ru/public_html/vqmod/xml/lightning.xml
   id        : OpenCart Lightning
   version   : 3.37
   vqmver    : 
   author    : MaxD http://devs.mx

File Name    : system/library/cache.php(0)
VQModObject::applyMod - SEARCH NOT FOUND (SKIPPED): if (is_file(DIR_SYSTEM . 'library/journal3/vendor/SuperCache

----------------------------------------------------------------------


---------- Date: 2026-03-29 20:00:02 ~ IP : 185.179.188.62 ----------
REQUEST URI : /index.php?route=module/popupcart_extended
MOD DETAILS:
   modFile   : /home/canmotalka/web/can-motalka.ru/public_html/vqmod/xml/lightning.xml
   id        : OpenCart Lightning
   version   : 3.37
   vqmver    : 
   author    : MaxD http://devs.mx

File Name    : system/library/cache.php(0)
VQModObject::applyMod - SEARCH NOT FOUND (SKIPPED): if (is_file(DIR_SYSTEM . 'library/journal3/vendor/SuperCache

----------------------------------------------------------------------


---------- Date: 2026-03-29 20:00:11 ~ IP : 185.179.188.62 ----------
REQUEST URI : /podmotka-spidometra-renault-dokker/
MOD DETAILS:
   modFile   : /home/canmotalka/web/can-motalka.ru/public_html/vqmod/xml/lightning.xml
   id        : OpenCart Lightning
   version   : 3.37
   vqmver    : 
   author    : MaxD http://devs.mx

File Name    : system/library/cache.php(0)
VQModObject::applyMod - SEARCH NOT FOUND (SKIPPED): if (is_file(DIR_SYSTEM . 'library/journal3/vendor/SuperCache

----------------------------------------------------------------------


---------- Date: 2026-03-29 20:06:59 ~ IP : 185.179.188.62 ----------
REQUEST URI : /sitemap.xml
MOD DETAILS:
   modFile   : /home/canmotalka/web/can-motalka.ru/public_html/vqmod/xml/lightning.xml
   id        : OpenCart Lightning
   version   : 3.37
   vqmver    : 
   author    : MaxD http://devs.mx

File Name    : system/library/cache.php(0)
VQModObject::applyMod - SEARCH NOT FOUND (SKIPPED): if (is_file(DIR_SYSTEM . 'library/journal3/vendor/SuperCache

----------------------------------------------------------------------


---------- Date: 2026-03-29 20:07:00 ~ IP : 185.179.188.62 ----------
REQUEST URI : /index.php?route=feed/google_sitemap_fast
MOD DETAILS:
   modFile   : /home/canmotalka/web/can-motalka.ru/public_html/vqmod/xml/lightning.xml
   id        : OpenCart Lightning
   version   : 3.37
   vqmver    : 
   author    : MaxD http://devs.mx

File Name    : system/library/cache.php(0)
VQModObject::applyMod - SEARCH NOT FOUND (SKIPPED): if (is_file(DIR_SYSTEM . 'library/journal3/vendor/SuperCache

----------------------------------------------------------------------


---------- Date: 2026-03-29 20:07:06 ~ IP : 185.179.188.62 ----------
REQUEST URI : /podmotka-spidometra-hyundai-ix35/
MOD DETAILS:
   modFile   : /home/canmotalka/web/can-motalka.ru/public_html/vqmod/xml/lightning.xml
   id        : OpenCart Lightning
   version   : 3.37
   vqmver    : 
   author    : MaxD http://devs.mx

File Name    : system/library/cache.php(0)
VQModObject::applyMod - SEARCH NOT FOUND (SKIPPED): if (is_file(DIR_SYSTEM . 'library/journal3/vendor/SuperCache

----------------------------------------------------------------------


---------- Date: 2026-03-29 20:09:42 ~ IP : 185.179.188.62 ----------
REQUEST URI : /sitemap.xml
MOD DETAILS:
   modFile   : /home/canmotalka/web/can-motalka.ru/public_html/vqmod/xml/lightning.xml
   id        : OpenCart Lightning
   version   : 3.37
   vqmver    : 
   author    : MaxD http://devs.mx

File Name    : system/library/cache.php(0)
VQModObject::applyMod - SEARCH NOT FOUND (SKIPPED): if (is_file(DIR_SYSTEM . 'library/journal3/vendor/SuperCache

----------------------------------------------------------------------


---------- Date: 2026-03-29 20:13:16 ~ IP : 185.179.188.62 ----------
REQUEST URI : /instrukciya-podmotka-kamaz/?ysclid=mnc0p71btd676303250
MOD DETAILS:
   modFile   : /home/canmotalka/web/can-motalka.ru/public_html/vqmod/xml/lightning.xml
   id        : OpenCart Lightning
   version   : 3.37
   vqmver    : 
   author    : MaxD http://devs.mx

File Name    : system/library/cache.php(0)
VQModObject::applyMod - SEARCH NOT FOUND (SKIPPED): if (is_file(DIR_SYSTEM . 'library/journal3/vendor/SuperCache

----------------------------------------------------------------------


---------- Date: 2026-03-29 20:13:38 ~ IP : 185.179.188.62 ----------
REQUEST URI : /index.php?route=common/footer/click_counter
MOD DETAILS:
   modFile   : /home/canmotalka/web/can-motalka.ru/public_html/vqmod/xml/lightning.xml
   id        : OpenCart Lightning
   version   : 3.37
   vqmver    : 
   author    : MaxD http://devs.mx

File Name    : system/library/cache.php(0)
VQModObject::applyMod - SEARCH NOT FOUND (SKIPPED): if (is_file(DIR_SYSTEM . 'library/journal3/vendor/SuperCache

----------------------------------------------------------------------


---------- Date: 2026-03-29 20:17:08 ~ IP : 185.179.188.62 ----------
REQUEST URI : /setting_php/vardenafil/584-vardenafil-20-dostavka-stupino/
MOD DETAILS:
   modFile   : /home/canmotalka/web/can-motalka.ru/public_html/vqmod/xml/lightning.xml
   id        : OpenCart Lightning
   version   : 3.37
   vqmver    : 
   author    : MaxD http://devs.mx

File Name    : system/library/cache.php(0)
VQModObject::applyMod - SEARCH NOT FOUND (SKIPPED): if (is_file(DIR_SYSTEM . 'library/journal3/vendor/SuperCache

----------------------------------------------------------------------


---------- Date: 2026-03-29 20:27:57 ~ IP : 185.179.188.62 ----------
REQUEST URI : /podmotka_uaz_re/?ysclid=mnc18kdvh7872357161
MOD DETAILS:
   modFile   : /home/canmotalka/web/can-motalka.ru/public_html/vqmod/xml/lightning.xml
   id        : OpenCart Lightning
   version   : 3.37
   vqmver    : 
   author    : MaxD http://devs.mx

File Name    : system/library/cache.php(0)
VQModObject::applyMod - SEARCH NOT FOUND (SKIPPED): if (is_file(DIR_SYSTEM . 'library/journal3/vendor/SuperCache

----------------------------------------------------------------------


---------- Date: 2026-03-29 20:27:58 ~ IP : 185.179.188.62 ----------
REQUEST URI : /podmotka_uaz_re/
MOD DETAILS:
   modFile   : /home/canmotalka/web/can-motalka.ru/public_html/vqmod/xml/lightning.xml
   id        : OpenCart Lightning
   version   : 3.37
   vqmver    : 
   author    : MaxD http://devs.mx

File Name    : system/library/cache.php(0)
VQModObject::applyMod - SEARCH NOT FOUND (SKIPPED): if (is_file(DIR_SYSTEM . 'library/journal3/vendor/SuperCache

----------------------------------------------------------------------


---------- Date: 2026-03-29 20:27:59 ~ IP : 185.179.188.62 ----------
REQUEST URI : /index.php?route=module/popupcart_extended
MOD DETAILS:
   modFile   : /home/canmotalka/web/can-motalka.ru/public_html/vqmod/xml/lightning.xml
   id        : OpenCart Lightning
   version   : 3.37
   vqmver    : 
   author    : MaxD http://devs.mx

File Name    : system/library/cache.php(0)
VQModObject::applyMod - SEARCH NOT FOUND (SKIPPED): if (is_file(DIR_SYSTEM . 'library/journal3/vendor/SuperCache

----------------------------------------------------------------------


---------- Date: 2026-03-29 20:30:19 ~ IP : 185.179.188.62 ----------
REQUEST URI : /setting_php/dapoksetin/617-djenerik-viagra-soft-gomel/
MOD DETAILS:
   modFile   : /home/canmotalka/web/can-motalka.ru/public_html/vqmod/xml/lightning.xml
   id        : OpenCart Lightning
   version   : 3.37
   vqmver    : 
   author    : MaxD http://devs.mx

File Name    : system/library/cache.php(0)
VQModObject::applyMod - SEARCH NOT FOUND (SKIPPED): if (is_file(DIR_SYSTEM . 'library/journal3/vendor/SuperCache

----------------------------------------------------------------------


---------- Date: 2026-03-29 20:30:21 ~ IP : 185.179.188.62 ----------
REQUEST URI : /index.php?route=module/popupcart_extended
MOD DETAILS:
   modFile   : /home/canmotalka/web/can-motalka.ru/public_html/vqmod/xml/lightning.xml
   id        : OpenCart Lightning
   version   : 3.37
   vqmver    : 
   author    : MaxD http://devs.mx

File Name    : system/library/cache.php(0)
VQModObject::applyMod - SEARCH NOT FOUND (SKIPPED): if (is_file(DIR_SYSTEM . 'library/journal3/vendor/SuperCache

----------------------------------------------------------------------


---------- Date: 2026-03-29 20:31:22 ~ IP : 185.179.188.62 ----------
REQUEST URI : /namotchik-probega-dlya-hyundai-ix35/
MOD DETAILS:
   modFile   : /home/canmotalka/web/can-motalka.ru/public_html/vqmod/xml/lightning.xml
   id        : OpenCart Lightning
   version   : 3.37
   vqmver    : 
   author    : MaxD http://devs.mx

File Name    : system/library/cache.php(0)
VQModObject::applyMod - SEARCH NOT FOUND (SKIPPED): if (is_file(DIR_SYSTEM . 'library/journal3/vendor/SuperCache

----------------------------------------------------------------------


---------- Date: 2026-03-29 20:31:29 ~ IP : 185.179.188.62 ----------
REQUEST URI : /index.php?route=module/popupcart_extended
MOD DETAILS:
   modFile   : /home/canmotalka/web/can-motalka.ru/public_html/vqmod/xml/lightning.xml
   id        : OpenCart Lightning
   version   : 3.37
   vqmver    : 
   author    : MaxD http://devs.mx

File Name    : system/library/cache.php(0)
VQModObject::applyMod - SEARCH NOT FOUND (SKIPPED): if (is_file(DIR_SYSTEM . 'library/journal3/vendor/SuperCache

----------------------------------------------------------------------


---------- Date: 2026-03-29 20:37:04 ~ IP : 185.179.188.62 ----------
REQUEST URI : /podmotka-spidometra-dlya-ford-exploer/
MOD DETAILS:
   modFile   : /home/canmotalka/web/can-motalka.ru/public_html/vqmod/xml/lightning.xml
   id        : OpenCart Lightning
   version   : 3.37
   vqmver    : 
   author    : MaxD http://devs.mx

File Name    : system/library/cache.php(0)
VQModObject::applyMod - SEARCH NOT FOUND (SKIPPED): if (is_file(DIR_SYSTEM . 'library/journal3/vendor/SuperCache

----------------------------------------------------------------------


---------- Date: 2026-03-29 20:43:39 ~ IP : 185.179.188.62 ----------
REQUEST URI : /hyundai_h1_manual/
MOD DETAILS:
   modFile   : /home/canmotalka/web/can-motalka.ru/public_html/vqmod/xml/lightning.xml
   id        : OpenCart Lightning
   version   : 3.37
   vqmver    : 
   author    : MaxD http://devs.mx

File Name    : system/library/cache.php(0)
VQModObject::applyMod - SEARCH NOT FOUND (SKIPPED): if (is_file(DIR_SYSTEM . 'library/journal3/vendor/SuperCache

----------------------------------------------------------------------


---------- Date: 2026-03-29 20:43:47 ~ IP : 185.179.188.62 ----------
REQUEST URI : /podmotka-spidometra-lada-kalina/?ysclid=mnc1sxles221360753
MOD DETAILS:
   modFile   : /home/canmotalka/web/can-motalka.ru/public_html/vqmod/xml/lightning.xml
   id        : OpenCart Lightning
   version   : 3.37
   vqmver    : 
   author    : MaxD http://devs.mx

File Name    : system/library/cache.php(0)
VQModObject::applyMod - SEARCH NOT FOUND (SKIPPED): if (is_file(DIR_SYSTEM . 'library/journal3/vendor/SuperCache

----------------------------------------------------------------------


---------- Date: 2026-03-29 20:43:48 ~ IP : 185.179.188.62 ----------
REQUEST URI : /podmotka-spidometra-lada-kalina/
MOD DETAILS:
   modFile   : /home/canmotalka/web/can-motalka.ru/public_html/vqmod/xml/lightning.xml
   id        : OpenCart Lightning
   version   : 3.37
   vqmver    : 
   author    : MaxD http://devs.mx

File Name    : system/library/cache.php(0)
VQModObject::applyMod - SEARCH NOT FOUND (SKIPPED): if (is_file(DIR_SYSTEM . 'library/journal3/vendor/SuperCache

----------------------------------------------------------------------


---------- Date: 2026-03-29 20:43:49 ~ IP : 185.179.188.62 ----------
REQUEST URI : /index.php?route=product/product/review&amp;product_id=113
MOD DETAILS:
   modFile   : /home/canmotalka/web/can-motalka.ru/public_html/vqmod/xml/lightning.xml
   id        : OpenCart Lightning
   version   : 3.37
   vqmver    : 
   author    : MaxD http://devs.mx

File Name    : system/library/cache.php(0)
VQModObject::applyMod - SEARCH NOT FOUND (SKIPPED): if (is_file(DIR_SYSTEM . 'library/journal3/vendor/SuperCache

----------------------------------------------------------------------


---------- Date: 2026-03-29 20:43:49 ~ IP : 185.179.188.62 ----------
REQUEST URI : /index.php?route=module/popupcart_extended
MOD DETAILS:
   modFile   : /home/canmotalka/web/can-motalka.ru/public_html/vqmod/xml/lightning.xml
   id        : OpenCart Lightning
   version   : 3.37
   vqmver    : 
   author    : MaxD http://devs.mx

File Name    : system/library/cache.php(0)
VQModObject::applyMod - SEARCH NOT FOUND (SKIPPED): if (is_file(DIR_SYSTEM . 'library/journal3/vendor/SuperCache

----------------------------------------------------------------------


---------- Date: 2026-03-29 20:46:06 ~ IP : 185.179.188.62 ----------
REQUEST URI : /podmotka-spidometra-vesta/
MOD DETAILS:
   modFile   : /home/canmotalka/web/can-motalka.ru/public_html/vqmod/xml/lightning.xml
   id        : OpenCart Lightning
   version   : 3.37
   vqmver    : 
   author    : MaxD http://devs.mx

File Name    : system/library/cache.php(0)
VQModObject::applyMod - SEARCH NOT FOUND (SKIPPED): if (is_file(DIR_SYSTEM . 'library/journal3/vendor/SuperCache

----------------------------------------------------------------------


---------- Date: 2026-03-29 20:46:11 ~ IP : 185.179.188.62 ----------
REQUEST URI : /index.php?route=product/product/review&amp;product_id=247
MOD DETAILS:
   modFile   : /home/canmotalka/web/can-motalka.ru/public_html/vqmod/xml/lightning.xml
   id        : OpenCart Lightning
   version   : 3.37
   vqmver    : 
   author    : MaxD http://devs.mx

File Name    : system/library/cache.php(0)
VQModObject::applyMod - SEARCH NOT FOUND (SKIPPED): if (is_file(DIR_SYSTEM . 'library/journal3/vendor/SuperCache

----------------------------------------------------------------------


---------- Date: 2026-03-29 20:46:11 ~ IP : 185.179.188.62 ----------
REQUEST URI : /index.php?route=module/popupcart_extended
MOD DETAILS:
   modFile   : /home/canmotalka/web/can-motalka.ru/public_html/vqmod/xml/lightning.xml
   id        : OpenCart Lightning
   version   : 3.37
   vqmver    : 
   author    : MaxD http://devs.mx

File Name    : system/library/cache.php(0)
VQModObject::applyMod - SEARCH NOT FOUND (SKIPPED): if (is_file(DIR_SYSTEM . 'library/journal3/vendor/SuperCache

----------------------------------------------------------------------


---------- Date: 2026-03-29 20:49:20 ~ IP : 185.179.188.62 ----------
REQUEST URI : /podmotka-spidometra-niva-travel/
MOD DETAILS:
   modFile   : /home/canmotalka/web/can-motalka.ru/public_html/vqmod/xml/lightning.xml
   id        : OpenCart Lightning
   version   : 3.37
   vqmver    : 
   author    : MaxD http://devs.mx

File Name    : system/library/cache.php(0)
VQModObject::applyMod - SEARCH NOT FOUND (SKIPPED): if (is_file(DIR_SYSTEM . 'library/journal3/vendor/SuperCache

----------------------------------------------------------------------


---------- Date: 2026-03-29 20:51:35 ~ IP : 185.179.188.62 ----------
REQUEST URI : /podmotka-spidometra-largus/?ysclid=mnc22x8www882847895
MOD DETAILS:
   modFile   : /home/canmotalka/web/can-motalka.ru/public_html/vqmod/xml/lightning.xml
   id        : OpenCart Lightning
   version   : 3.37
   vqmver    : 
   author    : MaxD http://devs.mx

File Name    : system/library/cache.php(0)
VQModObject::applyMod - SEARCH NOT FOUND (SKIPPED): if (is_file(DIR_SYSTEM . 'library/journal3/vendor/SuperCache

----------------------------------------------------------------------


---------- Date: 2026-03-29 20:51:36 ~ IP : 185.179.188.62 ----------
REQUEST URI : /podmotka-spidometra-largus/
MOD DETAILS:
   modFile   : /home/canmotalka/web/can-motalka.ru/public_html/vqmod/xml/lightning.xml
   id        : OpenCart Lightning
   version   : 3.37
   vqmver    : 
   author    : MaxD http://devs.mx

File Name    : system/library/cache.php(0)
VQModObject::applyMod - SEARCH NOT FOUND (SKIPPED): if (is_file(DIR_SYSTEM . 'library/journal3/vendor/SuperCache

----------------------------------------------------------------------


---------- Date: 2026-03-29 20:51:46 ~ IP : 185.179.188.62 ----------
REQUEST URI : /index.php?route=product/product/review&amp;product_id=258
MOD DETAILS:
   modFile   : /home/canmotalka/web/can-motalka.ru/public_html/vqmod/xml/lightning.xml
   id        : OpenCart Lightning
   version   : 3.37
   vqmver    : 
   author    : MaxD http://devs.mx

File Name    : system/library/cache.php(0)
VQModObject::applyMod - SEARCH NOT FOUND (SKIPPED): if (is_file(DIR_SYSTEM . 'library/journal3/vendor/SuperCache

----------------------------------------------------------------------


---------- Date: 2026-03-29 20:51:49 ~ IP : 185.179.188.62 ----------
REQUEST URI : /index.php?route=module/popupcart_extended
MOD DETAILS:
   modFile   : /home/canmotalka/web/can-motalka.ru/public_html/vqmod/xml/lightning.xml
   id        : OpenCart Lightning
   version   : 3.37
   vqmver    : 
   author    : MaxD http://devs.mx

File Name    : system/library/cache.php(0)
VQModObject::applyMod - SEARCH NOT FOUND (SKIPPED): if (is_file(DIR_SYSTEM . 'library/journal3/vendor/SuperCache

----------------------------------------------------------------------


---------- Date: 2026-03-29 20:52:12 ~ IP : 185.179.188.62 ----------
REQUEST URI : /sitemap.xml
MOD DETAILS:
   modFile   : /home/canmotalka/web/can-motalka.ru/public_html/vqmod/xml/lightning.xml
   id        : OpenCart Lightning
   version   : 3.37
   vqmver    : 
   author    : MaxD http://devs.mx

File Name    : system/library/cache.php(0)
VQModObject::applyMod - SEARCH NOT FOUND (SKIPPED): if (is_file(DIR_SYSTEM . 'library/journal3/vendor/SuperCache

----------------------------------------------------------------------


---------- Date: 2026-03-29 20:54:07 ~ IP : 185.179.188.62 ----------
REQUEST URI : /manuals/?ysclid=mnc2243j7w347660873
MOD DETAILS:
   modFile   : /home/canmotalka/web/can-motalka.ru/public_html/vqmod/xml/lightning.xml
   id        : OpenCart Lightning
   version   : 3.37
   vqmver    : 
   author    : MaxD http://devs.mx

File Name    : system/library/cache.php(0)
VQModObject::applyMod - SEARCH NOT FOUND (SKIPPED): if (is_file(DIR_SYSTEM . 'library/journal3/vendor/SuperCache

----------------------------------------------------------------------


---------- Date: 2026-03-29 20:57:56 ~ IP : 185.179.188.62 ----------
REQUEST URI : /namotchik-probega-dlya-audi-a8/?ysclid=mnc2b3txrz200565096
MOD DETAILS:
   modFile   : /home/canmotalka/web/can-motalka.ru/public_html/vqmod/xml/lightning.xml
   id        : OpenCart Lightning
   version   : 3.37
   vqmver    : 
   author    : MaxD http://devs.mx

File Name    : system/library/cache.php(0)
VQModObject::applyMod - SEARCH NOT FOUND (SKIPPED): if (is_file(DIR_SYSTEM . 'library/journal3/vendor/SuperCache

----------------------------------------------------------------------


---------- Date: 2026-03-29 20:57:57 ~ IP : 185.179.188.62 ----------
REQUEST URI : /namotchik-probega-dlya-audi-a8/
MOD DETAILS:
   modFile   : /home/canmotalka/web/can-motalka.ru/public_html/vqmod/xml/lightning.xml
   id        : OpenCart Lightning
   version   : 3.37
   vqmver    : 
   author    : MaxD http://devs.mx

File Name    : system/library/cache.php(0)
VQModObject::applyMod - SEARCH NOT FOUND (SKIPPED): if (is_file(DIR_SYSTEM . 'library/journal3/vendor/SuperCache

----------------------------------------------------------------------


---------- Date: 2026-03-29 20:57:58 ~ IP : 185.179.188.62 ----------
REQUEST URI : /index.php?route=product/product/review&amp;product_id=235
MOD DETAILS:
   modFile   : /home/canmotalka/web/can-motalka.ru/public_html/vqmod/xml/lightning.xml
   id        : OpenCart Lightning
   version   : 3.37
   vqmver    : 
   author    : MaxD http://devs.mx

File Name    : system/library/cache.php(0)
VQModObject::applyMod - SEARCH NOT FOUND (SKIPPED): if (is_file(DIR_SYSTEM . 'library/journal3/vendor/SuperCache

----------------------------------------------------------------------


---------- Date: 2026-03-29 21:10:16 ~ IP : 185.179.188.62 ----------
REQUEST URI : /namotchik-probega-dlya-audi-q5/
MOD DETAILS:
   modFile   : /home/canmotalka/web/can-motalka.ru/public_html/vqmod/xml/lightning.xml
   id        : OpenCart Lightning
   version   : 3.37
   vqmver    : 
   author    : MaxD http://devs.mx

File Name    : system/library/cache.php(0)
VQModObject::applyMod - SEARCH NOT FOUND (SKIPPED): if (is_file(DIR_SYSTEM . 'library/journal3/vendor/SuperCache

----------------------------------------------------------------------


---------- Date: 2026-03-29 21:10:34 ~ IP : 185.179.188.62 ----------
REQUEST URI : /index.php?route=product/product/review&amp;product_id=237
MOD DETAILS:
   modFile   : /home/canmotalka/web/can-motalka.ru/public_html/vqmod/xml/lightning.xml
   id        : OpenCart Lightning
   version   : 3.37
   vqmver    : 
   author    : MaxD http://devs.mx

File Name    : system/library/cache.php(0)
VQModObject::applyMod - SEARCH NOT FOUND (SKIPPED): if (is_file(DIR_SYSTEM . 'library/journal3/vendor/SuperCache

----------------------------------------------------------------------


---------- Date: 2026-03-29 21:10:44 ~ IP : 185.179.188.62 ----------
REQUEST URI : /index.php?route=module/popupcart_extended
MOD DETAILS:
   modFile   : /home/canmotalka/web/can-motalka.ru/public_html/vqmod/xml/lightning.xml
   id        : OpenCart Lightning
   version   : 3.37
   vqmver    : 
   author    : MaxD http://devs.mx

File Name    : system/library/cache.php(0)
VQModObject::applyMod - SEARCH NOT FOUND (SKIPPED): if (is_file(DIR_SYSTEM . 'library/journal3/vendor/SuperCache

----------------------------------------------------------------------


---------- Date: 2026-03-29 21:12:36 ~ IP : 185.179.188.62 ----------
REQUEST URI : /setting_php/uluchshenie-potencii/998-sildenafil-100-v-apteke-chistopol/
MOD DETAILS:
   modFile   : /home/canmotalka/web/can-motalka.ru/public_html/vqmod/xml/lightning.xml
   id        : OpenCart Lightning
   version   : 3.37
   vqmver    : 
   author    : MaxD http://devs.mx

File Name    : system/library/cache.php(0)
VQModObject::applyMod - SEARCH NOT FOUND (SKIPPED): if (is_file(DIR_SYSTEM . 'library/journal3/vendor/SuperCache

----------------------------------------------------------------------


---------- Date: 2026-03-29 21:17:37 ~ IP : 185.179.188.62 ----------
REQUEST URI : /namotchik-probega-dlya-audi-a6/
MOD DETAILS:
   modFile   : /home/canmotalka/web/can-motalka.ru/public_html/vqmod/xml/lightning.xml
   id        : OpenCart Lightning
   version   : 3.37
   vqmver    : 
   author    : MaxD http://devs.mx

File Name    : system/library/cache.php(0)
VQModObject::applyMod - SEARCH NOT FOUND (SKIPPED): if (is_file(DIR_SYSTEM . 'library/journal3/vendor/SuperCache

----------------------------------------------------------------------


---------- Date: 2026-03-29 21:19:48 ~ IP : 185.179.188.62 ----------
REQUEST URI : /podmotka-spidometra-vesta-ng-np/
MOD DETAILS:
   modFile   : /home/canmotalka/web/can-motalka.ru/public_html/vqmod/xml/lightning.xml
   id        : OpenCart Lightning
   version   : 3.37
   vqmver    : 
   author    : MaxD http://devs.mx

File Name    : system/library/cache.php(0)
VQModObject::applyMod - SEARCH NOT FOUND (SKIPPED): if (is_file(DIR_SYSTEM . 'library/journal3/vendor/SuperCache

----------------------------------------------------------------------


---------- Date: 2026-03-29 21:19:49 ~ IP : 185.179.188.62 ----------
REQUEST URI : /index.php?route=product/product/review&amp;product_id=309
MOD DETAILS:
   modFile   : /home/canmotalka/web/can-motalka.ru/public_html/vqmod/xml/lightning.xml
   id        : OpenCart Lightning
   version   : 3.37
   vqmver    : 
   author    : MaxD http://devs.mx

File Name    : system/library/cache.php(0)
VQModObject::applyMod - SEARCH NOT FOUND (SKIPPED): if (is_file(DIR_SYSTEM . 'library/journal3/vendor/SuperCache

----------------------------------------------------------------------


---------- Date: 2026-03-29 21:19:50 ~ IP : 185.179.188.62 ----------
REQUEST URI : /index.php?route=module/popupcart_extended
MOD DETAILS:
   modFile   : /home/canmotalka/web/can-motalka.ru/public_html/vqmod/xml/lightning.xml
   id        : OpenCart Lightning
   version   : 3.37
   vqmver    : 
   author    : MaxD http://devs.mx

File Name    : system/library/cache.php(0)
VQModObject::applyMod - SEARCH NOT FOUND (SKIPPED): if (is_file(DIR_SYSTEM . 'library/journal3/vendor/SuperCache

----------------------------------------------------------------------


---------- Date: 2026-03-29 21:24:27 ~ IP : 185.179.188.62 ----------
REQUEST URI : /podmotka-spidometra-lada-priora/
MOD DETAILS:
   modFile   : /home/canmotalka/web/can-motalka.ru/public_html/vqmod/xml/lightning.xml
   id        : OpenCart Lightning
   version   : 3.37
   vqmver    : 
   author    : MaxD http://devs.mx

File Name    : system/library/cache.php(0)
VQModObject::applyMod - SEARCH NOT FOUND (SKIPPED): if (is_file(DIR_SYSTEM . 'library/journal3/vendor/SuperCache

----------------------------------------------------------------------


---------- Date: 2026-03-29 21:24:28 ~ IP : 185.179.188.62 ----------
REQUEST URI : /index.php?route=product/product/review&amp;product_id=112
MOD DETAILS:
   modFile   : /home/canmotalka/web/can-motalka.ru/public_html/vqmod/xml/lightning.xml
   id        : OpenCart Lightning
   version   : 3.37
   vqmver    : 
   author    : MaxD http://devs.mx

File Name    : system/library/cache.php(0)
VQModObject::applyMod - SEARCH NOT FOUND (SKIPPED): if (is_file(DIR_SYSTEM . 'library/journal3/vendor/SuperCache

----------------------------------------------------------------------


---------- Date: 2026-03-29 21:24:28 ~ IP : 185.179.188.62 ----------
REQUEST URI : /index.php?route=module/popupcart_extended
MOD DETAILS:
   modFile   : /home/canmotalka/web/can-motalka.ru/public_html/vqmod/xml/lightning.xml
   id        : OpenCart Lightning
   version   : 3.37
   vqmver    : 
   author    : MaxD http://devs.mx

File Name    : system/library/cache.php(0)
VQModObject::applyMod - SEARCH NOT FOUND (SKIPPED): if (is_file(DIR_SYSTEM . 'library/journal3/vendor/SuperCache

----------------------------------------------------------------------


---------- Date: 2026-03-29 21:24:41 ~ IP : 185.179.188.62 ----------
REQUEST URI : /index.php?route=checkout/cart/add
MOD DETAILS:
   modFile   : /home/canmotalka/web/can-motalka.ru/public_html/vqmod/xml/lightning.xml
   id        : OpenCart Lightning
   version   : 3.37
   vqmver    : 
   author    : MaxD http://devs.mx

File Name    : system/library/cache.php(0)
VQModObject::applyMod - SEARCH NOT FOUND (SKIPPED): if (is_file(DIR_SYSTEM . 'library/journal3/vendor/SuperCache

----------------------------------------------------------------------


---------- Date: 2026-03-29 21:24:41 ~ IP : 185.179.188.62 ----------
REQUEST URI : /index.php?route=checkout/simplecheckout
MOD DETAILS:
   modFile   : /home/canmotalka/web/can-motalka.ru/public_html/vqmod/xml/lightning.xml
   id        : OpenCart Lightning
   version   : 3.37
   vqmver    : 
   author    : MaxD http://devs.mx

File Name    : system/library/cache.php(0)
VQModObject::applyMod - SEARCH NOT FOUND (SKIPPED): if (is_file(DIR_SYSTEM . 'library/journal3/vendor/SuperCache

----------------------------------------------------------------------


---------- Date: 2026-03-29 21:24:42 ~ IP : 185.179.188.62 ----------
REQUEST URI : /zakaz/
MOD DETAILS:
   modFile   : /home/canmotalka/web/can-motalka.ru/public_html/vqmod/xml/lightning.xml
   id        : OpenCart Lightning
   version   : 3.37
   vqmver    : 
   author    : MaxD http://devs.mx

File Name    : system/library/cache.php(0)
VQModObject::applyMod - SEARCH NOT FOUND (SKIPPED): if (is_file(DIR_SYSTEM . 'library/journal3/vendor/SuperCache

----------------------------------------------------------------------


---------- Date: 2026-03-29 21:25:01 ~ IP : 185.179.188.62 ----------
REQUEST URI : /zakaz/
MOD DETAILS:
   modFile   : /home/canmotalka/web/can-motalka.ru/public_html/vqmod/xml/lightning.xml
   id        : OpenCart Lightning
   version   : 3.37
   vqmver    : 
   author    : MaxD http://devs.mx

File Name    : system/library/cache.php(0)
VQModObject::applyMod - SEARCH NOT FOUND (SKIPPED): if (is_file(DIR_SYSTEM . 'library/journal3/vendor/SuperCache

----------------------------------------------------------------------


---------- Date: 2026-03-29 21:25:32 ~ IP : 185.179.188.62 ----------
REQUEST URI : /motalki/uaz/
MOD DETAILS:
   modFile   : /home/canmotalka/web/can-motalka.ru/public_html/vqmod/xml/lightning.xml
   id        : OpenCart Lightning
   version   : 3.37
   vqmver    : 
   author    : MaxD http://devs.mx

File Name    : system/library/cache.php(0)
VQModObject::applyMod - SEARCH NOT FOUND (SKIPPED): if (is_file(DIR_SYSTEM . 'library/journal3/vendor/SuperCache

----------------------------------------------------------------------


---------- Date: 2026-03-29 21:25:40 ~ IP : 185.179.188.62 ----------
REQUEST URI : /index.php?route=common/footer/click_counter
MOD DETAILS:
   modFile   : /home/canmotalka/web/can-motalka.ru/public_html/vqmod/xml/lightning.xml
   id        : OpenCart Lightning
   version   : 3.37
   vqmver    : 
   author    : MaxD http://devs.mx

File Name    : system/library/cache.php(0)
VQModObject::applyMod - SEARCH NOT FOUND (SKIPPED): if (is_file(DIR_SYSTEM . 'library/journal3/vendor/SuperCache

----------------------------------------------------------------------


---------- Date: 2026-03-29 21:25:50 ~ IP : 185.179.188.62 ----------
REQUEST URI : /.well-known/traffic-advice
MOD DETAILS:
   modFile   : /home/canmotalka/web/can-motalka.ru/public_html/vqmod/xml/lightning.xml
   id        : OpenCart Lightning
   version   : 3.37
   vqmver    : 
   author    : MaxD http://devs.mx

File Name    : system/library/cache.php(0)
VQModObject::applyMod - SEARCH NOT FOUND (SKIPPED): if (is_file(DIR_SYSTEM . 'library/journal3/vendor/SuperCache

----------------------------------------------------------------------


---------- Date: 2026-03-29 21:25:53 ~ IP : 185.179.188.62 ----------
REQUEST URI : /instrukciya-podmotka-vesta/
MOD DETAILS:
   modFile   : /home/canmotalka/web/can-motalka.ru/public_html/vqmod/xml/lightning.xml
   id        : OpenCart Lightning
   version   : 3.37
   vqmver    : 
   author    : MaxD http://devs.mx

File Name    : system/library/cache.php(0)
VQModObject::applyMod - SEARCH NOT FOUND (SKIPPED): if (is_file(DIR_SYSTEM . 'library/journal3/vendor/SuperCache

----------------------------------------------------------------------


---------- Date: 2026-03-29 21:26:32 ~ IP : 185.179.188.62 ----------
REQUEST URI : /motalki/uaz/
MOD DETAILS:
   modFile   : /home/canmotalka/web/can-motalka.ru/public_html/vqmod/xml/lightning.xml
   id        : OpenCart Lightning
   version   : 3.37
   vqmver    : 
   author    : MaxD http://devs.mx

File Name    : system/library/cache.php(0)
VQModObject::applyMod - SEARCH NOT FOUND (SKIPPED): if (is_file(DIR_SYSTEM . 'library/journal3/vendor/SuperCache

----------------------------------------------------------------------


---------- Date: 2026-03-29 21:26:36 ~ IP : 185.179.188.62 ----------
REQUEST URI : /index.php?route=common/footer/click_counter
MOD DETAILS:
   modFile   : /home/canmotalka/web/can-motalka.ru/public_html/vqmod/xml/lightning.xml
   id        : OpenCart Lightning
   version   : 3.37
   vqmver    : 
   author    : MaxD http://devs.mx

File Name    : system/library/cache.php(0)
VQModObject::applyMod - SEARCH NOT FOUND (SKIPPED): if (is_file(DIR_SYSTEM . 'library/journal3/vendor/SuperCache

----------------------------------------------------------------------


---------- Date: 2026-03-29 21:27:00 ~ IP : 185.179.188.62 ----------
REQUEST URI : /index.php?route=common/footer/click_counter
MOD DETAILS:
   modFile   : /home/canmotalka/web/can-motalka.ru/public_html/vqmod/xml/lightning.xml
   id        : OpenCart Lightning
   version   : 3.37
   vqmver    : 
   author    : MaxD http://devs.mx

File Name    : system/library/cache.php(0)
VQModObject::applyMod - SEARCH NOT FOUND (SKIPPED): if (is_file(DIR_SYSTEM . 'library/journal3/vendor/SuperCache

----------------------------------------------------------------------


---------- Date: 2026-03-29 21:27:07 ~ IP : 185.179.188.62 ----------
REQUEST URI : /setting_php/super-zhevitra/279-penon-krem-shekino/
MOD DETAILS:
   modFile   : /home/canmotalka/web/can-motalka.ru/public_html/vqmod/xml/lightning.xml
   id        : OpenCart Lightning
   version   : 3.37
   vqmver    : 
   author    : MaxD http://devs.mx

File Name    : system/library/cache.php(0)
VQModObject::applyMod - SEARCH NOT FOUND (SKIPPED): if (is_file(DIR_SYSTEM . 'library/journal3/vendor/SuperCache

----------------------------------------------------------------------


---------- Date: 2026-03-29 21:27:11 ~ IP : 185.179.188.62 ----------
REQUEST URI : /index.php?route=module/popupcart_extended
MOD DETAILS:
   modFile   : /home/canmotalka/web/can-motalka.ru/public_html/vqmod/xml/lightning.xml
   id        : OpenCart Lightning
   version   : 3.37
   vqmver    : 
   author    : MaxD http://devs.mx

File Name    : system/library/cache.php(0)
VQModObject::applyMod - SEARCH NOT FOUND (SKIPPED): if (is_file(DIR_SYSTEM . 'library/journal3/vendor/SuperCache

----------------------------------------------------------------------


---------- Date: 2026-03-29 21:27:16 ~ IP : 185.179.188.62 ----------
REQUEST URI : /motalki/uaz/
MOD DETAILS:
   modFile   : /home/canmotalka/web/can-motalka.ru/public_html/vqmod/xml/lightning.xml
   id        : OpenCart Lightning
   version   : 3.37
   vqmver    : 
   author    : MaxD http://devs.mx

File Name    : system/library/cache.php(0)
VQModObject::applyMod - SEARCH NOT FOUND (SKIPPED): if (is_file(DIR_SYSTEM . 'library/journal3/vendor/SuperCache

----------------------------------------------------------------------


---------- Date: 2026-03-29 21:27:17 ~ IP : 185.179.188.62 ----------
REQUEST URI : /podmotka-spidometra-uaz-patriot/
MOD DETAILS:
   modFile   : /home/canmotalka/web/can-motalka.ru/public_html/vqmod/xml/lightning.xml
   id        : OpenCart Lightning
   version   : 3.37
   vqmver    : 
   author    : MaxD http://devs.mx

File Name    : system/library/cache.php(0)
VQModObject::applyMod - SEARCH NOT FOUND (SKIPPED): if (is_file(DIR_SYSTEM . 'library/journal3/vendor/SuperCache

----------------------------------------------------------------------


---------- Date: 2026-03-29 21:27:19 ~ IP : 185.179.188.62 ----------
REQUEST URI : /index.php?route=product/product/review&amp;product_id=277
MOD DETAILS:
   modFile   : /home/canmotalka/web/can-motalka.ru/public_html/vqmod/xml/lightning.xml
   id        : OpenCart Lightning
   version   : 3.37
   vqmver    : 
   author    : MaxD http://devs.mx

File Name    : system/library/cache.php(0)
VQModObject::applyMod - SEARCH NOT FOUND (SKIPPED): if (is_file(DIR_SYSTEM . 'library/journal3/vendor/SuperCache

----------------------------------------------------------------------


---------- Date: 2026-03-29 21:27:32 ~ IP : 185.179.188.62 ----------
REQUEST URI : /index.php?route=checkout/cart/add
MOD DETAILS:
   modFile   : /home/canmotalka/web/can-motalka.ru/public_html/vqmod/xml/lightning.xml
   id        : OpenCart Lightning
   version   : 3.37
   vqmver    : 
   author    : MaxD http://devs.mx

File Name    : system/library/cache.php(0)
VQModObject::applyMod - SEARCH NOT FOUND (SKIPPED): if (is_file(DIR_SYSTEM . 'library/journal3/vendor/SuperCache

----------------------------------------------------------------------


---------- Date: 2026-03-29 21:27:32 ~ IP : 185.179.188.62 ----------
REQUEST URI : /index.php?route=checkout/simplecheckout
MOD DETAILS:
   modFile   : /home/canmotalka/web/can-motalka.ru/public_html/vqmod/xml/lightning.xml
   id        : OpenCart Lightning
   version   : 3.37
   vqmver    : 
   author    : MaxD http://devs.mx

File Name    : system/library/cache.php(0)
VQModObject::applyMod - SEARCH NOT FOUND (SKIPPED): if (is_file(DIR_SYSTEM . 'library/journal3/vendor/SuperCache

----------------------------------------------------------------------


---------- Date: 2026-03-29 21:27:33 ~ IP : 185.179.188.62 ----------
REQUEST URI : /zakaz/
MOD DETAILS:
   modFile   : /home/canmotalka/web/can-motalka.ru/public_html/vqmod/xml/lightning.xml
   id        : OpenCart Lightning
   version   : 3.37
   vqmver    : 
   author    : MaxD http://devs.mx

File Name    : system/library/cache.php(0)
VQModObject::applyMod - SEARCH NOT FOUND (SKIPPED): if (is_file(DIR_SYSTEM . 'library/journal3/vendor/SuperCache

----------------------------------------------------------------------


---------- Date: 2026-03-29 21:27:35 ~ IP : 185.179.188.62 ----------
REQUEST URI : /podmotka-spidometra-uaz-patriot/
MOD DETAILS:
   modFile   : /home/canmotalka/web/can-motalka.ru/public_html/vqmod/xml/lightning.xml
   id        : OpenCart Lightning
   version   : 3.37
   vqmver    : 
   author    : MaxD http://devs.mx

File Name    : system/library/cache.php(0)
VQModObject::applyMod - SEARCH NOT FOUND (SKIPPED): if (is_file(DIR_SYSTEM . 'library/journal3/vendor/SuperCache

----------------------------------------------------------------------


---------- Date: 2026-03-29 21:27:35 ~ IP : 185.179.188.62 ----------
REQUEST URI : /index.php?route=product/product/review&amp;product_id=277
MOD DETAILS:
   modFile   : /home/canmotalka/web/can-motalka.ru/public_html/vqmod/xml/lightning.xml
   id        : OpenCart Lightning
   version   : 3.37
   vqmver    : 
   author    : MaxD http://devs.mx

File Name    : system/library/cache.php(0)
VQModObject::applyMod - SEARCH NOT FOUND (SKIPPED): if (is_file(DIR_SYSTEM . 'library/journal3/vendor/SuperCache

----------------------------------------------------------------------


---------- Date: 2026-03-29 21:27:37 ~ IP : 185.179.188.62 ----------
REQUEST URI : /index.php?route=common/footer/click_counter
MOD DETAILS:
   modFile   : /home/canmotalka/web/can-motalka.ru/public_html/vqmod/xml/lightning.xml
   id        : OpenCart Lightning
   version   : 3.37
   vqmver    : 
   author    : MaxD http://devs.mx

File Name    : system/library/cache.php(0)
VQModObject::applyMod - SEARCH NOT FOUND (SKIPPED): if (is_file(DIR_SYSTEM . 'library/journal3/vendor/SuperCache

----------------------------------------------------------------------


---------- Date: 2026-03-29 21:27:55 ~ IP : 185.179.188.62 ----------
REQUEST URI : /index.php?route=common/footer/click_counter
MOD DETAILS:
   modFile   : /home/canmotalka/web/can-motalka.ru/public_html/vqmod/xml/lightning.xml
   id        : OpenCart Lightning
   version   : 3.37
   vqmver    : 
   author    : MaxD http://devs.mx

File Name    : system/library/cache.php(0)
VQModObject::applyMod - SEARCH NOT FOUND (SKIPPED): if (is_file(DIR_SYSTEM . 'library/journal3/vendor/SuperCache

----------------------------------------------------------------------


---------- Date: 2026-03-29 21:29:52 ~ IP : 185.179.188.62 ----------
REQUEST URI : /index.php?route=module/popupcart_extended
MOD DETAILS:
   modFile   : /home/canmotalka/web/can-motalka.ru/public_html/vqmod/xml/lightning.xml
   id        : OpenCart Lightning
   version   : 3.37
   vqmver    : 
   author    : MaxD http://devs.mx

File Name    : system/library/cache.php(0)
VQModObject::applyMod - SEARCH NOT FOUND (SKIPPED): if (is_file(DIR_SYSTEM . 'library/journal3/vendor/SuperCache

----------------------------------------------------------------------


---------- Date: 2026-03-29 21:30:12 ~ IP : 185.179.188.62 ----------
REQUEST URI : /setting_php/dapoksetin/262-analog-sialisa-20-pavlovskiy-posad/
MOD DETAILS:
   modFile   : /home/canmotalka/web/can-motalka.ru/public_html/vqmod/xml/lightning.xml
   id        : OpenCart Lightning
   version   : 3.37
   vqmver    : 
   author    : MaxD http://devs.mx

File Name    : system/library/cache.php(0)
VQModObject::applyMod - SEARCH NOT FOUND (SKIPPED): if (is_file(DIR_SYSTEM . 'library/journal3/vendor/SuperCache

----------------------------------------------------------------------


---------- Date: 2026-03-29 21:30:14 ~ IP : 185.179.188.62 ----------
REQUEST URI : /index.php?route=module/popupcart_extended
MOD DETAILS:
   modFile   : /home/canmotalka/web/can-motalka.ru/public_html/vqmod/xml/lightning.xml
   id        : OpenCart Lightning
   version   : 3.37
   vqmver    : 
   author    : MaxD http://devs.mx

File Name    : system/library/cache.php(0)
VQModObject::applyMod - SEARCH NOT FOUND (SKIPPED): if (is_file(DIR_SYSTEM . 'library/journal3/vendor/SuperCache

----------------------------------------------------------------------


---------- Date: 2026-03-29 21:30:35 ~ IP : 185.179.188.62 ----------
REQUEST URI : /setting_php/super-zhevitra/279-penon-krem-shekino/
MOD DETAILS:
   modFile   : /home/canmotalka/web/can-motalka.ru/public_html/vqmod/xml/lightning.xml
   id        : OpenCart Lightning
   version   : 3.37
   vqmver    : 
   author    : MaxD http://devs.mx

File Name    : system/library/cache.php(0)
VQModObject::applyMod - SEARCH NOT FOUND (SKIPPED): if (is_file(DIR_SYSTEM . 'library/journal3/vendor/SuperCache

----------------------------------------------------------------------


---------- Date: 2026-03-29 21:32:19 ~ IP : 185.179.188.62 ----------
REQUEST URI : /podmotka-spidometra-lada-priora/
MOD DETAILS:
   modFile   : /home/canmotalka/web/can-motalka.ru/public_html/vqmod/xml/lightning.xml
   id        : OpenCart Lightning
   version   : 3.37
   vqmver    : 
   author    : MaxD http://devs.mx

File Name    : system/library/cache.php(0)
VQModObject::applyMod - SEARCH NOT FOUND (SKIPPED): if (is_file(DIR_SYSTEM . 'library/journal3/vendor/SuperCache

----------------------------------------------------------------------


---------- Date: 2026-03-29 21:33:05 ~ IP : 185.179.188.62 ----------
REQUEST URI : /setting_php/dapoksetin/262-analog-sialisa-20-pavlovskiy-posad/
MOD DETAILS:
   modFile   : /home/canmotalka/web/can-motalka.ru/public_html/vqmod/xml/lightning.xml
   id        : OpenCart Lightning
   version   : 3.37
   vqmver    : 
   author    : MaxD http://devs.mx

File Name    : system/library/cache.php(0)
VQModObject::applyMod - SEARCH NOT FOUND (SKIPPED): if (is_file(DIR_SYSTEM . 'library/journal3/vendor/SuperCache

----------------------------------------------------------------------


---------- Date: 2026-03-29 21:33:42 ~ IP : 185.179.188.62 ----------
REQUEST URI : /podmotka-spidometra-vesta/
MOD DETAILS:
   modFile   : /home/canmotalka/web/can-motalka.ru/public_html/vqmod/xml/lightning.xml
   id        : OpenCart Lightning
   version   : 3.37
   vqmver    : 
   author    : MaxD http://devs.mx

File Name    : system/library/cache.php(0)
VQModObject::applyMod - SEARCH NOT FOUND (SKIPPED): if (is_file(DIR_SYSTEM . 'library/journal3/vendor/SuperCache

----------------------------------------------------------------------


---------- Date: 2026-03-29 21:38:49 ~ IP : 185.179.188.62 ----------
REQUEST URI : /sitemap.xml
MOD DETAILS:
   modFile   : /home/canmotalka/web/can-motalka.ru/public_html/vqmod/xml/lightning.xml
   id        : OpenCart Lightning
   version   : 3.37
   vqmver    : 
   author    : MaxD http://devs.mx

File Name    : system/library/cache.php(0)
VQModObject::applyMod - SEARCH NOT FOUND (SKIPPED): if (is_file(DIR_SYSTEM . 'library/journal3/vendor/SuperCache

----------------------------------------------------------------------


---------- Date: 2026-03-29 21:39:03 ~ IP : 185.179.188.62 ----------
REQUEST URI : /podmotka_spidometra/?ysclid=mnc3rztoqa297123423
MOD DETAILS:
   modFile   : /home/canmotalka/web/can-motalka.ru/public_html/vqmod/xml/lightning.xml
   id        : OpenCart Lightning
   version   : 3.37
   vqmver    : 
   author    : MaxD http://devs.mx

File Name    : system/library/cache.php(0)
VQModObject::applyMod - SEARCH NOT FOUND (SKIPPED): if (is_file(DIR_SYSTEM . 'library/journal3/vendor/SuperCache

----------------------------------------------------------------------


---------- Date: 2026-03-29 21:39:04 ~ IP : 185.179.188.62 ----------
REQUEST URI : /podmotka_spidometra/
MOD DETAILS:
   modFile   : /home/canmotalka/web/can-motalka.ru/public_html/vqmod/xml/lightning.xml
   id        : OpenCart Lightning
   version   : 3.37
   vqmver    : 
   author    : MaxD http://devs.mx

File Name    : system/library/cache.php(0)
VQModObject::applyMod - SEARCH NOT FOUND (SKIPPED): if (is_file(DIR_SYSTEM . 'library/journal3/vendor/SuperCache

----------------------------------------------------------------------


---------- Date: 2026-03-29 21:39:05 ~ IP : 185.179.188.62 ----------
REQUEST URI : /index.php?route=module/popupcart_extended
MOD DETAILS:
   modFile   : /home/canmotalka/web/can-motalka.ru/public_html/vqmod/xml/lightning.xml
   id        : OpenCart Lightning
   version   : 3.37
   vqmver    : 
   author    : MaxD http://devs.mx

File Name    : system/library/cache.php(0)
VQModObject::applyMod - SEARCH NOT FOUND (SKIPPED): if (is_file(DIR_SYSTEM . 'library/journal3/vendor/SuperCache

----------------------------------------------------------------------


---------- Date: 2026-03-29 21:43:16 ~ IP : 185.179.188.62 ----------
REQUEST URI : /podmotka-spidometra-renault-sandero-2/
MOD DETAILS:
   modFile   : /home/canmotalka/web/can-motalka.ru/public_html/vqmod/xml/lightning.xml
   id        : OpenCart Lightning
   version   : 3.37
   vqmver    : 
   author    : MaxD http://devs.mx

File Name    : system/library/cache.php(0)
VQModObject::applyMod - SEARCH NOT FOUND (SKIPPED): if (is_file(DIR_SYSTEM . 'library/journal3/vendor/SuperCache

----------------------------------------------------------------------


---------- Date: 2026-03-29 21:43:18 ~ IP : 185.179.188.62 ----------
REQUEST URI : /index.php?route=product/product/review&amp;product_id=188
MOD DETAILS:
   modFile   : /home/canmotalka/web/can-motalka.ru/public_html/vqmod/xml/lightning.xml
   id        : OpenCart Lightning
   version   : 3.37
   vqmver    : 
   author    : MaxD http://devs.mx

File Name    : system/library/cache.php(0)
VQModObject::applyMod - SEARCH NOT FOUND (SKIPPED): if (is_file(DIR_SYSTEM . 'library/journal3/vendor/SuperCache

----------------------------------------------------------------------


---------- Date: 2026-03-29 21:43:18 ~ IP : 185.179.188.62 ----------
REQUEST URI : /index.php?route=module/popupcart_extended
MOD DETAILS:
   modFile   : /home/canmotalka/web/can-motalka.ru/public_html/vqmod/xml/lightning.xml
   id        : OpenCart Lightning
   version   : 3.37
   vqmver    : 
   author    : MaxD http://devs.mx

File Name    : system/library/cache.php(0)
VQModObject::applyMod - SEARCH NOT FOUND (SKIPPED): if (is_file(DIR_SYSTEM . 'library/journal3/vendor/SuperCache

----------------------------------------------------------------------


---------- Date: 2026-03-29 21:47:13 ~ IP : 185.179.188.62 ----------
REQUEST URI : /podmotka_spidometra/
MOD DETAILS:
   modFile   : /home/canmotalka/web/can-motalka.ru/public_html/vqmod/xml/lightning.xml
   id        : OpenCart Lightning
   version   : 3.37
   vqmver    : 
   author    : MaxD http://devs.mx

File Name    : system/library/cache.php(0)
VQModObject::applyMod - SEARCH NOT FOUND (SKIPPED): if (is_file(DIR_SYSTEM . 'library/journal3/vendor/SuperCache

----------------------------------------------------------------------


---------- Date: 2026-03-29 21:47:15 ~ IP : 185.179.188.62 ----------
REQUEST URI : /index.php?route=module/popupcart_extended
MOD DETAILS:
   modFile   : /home/canmotalka/web/can-motalka.ru/public_html/vqmod/xml/lightning.xml
   id        : OpenCart Lightning
   version   : 3.37
   vqmver    : 
   author    : MaxD http://devs.mx

File Name    : system/library/cache.php(0)
VQModObject::applyMod - SEARCH NOT FOUND (SKIPPED): if (is_file(DIR_SYSTEM . 'library/journal3/vendor/SuperCache

----------------------------------------------------------------------


---------- Date: 2026-03-29 21:51:32 ~ IP : 185.179.188.62 ----------
REQUEST URI : /index.php?route=product/product/review&amp;product_id=92
MOD DETAILS:
   modFile   : /home/canmotalka/web/can-motalka.ru/public_html/vqmod/xml/lightning.xml
   id        : OpenCart Lightning
   version   : 3.37
   vqmver    : 
   author    : MaxD http://devs.mx

File Name    : system/library/cache.php(0)
VQModObject::applyMod - SEARCH NOT FOUND (SKIPPED): if (is_file(DIR_SYSTEM . 'library/journal3/vendor/SuperCache

----------------------------------------------------------------------


---------- Date: 2026-03-29 21:53:39 ~ IP : 185.179.188.62 ----------
REQUEST URI : /podmotka-spidometra-fiat-albea/
MOD DETAILS:
   modFile   : /home/canmotalka/web/can-motalka.ru/public_html/vqmod/xml/lightning.xml
   id        : OpenCart Lightning
   version   : 3.37
   vqmver    : 
   author    : MaxD http://devs.mx

File Name    : system/library/cache.php(0)
VQModObject::applyMod - SEARCH NOT FOUND (SKIPPED): if (is_file(DIR_SYSTEM . 'library/journal3/vendor/SuperCache

----------------------------------------------------------------------


---------- Date: 2026-03-29 21:58:52 ~ IP : 185.179.188.62 ----------
REQUEST URI : /setting_php/super-zhevitra/279-penon-krem-shekino/
MOD DETAILS:
   modFile   : /home/canmotalka/web/can-motalka.ru/public_html/vqmod/xml/lightning.xml
   id        : OpenCart Lightning
   version   : 3.37
   vqmver    : 
   author    : MaxD http://devs.mx

File Name    : system/library/cache.php(0)
VQModObject::applyMod - SEARCH NOT FOUND (SKIPPED): if (is_file(DIR_SYSTEM . 'library/journal3/vendor/SuperCache

----------------------------------------------------------------------


---------- Date: 2026-03-29 22:15:36 ~ IP : 185.179.188.62 ----------
REQUEST URI : /old/
MOD DETAILS:
   modFile   : /home/canmotalka/web/can-motalka.ru/public_html/vqmod/xml/lightning.xml
   id        : OpenCart Lightning
   version   : 3.37
   vqmver    : 
   author    : MaxD http://devs.mx

File Name    : system/library/cache.php(0)
VQModObject::applyMod - SEARCH NOT FOUND (SKIPPED): if (is_file(DIR_SYSTEM . 'library/journal3/vendor/SuperCache

----------------------------------------------------------------------


---------- Date: 2026-03-29 22:15:36 ~ IP : 185.179.188.62 ----------
REQUEST URI : /blog/
MOD DETAILS:
   modFile   : /home/canmotalka/web/can-motalka.ru/public_html/vqmod/xml/lightning.xml
   id        : OpenCart Lightning
   version   : 3.37
   vqmver    : 
   author    : MaxD http://devs.mx

File Name    : system/library/cache.php(0)
VQModObject::applyMod - SEARCH NOT FOUND (SKIPPED): if (is_file(DIR_SYSTEM . 'library/journal3/vendor/SuperCache

----------------------------------------------------------------------


---------- Date: 2026-03-29 22:15:37 ~ IP : 185.179.188.62 ----------
REQUEST URI : /backup/
MOD DETAILS:
   modFile   : /home/canmotalka/web/can-motalka.ru/public_html/vqmod/xml/lightning.xml
   id        : OpenCart Lightning
   version   : 3.37
   vqmver    : 
   author    : MaxD http://devs.mx

File Name    : system/library/cache.php(0)
VQModObject::applyMod - SEARCH NOT FOUND (SKIPPED): if (is_file(DIR_SYSTEM . 'library/journal3/vendor/SuperCache

----------------------------------------------------------------------


---------- Date: 2026-03-29 22:15:38 ~ IP : 185.179.188.62 ----------
REQUEST URI : /wp/
MOD DETAILS:
   modFile   : /home/canmotalka/web/can-motalka.ru/public_html/vqmod/xml/lightning.xml
   id        : OpenCart Lightning
   version   : 3.37
   vqmver    : 
   author    : MaxD http://devs.mx

File Name    : system/library/cache.php(0)
VQModObject::applyMod - SEARCH NOT FOUND (SKIPPED): if (is_file(DIR_SYSTEM . 'library/journal3/vendor/SuperCache

----------------------------------------------------------------------


---------- Date: 2026-03-29 22:15:38 ~ IP : 185.179.188.62 ----------
REQUEST URI : /wordpress/
MOD DETAILS:
   modFile   : /home/canmotalka/web/can-motalka.ru/public_html/vqmod/xml/lightning.xml
   id        : OpenCart Lightning
   version   : 3.37
   vqmver    : 
   author    : MaxD http://devs.mx

File Name    : system/library/cache.php(0)
VQModObject::applyMod - SEARCH NOT FOUND (SKIPPED): if (is_file(DIR_SYSTEM . 'library/journal3/vendor/SuperCache

----------------------------------------------------------------------


---------- Date: 2026-03-29 22:15:38 ~ IP : 185.179.188.62 ----------
REQUEST URI : /new/
MOD DETAILS:
   modFile   : /home/canmotalka/web/can-motalka.ru/public_html/vqmod/xml/lightning.xml
   id        : OpenCart Lightning
   version   : 3.37
   vqmver    : 
   author    : MaxD http://devs.mx

File Name    : system/library/cache.php(0)
VQModObject::applyMod - SEARCH NOT FOUND (SKIPPED): if (is_file(DIR_SYSTEM . 'library/journal3/vendor/SuperCache

----------------------------------------------------------------------


---------- Date: 2026-03-29 22:15:56 ~ IP : 185.179.188.62 ----------
REQUEST URI : /podmotka-spidometra-mitsubishi-outlander/
MOD DETAILS:
   modFile   : /home/canmotalka/web/can-motalka.ru/public_html/vqmod/xml/lightning.xml
   id        : OpenCart Lightning
   version   : 3.37
   vqmver    : 
   author    : MaxD http://devs.mx

File Name    : system/library/cache.php(0)
VQModObject::applyMod - SEARCH NOT FOUND (SKIPPED): if (is_file(DIR_SYSTEM . 'library/journal3/vendor/SuperCache

----------------------------------------------------------------------


---------- Date: 2026-03-29 22:18:49 ~ IP : 185.179.188.62 ----------
REQUEST URI : /podmotka-spidometra-lada-granta-fl/
MOD DETAILS:
   modFile   : /home/canmotalka/web/can-motalka.ru/public_html/vqmod/xml/lightning.xml
   id        : OpenCart Lightning
   version   : 3.37
   vqmver    : 
   author    : MaxD http://devs.mx

File Name    : system/library/cache.php(0)
VQModObject::applyMod - SEARCH NOT FOUND (SKIPPED): if (is_file(DIR_SYSTEM . 'library/journal3/vendor/SuperCache

----------------------------------------------------------------------


---------- Date: 2026-03-29 22:20:11 ~ IP : 185.179.188.62 ----------
REQUEST URI : /podmotka-spidometra-vesta-ng-np/
MOD DETAILS:
   modFile   : /home/canmotalka/web/can-motalka.ru/public_html/vqmod/xml/lightning.xml
   id        : OpenCart Lightning
   version   : 3.37
   vqmver    : 
   author    : MaxD http://devs.mx

File Name    : system/library/cache.php(0)
VQModObject::applyMod - SEARCH NOT FOUND (SKIPPED): if (is_file(DIR_SYSTEM . 'library/journal3/vendor/SuperCache

----------------------------------------------------------------------


---------- Date: 2026-03-29 22:20:52 ~ IP : 185.179.188.62 ----------
REQUEST URI : /instrukciya-podmotka-kamaz/
MOD DETAILS:
   modFile   : /home/canmotalka/web/can-motalka.ru/public_html/vqmod/xml/lightning.xml
   id        : OpenCart Lightning
   version   : 3.37
   vqmver    : 
   author    : MaxD http://devs.mx

File Name    : system/library/cache.php(0)
VQModObject::applyMod - SEARCH NOT FOUND (SKIPPED): if (is_file(DIR_SYSTEM . 'library/journal3/vendor/SuperCache

----------------------------------------------------------------------


---------- Date: 2026-03-29 22:23:32 ~ IP : 185.179.188.62 ----------
REQUEST URI : /podmotka-spidometra-uaz-patriot/
MOD DETAILS:
   modFile   : /home/canmotalka/web/can-motalka.ru/public_html/vqmod/xml/lightning.xml
   id        : OpenCart Lightning
   version   : 3.37
   vqmver    : 
   author    : MaxD http://devs.mx

File Name    : system/library/cache.php(0)
VQModObject::applyMod - SEARCH NOT FOUND (SKIPPED): if (is_file(DIR_SYSTEM . 'library/journal3/vendor/SuperCache

----------------------------------------------------------------------


---------- Date: 2026-03-29 22:24:52 ~ IP : 185.179.188.62 ----------
REQUEST URI : /niva_abs_re/
MOD DETAILS:
   modFile   : /home/canmotalka/web/can-motalka.ru/public_html/vqmod/xml/lightning.xml
   id        : OpenCart Lightning
   version   : 3.37
   vqmver    : 
   author    : MaxD http://devs.mx

File Name    : system/library/cache.php(0)
VQModObject::applyMod - SEARCH NOT FOUND (SKIPPED): if (is_file(DIR_SYSTEM . 'library/journal3/vendor/SuperCache

----------------------------------------------------------------------


---------- Date: 2026-03-29 22:26:38 ~ IP : 185.179.188.62 ----------
REQUEST URI : /largus_manual/
MOD DETAILS:
   modFile   : /home/canmotalka/web/can-motalka.ru/public_html/vqmod/xml/lightning.xml
   id        : OpenCart Lightning
   version   : 3.37
   vqmver    : 
   author    : MaxD http://devs.mx

File Name    : system/library/cache.php(0)
VQModObject::applyMod - SEARCH NOT FOUND (SKIPPED): if (is_file(DIR_SYSTEM . 'library/journal3/vendor/SuperCache

----------------------------------------------------------------------


---------- Date: 2026-03-29 22:30:01 ~ IP : 185.179.188.62 ----------
REQUEST URI : /podmotka-spidometra-ford-mondeo-4/
MOD DETAILS:
   modFile   : /home/canmotalka/web/can-motalka.ru/public_html/vqmod/xml/lightning.xml
   id        : OpenCart Lightning
   version   : 3.37
   vqmver    : 
   author    : MaxD http://devs.mx

File Name    : system/library/cache.php(0)
VQModObject::applyMod - SEARCH NOT FOUND (SKIPPED): if (is_file(DIR_SYSTEM . 'library/journal3/vendor/SuperCache

----------------------------------------------------------------------


---------- Date: 2026-03-29 22:31:42 ~ IP : 185.179.188.62 ----------
REQUEST URI : /podmotka-spidometra-renault-logan-2005-2014/
MOD DETAILS:
   modFile   : /home/canmotalka/web/can-motalka.ru/public_html/vqmod/xml/lightning.xml
   id        : OpenCart Lightning
   version   : 3.37
   vqmver    : 
   author    : MaxD http://devs.mx

File Name    : system/library/cache.php(0)
VQModObject::applyMod - SEARCH NOT FOUND (SKIPPED): if (is_file(DIR_SYSTEM . 'library/journal3/vendor/SuperCache

----------------------------------------------------------------------


---------- Date: 2026-03-29 22:32:22 ~ IP : 185.179.188.62 ----------
REQUEST URI : /podmotka-spidometra-ford-focus-2/
MOD DETAILS:
   modFile   : /home/canmotalka/web/can-motalka.ru/public_html/vqmod/xml/lightning.xml
   id        : OpenCart Lightning
   version   : 3.37
   vqmver    : 
   author    : MaxD http://devs.mx

File Name    : system/library/cache.php(0)
VQModObject::applyMod - SEARCH NOT FOUND (SKIPPED): if (is_file(DIR_SYSTEM . 'library/journal3/vendor/SuperCache

----------------------------------------------------------------------


---------- Date: 2026-03-29 22:32:27 ~ IP : 185.179.188.62 ----------
REQUEST URI : /podmotka-spidometra-shevrole-niva-abs-bezlimitnaya/
MOD DETAILS:
   modFile   : /home/canmotalka/web/can-motalka.ru/public_html/vqmod/xml/lightning.xml
   id        : OpenCart Lightning
   version   : 3.37
   vqmver    : 
   author    : MaxD http://devs.mx

File Name    : system/library/cache.php(0)
VQModObject::applyMod - SEARCH NOT FOUND (SKIPPED): if (is_file(DIR_SYSTEM . 'library/journal3/vendor/SuperCache

----------------------------------------------------------------------


---------- Date: 2026-03-29 22:32:28 ~ IP : 185.179.188.62 ----------
REQUEST URI : /index.php?route=product/product/review&amp;product_id=276
MOD DETAILS:
   modFile   : /home/canmotalka/web/can-motalka.ru/public_html/vqmod/xml/lightning.xml
   id        : OpenCart Lightning
   version   : 3.37
   vqmver    : 
   author    : MaxD http://devs.mx

File Name    : system/library/cache.php(0)
VQModObject::applyMod - SEARCH NOT FOUND (SKIPPED): if (is_file(DIR_SYSTEM . 'library/journal3/vendor/SuperCache

----------------------------------------------------------------------


---------- Date: 2026-03-29 22:32:29 ~ IP : 185.179.188.62 ----------
REQUEST URI : /index.php?route=module/popupcart_extended
MOD DETAILS:
   modFile   : /home/canmotalka/web/can-motalka.ru/public_html/vqmod/xml/lightning.xml
   id        : OpenCart Lightning
   version   : 3.37
   vqmver    : 
   author    : MaxD http://devs.mx

File Name    : system/library/cache.php(0)
VQModObject::applyMod - SEARCH NOT FOUND (SKIPPED): if (is_file(DIR_SYSTEM . 'library/journal3/vendor/SuperCache

----------------------------------------------------------------------


---------- Date: 2026-03-29 22:33:07 ~ IP : 185.179.188.62 ----------
REQUEST URI : /.well-known/traffic-advice
MOD DETAILS:
   modFile   : /home/canmotalka/web/can-motalka.ru/public_html/vqmod/xml/lightning.xml
   id        : OpenCart Lightning
   version   : 3.37
   vqmver    : 
   author    : MaxD http://devs.mx

File Name    : system/library/cache.php(0)
VQModObject::applyMod - SEARCH NOT FOUND (SKIPPED): if (is_file(DIR_SYSTEM . 'library/journal3/vendor/SuperCache

----------------------------------------------------------------------


---------- Date: 2026-03-29 22:33:07 ~ IP : 185.179.188.62 ----------
REQUEST URI : /podmotka-spidometra-volkswagen-caddy/
MOD DETAILS:
   modFile   : /home/canmotalka/web/can-motalka.ru/public_html/vqmod/xml/lightning.xml
   id        : OpenCart Lightning
   version   : 3.37
   vqmver    : 
   author    : MaxD http://devs.mx

File Name    : system/library/cache.php(0)
VQModObject::applyMod - SEARCH NOT FOUND (SKIPPED): if (is_file(DIR_SYSTEM . 'library/journal3/vendor/SuperCache

----------------------------------------------------------------------


---------- Date: 2026-03-29 22:34:56 ~ IP : 185.179.188.62 ----------
REQUEST URI : /podmotka-spidometra-volkswagen-caddy/
MOD DETAILS:
   modFile   : /home/canmotalka/web/can-motalka.ru/public_html/vqmod/xml/lightning.xml
   id        : OpenCart Lightning
   version   : 3.37
   vqmver    : 
   author    : MaxD http://devs.mx

File Name    : system/library/cache.php(0)
VQModObject::applyMod - SEARCH NOT FOUND (SKIPPED): if (is_file(DIR_SYSTEM . 'library/journal3/vendor/SuperCache

----------------------------------------------------------------------


---------- Date: 2026-03-29 22:34:57 ~ IP : 185.179.188.62 ----------
REQUEST URI : /index.php?route=product/product/review&amp;product_id=223
MOD DETAILS:
   modFile   : /home/canmotalka/web/can-motalka.ru/public_html/vqmod/xml/lightning.xml
   id        : OpenCart Lightning
   version   : 3.37
   vqmver    : 
   author    : MaxD http://devs.mx

File Name    : system/library/cache.php(0)
VQModObject::applyMod - SEARCH NOT FOUND (SKIPPED): if (is_file(DIR_SYSTEM . 'library/journal3/vendor/SuperCache

----------------------------------------------------------------------


---------- Date: 2026-03-29 22:34:57 ~ IP : 185.179.188.62 ----------
REQUEST URI : /index.php?route=module/popupcart_extended
MOD DETAILS:
   modFile   : /home/canmotalka/web/can-motalka.ru/public_html/vqmod/xml/lightning.xml
   id        : OpenCart Lightning
   version   : 3.37
   vqmver    : 
   author    : MaxD http://devs.mx

File Name    : system/library/cache.php(0)
VQModObject::applyMod - SEARCH NOT FOUND (SKIPPED): if (is_file(DIR_SYSTEM . 'library/journal3/vendor/SuperCache

----------------------------------------------------------------------


---------- Date: 2026-03-29 22:43:53 ~ IP : 185.179.188.62 ----------
REQUEST URI : /podmotka-spidometra-volkswagen-caddy/
MOD DETAILS:
   modFile   : /home/canmotalka/web/can-motalka.ru/public_html/vqmod/xml/lightning.xml
   id        : OpenCart Lightning
   version   : 3.37
   vqmver    : 
   author    : MaxD http://devs.mx

File Name    : system/library/cache.php(0)
VQModObject::applyMod - SEARCH NOT FOUND (SKIPPED): if (is_file(DIR_SYSTEM . 'library/journal3/vendor/SuperCache

----------------------------------------------------------------------


---------- Date: 2026-03-29 22:44:26 ~ IP : 185.179.188.62 ----------
REQUEST URI : /podmotka-krutilka-motalka-spidometra-dlya-toyota-camry-v55/
MOD DETAILS:
   modFile   : /home/canmotalka/web/can-motalka.ru/public_html/vqmod/xml/lightning.xml
   id        : OpenCart Lightning
   version   : 3.37
   vqmver    : 
   author    : MaxD http://devs.mx

File Name    : system/library/cache.php(0)
VQModObject::applyMod - SEARCH NOT FOUND (SKIPPED): if (is_file(DIR_SYSTEM . 'library/journal3/vendor/SuperCache

----------------------------------------------------------------------


---------- Date: 2026-03-29 22:44:42 ~ IP : 185.179.188.62 ----------
REQUEST URI : /podmotka-spidometra-renault-dokker/
MOD DETAILS:
   modFile   : /home/canmotalka/web/can-motalka.ru/public_html/vqmod/xml/lightning.xml
   id        : OpenCart Lightning
   version   : 3.37
   vqmver    : 
   author    : MaxD http://devs.mx

File Name    : system/library/cache.php(0)
VQModObject::applyMod - SEARCH NOT FOUND (SKIPPED): if (is_file(DIR_SYSTEM . 'library/journal3/vendor/SuperCache

----------------------------------------------------------------------


---------- Date: 2026-03-29 22:44:47 ~ IP : 185.179.188.62 ----------
REQUEST URI : /index.php?route=product/product/review&amp;product_id=267
MOD DETAILS:
   modFile   : /home/canmotalka/web/can-motalka.ru/public_html/vqmod/xml/lightning.xml
   id        : OpenCart Lightning
   version   : 3.37
   vqmver    : 
   author    : MaxD http://devs.mx

File Name    : system/library/cache.php(0)
VQModObject::applyMod - SEARCH NOT FOUND (SKIPPED): if (is_file(DIR_SYSTEM . 'library/journal3/vendor/SuperCache

----------------------------------------------------------------------


---------- Date: 2026-03-29 22:44:47 ~ IP : 185.179.188.62 ----------
REQUEST URI : /index.php?route=module/popupcart_extended
MOD DETAILS:
   modFile   : /home/canmotalka/web/can-motalka.ru/public_html/vqmod/xml/lightning.xml
   id        : OpenCart Lightning
   version   : 3.37
   vqmver    : 
   author    : MaxD http://devs.mx

File Name    : system/library/cache.php(0)
VQModObject::applyMod - SEARCH NOT FOUND (SKIPPED): if (is_file(DIR_SYSTEM . 'library/journal3/vendor/SuperCache

----------------------------------------------------------------------


---------- Date: 2026-03-29 22:49:22 ~ IP : 185.179.188.62 ----------
REQUEST URI : /podmotka-spidometra-renault-megane-2/
MOD DETAILS:
   modFile   : /home/canmotalka/web/can-motalka.ru/public_html/vqmod/xml/lightning.xml
   id        : OpenCart Lightning
   version   : 3.37
   vqmver    : 
   author    : MaxD http://devs.mx

File Name    : system/library/cache.php(0)
VQModObject::applyMod - SEARCH NOT FOUND (SKIPPED): if (is_file(DIR_SYSTEM . 'library/journal3/vendor/SuperCache

----------------------------------------------------------------------


---------- Date: 2026-03-29 22:49:26 ~ IP : 185.179.188.62 ----------
REQUEST URI : /index.php?route=product/product/review&amp;product_id=172
MOD DETAILS:
   modFile   : /home/canmotalka/web/can-motalka.ru/public_html/vqmod/xml/lightning.xml
   id        : OpenCart Lightning
   version   : 3.37
   vqmver    : 
   author    : MaxD http://devs.mx

File Name    : system/library/cache.php(0)
VQModObject::applyMod - SEARCH NOT FOUND (SKIPPED): if (is_file(DIR_SYSTEM . 'library/journal3/vendor/SuperCache

----------------------------------------------------------------------


---------- Date: 2026-03-29 22:49:26 ~ IP : 185.179.188.62 ----------
REQUEST URI : /index.php?route=module/popupcart_extended
MOD DETAILS:
   modFile   : /home/canmotalka/web/can-motalka.ru/public_html/vqmod/xml/lightning.xml
   id        : OpenCart Lightning
   version   : 3.37
   vqmver    : 
   author    : MaxD http://devs.mx

File Name    : system/library/cache.php(0)
VQModObject::applyMod - SEARCH NOT FOUND (SKIPPED): if (is_file(DIR_SYSTEM . 'library/journal3/vendor/SuperCache

----------------------------------------------------------------------


---------- Date: 2026-03-29 22:50:07 ~ IP : 185.179.188.62 ----------
REQUEST URI : /podmotka-spidometra-renault-megane-2/
MOD DETAILS:
   modFile   : /home/canmotalka/web/can-motalka.ru/public_html/vqmod/xml/lightning.xml
   id        : OpenCart Lightning
   version   : 3.37
   vqmver    : 
   author    : MaxD http://devs.mx

File Name    : system/library/cache.php(0)
VQModObject::applyMod - SEARCH NOT FOUND (SKIPPED): if (is_file(DIR_SYSTEM . 'library/journal3/vendor/SuperCache

----------------------------------------------------------------------


---------- Date: 2026-03-29 22:50:19 ~ IP : 185.179.188.62 ----------
REQUEST URI : /index.php?route=product/product&amp;path=17&amp;product_id=80
MOD DETAILS:
   modFile   : /home/canmotalka/web/can-motalka.ru/public_html/vqmod/xml/lightning.xml
   id        : OpenCart Lightning
   version   : 3.37
   vqmver    : 
   author    : MaxD http://devs.mx

File Name    : system/library/cache.php(0)
VQModObject::applyMod - SEARCH NOT FOUND (SKIPPED): if (is_file(DIR_SYSTEM . 'library/journal3/vendor/SuperCache

----------------------------------------------------------------------


---------- Date: 2026-03-29 22:50:22 ~ IP : 185.179.188.62 ----------
REQUEST URI : /krutilka-spidometra-dlya-chevrolet-aveo/
MOD DETAILS:
   modFile   : /home/canmotalka/web/can-motalka.ru/public_html/vqmod/xml/lightning.xml
   id        : OpenCart Lightning
   version   : 3.37
   vqmver    : 
   author    : MaxD http://devs.mx

File Name    : system/library/cache.php(0)
VQModObject::applyMod - SEARCH NOT FOUND (SKIPPED): if (is_file(DIR_SYSTEM . 'library/journal3/vendor/SuperCache

----------------------------------------------------------------------


---------- Date: 2026-03-29 22:50:27 ~ IP : 185.179.188.62 ----------
REQUEST URI : /index.php?route=module/popupcart_extended
MOD DETAILS:
   modFile   : /home/canmotalka/web/can-motalka.ru/public_html/vqmod/xml/lightning.xml
   id        : OpenCart Lightning
   version   : 3.37
   vqmver    : 
   author    : MaxD http://devs.mx

File Name    : system/library/cache.php(0)
VQModObject::applyMod - SEARCH NOT FOUND (SKIPPED): if (is_file(DIR_SYSTEM . 'library/journal3/vendor/SuperCache

----------------------------------------------------------------------


---------- Date: 2026-03-29 22:54:27 ~ IP : 185.179.188.62 ----------
REQUEST URI : /index.php?route=product/search&amp;tag=%D0%B8%D0%BA%D1%81%D1%80%D0%B5%D0%B9
MOD DETAILS:
   modFile   : /home/canmotalka/web/can-motalka.ru/public_html/vqmod/xml/lightning.xml
   id        : OpenCart Lightning
   version   : 3.37
   vqmver    : 
   author    : MaxD http://devs.mx

File Name    : system/library/cache.php(0)
VQModObject::applyMod - SEARCH NOT FOUND (SKIPPED): if (is_file(DIR_SYSTEM . 'library/journal3/vendor/SuperCache

----------------------------------------------------------------------


---------- Date: 2026-03-29 22:56:39 ~ IP : 185.179.188.62 ----------
REQUEST URI : /patriot_re/
MOD DETAILS:
   modFile   : /home/canmotalka/web/can-motalka.ru/public_html/vqmod/xml/lightning.xml
   id        : OpenCart Lightning
   version   : 3.37
   vqmver    : 
   author    : MaxD http://devs.mx

File Name    : system/library/cache.php(0)
VQModObject::applyMod - SEARCH NOT FOUND (SKIPPED): if (is_file(DIR_SYSTEM . 'library/journal3/vendor/SuperCache

----------------------------------------------------------------------


---------- Date: 2026-03-29 23:04:31 ~ IP : 185.179.188.62 ----------
REQUEST URI : /podmotka-krutilka-motalka-spidometra-dlya-toyota-camry-v55/
MOD DETAILS:
   modFile   : /home/canmotalka/web/can-motalka.ru/public_html/vqmod/xml/lightning.xml
   id        : OpenCart Lightning
   version   : 3.37
   vqmver    : 
   author    : MaxD http://devs.mx

File Name    : system/library/cache.php(0)
VQModObject::applyMod - SEARCH NOT FOUND (SKIPPED): if (is_file(DIR_SYSTEM . 'library/journal3/vendor/SuperCache

----------------------------------------------------------------------


---------- Date: 2026-03-29 23:14:32 ~ IP : 185.179.188.62 ----------
REQUEST URI : /setting_php/super-jevitra/372-levitra-20-dostavka-bugulma
MOD DETAILS:
   modFile   : /home/canmotalka/web/can-motalka.ru/public_html/vqmod/xml/lightning.xml
   id        : OpenCart Lightning
   version   : 3.37
   vqmver    : 
   author    : MaxD http://devs.mx

File Name    : system/library/cache.php(0)
VQModObject::applyMod - SEARCH NOT FOUND (SKIPPED): if (is_file(DIR_SYSTEM . 'library/journal3/vendor/SuperCache

----------------------------------------------------------------------


---------- Date: 2026-03-29 23:14:44 ~ IP : 185.179.188.62 ----------
REQUEST URI : /podmotka-spidometra-mitsubishi-outlander/
MOD DETAILS:
   modFile   : /home/canmotalka/web/can-motalka.ru/public_html/vqmod/xml/lightning.xml
   id        : OpenCart Lightning
   version   : 3.37
   vqmver    : 
   author    : MaxD http://devs.mx

File Name    : system/library/cache.php(0)
VQModObject::applyMod - SEARCH NOT FOUND (SKIPPED): if (is_file(DIR_SYSTEM . 'library/journal3/vendor/SuperCache

----------------------------------------------------------------------


---------- Date: 2026-03-29 23:14:59 ~ IP : 185.179.188.62 ----------
REQUEST URI : /podmotka-spidometra-shevrole-niva-abs-bezlimitnaya
MOD DETAILS:
   modFile   : /home/canmotalka/web/can-motalka.ru/public_html/vqmod/xml/lightning.xml
   id        : OpenCart Lightning
   version   : 3.37
   vqmver    : 
   author    : MaxD http://devs.mx

File Name    : system/library/cache.php(0)
VQModObject::applyMod - SEARCH NOT FOUND (SKIPPED): if (is_file(DIR_SYSTEM . 'library/journal3/vendor/SuperCache

----------------------------------------------------------------------


---------- Date: 2026-03-29 23:19:45 ~ IP : 185.179.188.62 ----------
REQUEST URI : /setting_php/uluchshenie-potencii/888-sialis-viagra-so-skidkoy-anjerosudjensk/
MOD DETAILS:
   modFile   : /home/canmotalka/web/can-motalka.ru/public_html/vqmod/xml/lightning.xml
   id        : OpenCart Lightning
   version   : 3.37
   vqmver    : 
   author    : MaxD http://devs.mx

File Name    : system/library/cache.php(0)
VQModObject::applyMod - SEARCH NOT FOUND (SKIPPED): if (is_file(DIR_SYSTEM . 'library/journal3/vendor/SuperCache

----------------------------------------------------------------------


---------- Date: 2026-03-29 23:34:01 ~ IP : 185.179.188.62 ----------
REQUEST URI : /podmotka-spidometra-lada-kalina/
MOD DETAILS:
   modFile   : /home/canmotalka/web/can-motalka.ru/public_html/vqmod/xml/lightning.xml
   id        : OpenCart Lightning
   version   : 3.37
   vqmver    : 
   author    : MaxD http://devs.mx

File Name    : system/library/cache.php(0)
VQModObject::applyMod - SEARCH NOT FOUND (SKIPPED): if (is_file(DIR_SYSTEM . 'library/journal3/vendor/SuperCache

----------------------------------------------------------------------


---------- Date: 2026-03-29 23:34:05 ~ IP : 185.179.188.62 ----------
REQUEST URI : /index.php?route=module/popupcart_extended
MOD DETAILS:
   modFile   : /home/canmotalka/web/can-motalka.ru/public_html/vqmod/xml/lightning.xml
   id        : OpenCart Lightning
   version   : 3.37
   vqmver    : 
   author    : MaxD http://devs.mx

File Name    : system/library/cache.php(0)
VQModObject::applyMod - SEARCH NOT FOUND (SKIPPED): if (is_file(DIR_SYSTEM . 'library/journal3/vendor/SuperCache

----------------------------------------------------------------------


---------- Date: 2026-03-29 23:34:05 ~ IP : 185.179.188.62 ----------
REQUEST URI : /index.php?route=product/product/review&amp;product_id=113
MOD DETAILS:
   modFile   : /home/canmotalka/web/can-motalka.ru/public_html/vqmod/xml/lightning.xml
   id        : OpenCart Lightning
   version   : 3.37
   vqmver    : 
   author    : MaxD http://devs.mx

File Name    : system/library/cache.php(0)
VQModObject::applyMod - SEARCH NOT FOUND (SKIPPED): if (is_file(DIR_SYSTEM . 'library/journal3/vendor/SuperCache

----------------------------------------------------------------------


---------- Date: 2026-03-29 23:35:43 ~ IP : 185.179.188.62 ----------
REQUEST URI : /podmotka-spidometra-toyota-rav4/
MOD DETAILS:
   modFile   : /home/canmotalka/web/can-motalka.ru/public_html/vqmod/xml/lightning.xml
   id        : OpenCart Lightning
   version   : 3.37
   vqmver    : 
   author    : MaxD http://devs.mx

File Name    : system/library/cache.php(0)
VQModObject::applyMod - SEARCH NOT FOUND (SKIPPED): if (is_file(DIR_SYSTEM . 'library/journal3/vendor/SuperCache

----------------------------------------------------------------------


---------- Date: 2026-03-29 23:37:02 ~ IP : 185.179.188.62 ----------
REQUEST URI : /namotchik-probega-dlya-audi-q5/
MOD DETAILS:
   modFile   : /home/canmotalka/web/can-motalka.ru/public_html/vqmod/xml/lightning.xml
   id        : OpenCart Lightning
   version   : 3.37
   vqmver    : 
   author    : MaxD http://devs.mx

File Name    : system/library/cache.php(0)
VQModObject::applyMod - SEARCH NOT FOUND (SKIPPED): if (is_file(DIR_SYSTEM . 'library/journal3/vendor/SuperCache

----------------------------------------------------------------------


---------- Date: 2026-03-29 23:37:22 ~ IP : 185.179.188.62 ----------
REQUEST URI : /index.php?route=product/product/review&amp;product_id=237
MOD DETAILS:
   modFile   : /home/canmotalka/web/can-motalka.ru/public_html/vqmod/xml/lightning.xml
   id        : OpenCart Lightning
   version   : 3.37
   vqmver    : 
   author    : MaxD http://devs.mx

File Name    : system/library/cache.php(0)
VQModObject::applyMod - SEARCH NOT FOUND (SKIPPED): if (is_file(DIR_SYSTEM . 'library/journal3/vendor/SuperCache

----------------------------------------------------------------------


---------- Date: 2026-03-29 23:37:28 ~ IP : 185.179.188.62 ----------
REQUEST URI : /index.php?route=module/popupcart_extended
MOD DETAILS:
   modFile   : /home/canmotalka/web/can-motalka.ru/public_html/vqmod/xml/lightning.xml
   id        : OpenCart Lightning
   version   : 3.37
   vqmver    : 
   author    : MaxD http://devs.mx

File Name    : system/library/cache.php(0)
VQModObject::applyMod - SEARCH NOT FOUND (SKIPPED): if (is_file(DIR_SYSTEM . 'library/journal3/vendor/SuperCache

----------------------------------------------------------------------


---------- Date: 2026-03-29 23:39:13 ~ IP : 185.179.188.62 ----------
REQUEST URI : /index.php?route=product/product&amp;path=86&amp;product_id=110
MOD DETAILS:
   modFile   : /home/canmotalka/web/can-motalka.ru/public_html/vqmod/xml/lightning.xml
   id        : OpenCart Lightning
   version   : 3.37
   vqmver    : 
   author    : MaxD http://devs.mx

File Name    : system/library/cache.php(0)
VQModObject::applyMod - SEARCH NOT FOUND (SKIPPED): if (is_file(DIR_SYSTEM . 'library/journal3/vendor/SuperCache

----------------------------------------------------------------------


---------- Date: 2026-03-29 23:39:17 ~ IP : 185.179.188.62 ----------
REQUEST URI : /podmotka-spidometra-kamaz/
MOD DETAILS:
   modFile   : /home/canmotalka/web/can-motalka.ru/public_html/vqmod/xml/lightning.xml
   id        : OpenCart Lightning
   version   : 3.37
   vqmver    : 
   author    : MaxD http://devs.mx

File Name    : system/library/cache.php(0)
VQModObject::applyMod - SEARCH NOT FOUND (SKIPPED): if (is_file(DIR_SYSTEM . 'library/journal3/vendor/SuperCache

----------------------------------------------------------------------


---------- Date: 2026-03-29 23:39:24 ~ IP : 185.179.188.62 ----------
REQUEST URI : /index.php?route=module/popupcart_extended
MOD DETAILS:
   modFile   : /home/canmotalka/web/can-motalka.ru/public_html/vqmod/xml/lightning.xml
   id        : OpenCart Lightning
   version   : 3.37
   vqmver    : 
   author    : MaxD http://devs.mx

File Name    : system/library/cache.php(0)
VQModObject::applyMod - SEARCH NOT FOUND (SKIPPED): if (is_file(DIR_SYSTEM . 'library/journal3/vendor/SuperCache

----------------------------------------------------------------------


---------- Date: 2026-03-29 23:44:49 ~ IP : 185.179.188.62 ----------
REQUEST URI : /kak-perenatroit-podmotku-spidometra/
MOD DETAILS:
   modFile   : /home/canmotalka/web/can-motalka.ru/public_html/vqmod/xml/lightning.xml
   id        : OpenCart Lightning
   version   : 3.37
   vqmver    : 
   author    : MaxD http://devs.mx

File Name    : system/library/cache.php(0)
VQModObject::applyMod - SEARCH NOT FOUND (SKIPPED): if (is_file(DIR_SYSTEM . 'library/journal3/vendor/SuperCache

----------------------------------------------------------------------


---------- Date: 2026-03-29 23:52:04 ~ IP : 185.179.188.62 ----------
REQUEST URI : /manuals/
MOD DETAILS:
   modFile   : /home/canmotalka/web/can-motalka.ru/public_html/vqmod/xml/lightning.xml
   id        : OpenCart Lightning
   version   : 3.37
   vqmver    : 
   author    : MaxD http://devs.mx

File Name    : system/library/cache.php(0)
VQModObject::applyMod - SEARCH NOT FOUND (SKIPPED): if (is_file(DIR_SYSTEM . 'library/journal3/vendor/SuperCache

----------------------------------------------------------------------


---------- Date: 2026-03-29 23:52:05 ~ IP : 185.179.188.62 ----------
REQUEST URI : /index.php?route=module/popupcart_extended
MOD DETAILS:
   modFile   : /home/canmotalka/web/can-motalka.ru/public_html/vqmod/xml/lightning.xml
   id        : OpenCart Lightning
   version   : 3.37
   vqmver    : 
   author    : MaxD http://devs.mx

File Name    : system/library/cache.php(0)
VQModObject::applyMod - SEARCH NOT FOUND (SKIPPED): if (is_file(DIR_SYSTEM . 'library/journal3/vendor/SuperCache

----------------------------------------------------------------------


---------- Date: 2026-03-29 23:57:39 ~ IP : 185.179.188.62 ----------
REQUEST URI : /sitemap.xml
MOD DETAILS:
   modFile   : /home/canmotalka/web/can-motalka.ru/public_html/vqmod/xml/lightning.xml
   id        : OpenCart Lightning
   version   : 3.37
   vqmver    : 
   author    : MaxD http://devs.mx

File Name    : system/library/cache.php(0)
VQModObject::applyMod - SEARCH NOT FOUND (SKIPPED): if (is_file(DIR_SYSTEM . 'library/journal3/vendor/SuperCache

----------------------------------------------------------------------


