---------- Date: 2026-03-30 00:00:06 ~ IP : 185.179.188.62 ----------
REQUEST URI : /index.php?route=feed/google_merchant
MOD DETAILS:
   modFile   : /home/canmotalka/web/can-motalka.ru/public_html/vqmod/xml/lightning.xml
   id        : OpenCart Lightning
   version   : 3.37
   vqmver    : 
   author    : MaxD http://devs.mx

File Name    : system/library/cache.php(0)
VQModObject::applyMod - SEARCH NOT FOUND (SKIPPED): if (is_file(DIR_SYSTEM . 'library/journal3/vendor/SuperCache

----------------------------------------------------------------------


---------- Date: 2026-03-30 00:18:35 ~ IP : 185.179.188.62 ----------
REQUEST URI : /sitemap.xml%200
MOD DETAILS:
   modFile   : /home/canmotalka/web/can-motalka.ru/public_html/vqmod/xml/lightning.xml
   id        : OpenCart Lightning
   version   : 3.37
   vqmver    : 
   author    : MaxD http://devs.mx

File Name    : system/library/cache.php(0)
VQModObject::applyMod - SEARCH NOT FOUND (SKIPPED): if (is_file(DIR_SYSTEM . 'library/journal3/vendor/SuperCache

----------------------------------------------------------------------


---------- Date: 2026-03-30 00:18:35 ~ IP : 185.179.188.62 ----------
REQUEST URI : /sitemap/
MOD DETAILS:
   modFile   : /home/canmotalka/web/can-motalka.ru/public_html/vqmod/xml/lightning.xml
   id        : OpenCart Lightning
   version   : 3.37
   vqmver    : 
   author    : MaxD http://devs.mx

File Name    : system/library/cache.php(0)
VQModObject::applyMod - SEARCH NOT FOUND (SKIPPED): if (is_file(DIR_SYSTEM . 'library/journal3/vendor/SuperCache

----------------------------------------------------------------------


---------- Date: 2026-03-30 00:23:17 ~ IP : 185.179.188.62 ----------
REQUEST URI : /manuals/?ysclid=mnc9n50bzk110749001
MOD DETAILS:
   modFile   : /home/canmotalka/web/can-motalka.ru/public_html/vqmod/xml/lightning.xml
   id        : OpenCart Lightning
   version   : 3.37
   vqmver    : 
   author    : MaxD http://devs.mx

File Name    : system/library/cache.php(0)
VQModObject::applyMod - SEARCH NOT FOUND (SKIPPED): if (is_file(DIR_SYSTEM . 'library/journal3/vendor/SuperCache

----------------------------------------------------------------------


---------- Date: 2026-03-30 00:23:25 ~ IP : 185.179.188.62 ----------
REQUEST URI : /index.php?route=module/popupcart_extended
MOD DETAILS:
   modFile   : /home/canmotalka/web/can-motalka.ru/public_html/vqmod/xml/lightning.xml
   id        : OpenCart Lightning
   version   : 3.37
   vqmver    : 
   author    : MaxD http://devs.mx

File Name    : system/library/cache.php(0)
VQModObject::applyMod - SEARCH NOT FOUND (SKIPPED): if (is_file(DIR_SYSTEM . 'library/journal3/vendor/SuperCache

----------------------------------------------------------------------


---------- Date: 2026-03-30 00:26:02 ~ IP : 185.179.188.62 ----------
REQUEST URI : /namotchik-probega-dlya-toyota-land-cruiser-200/?ysclid=mnc9qqf645143867035
MOD DETAILS:
   modFile   : /home/canmotalka/web/can-motalka.ru/public_html/vqmod/xml/lightning.xml
   id        : OpenCart Lightning
   version   : 3.37
   vqmver    : 
   author    : MaxD http://devs.mx

File Name    : system/library/cache.php(0)
VQModObject::applyMod - SEARCH NOT FOUND (SKIPPED): if (is_file(DIR_SYSTEM . 'library/journal3/vendor/SuperCache

----------------------------------------------------------------------


---------- Date: 2026-03-30 00:26:02 ~ IP : 185.179.188.62 ----------
REQUEST URI : /namotchik-probega-dlya-toyota-land-cruiser-200/
MOD DETAILS:
   modFile   : /home/canmotalka/web/can-motalka.ru/public_html/vqmod/xml/lightning.xml
   id        : OpenCart Lightning
   version   : 3.37
   vqmver    : 
   author    : MaxD http://devs.mx

File Name    : system/library/cache.php(0)
VQModObject::applyMod - SEARCH NOT FOUND (SKIPPED): if (is_file(DIR_SYSTEM . 'library/journal3/vendor/SuperCache

----------------------------------------------------------------------


---------- Date: 2026-03-30 00:26:03 ~ IP : 185.179.188.62 ----------
REQUEST URI : /index.php?route=product/product/review&amp;product_id=202
MOD DETAILS:
   modFile   : /home/canmotalka/web/can-motalka.ru/public_html/vqmod/xml/lightning.xml
   id        : OpenCart Lightning
   version   : 3.37
   vqmver    : 
   author    : MaxD http://devs.mx

File Name    : system/library/cache.php(0)
VQModObject::applyMod - SEARCH NOT FOUND (SKIPPED): if (is_file(DIR_SYSTEM . 'library/journal3/vendor/SuperCache

----------------------------------------------------------------------


---------- Date: 2026-03-30 00:26:03 ~ IP : 185.179.188.62 ----------
REQUEST URI : /index.php?route=module/popupcart_extended
MOD DETAILS:
   modFile   : /home/canmotalka/web/can-motalka.ru/public_html/vqmod/xml/lightning.xml
   id        : OpenCart Lightning
   version   : 3.37
   vqmver    : 
   author    : MaxD http://devs.mx

File Name    : system/library/cache.php(0)
VQModObject::applyMod - SEARCH NOT FOUND (SKIPPED): if (is_file(DIR_SYSTEM . 'library/journal3/vendor/SuperCache

----------------------------------------------------------------------


---------- Date: 2026-03-30 00:29:59 ~ IP : 185.179.188.62 ----------
REQUEST URI : //wp-includes/wlwmanifest.xml
MOD DETAILS:
   modFile   : /home/canmotalka/web/can-motalka.ru/public_html/vqmod/xml/lightning.xml
   id        : OpenCart Lightning
   version   : 3.37
   vqmver    : 
   author    : MaxD http://devs.mx

File Name    : system/library/cache.php(0)
VQModObject::applyMod - SEARCH NOT FOUND (SKIPPED): if (is_file(DIR_SYSTEM . 'library/journal3/vendor/SuperCache

----------------------------------------------------------------------


---------- Date: 2026-03-30 00:30:00 ~ IP : 185.179.188.62 ----------
REQUEST URI : /podmotka-spidometra-toyota-highlander/
MOD DETAILS:
   modFile   : /home/canmotalka/web/can-motalka.ru/public_html/vqmod/xml/lightning.xml
   id        : OpenCart Lightning
   version   : 3.37
   vqmver    : 
   author    : MaxD http://devs.mx

File Name    : system/library/cache.php(0)
VQModObject::applyMod - SEARCH NOT FOUND (SKIPPED): if (is_file(DIR_SYSTEM . 'library/journal3/vendor/SuperCache

----------------------------------------------------------------------


---------- Date: 2026-03-30 00:30:00 ~ IP : 185.179.188.62 ----------
REQUEST URI : //xmlrpc.php?rsd
MOD DETAILS:
   modFile   : /home/canmotalka/web/can-motalka.ru/public_html/vqmod/xml/lightning.xml
   id        : OpenCart Lightning
   version   : 3.37
   vqmver    : 
   author    : MaxD http://devs.mx

File Name    : system/library/cache.php(0)
VQModObject::applyMod - SEARCH NOT FOUND (SKIPPED): if (is_file(DIR_SYSTEM . 'library/journal3/vendor/SuperCache

----------------------------------------------------------------------


---------- Date: 2026-03-30 00:30:00 ~ IP : 185.179.188.62 ----------
REQUEST URI : //blog/wp-includes/wlwmanifest.xml
MOD DETAILS:
   modFile   : /home/canmotalka/web/can-motalka.ru/public_html/vqmod/xml/lightning.xml
   id        : OpenCart Lightning
   version   : 3.37
   vqmver    : 
   author    : MaxD http://devs.mx

File Name    : system/library/cache.php(0)
VQModObject::applyMod - SEARCH NOT FOUND (SKIPPED): if (is_file(DIR_SYSTEM . 'library/journal3/vendor/SuperCache

----------------------------------------------------------------------


---------- Date: 2026-03-30 00:30:01 ~ IP : 185.179.188.62 ----------
REQUEST URI : //web/wp-includes/wlwmanifest.xml
MOD DETAILS:
   modFile   : /home/canmotalka/web/can-motalka.ru/public_html/vqmod/xml/lightning.xml
   id        : OpenCart Lightning
   version   : 3.37
   vqmver    : 
   author    : MaxD http://devs.mx

File Name    : system/library/cache.php(0)
VQModObject::applyMod - SEARCH NOT FOUND (SKIPPED): if (is_file(DIR_SYSTEM . 'library/journal3/vendor/SuperCache

----------------------------------------------------------------------


---------- Date: 2026-03-30 00:30:01 ~ IP : 185.179.188.62 ----------
REQUEST URI : //wordpress/wp-includes/wlwmanifest.xml
MOD DETAILS:
   modFile   : /home/canmotalka/web/can-motalka.ru/public_html/vqmod/xml/lightning.xml
   id        : OpenCart Lightning
   version   : 3.37
   vqmver    : 
   author    : MaxD http://devs.mx

File Name    : system/library/cache.php(0)
VQModObject::applyMod - SEARCH NOT FOUND (SKIPPED): if (is_file(DIR_SYSTEM . 'library/journal3/vendor/SuperCache

----------------------------------------------------------------------


---------- Date: 2026-03-30 00:30:02 ~ IP : 185.179.188.62 ----------
REQUEST URI : //website/wp-includes/wlwmanifest.xml
MOD DETAILS:
   modFile   : /home/canmotalka/web/can-motalka.ru/public_html/vqmod/xml/lightning.xml
   id        : OpenCart Lightning
   version   : 3.37
   vqmver    : 
   author    : MaxD http://devs.mx

File Name    : system/library/cache.php(0)
VQModObject::applyMod - SEARCH NOT FOUND (SKIPPED): if (is_file(DIR_SYSTEM . 'library/journal3/vendor/SuperCache

----------------------------------------------------------------------


---------- Date: 2026-03-30 00:30:02 ~ IP : 185.179.188.62 ----------
REQUEST URI : //wp/wp-includes/wlwmanifest.xml
MOD DETAILS:
   modFile   : /home/canmotalka/web/can-motalka.ru/public_html/vqmod/xml/lightning.xml
   id        : OpenCart Lightning
   version   : 3.37
   vqmver    : 
   author    : MaxD http://devs.mx

File Name    : system/library/cache.php(0)
VQModObject::applyMod - SEARCH NOT FOUND (SKIPPED): if (is_file(DIR_SYSTEM . 'library/journal3/vendor/SuperCache

----------------------------------------------------------------------


---------- Date: 2026-03-30 00:30:03 ~ IP : 185.179.188.62 ----------
REQUEST URI : //news/wp-includes/wlwmanifest.xml
MOD DETAILS:
   modFile   : /home/canmotalka/web/can-motalka.ru/public_html/vqmod/xml/lightning.xml
   id        : OpenCart Lightning
   version   : 3.37
   vqmver    : 
   author    : MaxD http://devs.mx

File Name    : system/library/cache.php(0)
VQModObject::applyMod - SEARCH NOT FOUND (SKIPPED): if (is_file(DIR_SYSTEM . 'library/journal3/vendor/SuperCache

----------------------------------------------------------------------


---------- Date: 2026-03-30 00:30:03 ~ IP : 185.179.188.62 ----------
REQUEST URI : //2018/wp-includes/wlwmanifest.xml
MOD DETAILS:
   modFile   : /home/canmotalka/web/can-motalka.ru/public_html/vqmod/xml/lightning.xml
   id        : OpenCart Lightning
   version   : 3.37
   vqmver    : 
   author    : MaxD http://devs.mx

File Name    : system/library/cache.php(0)
VQModObject::applyMod - SEARCH NOT FOUND (SKIPPED): if (is_file(DIR_SYSTEM . 'library/journal3/vendor/SuperCache

----------------------------------------------------------------------


---------- Date: 2026-03-30 00:30:03 ~ IP : 185.179.188.62 ----------
REQUEST URI : //2019/wp-includes/wlwmanifest.xml
MOD DETAILS:
   modFile   : /home/canmotalka/web/can-motalka.ru/public_html/vqmod/xml/lightning.xml
   id        : OpenCart Lightning
   version   : 3.37
   vqmver    : 
   author    : MaxD http://devs.mx

File Name    : system/library/cache.php(0)
VQModObject::applyMod - SEARCH NOT FOUND (SKIPPED): if (is_file(DIR_SYSTEM . 'library/journal3/vendor/SuperCache

----------------------------------------------------------------------


---------- Date: 2026-03-30 00:30:04 ~ IP : 185.179.188.62 ----------
REQUEST URI : //shop/wp-includes/wlwmanifest.xml
MOD DETAILS:
   modFile   : /home/canmotalka/web/can-motalka.ru/public_html/vqmod/xml/lightning.xml
   id        : OpenCart Lightning
   version   : 3.37
   vqmver    : 
   author    : MaxD http://devs.mx

File Name    : system/library/cache.php(0)
VQModObject::applyMod - SEARCH NOT FOUND (SKIPPED): if (is_file(DIR_SYSTEM . 'library/journal3/vendor/SuperCache

----------------------------------------------------------------------


---------- Date: 2026-03-30 00:30:04 ~ IP : 185.179.188.62 ----------
REQUEST URI : //wp1/wp-includes/wlwmanifest.xml
MOD DETAILS:
   modFile   : /home/canmotalka/web/can-motalka.ru/public_html/vqmod/xml/lightning.xml
   id        : OpenCart Lightning
   version   : 3.37
   vqmver    : 
   author    : MaxD http://devs.mx

File Name    : system/library/cache.php(0)
VQModObject::applyMod - SEARCH NOT FOUND (SKIPPED): if (is_file(DIR_SYSTEM . 'library/journal3/vendor/SuperCache

----------------------------------------------------------------------


---------- Date: 2026-03-30 00:30:04 ~ IP : 185.179.188.62 ----------
REQUEST URI : //test/wp-includes/wlwmanifest.xml
MOD DETAILS:
   modFile   : /home/canmotalka/web/can-motalka.ru/public_html/vqmod/xml/lightning.xml
   id        : OpenCart Lightning
   version   : 3.37
   vqmver    : 
   author    : MaxD http://devs.mx

File Name    : system/library/cache.php(0)
VQModObject::applyMod - SEARCH NOT FOUND (SKIPPED): if (is_file(DIR_SYSTEM . 'library/journal3/vendor/SuperCache

----------------------------------------------------------------------


---------- Date: 2026-03-30 00:30:05 ~ IP : 185.179.188.62 ----------
REQUEST URI : //media/wp-includes/wlwmanifest.xml
MOD DETAILS:
   modFile   : /home/canmotalka/web/can-motalka.ru/public_html/vqmod/xml/lightning.xml
   id        : OpenCart Lightning
   version   : 3.37
   vqmver    : 
   author    : MaxD http://devs.mx

File Name    : system/library/cache.php(0)
VQModObject::applyMod - SEARCH NOT FOUND (SKIPPED): if (is_file(DIR_SYSTEM . 'library/journal3/vendor/SuperCache

----------------------------------------------------------------------


---------- Date: 2026-03-30 00:30:05 ~ IP : 185.179.188.62 ----------
REQUEST URI : //wp2/wp-includes/wlwmanifest.xml
MOD DETAILS:
   modFile   : /home/canmotalka/web/can-motalka.ru/public_html/vqmod/xml/lightning.xml
   id        : OpenCart Lightning
   version   : 3.37
   vqmver    : 
   author    : MaxD http://devs.mx

File Name    : system/library/cache.php(0)
VQModObject::applyMod - SEARCH NOT FOUND (SKIPPED): if (is_file(DIR_SYSTEM . 'library/journal3/vendor/SuperCache

----------------------------------------------------------------------


---------- Date: 2026-03-30 00:30:05 ~ IP : 185.179.188.62 ----------
REQUEST URI : //site/wp-includes/wlwmanifest.xml
MOD DETAILS:
   modFile   : /home/canmotalka/web/can-motalka.ru/public_html/vqmod/xml/lightning.xml
   id        : OpenCart Lightning
   version   : 3.37
   vqmver    : 
   author    : MaxD http://devs.mx

File Name    : system/library/cache.php(0)
VQModObject::applyMod - SEARCH NOT FOUND (SKIPPED): if (is_file(DIR_SYSTEM . 'library/journal3/vendor/SuperCache

----------------------------------------------------------------------


---------- Date: 2026-03-30 00:30:06 ~ IP : 185.179.188.62 ----------
REQUEST URI : //cms/wp-includes/wlwmanifest.xml
MOD DETAILS:
   modFile   : /home/canmotalka/web/can-motalka.ru/public_html/vqmod/xml/lightning.xml
   id        : OpenCart Lightning
   version   : 3.37
   vqmver    : 
   author    : MaxD http://devs.mx

File Name    : system/library/cache.php(0)
VQModObject::applyMod - SEARCH NOT FOUND (SKIPPED): if (is_file(DIR_SYSTEM . 'library/journal3/vendor/SuperCache

----------------------------------------------------------------------


---------- Date: 2026-03-30 00:30:06 ~ IP : 185.179.188.62 ----------
REQUEST URI : //sito/wp-includes/wlwmanifest.xml
MOD DETAILS:
   modFile   : /home/canmotalka/web/can-motalka.ru/public_html/vqmod/xml/lightning.xml
   id        : OpenCart Lightning
   version   : 3.37
   vqmver    : 
   author    : MaxD http://devs.mx

File Name    : system/library/cache.php(0)
VQModObject::applyMod - SEARCH NOT FOUND (SKIPPED): if (is_file(DIR_SYSTEM . 'library/journal3/vendor/SuperCache

----------------------------------------------------------------------


---------- Date: 2026-03-30 00:37:59 ~ IP : 185.179.188.62 ----------
REQUEST URI : /podmotka-spidometra-hyundai-solaris-2011-2016/
MOD DETAILS:
   modFile   : /home/canmotalka/web/can-motalka.ru/public_html/vqmod/xml/lightning.xml
   id        : OpenCart Lightning
   version   : 3.37
   vqmver    : 
   author    : MaxD http://devs.mx

File Name    : system/library/cache.php(0)
VQModObject::applyMod - SEARCH NOT FOUND (SKIPPED): if (is_file(DIR_SYSTEM . 'library/journal3/vendor/SuperCache

----------------------------------------------------------------------


---------- Date: 2026-03-30 00:43:08 ~ IP : 185.179.188.62 ----------
REQUEST URI : /podmotka_uaz_re/?ysclid=mncacqfes6156721296
MOD DETAILS:
   modFile   : /home/canmotalka/web/can-motalka.ru/public_html/vqmod/xml/lightning.xml
   id        : OpenCart Lightning
   version   : 3.37
   vqmver    : 
   author    : MaxD http://devs.mx

File Name    : system/library/cache.php(0)
VQModObject::applyMod - SEARCH NOT FOUND (SKIPPED): if (is_file(DIR_SYSTEM . 'library/journal3/vendor/SuperCache

----------------------------------------------------------------------


---------- Date: 2026-03-30 00:43:08 ~ IP : 185.179.188.62 ----------
REQUEST URI : /podmotka_uaz_re/
MOD DETAILS:
   modFile   : /home/canmotalka/web/can-motalka.ru/public_html/vqmod/xml/lightning.xml
   id        : OpenCart Lightning
   version   : 3.37
   vqmver    : 
   author    : MaxD http://devs.mx

File Name    : system/library/cache.php(0)
VQModObject::applyMod - SEARCH NOT FOUND (SKIPPED): if (is_file(DIR_SYSTEM . 'library/journal3/vendor/SuperCache

----------------------------------------------------------------------


---------- Date: 2026-03-30 00:43:09 ~ IP : 185.179.188.62 ----------
REQUEST URI : /index.php?route=module/popupcart_extended
MOD DETAILS:
   modFile   : /home/canmotalka/web/can-motalka.ru/public_html/vqmod/xml/lightning.xml
   id        : OpenCart Lightning
   version   : 3.37
   vqmver    : 
   author    : MaxD http://devs.mx

File Name    : system/library/cache.php(0)
VQModObject::applyMod - SEARCH NOT FOUND (SKIPPED): if (is_file(DIR_SYSTEM . 'library/journal3/vendor/SuperCache

----------------------------------------------------------------------


---------- Date: 2026-03-30 00:47:41 ~ IP : 185.179.188.62 ----------
REQUEST URI : /podmotka-spidometra-largus/
MOD DETAILS:
   modFile   : /home/canmotalka/web/can-motalka.ru/public_html/vqmod/xml/lightning.xml
   id        : OpenCart Lightning
   version   : 3.37
   vqmver    : 
   author    : MaxD http://devs.mx

File Name    : system/library/cache.php(0)
VQModObject::applyMod - SEARCH NOT FOUND (SKIPPED): if (is_file(DIR_SYSTEM . 'library/journal3/vendor/SuperCache

----------------------------------------------------------------------


---------- Date: 2026-03-30 00:50:42 ~ IP : 185.179.188.62 ----------
REQUEST URI : /podmotka-spidometra-uaz-profi/
MOD DETAILS:
   modFile   : /home/canmotalka/web/can-motalka.ru/public_html/vqmod/xml/lightning.xml
   id        : OpenCart Lightning
   version   : 3.37
   vqmver    : 
   author    : MaxD http://devs.mx

File Name    : system/library/cache.php(0)
VQModObject::applyMod - SEARCH NOT FOUND (SKIPPED): if (is_file(DIR_SYSTEM . 'library/journal3/vendor/SuperCache

----------------------------------------------------------------------


---------- Date: 2026-03-30 00:54:07 ~ IP : 185.179.188.62 ----------
REQUEST URI : /podmotka-spidometra-ford-mondeo-4/
MOD DETAILS:
   modFile   : /home/canmotalka/web/can-motalka.ru/public_html/vqmod/xml/lightning.xml
   id        : OpenCart Lightning
   version   : 3.37
   vqmver    : 
   author    : MaxD http://devs.mx

File Name    : system/library/cache.php(0)
VQModObject::applyMod - SEARCH NOT FOUND (SKIPPED): if (is_file(DIR_SYSTEM . 'library/journal3/vendor/SuperCache

----------------------------------------------------------------------


---------- Date: 2026-03-30 00:56:40 ~ IP : 185.179.188.62 ----------
REQUEST URI : /setting_php/vardenafil/158-dapoksetin-stoimost-seversk/
MOD DETAILS:
   modFile   : /home/canmotalka/web/can-motalka.ru/public_html/vqmod/xml/lightning.xml
   id        : OpenCart Lightning
   version   : 3.37
   vqmver    : 
   author    : MaxD http://devs.mx

File Name    : system/library/cache.php(0)
VQModObject::applyMod - SEARCH NOT FOUND (SKIPPED): if (is_file(DIR_SYSTEM . 'library/journal3/vendor/SuperCache

----------------------------------------------------------------------


---------- Date: 2026-03-30 00:57:34 ~ IP : 185.179.188.62 ----------
REQUEST URI : /namotchik-probega-dlya-bmw-x3/
MOD DETAILS:
   modFile   : /home/canmotalka/web/can-motalka.ru/public_html/vqmod/xml/lightning.xml
   id        : OpenCart Lightning
   version   : 3.37
   vqmver    : 
   author    : MaxD http://devs.mx

File Name    : system/library/cache.php(0)
VQModObject::applyMod - SEARCH NOT FOUND (SKIPPED): if (is_file(DIR_SYSTEM . 'library/journal3/vendor/SuperCache

----------------------------------------------------------------------


---------- Date: 2026-03-30 01:00:04 ~ IP : 185.179.188.62 ----------
REQUEST URI : /sitemap.xml
MOD DETAILS:
   modFile   : /home/canmotalka/web/can-motalka.ru/public_html/vqmod/xml/lightning.xml
   id        : OpenCart Lightning
   version   : 3.37
   vqmver    : 
   author    : MaxD http://devs.mx

File Name    : system/library/cache.php(0)
VQModObject::applyMod - SEARCH NOT FOUND (SKIPPED): if (is_file(DIR_SYSTEM . 'library/journal3/vendor/SuperCache

----------------------------------------------------------------------


---------- Date: 2026-03-30 01:01:58 ~ IP : 185.179.188.62 ----------
REQUEST URI : /tranzit_video_manual/
MOD DETAILS:
   modFile   : /home/canmotalka/web/can-motalka.ru/public_html/vqmod/xml/lightning.xml
   id        : OpenCart Lightning
   version   : 3.37
   vqmver    : 
   author    : MaxD http://devs.mx

File Name    : system/library/cache.php(0)
VQModObject::applyMod - SEARCH NOT FOUND (SKIPPED): if (is_file(DIR_SYSTEM . 'library/journal3/vendor/SuperCache

----------------------------------------------------------------------


---------- Date: 2026-03-30 01:05:09 ~ IP : 185.179.188.62 ----------
REQUEST URI : /podmotka-spidometra-henday-palisade/
MOD DETAILS:
   modFile   : /home/canmotalka/web/can-motalka.ru/public_html/vqmod/xml/lightning.xml
   id        : OpenCart Lightning
   version   : 3.37
   vqmver    : 
   author    : MaxD http://devs.mx

File Name    : system/library/cache.php(0)
VQModObject::applyMod - SEARCH NOT FOUND (SKIPPED): if (is_file(DIR_SYSTEM . 'library/journal3/vendor/SuperCache

----------------------------------------------------------------------


---------- Date: 2026-03-30 01:05:31 ~ IP : 185.179.188.62 ----------
REQUEST URI : /.well-known/traffic-advice
MOD DETAILS:
   modFile   : /home/canmotalka/web/can-motalka.ru/public_html/vqmod/xml/lightning.xml
   id        : OpenCart Lightning
   version   : 3.37
   vqmver    : 
   author    : MaxD http://devs.mx

File Name    : system/library/cache.php(0)
VQModObject::applyMod - SEARCH NOT FOUND (SKIPPED): if (is_file(DIR_SYSTEM . 'library/journal3/vendor/SuperCache

----------------------------------------------------------------------


---------- Date: 2026-03-30 01:05:31 ~ IP : 185.179.188.62 ----------
REQUEST URI : /podmotka_vw_manual/
MOD DETAILS:
   modFile   : /home/canmotalka/web/can-motalka.ru/public_html/vqmod/xml/lightning.xml
   id        : OpenCart Lightning
   version   : 3.37
   vqmver    : 
   author    : MaxD http://devs.mx

File Name    : system/library/cache.php(0)
VQModObject::applyMod - SEARCH NOT FOUND (SKIPPED): if (is_file(DIR_SYSTEM . 'library/journal3/vendor/SuperCache

----------------------------------------------------------------------


---------- Date: 2026-03-30 01:43:41 ~ IP : 185.179.188.62 ----------
REQUEST URI : /folksvagen-polo-podmotka-spidometra
MOD DETAILS:
   modFile   : /home/canmotalka/web/can-motalka.ru/public_html/vqmod/xml/lightning.xml
   id        : OpenCart Lightning
   version   : 3.37
   vqmver    : 
   author    : MaxD http://devs.mx

File Name    : system/library/cache.php(0)
VQModObject::applyMod - SEARCH NOT FOUND (SKIPPED): if (is_file(DIR_SYSTEM . 'library/journal3/vendor/SuperCache

----------------------------------------------------------------------


---------- Date: 2026-03-30 01:43:45 ~ IP : 185.179.188.62 ----------
REQUEST URI : /folksvagen-polo-podmotka-spidometra/
MOD DETAILS:
   modFile   : /home/canmotalka/web/can-motalka.ru/public_html/vqmod/xml/lightning.xml
   id        : OpenCart Lightning
   version   : 3.37
   vqmver    : 
   author    : MaxD http://devs.mx

File Name    : system/library/cache.php(0)
VQModObject::applyMod - SEARCH NOT FOUND (SKIPPED): if (is_file(DIR_SYSTEM . 'library/journal3/vendor/SuperCache

----------------------------------------------------------------------


---------- Date: 2026-03-30 01:47:12 ~ IP : 185.179.188.62 ----------
REQUEST URI : /podmotka_uaz_re/?ysclid=mnccn4ov2g341157067
MOD DETAILS:
   modFile   : /home/canmotalka/web/can-motalka.ru/public_html/vqmod/xml/lightning.xml
   id        : OpenCart Lightning
   version   : 3.37
   vqmver    : 
   author    : MaxD http://devs.mx

File Name    : system/library/cache.php(0)
VQModObject::applyMod - SEARCH NOT FOUND (SKIPPED): if (is_file(DIR_SYSTEM . 'library/journal3/vendor/SuperCache

----------------------------------------------------------------------


---------- Date: 2026-03-30 01:47:13 ~ IP : 185.179.188.62 ----------
REQUEST URI : /podmotka_uaz_re/
MOD DETAILS:
   modFile   : /home/canmotalka/web/can-motalka.ru/public_html/vqmod/xml/lightning.xml
   id        : OpenCart Lightning
   version   : 3.37
   vqmver    : 
   author    : MaxD http://devs.mx

File Name    : system/library/cache.php(0)
VQModObject::applyMod - SEARCH NOT FOUND (SKIPPED): if (is_file(DIR_SYSTEM . 'library/journal3/vendor/SuperCache

----------------------------------------------------------------------


---------- Date: 2026-03-30 01:47:13 ~ IP : 185.179.188.62 ----------
REQUEST URI : /index.php?route=module/popupcart_extended
MOD DETAILS:
   modFile   : /home/canmotalka/web/can-motalka.ru/public_html/vqmod/xml/lightning.xml
   id        : OpenCart Lightning
   version   : 3.37
   vqmver    : 
   author    : MaxD http://devs.mx

File Name    : system/library/cache.php(0)
VQModObject::applyMod - SEARCH NOT FOUND (SKIPPED): if (is_file(DIR_SYSTEM . 'library/journal3/vendor/SuperCache

----------------------------------------------------------------------


---------- Date: 2026-03-30 01:51:11 ~ IP : 185.179.188.62 ----------
REQUEST URI : /namotchik-probega-dlya-opel-astra-h/
MOD DETAILS:
   modFile   : /home/canmotalka/web/can-motalka.ru/public_html/vqmod/xml/lightning.xml
   id        : OpenCart Lightning
   version   : 3.37
   vqmver    : 
   author    : MaxD http://devs.mx

File Name    : system/library/cache.php(0)
VQModObject::applyMod - SEARCH NOT FOUND (SKIPPED): if (is_file(DIR_SYSTEM . 'library/journal3/vendor/SuperCache

----------------------------------------------------------------------


---------- Date: 2026-03-30 01:55:41 ~ IP : 185.179.188.62 ----------
REQUEST URI : /patriot_re/
MOD DETAILS:
   modFile   : /home/canmotalka/web/can-motalka.ru/public_html/vqmod/xml/lightning.xml
   id        : OpenCart Lightning
   version   : 3.37
   vqmver    : 
   author    : MaxD http://devs.mx

File Name    : system/library/cache.php(0)
VQModObject::applyMod - SEARCH NOT FOUND (SKIPPED): if (is_file(DIR_SYSTEM . 'library/journal3/vendor/SuperCache

----------------------------------------------------------------------


---------- Date: 2026-03-30 01:55:44 ~ IP : 185.179.188.62 ----------
REQUEST URI : /index.php?route=module/popupcart_extended
MOD DETAILS:
   modFile   : /home/canmotalka/web/can-motalka.ru/public_html/vqmod/xml/lightning.xml
   id        : OpenCart Lightning
   version   : 3.37
   vqmver    : 
   author    : MaxD http://devs.mx

File Name    : system/library/cache.php(0)
VQModObject::applyMod - SEARCH NOT FOUND (SKIPPED): if (is_file(DIR_SYSTEM . 'library/journal3/vendor/SuperCache

----------------------------------------------------------------------


---------- Date: 2026-03-30 02:03:20 ~ IP : 185.179.188.62 ----------
REQUEST URI : /podmotka-spidometra-niva
MOD DETAILS:
   modFile   : /home/canmotalka/web/can-motalka.ru/public_html/vqmod/xml/lightning.xml
   id        : OpenCart Lightning
   version   : 3.37
   vqmver    : 
   author    : MaxD http://devs.mx

File Name    : system/library/cache.php(0)
VQModObject::applyMod - SEARCH NOT FOUND (SKIPPED): if (is_file(DIR_SYSTEM . 'library/journal3/vendor/SuperCache

----------------------------------------------------------------------


---------- Date: 2026-03-30 02:03:23 ~ IP : 185.179.188.62 ----------
REQUEST URI : /podmotka-spidometra-niva/
MOD DETAILS:
   modFile   : /home/canmotalka/web/can-motalka.ru/public_html/vqmod/xml/lightning.xml
   id        : OpenCart Lightning
   version   : 3.37
   vqmver    : 
   author    : MaxD http://devs.mx

File Name    : system/library/cache.php(0)
VQModObject::applyMod - SEARCH NOT FOUND (SKIPPED): if (is_file(DIR_SYSTEM . 'library/journal3/vendor/SuperCache

----------------------------------------------------------------------


---------- Date: 2026-03-30 02:06:36 ~ IP : 185.179.188.62 ----------
REQUEST URI : /podmotka-spidometra-nissan-teana
MOD DETAILS:
   modFile   : /home/canmotalka/web/can-motalka.ru/public_html/vqmod/xml/lightning.xml
   id        : OpenCart Lightning
   version   : 3.37
   vqmver    : 
   author    : MaxD http://devs.mx

File Name    : system/library/cache.php(0)
VQModObject::applyMod - SEARCH NOT FOUND (SKIPPED): if (is_file(DIR_SYSTEM . 'library/journal3/vendor/SuperCache

----------------------------------------------------------------------


---------- Date: 2026-03-30 02:06:41 ~ IP : 185.179.188.62 ----------
REQUEST URI : /podmotka-spidometra-nissan-teana/
MOD DETAILS:
   modFile   : /home/canmotalka/web/can-motalka.ru/public_html/vqmod/xml/lightning.xml
   id        : OpenCart Lightning
   version   : 3.37
   vqmver    : 
   author    : MaxD http://devs.mx

File Name    : system/library/cache.php(0)
VQModObject::applyMod - SEARCH NOT FOUND (SKIPPED): if (is_file(DIR_SYSTEM . 'library/journal3/vendor/SuperCache

----------------------------------------------------------------------


---------- Date: 2026-03-30 02:10:45 ~ IP : 185.179.188.62 ----------
REQUEST URI : /blog/
MOD DETAILS:
   modFile   : /home/canmotalka/web/can-motalka.ru/public_html/vqmod/xml/lightning.xml
   id        : OpenCart Lightning
   version   : 3.37
   vqmver    : 
   author    : MaxD http://devs.mx

File Name    : system/library/cache.php(0)
VQModObject::applyMod - SEARCH NOT FOUND (SKIPPED): if (is_file(DIR_SYSTEM . 'library/journal3/vendor/SuperCache

----------------------------------------------------------------------


---------- Date: 2026-03-30 02:10:45 ~ IP : 185.179.188.62 ----------
REQUEST URI : /backup/
MOD DETAILS:
   modFile   : /home/canmotalka/web/can-motalka.ru/public_html/vqmod/xml/lightning.xml
   id        : OpenCart Lightning
   version   : 3.37
   vqmver    : 
   author    : MaxD http://devs.mx

File Name    : system/library/cache.php(0)
VQModObject::applyMod - SEARCH NOT FOUND (SKIPPED): if (is_file(DIR_SYSTEM . 'library/journal3/vendor/SuperCache

----------------------------------------------------------------------


---------- Date: 2026-03-30 02:10:46 ~ IP : 185.179.188.62 ----------
REQUEST URI : /new/
MOD DETAILS:
   modFile   : /home/canmotalka/web/can-motalka.ru/public_html/vqmod/xml/lightning.xml
   id        : OpenCart Lightning
   version   : 3.37
   vqmver    : 
   author    : MaxD http://devs.mx

File Name    : system/library/cache.php(0)
VQModObject::applyMod - SEARCH NOT FOUND (SKIPPED): if (is_file(DIR_SYSTEM . 'library/journal3/vendor/SuperCache

----------------------------------------------------------------------


---------- Date: 2026-03-30 02:10:46 ~ IP : 185.179.188.62 ----------
REQUEST URI : /wp/
MOD DETAILS:
   modFile   : /home/canmotalka/web/can-motalka.ru/public_html/vqmod/xml/lightning.xml
   id        : OpenCart Lightning
   version   : 3.37
   vqmver    : 
   author    : MaxD http://devs.mx

File Name    : system/library/cache.php(0)
VQModObject::applyMod - SEARCH NOT FOUND (SKIPPED): if (is_file(DIR_SYSTEM . 'library/journal3/vendor/SuperCache

----------------------------------------------------------------------


---------- Date: 2026-03-30 02:10:47 ~ IP : 185.179.188.62 ----------
REQUEST URI : /old/
MOD DETAILS:
   modFile   : /home/canmotalka/web/can-motalka.ru/public_html/vqmod/xml/lightning.xml
   id        : OpenCart Lightning
   version   : 3.37
   vqmver    : 
   author    : MaxD http://devs.mx

File Name    : system/library/cache.php(0)
VQModObject::applyMod - SEARCH NOT FOUND (SKIPPED): if (is_file(DIR_SYSTEM . 'library/journal3/vendor/SuperCache

----------------------------------------------------------------------


---------- Date: 2026-03-30 02:10:47 ~ IP : 185.179.188.62 ----------
REQUEST URI : /wordpress/
MOD DETAILS:
   modFile   : /home/canmotalka/web/can-motalka.ru/public_html/vqmod/xml/lightning.xml
   id        : OpenCart Lightning
   version   : 3.37
   vqmver    : 
   author    : MaxD http://devs.mx

File Name    : system/library/cache.php(0)
VQModObject::applyMod - SEARCH NOT FOUND (SKIPPED): if (is_file(DIR_SYSTEM . 'library/journal3/vendor/SuperCache

----------------------------------------------------------------------


---------- Date: 2026-03-30 02:16:42 ~ IP : 185.179.188.62 ----------
REQUEST URI : /podmotka-spidometra-lada-kalina/
MOD DETAILS:
   modFile   : /home/canmotalka/web/can-motalka.ru/public_html/vqmod/xml/lightning.xml
   id        : OpenCart Lightning
   version   : 3.37
   vqmver    : 
   author    : MaxD http://devs.mx

File Name    : system/library/cache.php(0)
VQModObject::applyMod - SEARCH NOT FOUND (SKIPPED): if (is_file(DIR_SYSTEM . 'library/journal3/vendor/SuperCache

----------------------------------------------------------------------


---------- Date: 2026-03-30 02:17:12 ~ IP : 185.179.188.62 ----------
REQUEST URI : /namotchik-probega-dlya-uaz-patriot-konec-do-2016-zelenyy-displey/
MOD DETAILS:
   modFile   : /home/canmotalka/web/can-motalka.ru/public_html/vqmod/xml/lightning.xml
   id        : OpenCart Lightning
   version   : 3.37
   vqmver    : 
   author    : MaxD http://devs.mx

File Name    : system/library/cache.php(0)
VQModObject::applyMod - SEARCH NOT FOUND (SKIPPED): if (is_file(DIR_SYSTEM . 'library/journal3/vendor/SuperCache

----------------------------------------------------------------------


---------- Date: 2026-03-30 02:18:00 ~ IP : 185.179.188.62 ----------
REQUEST URI : /podmotka_uaz_re/?ysclid=mncdqpxpak782423395
MOD DETAILS:
   modFile   : /home/canmotalka/web/can-motalka.ru/public_html/vqmod/xml/lightning.xml
   id        : OpenCart Lightning
   version   : 3.37
   vqmver    : 
   author    : MaxD http://devs.mx

File Name    : system/library/cache.php(0)
VQModObject::applyMod - SEARCH NOT FOUND (SKIPPED): if (is_file(DIR_SYSTEM . 'library/journal3/vendor/SuperCache

----------------------------------------------------------------------


---------- Date: 2026-03-30 02:19:45 ~ IP : 185.179.188.62 ----------
REQUEST URI : /podmotka-spidometra-uaz-patriot/
MOD DETAILS:
   modFile   : /home/canmotalka/web/can-motalka.ru/public_html/vqmod/xml/lightning.xml
   id        : OpenCart Lightning
   version   : 3.37
   vqmver    : 
   author    : MaxD http://devs.mx

File Name    : system/library/cache.php(0)
VQModObject::applyMod - SEARCH NOT FOUND (SKIPPED): if (is_file(DIR_SYSTEM . 'library/journal3/vendor/SuperCache

----------------------------------------------------------------------


---------- Date: 2026-03-30 02:22:53 ~ IP : 185.179.188.62 ----------
REQUEST URI : /podmotka-spidometra-jac-t6/
MOD DETAILS:
   modFile   : /home/canmotalka/web/can-motalka.ru/public_html/vqmod/xml/lightning.xml
   id        : OpenCart Lightning
   version   : 3.37
   vqmver    : 
   author    : MaxD http://devs.mx

File Name    : system/library/cache.php(0)
VQModObject::applyMod - SEARCH NOT FOUND (SKIPPED): if (is_file(DIR_SYSTEM . 'library/journal3/vendor/SuperCache

----------------------------------------------------------------------


---------- Date: 2026-03-30 02:25:03 ~ IP : 185.179.188.62 ----------
REQUEST URI : /manuals/
MOD DETAILS:
   modFile   : /home/canmotalka/web/can-motalka.ru/public_html/vqmod/xml/lightning.xml
   id        : OpenCart Lightning
   version   : 3.37
   vqmver    : 
   author    : MaxD http://devs.mx

File Name    : system/library/cache.php(0)
VQModObject::applyMod - SEARCH NOT FOUND (SKIPPED): if (is_file(DIR_SYSTEM . 'library/journal3/vendor/SuperCache

----------------------------------------------------------------------


---------- Date: 2026-03-30 02:26:05 ~ IP : 185.179.188.62 ----------
REQUEST URI : /videoobzor/
MOD DETAILS:
   modFile   : /home/canmotalka/web/can-motalka.ru/public_html/vqmod/xml/lightning.xml
   id        : OpenCart Lightning
   version   : 3.37
   vqmver    : 
   author    : MaxD http://devs.mx

File Name    : system/library/cache.php(0)
VQModObject::applyMod - SEARCH NOT FOUND (SKIPPED): if (is_file(DIR_SYSTEM . 'library/journal3/vendor/SuperCache

----------------------------------------------------------------------


---------- Date: 2026-03-30 02:26:09 ~ IP : 185.179.188.62 ----------
REQUEST URI : /index.php?route=module/popupcart_extended
MOD DETAILS:
   modFile   : /home/canmotalka/web/can-motalka.ru/public_html/vqmod/xml/lightning.xml
   id        : OpenCart Lightning
   version   : 3.37
   vqmver    : 
   author    : MaxD http://devs.mx

File Name    : system/library/cache.php(0)
VQModObject::applyMod - SEARCH NOT FOUND (SKIPPED): if (is_file(DIR_SYSTEM . 'library/journal3/vendor/SuperCache

----------------------------------------------------------------------


---------- Date: 2026-03-30 02:27:04 ~ IP : 185.179.188.62 ----------
REQUEST URI : /namotchik-probega-dlya-audi-a8/
MOD DETAILS:
   modFile   : /home/canmotalka/web/can-motalka.ru/public_html/vqmod/xml/lightning.xml
   id        : OpenCart Lightning
   version   : 3.37
   vqmver    : 
   author    : MaxD http://devs.mx

File Name    : system/library/cache.php(0)
VQModObject::applyMod - SEARCH NOT FOUND (SKIPPED): if (is_file(DIR_SYSTEM . 'library/journal3/vendor/SuperCache

----------------------------------------------------------------------


---------- Date: 2026-03-30 02:29:03 ~ IP : 185.179.188.62 ----------
REQUEST URI : /podmotka-spidometra-vesta-ng-np/
MOD DETAILS:
   modFile   : /home/canmotalka/web/can-motalka.ru/public_html/vqmod/xml/lightning.xml
   id        : OpenCart Lightning
   version   : 3.37
   vqmver    : 
   author    : MaxD http://devs.mx

File Name    : system/library/cache.php(0)
VQModObject::applyMod - SEARCH NOT FOUND (SKIPPED): if (is_file(DIR_SYSTEM . 'library/journal3/vendor/SuperCache

----------------------------------------------------------------------


---------- Date: 2026-03-30 02:29:03 ~ IP : 185.179.188.62 ----------
REQUEST URI : /podmotka-spidometra-largus/
MOD DETAILS:
   modFile   : /home/canmotalka/web/can-motalka.ru/public_html/vqmod/xml/lightning.xml
   id        : OpenCart Lightning
   version   : 3.37
   vqmver    : 
   author    : MaxD http://devs.mx

File Name    : system/library/cache.php(0)
VQModObject::applyMod - SEARCH NOT FOUND (SKIPPED): if (is_file(DIR_SYSTEM . 'library/journal3/vendor/SuperCache

----------------------------------------------------------------------


---------- Date: 2026-03-30 02:29:37 ~ IP : 185.179.188.62 ----------
REQUEST URI : /podmotka-spidometra-gazel-nekst/
MOD DETAILS:
   modFile   : /home/canmotalka/web/can-motalka.ru/public_html/vqmod/xml/lightning.xml
   id        : OpenCart Lightning
   version   : 3.37
   vqmver    : 
   author    : MaxD http://devs.mx

File Name    : system/library/cache.php(0)
VQModObject::applyMod - SEARCH NOT FOUND (SKIPPED): if (is_file(DIR_SYSTEM . 'library/journal3/vendor/SuperCache

----------------------------------------------------------------------


---------- Date: 2026-03-30 02:30:43 ~ IP : 185.179.188.62 ----------
REQUEST URI : /sitemap.xml
MOD DETAILS:
   modFile   : /home/canmotalka/web/can-motalka.ru/public_html/vqmod/xml/lightning.xml
   id        : OpenCart Lightning
   version   : 3.37
   vqmver    : 
   author    : MaxD http://devs.mx

File Name    : system/library/cache.php(0)
VQModObject::applyMod - SEARCH NOT FOUND (SKIPPED): if (is_file(DIR_SYSTEM . 'library/journal3/vendor/SuperCache

----------------------------------------------------------------------


---------- Date: 2026-03-30 02:32:43 ~ IP : 185.179.188.62 ----------
REQUEST URI : /instrukciya-podmotka-kamaz/
MOD DETAILS:
   modFile   : /home/canmotalka/web/can-motalka.ru/public_html/vqmod/xml/lightning.xml
   id        : OpenCart Lightning
   version   : 3.37
   vqmver    : 
   author    : MaxD http://devs.mx

File Name    : system/library/cache.php(0)
VQModObject::applyMod - SEARCH NOT FOUND (SKIPPED): if (is_file(DIR_SYSTEM . 'library/journal3/vendor/SuperCache

----------------------------------------------------------------------


---------- Date: 2026-03-30 02:34:13 ~ IP : 185.179.188.62 ----------
REQUEST URI : /podmotka-spidometra-niva2020/
MOD DETAILS:
   modFile   : /home/canmotalka/web/can-motalka.ru/public_html/vqmod/xml/lightning.xml
   id        : OpenCart Lightning
   version   : 3.37
   vqmver    : 
   author    : MaxD http://devs.mx

File Name    : system/library/cache.php(0)
VQModObject::applyMod - SEARCH NOT FOUND (SKIPPED): if (is_file(DIR_SYSTEM . 'library/journal3/vendor/SuperCache

----------------------------------------------------------------------


---------- Date: 2026-03-30 02:34:31 ~ IP : 185.179.188.62 ----------
REQUEST URI : /podmotka-spidometra-volkswagen-transporter-t6/
MOD DETAILS:
   modFile   : /home/canmotalka/web/can-motalka.ru/public_html/vqmod/xml/lightning.xml
   id        : OpenCart Lightning
   version   : 3.37
   vqmver    : 
   author    : MaxD http://devs.mx

File Name    : system/library/cache.php(0)
VQModObject::applyMod - SEARCH NOT FOUND (SKIPPED): if (is_file(DIR_SYSTEM . 'library/journal3/vendor/SuperCache

----------------------------------------------------------------------


---------- Date: 2026-03-30 02:35:43 ~ IP : 185.179.188.62 ----------
REQUEST URI : /contact/
MOD DETAILS:
   modFile   : /home/canmotalka/web/can-motalka.ru/public_html/vqmod/xml/lightning.xml
   id        : OpenCart Lightning
   version   : 3.37
   vqmver    : 
   author    : MaxD http://devs.mx

File Name    : system/library/cache.php(0)
VQModObject::applyMod - SEARCH NOT FOUND (SKIPPED): if (is_file(DIR_SYSTEM . 'library/journal3/vendor/SuperCache

----------------------------------------------------------------------


---------- Date: 2026-03-30 02:35:45 ~ IP : 185.179.188.62 ----------
REQUEST URI : /index.php?route=module/popupcart_extended
MOD DETAILS:
   modFile   : /home/canmotalka/web/can-motalka.ru/public_html/vqmod/xml/lightning.xml
   id        : OpenCart Lightning
   version   : 3.37
   vqmver    : 
   author    : MaxD http://devs.mx

File Name    : system/library/cache.php(0)
VQModObject::applyMod - SEARCH NOT FOUND (SKIPPED): if (is_file(DIR_SYSTEM . 'library/journal3/vendor/SuperCache

----------------------------------------------------------------------


---------- Date: 2026-03-30 02:36:01 ~ IP : 185.179.188.62 ----------
REQUEST URI : /video-obzor/
MOD DETAILS:
   modFile   : /home/canmotalka/web/can-motalka.ru/public_html/vqmod/xml/lightning.xml
   id        : OpenCart Lightning
   version   : 3.37
   vqmver    : 
   author    : MaxD http://devs.mx

File Name    : system/library/cache.php(0)
VQModObject::applyMod - SEARCH NOT FOUND (SKIPPED): if (is_file(DIR_SYSTEM . 'library/journal3/vendor/SuperCache

----------------------------------------------------------------------


---------- Date: 2026-03-30 02:36:18 ~ IP : 185.179.188.62 ----------
REQUEST URI : /o-kompanii/
MOD DETAILS:
   modFile   : /home/canmotalka/web/can-motalka.ru/public_html/vqmod/xml/lightning.xml
   id        : OpenCart Lightning
   version   : 3.37
   vqmver    : 
   author    : MaxD http://devs.mx

File Name    : system/library/cache.php(0)
VQModObject::applyMod - SEARCH NOT FOUND (SKIPPED): if (is_file(DIR_SYSTEM . 'library/journal3/vendor/SuperCache

----------------------------------------------------------------------


---------- Date: 2026-03-30 02:36:30 ~ IP : 185.179.188.62 ----------
REQUEST URI : /podmotka-spidometra-gazel-nekst/
MOD DETAILS:
   modFile   : /home/canmotalka/web/can-motalka.ru/public_html/vqmod/xml/lightning.xml
   id        : OpenCart Lightning
   version   : 3.37
   vqmver    : 
   author    : MaxD http://devs.mx

File Name    : system/library/cache.php(0)
VQModObject::applyMod - SEARCH NOT FOUND (SKIPPED): if (is_file(DIR_SYSTEM . 'library/journal3/vendor/SuperCache

----------------------------------------------------------------------


---------- Date: 2026-03-30 02:36:47 ~ IP : 185.179.188.62 ----------
REQUEST URI : /manuals/
MOD DETAILS:
   modFile   : /home/canmotalka/web/can-motalka.ru/public_html/vqmod/xml/lightning.xml
   id        : OpenCart Lightning
   version   : 3.37
   vqmver    : 
   author    : MaxD http://devs.mx

File Name    : system/library/cache.php(0)
VQModObject::applyMod - SEARCH NOT FOUND (SKIPPED): if (is_file(DIR_SYSTEM . 'library/journal3/vendor/SuperCache

----------------------------------------------------------------------


---------- Date: 2026-03-30 02:37:35 ~ IP : 185.179.188.62 ----------
REQUEST URI : /o-kompanii/
MOD DETAILS:
   modFile   : /home/canmotalka/web/can-motalka.ru/public_html/vqmod/xml/lightning.xml
   id        : OpenCart Lightning
   version   : 3.37
   vqmver    : 
   author    : MaxD http://devs.mx

File Name    : system/library/cache.php(0)
VQModObject::applyMod - SEARCH NOT FOUND (SKIPPED): if (is_file(DIR_SYSTEM . 'library/journal3/vendor/SuperCache

----------------------------------------------------------------------


---------- Date: 2026-03-30 02:38:42 ~ IP : 185.179.188.62 ----------
REQUEST URI : /index.php?route=common/footer/click_counter
MOD DETAILS:
   modFile   : /home/canmotalka/web/can-motalka.ru/public_html/vqmod/xml/lightning.xml
   id        : OpenCart Lightning
   version   : 3.37
   vqmver    : 
   author    : MaxD http://devs.mx

File Name    : system/library/cache.php(0)
VQModObject::applyMod - SEARCH NOT FOUND (SKIPPED): if (is_file(DIR_SYSTEM . 'library/journal3/vendor/SuperCache

----------------------------------------------------------------------


---------- Date: 2026-03-30 02:39:51 ~ IP : 185.179.188.62 ----------
REQUEST URI : /instrukciya-dlya-podmotki-lada-niva/
MOD DETAILS:
   modFile   : /home/canmotalka/web/can-motalka.ru/public_html/vqmod/xml/lightning.xml
   id        : OpenCart Lightning
   version   : 3.37
   vqmver    : 
   author    : MaxD http://devs.mx

File Name    : system/library/cache.php(0)
VQModObject::applyMod - SEARCH NOT FOUND (SKIPPED): if (is_file(DIR_SYSTEM . 'library/journal3/vendor/SuperCache

----------------------------------------------------------------------


---------- Date: 2026-03-30 02:39:52 ~ IP : 185.179.188.62 ----------
REQUEST URI : /index.php?route=module/popupcart_extended
MOD DETAILS:
   modFile   : /home/canmotalka/web/can-motalka.ru/public_html/vqmod/xml/lightning.xml
   id        : OpenCart Lightning
   version   : 3.37
   vqmver    : 
   author    : MaxD http://devs.mx

File Name    : system/library/cache.php(0)
VQModObject::applyMod - SEARCH NOT FOUND (SKIPPED): if (is_file(DIR_SYSTEM . 'library/journal3/vendor/SuperCache

----------------------------------------------------------------------


---------- Date: 2026-03-30 02:40:00 ~ IP : 185.179.188.62 ----------
REQUEST URI : /setting_php/kamagra-gold/899-super-jevitra-stoimost-bugulma/
MOD DETAILS:
   modFile   : /home/canmotalka/web/can-motalka.ru/public_html/vqmod/xml/lightning.xml
   id        : OpenCart Lightning
   version   : 3.37
   vqmver    : 
   author    : MaxD http://devs.mx

File Name    : system/library/cache.php(0)
VQModObject::applyMod - SEARCH NOT FOUND (SKIPPED): if (is_file(DIR_SYSTEM . 'library/journal3/vendor/SuperCache

----------------------------------------------------------------------


---------- Date: 2026-03-30 02:42:08 ~ IP : 185.179.188.62 ----------
REQUEST URI : /.well-known/traffic-advice
MOD DETAILS:
   modFile   : /home/canmotalka/web/can-motalka.ru/public_html/vqmod/xml/lightning.xml
   id        : OpenCart Lightning
   version   : 3.37
   vqmver    : 
   author    : MaxD http://devs.mx

File Name    : system/library/cache.php(0)
VQModObject::applyMod - SEARCH NOT FOUND (SKIPPED): if (is_file(DIR_SYSTEM . 'library/journal3/vendor/SuperCache

----------------------------------------------------------------------


---------- Date: 2026-03-30 02:42:08 ~ IP : 185.179.188.62 ----------
REQUEST URI : /instrukciya-dlya-podmotki-lada-largus-2021/
MOD DETAILS:
   modFile   : /home/canmotalka/web/can-motalka.ru/public_html/vqmod/xml/lightning.xml
   id        : OpenCart Lightning
   version   : 3.37
   vqmver    : 
   author    : MaxD http://devs.mx

File Name    : system/library/cache.php(0)
VQModObject::applyMod - SEARCH NOT FOUND (SKIPPED): if (is_file(DIR_SYSTEM . 'library/journal3/vendor/SuperCache

----------------------------------------------------------------------


---------- Date: 2026-03-30 02:48:52 ~ IP : 185.179.188.62 ----------
REQUEST URI : /o-kompanii/
MOD DETAILS:
   modFile   : /home/canmotalka/web/can-motalka.ru/public_html/vqmod/xml/lightning.xml
   id        : OpenCart Lightning
   version   : 3.37
   vqmver    : 
   author    : MaxD http://devs.mx

File Name    : system/library/cache.php(0)
VQModObject::applyMod - SEARCH NOT FOUND (SKIPPED): if (is_file(DIR_SYSTEM . 'library/journal3/vendor/SuperCache

----------------------------------------------------------------------


---------- Date: 2026-03-30 02:56:25 ~ IP : 185.179.188.62 ----------
REQUEST URI : /otzyvy/?page=7
MOD DETAILS:
   modFile   : /home/canmotalka/web/can-motalka.ru/public_html/vqmod/xml/lightning.xml
   id        : OpenCart Lightning
   version   : 3.37
   vqmver    : 
   author    : MaxD http://devs.mx

File Name    : system/library/cache.php(0)
VQModObject::applyMod - SEARCH NOT FOUND (SKIPPED): if (is_file(DIR_SYSTEM . 'library/journal3/vendor/SuperCache

----------------------------------------------------------------------


---------- Date: 2026-03-30 02:59:48 ~ IP : 185.179.188.62 ----------
REQUEST URI : /podmotka-spidometra-vesta-ng-np/
MOD DETAILS:
   modFile   : /home/canmotalka/web/can-motalka.ru/public_html/vqmod/xml/lightning.xml
   id        : OpenCart Lightning
   version   : 3.37
   vqmver    : 
   author    : MaxD http://devs.mx

File Name    : system/library/cache.php(0)
VQModObject::applyMod - SEARCH NOT FOUND (SKIPPED): if (is_file(DIR_SYSTEM . 'library/journal3/vendor/SuperCache

----------------------------------------------------------------------


---------- Date: 2026-03-30 03:05:45 ~ IP : 185.179.188.62 ----------
REQUEST URI : /setting_php/kamagra-gold/950-levitra-stoimost-novoaltaysk/
MOD DETAILS:
   modFile   : /home/canmotalka/web/can-motalka.ru/public_html/vqmod/xml/lightning.xml
   id        : OpenCart Lightning
   version   : 3.37
   vqmver    : 
   author    : MaxD http://devs.mx

File Name    : system/library/cache.php(0)
VQModObject::applyMod - SEARCH NOT FOUND (SKIPPED): if (is_file(DIR_SYSTEM . 'library/journal3/vendor/SuperCache

----------------------------------------------------------------------


---------- Date: 2026-03-30 03:19:18 ~ IP : 185.179.188.62 ----------
REQUEST URI : /otzyvy/?page=6
MOD DETAILS:
   modFile   : /home/canmotalka/web/can-motalka.ru/public_html/vqmod/xml/lightning.xml
   id        : OpenCart Lightning
   version   : 3.37
   vqmver    : 
   author    : MaxD http://devs.mx

File Name    : system/library/cache.php(0)
VQModObject::applyMod - SEARCH NOT FOUND (SKIPPED): if (is_file(DIR_SYSTEM . 'library/journal3/vendor/SuperCache

----------------------------------------------------------------------


---------- Date: 2026-03-30 03:20:57 ~ IP : 185.179.188.62 ----------
REQUEST URI : /setting_php/prilidji-60/803-stud-5000-sravnit-ceni-lyberci/
MOD DETAILS:
   modFile   : /home/canmotalka/web/can-motalka.ru/public_html/vqmod/xml/lightning.xml
   id        : OpenCart Lightning
   version   : 3.37
   vqmver    : 
   author    : MaxD http://devs.mx

File Name    : system/library/cache.php(0)
VQModObject::applyMod - SEARCH NOT FOUND (SKIPPED): if (is_file(DIR_SYSTEM . 'library/journal3/vendor/SuperCache

----------------------------------------------------------------------


---------- Date: 2026-03-30 03:29:56 ~ IP : 185.179.188.62 ----------
REQUEST URI : /podmotka-spidometra-na-shkoda-oktaviya/
MOD DETAILS:
   modFile   : /home/canmotalka/web/can-motalka.ru/public_html/vqmod/xml/lightning.xml
   id        : OpenCart Lightning
   version   : 3.37
   vqmver    : 
   author    : MaxD http://devs.mx

File Name    : system/library/cache.php(0)
VQModObject::applyMod - SEARCH NOT FOUND (SKIPPED): if (is_file(DIR_SYSTEM . 'library/journal3/vendor/SuperCache

----------------------------------------------------------------------


---------- Date: 2026-03-30 03:29:58 ~ IP : 185.179.188.62 ----------
REQUEST URI : /index.php?route=module/popupcart_extended
MOD DETAILS:
   modFile   : /home/canmotalka/web/can-motalka.ru/public_html/vqmod/xml/lightning.xml
   id        : OpenCart Lightning
   version   : 3.37
   vqmver    : 
   author    : MaxD http://devs.mx

File Name    : system/library/cache.php(0)
VQModObject::applyMod - SEARCH NOT FOUND (SKIPPED): if (is_file(DIR_SYSTEM . 'library/journal3/vendor/SuperCache

----------------------------------------------------------------------


---------- Date: 2026-03-30 03:30:36 ~ IP : 185.179.188.62 ----------
REQUEST URI : /dostavka-i-oplata/
MOD DETAILS:
   modFile   : /home/canmotalka/web/can-motalka.ru/public_html/vqmod/xml/lightning.xml
   id        : OpenCart Lightning
   version   : 3.37
   vqmver    : 
   author    : MaxD http://devs.mx

File Name    : system/library/cache.php(0)
VQModObject::applyMod - SEARCH NOT FOUND (SKIPPED): if (is_file(DIR_SYSTEM . 'library/journal3/vendor/SuperCache

----------------------------------------------------------------------


---------- Date: 2026-03-30 03:31:01 ~ IP : 185.179.188.62 ----------
REQUEST URI : /dostavka-i-oplata/
MOD DETAILS:
   modFile   : /home/canmotalka/web/can-motalka.ru/public_html/vqmod/xml/lightning.xml
   id        : OpenCart Lightning
   version   : 3.37
   vqmver    : 
   author    : MaxD http://devs.mx

File Name    : system/library/cache.php(0)
VQModObject::applyMod - SEARCH NOT FOUND (SKIPPED): if (is_file(DIR_SYSTEM . 'library/journal3/vendor/SuperCache

----------------------------------------------------------------------


---------- Date: 2026-03-30 03:32:28 ~ IP : 185.179.188.62 ----------
REQUEST URI : /podmotka-spidometra-skoda-rapid/
MOD DETAILS:
   modFile   : /home/canmotalka/web/can-motalka.ru/public_html/vqmod/xml/lightning.xml
   id        : OpenCart Lightning
   version   : 3.37
   vqmver    : 
   author    : MaxD http://devs.mx

File Name    : system/library/cache.php(0)
VQModObject::applyMod - SEARCH NOT FOUND (SKIPPED): if (is_file(DIR_SYSTEM . 'library/journal3/vendor/SuperCache

----------------------------------------------------------------------


---------- Date: 2026-03-30 03:34:03 ~ IP : 185.179.188.62 ----------
REQUEST URI : /setting_php/dapoksetin/287-pokupka-djenerik-sialisa-soft-frankfurtnaodere/
MOD DETAILS:
   modFile   : /home/canmotalka/web/can-motalka.ru/public_html/vqmod/xml/lightning.xml
   id        : OpenCart Lightning
   version   : 3.37
   vqmver    : 
   author    : MaxD http://devs.mx

File Name    : system/library/cache.php(0)
VQModObject::applyMod - SEARCH NOT FOUND (SKIPPED): if (is_file(DIR_SYSTEM . 'library/journal3/vendor/SuperCache

----------------------------------------------------------------------


---------- Date: 2026-03-30 03:34:06 ~ IP : 185.179.188.62 ----------
REQUEST URI : /index.php?route=module/popupcart_extended
MOD DETAILS:
   modFile   : /home/canmotalka/web/can-motalka.ru/public_html/vqmod/xml/lightning.xml
   id        : OpenCart Lightning
   version   : 3.37
   vqmver    : 
   author    : MaxD http://devs.mx

File Name    : system/library/cache.php(0)
VQModObject::applyMod - SEARCH NOT FOUND (SKIPPED): if (is_file(DIR_SYSTEM . 'library/journal3/vendor/SuperCache

----------------------------------------------------------------------


---------- Date: 2026-03-30 03:34:29 ~ IP : 185.179.188.62 ----------
REQUEST URI : /setting_php/dapoksetin/287-pokupka-djenerik-sialisa-soft-frankfurtnaodere/
MOD DETAILS:
   modFile   : /home/canmotalka/web/can-motalka.ru/public_html/vqmod/xml/lightning.xml
   id        : OpenCart Lightning
   version   : 3.37
   vqmver    : 
   author    : MaxD http://devs.mx

File Name    : system/library/cache.php(0)
VQModObject::applyMod - SEARCH NOT FOUND (SKIPPED): if (is_file(DIR_SYSTEM . 'library/journal3/vendor/SuperCache

----------------------------------------------------------------------


---------- Date: 2026-03-30 03:41:07 ~ IP : 185.179.188.62 ----------
REQUEST URI : /podmotka-spidometra-camry-40/
MOD DETAILS:
   modFile   : /home/canmotalka/web/can-motalka.ru/public_html/vqmod/xml/lightning.xml
   id        : OpenCart Lightning
   version   : 3.37
   vqmver    : 
   author    : MaxD http://devs.mx

File Name    : system/library/cache.php(0)
VQModObject::applyMod - SEARCH NOT FOUND (SKIPPED): if (is_file(DIR_SYSTEM . 'library/journal3/vendor/SuperCache

----------------------------------------------------------------------


---------- Date: 2026-03-30 03:52:39 ~ IP : 185.179.188.62 ----------
REQUEST URI : /podmotka-spidometra-lada-kalina/
MOD DETAILS:
   modFile   : /home/canmotalka/web/can-motalka.ru/public_html/vqmod/xml/lightning.xml
   id        : OpenCart Lightning
   version   : 3.37
   vqmver    : 
   author    : MaxD http://devs.mx

File Name    : system/library/cache.php(0)
VQModObject::applyMod - SEARCH NOT FOUND (SKIPPED): if (is_file(DIR_SYSTEM . 'library/journal3/vendor/SuperCache

----------------------------------------------------------------------


---------- Date: 2026-03-30 03:55:22 ~ IP : 185.179.188.62 ----------
REQUEST URI : /.well-known/traffic-advice
MOD DETAILS:
   modFile   : /home/canmotalka/web/can-motalka.ru/public_html/vqmod/xml/lightning.xml
   id        : OpenCart Lightning
   version   : 3.37
   vqmver    : 
   author    : MaxD http://devs.mx

File Name    : system/library/cache.php(0)
VQModObject::applyMod - SEARCH NOT FOUND (SKIPPED): if (is_file(DIR_SYSTEM . 'library/journal3/vendor/SuperCache

----------------------------------------------------------------------


---------- Date: 2026-03-30 03:55:23 ~ IP : 185.179.188.62 ----------
REQUEST URI : /patriot_re/
MOD DETAILS:
   modFile   : /home/canmotalka/web/can-motalka.ru/public_html/vqmod/xml/lightning.xml
   id        : OpenCart Lightning
   version   : 3.37
   vqmver    : 
   author    : MaxD http://devs.mx

File Name    : system/library/cache.php(0)
VQModObject::applyMod - SEARCH NOT FOUND (SKIPPED): if (is_file(DIR_SYSTEM . 'library/journal3/vendor/SuperCache

----------------------------------------------------------------------


---------- Date: 2026-03-30 03:55:55 ~ IP : 185.179.188.62 ----------
REQUEST URI : /setting_php/tadalafil-20/273-zakazat-kamagru-gel-zelenograd/
MOD DETAILS:
   modFile   : /home/canmotalka/web/can-motalka.ru/public_html/vqmod/xml/lightning.xml
   id        : OpenCart Lightning
   version   : 3.37
   vqmver    : 
   author    : MaxD http://devs.mx

File Name    : system/library/cache.php(0)
VQModObject::applyMod - SEARCH NOT FOUND (SKIPPED): if (is_file(DIR_SYSTEM . 'library/journal3/vendor/SuperCache

----------------------------------------------------------------------


---------- Date: 2026-03-30 03:56:54 ~ IP : 185.179.188.62 ----------
REQUEST URI : /sitemap.xml
MOD DETAILS:
   modFile   : /home/canmotalka/web/can-motalka.ru/public_html/vqmod/xml/lightning.xml
   id        : OpenCart Lightning
   version   : 3.37
   vqmver    : 
   author    : MaxD http://devs.mx

File Name    : system/library/cache.php(0)
VQModObject::applyMod - SEARCH NOT FOUND (SKIPPED): if (is_file(DIR_SYSTEM . 'library/journal3/vendor/SuperCache

----------------------------------------------------------------------


---------- Date: 2026-03-30 03:56:55 ~ IP : 185.179.188.62 ----------
REQUEST URI : /index.php?route=feed/google_sitemap_fast
MOD DETAILS:
   modFile   : /home/canmotalka/web/can-motalka.ru/public_html/vqmod/xml/lightning.xml
   id        : OpenCart Lightning
   version   : 3.37
   vqmver    : 
   author    : MaxD http://devs.mx

File Name    : system/library/cache.php(0)
VQModObject::applyMod - SEARCH NOT FOUND (SKIPPED): if (is_file(DIR_SYSTEM . 'library/journal3/vendor/SuperCache

----------------------------------------------------------------------


---------- Date: 2026-03-30 04:00:29 ~ IP : 185.179.188.62 ----------
REQUEST URI : /index.php?route=module/popupcart_extended
MOD DETAILS:
   modFile   : /home/canmotalka/web/can-motalka.ru/public_html/vqmod/xml/lightning.xml
   id        : OpenCart Lightning
   version   : 3.37
   vqmver    : 
   author    : MaxD http://devs.mx

File Name    : system/library/cache.php(0)
VQModObject::applyMod - SEARCH NOT FOUND (SKIPPED): if (is_file(DIR_SYSTEM . 'library/journal3/vendor/SuperCache

----------------------------------------------------------------------


---------- Date: 2026-03-30 04:01:05 ~ IP : 185.179.188.62 ----------
REQUEST URI : /podmotka-spidometra-hyundai-santa-fe-2/
MOD DETAILS:
   modFile   : /home/canmotalka/web/can-motalka.ru/public_html/vqmod/xml/lightning.xml
   id        : OpenCart Lightning
   version   : 3.37
   vqmver    : 
   author    : MaxD http://devs.mx

File Name    : system/library/cache.php(0)
VQModObject::applyMod - SEARCH NOT FOUND (SKIPPED): if (is_file(DIR_SYSTEM . 'library/journal3/vendor/SuperCache

----------------------------------------------------------------------


---------- Date: 2026-03-30 04:03:08 ~ IP : 185.179.188.62 ----------
REQUEST URI : /podmotka_spidometra_solaris2/
MOD DETAILS:
   modFile   : /home/canmotalka/web/can-motalka.ru/public_html/vqmod/xml/lightning.xml
   id        : OpenCart Lightning
   version   : 3.37
   vqmver    : 
   author    : MaxD http://devs.mx

File Name    : system/library/cache.php(0)
VQModObject::applyMod - SEARCH NOT FOUND (SKIPPED): if (is_file(DIR_SYSTEM . 'library/journal3/vendor/SuperCache

----------------------------------------------------------------------


---------- Date: 2026-03-30 04:08:51 ~ IP : 185.179.188.62 ----------
REQUEST URI : /tranzit_new_videomanual/
MOD DETAILS:
   modFile   : /home/canmotalka/web/can-motalka.ru/public_html/vqmod/xml/lightning.xml
   id        : OpenCart Lightning
   version   : 3.37
   vqmver    : 
   author    : MaxD http://devs.mx

File Name    : system/library/cache.php(0)
VQModObject::applyMod - SEARCH NOT FOUND (SKIPPED): if (is_file(DIR_SYSTEM . 'library/journal3/vendor/SuperCache

----------------------------------------------------------------------


---------- Date: 2026-03-30 04:10:17 ~ IP : 185.179.188.62 ----------
REQUEST URI : /video-obzor/
MOD DETAILS:
   modFile   : /home/canmotalka/web/can-motalka.ru/public_html/vqmod/xml/lightning.xml
   id        : OpenCart Lightning
   version   : 3.37
   vqmver    : 
   author    : MaxD http://devs.mx

File Name    : system/library/cache.php(0)
VQModObject::applyMod - SEARCH NOT FOUND (SKIPPED): if (is_file(DIR_SYSTEM . 'library/journal3/vendor/SuperCache

----------------------------------------------------------------------


---------- Date: 2026-03-30 04:13:39 ~ IP : 185.179.188.62 ----------
REQUEST URI : /krutilka-spidometra-dlya-citroen-c4/
MOD DETAILS:
   modFile   : /home/canmotalka/web/can-motalka.ru/public_html/vqmod/xml/lightning.xml
   id        : OpenCart Lightning
   version   : 3.37
   vqmver    : 
   author    : MaxD http://devs.mx

File Name    : system/library/cache.php(0)
VQModObject::applyMod - SEARCH NOT FOUND (SKIPPED): if (is_file(DIR_SYSTEM . 'library/journal3/vendor/SuperCache

----------------------------------------------------------------------


---------- Date: 2026-03-30 04:16:20 ~ IP : 185.179.188.62 ----------
REQUEST URI : /namotchik-probega-dlya-audi-a8/
MOD DETAILS:
   modFile   : /home/canmotalka/web/can-motalka.ru/public_html/vqmod/xml/lightning.xml
   id        : OpenCart Lightning
   version   : 3.37
   vqmver    : 
   author    : MaxD http://devs.mx

File Name    : system/library/cache.php(0)
VQModObject::applyMod - SEARCH NOT FOUND (SKIPPED): if (is_file(DIR_SYSTEM . 'library/journal3/vendor/SuperCache

----------------------------------------------------------------------


---------- Date: 2026-03-30 04:16:33 ~ IP : 185.179.188.62 ----------
REQUEST URI : /index.php?route=product/product/review&amp;product_id=235
MOD DETAILS:
   modFile   : /home/canmotalka/web/can-motalka.ru/public_html/vqmod/xml/lightning.xml
   id        : OpenCart Lightning
   version   : 3.37
   vqmver    : 
   author    : MaxD http://devs.mx

File Name    : system/library/cache.php(0)
VQModObject::applyMod - SEARCH NOT FOUND (SKIPPED): if (is_file(DIR_SYSTEM . 'library/journal3/vendor/SuperCache

----------------------------------------------------------------------


---------- Date: 2026-03-30 04:16:39 ~ IP : 185.179.188.62 ----------
REQUEST URI : /index.php?route=module/popupcart_extended
MOD DETAILS:
   modFile   : /home/canmotalka/web/can-motalka.ru/public_html/vqmod/xml/lightning.xml
   id        : OpenCart Lightning
   version   : 3.37
   vqmver    : 
   author    : MaxD http://devs.mx

File Name    : system/library/cache.php(0)
VQModObject::applyMod - SEARCH NOT FOUND (SKIPPED): if (is_file(DIR_SYSTEM . 'library/journal3/vendor/SuperCache

----------------------------------------------------------------------


---------- Date: 2026-03-30 04:17:12 ~ IP : 185.179.188.62 ----------
REQUEST URI : /setting_php/dapoksetin/287-pokupka-djenerik-sialisa-soft-frankfurtnaodere/
MOD DETAILS:
   modFile   : /home/canmotalka/web/can-motalka.ru/public_html/vqmod/xml/lightning.xml
   id        : OpenCart Lightning
   version   : 3.37
   vqmver    : 
   author    : MaxD http://devs.mx

File Name    : system/library/cache.php(0)
VQModObject::applyMod - SEARCH NOT FOUND (SKIPPED): if (is_file(DIR_SYSTEM . 'library/journal3/vendor/SuperCache

----------------------------------------------------------------------


---------- Date: 2026-03-30 04:17:27 ~ IP : 185.179.188.62 ----------
REQUEST URI : /podmotka_spidometra/
MOD DETAILS:
   modFile   : /home/canmotalka/web/can-motalka.ru/public_html/vqmod/xml/lightning.xml
   id        : OpenCart Lightning
   version   : 3.37
   vqmver    : 
   author    : MaxD http://devs.mx

File Name    : system/library/cache.php(0)
VQModObject::applyMod - SEARCH NOT FOUND (SKIPPED): if (is_file(DIR_SYSTEM . 'library/journal3/vendor/SuperCache

----------------------------------------------------------------------


---------- Date: 2026-03-30 04:18:09 ~ IP : 185.179.188.62 ----------
REQUEST URI : /podmotka_spidometra/
MOD DETAILS:
   modFile   : /home/canmotalka/web/can-motalka.ru/public_html/vqmod/xml/lightning.xml
   id        : OpenCart Lightning
   version   : 3.37
   vqmver    : 
   author    : MaxD http://devs.mx

File Name    : system/library/cache.php(0)
VQModObject::applyMod - SEARCH NOT FOUND (SKIPPED): if (is_file(DIR_SYSTEM . 'library/journal3/vendor/SuperCache

----------------------------------------------------------------------


---------- Date: 2026-03-30 04:20:17 ~ IP : 185.179.188.62 ----------
REQUEST URI : /setting_php/super-zhevitra/991-stad-5000-dostavka-sarapul/
MOD DETAILS:
   modFile   : /home/canmotalka/web/can-motalka.ru/public_html/vqmod/xml/lightning.xml
   id        : OpenCart Lightning
   version   : 3.37
   vqmver    : 
   author    : MaxD http://devs.mx

File Name    : system/library/cache.php(0)
VQModObject::applyMod - SEARCH NOT FOUND (SKIPPED): if (is_file(DIR_SYSTEM . 'library/journal3/vendor/SuperCache

----------------------------------------------------------------------


---------- Date: 2026-03-30 04:21:11 ~ IP : 185.179.188.62 ----------
REQUEST URI : /sitemap.xml
MOD DETAILS:
   modFile   : /home/canmotalka/web/can-motalka.ru/public_html/vqmod/xml/lightning.xml
   id        : OpenCart Lightning
   version   : 3.37
   vqmver    : 
   author    : MaxD http://devs.mx

File Name    : system/library/cache.php(0)
VQModObject::applyMod - SEARCH NOT FOUND (SKIPPED): if (is_file(DIR_SYSTEM . 'library/journal3/vendor/SuperCache

----------------------------------------------------------------------


---------- Date: 2026-03-30 04:24:05 ~ IP : 185.179.188.62 ----------
REQUEST URI : /podmotka_spidometra/
MOD DETAILS:
   modFile   : /home/canmotalka/web/can-motalka.ru/public_html/vqmod/xml/lightning.xml
   id        : OpenCart Lightning
   version   : 3.37
   vqmver    : 
   author    : MaxD http://devs.mx

File Name    : system/library/cache.php(0)
VQModObject::applyMod - SEARCH NOT FOUND (SKIPPED): if (is_file(DIR_SYSTEM . 'library/journal3/vendor/SuperCache

----------------------------------------------------------------------


---------- Date: 2026-03-30 04:28:29 ~ IP : 185.179.188.62 ----------
REQUEST URI : /instrukciya-podmotka-niva-travel-chevrolet/
MOD DETAILS:
   modFile   : /home/canmotalka/web/can-motalka.ru/public_html/vqmod/xml/lightning.xml
   id        : OpenCart Lightning
   version   : 3.37
   vqmver    : 
   author    : MaxD http://devs.mx

File Name    : system/library/cache.php(0)
VQModObject::applyMod - SEARCH NOT FOUND (SKIPPED): if (is_file(DIR_SYSTEM . 'library/journal3/vendor/SuperCache

----------------------------------------------------------------------


---------- Date: 2026-03-30 04:28:30 ~ IP : 185.179.188.62 ----------
REQUEST URI : /index.php?route=module/popupcart_extended
MOD DETAILS:
   modFile   : /home/canmotalka/web/can-motalka.ru/public_html/vqmod/xml/lightning.xml
   id        : OpenCart Lightning
   version   : 3.37
   vqmver    : 
   author    : MaxD http://devs.mx

File Name    : system/library/cache.php(0)
VQModObject::applyMod - SEARCH NOT FOUND (SKIPPED): if (is_file(DIR_SYSTEM . 'library/journal3/vendor/SuperCache

----------------------------------------------------------------------


---------- Date: 2026-03-30 04:28:31 ~ IP : 185.179.188.62 ----------
REQUEST URI : /instrukciya-podmotka-kamaz/
MOD DETAILS:
   modFile   : /home/canmotalka/web/can-motalka.ru/public_html/vqmod/xml/lightning.xml
   id        : OpenCart Lightning
   version   : 3.37
   vqmver    : 
   author    : MaxD http://devs.mx

File Name    : system/library/cache.php(0)
VQModObject::applyMod - SEARCH NOT FOUND (SKIPPED): if (is_file(DIR_SYSTEM . 'library/journal3/vendor/SuperCache

----------------------------------------------------------------------


---------- Date: 2026-03-30 04:30:23 ~ IP : 185.179.188.62 ----------
REQUEST URI : /podmotka-spidometra-largus/
MOD DETAILS:
   modFile   : /home/canmotalka/web/can-motalka.ru/public_html/vqmod/xml/lightning.xml
   id        : OpenCart Lightning
   version   : 3.37
   vqmver    : 
   author    : MaxD http://devs.mx

File Name    : system/library/cache.php(0)
VQModObject::applyMod - SEARCH NOT FOUND (SKIPPED): if (is_file(DIR_SYSTEM . 'library/journal3/vendor/SuperCache

----------------------------------------------------------------------


---------- Date: 2026-03-30 04:31:11 ~ IP : 185.179.188.62 ----------
REQUEST URI : /index.php?route=product/product/review&amp;product_id=258
MOD DETAILS:
   modFile   : /home/canmotalka/web/can-motalka.ru/public_html/vqmod/xml/lightning.xml
   id        : OpenCart Lightning
   version   : 3.37
   vqmver    : 
   author    : MaxD http://devs.mx

File Name    : system/library/cache.php(0)
VQModObject::applyMod - SEARCH NOT FOUND (SKIPPED): if (is_file(DIR_SYSTEM . 'library/journal3/vendor/SuperCache

----------------------------------------------------------------------


---------- Date: 2026-03-30 04:31:11 ~ IP : 185.179.188.62 ----------
REQUEST URI : /index.php?route=module/popupcart_extended
MOD DETAILS:
   modFile   : /home/canmotalka/web/can-motalka.ru/public_html/vqmod/xml/lightning.xml
   id        : OpenCart Lightning
   version   : 3.37
   vqmver    : 
   author    : MaxD http://devs.mx

File Name    : system/library/cache.php(0)
VQModObject::applyMod - SEARCH NOT FOUND (SKIPPED): if (is_file(DIR_SYSTEM . 'library/journal3/vendor/SuperCache

----------------------------------------------------------------------


---------- Date: 2026-03-30 04:31:51 ~ IP : 185.179.188.62 ----------
REQUEST URI : /rip.php
MOD DETAILS:
   modFile   : /home/canmotalka/web/can-motalka.ru/public_html/vqmod/xml/lightning.xml
   id        : OpenCart Lightning
   version   : 3.37
   vqmver    : 
   author    : MaxD http://devs.mx

File Name    : system/library/cache.php(0)
VQModObject::applyMod - SEARCH NOT FOUND (SKIPPED): if (is_file(DIR_SYSTEM . 'library/journal3/vendor/SuperCache

----------------------------------------------------------------------


---------- Date: 2026-03-30 04:31:52 ~ IP : 185.179.188.62 ----------
REQUEST URI : /ms-edit.php
MOD DETAILS:
   modFile   : /home/canmotalka/web/can-motalka.ru/public_html/vqmod/xml/lightning.xml
   id        : OpenCart Lightning
   version   : 3.37
   vqmver    : 
   author    : MaxD http://devs.mx

File Name    : system/library/cache.php(0)
VQModObject::applyMod - SEARCH NOT FOUND (SKIPPED): if (is_file(DIR_SYSTEM . 'library/journal3/vendor/SuperCache

----------------------------------------------------------------------


---------- Date: 2026-03-30 04:31:52 ~ IP : 185.179.188.62 ----------
REQUEST URI : /about.php
MOD DETAILS:
   modFile   : /home/canmotalka/web/can-motalka.ru/public_html/vqmod/xml/lightning.xml
   id        : OpenCart Lightning
   version   : 3.37
   vqmver    : 
   author    : MaxD http://devs.mx

File Name    : system/library/cache.php(0)
VQModObject::applyMod - SEARCH NOT FOUND (SKIPPED): if (is_file(DIR_SYSTEM . 'library/journal3/vendor/SuperCache

----------------------------------------------------------------------


---------- Date: 2026-03-30 04:31:52 ~ IP : 185.179.188.62 ----------
REQUEST URI : /wp-content/plugins/hello-dolly/
MOD DETAILS:
   modFile   : /home/canmotalka/web/can-motalka.ru/public_html/vqmod/xml/lightning.xml
   id        : OpenCart Lightning
   version   : 3.37
   vqmver    : 
   author    : MaxD http://devs.mx

File Name    : system/library/cache.php(0)
VQModObject::applyMod - SEARCH NOT FOUND (SKIPPED): if (is_file(DIR_SYSTEM . 'library/journal3/vendor/SuperCache

----------------------------------------------------------------------


---------- Date: 2026-03-30 04:31:53 ~ IP : 185.179.188.62 ----------
REQUEST URI : /wp-content/themes/admin.php
MOD DETAILS:
   modFile   : /home/canmotalka/web/can-motalka.ru/public_html/vqmod/xml/lightning.xml
   id        : OpenCart Lightning
   version   : 3.37
   vqmver    : 
   author    : MaxD http://devs.mx

File Name    : system/library/cache.php(0)
VQModObject::applyMod - SEARCH NOT FOUND (SKIPPED): if (is_file(DIR_SYSTEM . 'library/journal3/vendor/SuperCache

----------------------------------------------------------------------


---------- Date: 2026-03-30 04:31:53 ~ IP : 185.179.188.62 ----------
REQUEST URI : /admin.php
MOD DETAILS:
   modFile   : /home/canmotalka/web/can-motalka.ru/public_html/vqmod/xml/lightning.xml
   id        : OpenCart Lightning
   version   : 3.37
   vqmver    : 
   author    : MaxD http://devs.mx

File Name    : system/library/cache.php(0)
VQModObject::applyMod - SEARCH NOT FOUND (SKIPPED): if (is_file(DIR_SYSTEM . 'library/journal3/vendor/SuperCache

----------------------------------------------------------------------


---------- Date: 2026-03-30 04:31:53 ~ IP : 185.179.188.62 ----------
REQUEST URI : /ioxi-o.php
MOD DETAILS:
   modFile   : /home/canmotalka/web/can-motalka.ru/public_html/vqmod/xml/lightning.xml
   id        : OpenCart Lightning
   version   : 3.37
   vqmver    : 
   author    : MaxD http://devs.mx

File Name    : system/library/cache.php(0)
VQModObject::applyMod - SEARCH NOT FOUND (SKIPPED): if (is_file(DIR_SYSTEM . 'library/journal3/vendor/SuperCache

----------------------------------------------------------------------


---------- Date: 2026-03-30 04:31:54 ~ IP : 185.179.188.62 ----------
REQUEST URI : /index/function.php
MOD DETAILS:
   modFile   : /home/canmotalka/web/can-motalka.ru/public_html/vqmod/xml/lightning.xml
   id        : OpenCart Lightning
   version   : 3.37
   vqmver    : 
   author    : MaxD http://devs.mx

File Name    : system/library/cache.php(0)
VQModObject::applyMod - SEARCH NOT FOUND (SKIPPED): if (is_file(DIR_SYSTEM . 'library/journal3/vendor/SuperCache

----------------------------------------------------------------------


---------- Date: 2026-03-30 04:31:54 ~ IP : 185.179.188.62 ----------
REQUEST URI : /adminfuns.php
MOD DETAILS:
   modFile   : /home/canmotalka/web/can-motalka.ru/public_html/vqmod/xml/lightning.xml
   id        : OpenCart Lightning
   version   : 3.37
   vqmver    : 
   author    : MaxD http://devs.mx

File Name    : system/library/cache.php(0)
VQModObject::applyMod - SEARCH NOT FOUND (SKIPPED): if (is_file(DIR_SYSTEM . 'library/journal3/vendor/SuperCache

----------------------------------------------------------------------


---------- Date: 2026-03-30 04:31:55 ~ IP : 185.179.188.62 ----------
REQUEST URI : /wp-content/cache/
MOD DETAILS:
   modFile   : /home/canmotalka/web/can-motalka.ru/public_html/vqmod/xml/lightning.xml
   id        : OpenCart Lightning
   version   : 3.37
   vqmver    : 
   author    : MaxD http://devs.mx

File Name    : system/library/cache.php(0)
VQModObject::applyMod - SEARCH NOT FOUND (SKIPPED): if (is_file(DIR_SYSTEM . 'library/journal3/vendor/SuperCache

----------------------------------------------------------------------


---------- Date: 2026-03-30 04:31:55 ~ IP : 185.179.188.62 ----------
REQUEST URI : /wp-includes/js/thickbox/
MOD DETAILS:
   modFile   : /home/canmotalka/web/can-motalka.ru/public_html/vqmod/xml/lightning.xml
   id        : OpenCart Lightning
   version   : 3.37
   vqmver    : 
   author    : MaxD http://devs.mx

File Name    : system/library/cache.php(0)
VQModObject::applyMod - SEARCH NOT FOUND (SKIPPED): if (is_file(DIR_SYSTEM . 'library/journal3/vendor/SuperCache

----------------------------------------------------------------------


---------- Date: 2026-03-30 04:31:55 ~ IP : 185.179.188.62 ----------
REQUEST URI : /goods.php
MOD DETAILS:
   modFile   : /home/canmotalka/web/can-motalka.ru/public_html/vqmod/xml/lightning.xml
   id        : OpenCart Lightning
   version   : 3.37
   vqmver    : 
   author    : MaxD http://devs.mx

File Name    : system/library/cache.php(0)
VQModObject::applyMod - SEARCH NOT FOUND (SKIPPED): if (is_file(DIR_SYSTEM . 'library/journal3/vendor/SuperCache

----------------------------------------------------------------------


---------- Date: 2026-03-30 04:31:56 ~ IP : 185.179.188.62 ----------
REQUEST URI : /sf.php
MOD DETAILS:
   modFile   : /home/canmotalka/web/can-motalka.ru/public_html/vqmod/xml/lightning.xml
   id        : OpenCart Lightning
   version   : 3.37
   vqmver    : 
   author    : MaxD http://devs.mx

File Name    : system/library/cache.php(0)
VQModObject::applyMod - SEARCH NOT FOUND (SKIPPED): if (is_file(DIR_SYSTEM . 'library/journal3/vendor/SuperCache

----------------------------------------------------------------------


---------- Date: 2026-03-30 04:31:56 ~ IP : 185.179.188.62 ----------
REQUEST URI : /wp-admin/
MOD DETAILS:
   modFile   : /home/canmotalka/web/can-motalka.ru/public_html/vqmod/xml/lightning.xml
   id        : OpenCart Lightning
   version   : 3.37
   vqmver    : 
   author    : MaxD http://devs.mx

File Name    : system/library/cache.php(0)
VQModObject::applyMod - SEARCH NOT FOUND (SKIPPED): if (is_file(DIR_SYSTEM . 'library/journal3/vendor/SuperCache

----------------------------------------------------------------------


---------- Date: 2026-03-30 04:31:56 ~ IP : 185.179.188.62 ----------
REQUEST URI : /wp-admin/images/
MOD DETAILS:
   modFile   : /home/canmotalka/web/can-motalka.ru/public_html/vqmod/xml/lightning.xml
   id        : OpenCart Lightning
   version   : 3.37
   vqmver    : 
   author    : MaxD http://devs.mx

File Name    : system/library/cache.php(0)
VQModObject::applyMod - SEARCH NOT FOUND (SKIPPED): if (is_file(DIR_SYSTEM . 'library/journal3/vendor/SuperCache

----------------------------------------------------------------------


---------- Date: 2026-03-30 04:31:57 ~ IP : 185.179.188.62 ----------
REQUEST URI : /wp-content/admin.php
MOD DETAILS:
   modFile   : /home/canmotalka/web/can-motalka.ru/public_html/vqmod/xml/lightning.xml
   id        : OpenCart Lightning
   version   : 3.37
   vqmver    : 
   author    : MaxD http://devs.mx

File Name    : system/library/cache.php(0)
VQModObject::applyMod - SEARCH NOT FOUND (SKIPPED): if (is_file(DIR_SYSTEM . 'library/journal3/vendor/SuperCache

----------------------------------------------------------------------


---------- Date: 2026-03-30 04:31:57 ~ IP : 185.179.188.62 ----------
REQUEST URI : /wp-content/uploads/admin.php
MOD DETAILS:
   modFile   : /home/canmotalka/web/can-motalka.ru/public_html/vqmod/xml/lightning.xml
   id        : OpenCart Lightning
   version   : 3.37
   vqmver    : 
   author    : MaxD http://devs.mx

File Name    : system/library/cache.php(0)
VQModObject::applyMod - SEARCH NOT FOUND (SKIPPED): if (is_file(DIR_SYSTEM . 'library/journal3/vendor/SuperCache

----------------------------------------------------------------------


---------- Date: 2026-03-30 04:31:57 ~ IP : 185.179.188.62 ----------
REQUEST URI : /wp-includes/
MOD DETAILS:
   modFile   : /home/canmotalka/web/can-motalka.ru/public_html/vqmod/xml/lightning.xml
   id        : OpenCart Lightning
   version   : 3.37
   vqmver    : 
   author    : MaxD http://devs.mx

File Name    : system/library/cache.php(0)
VQModObject::applyMod - SEARCH NOT FOUND (SKIPPED): if (is_file(DIR_SYSTEM . 'library/journal3/vendor/SuperCache

----------------------------------------------------------------------


---------- Date: 2026-03-30 04:31:58 ~ IP : 185.179.188.62 ----------
REQUEST URI : /wp-includes/css/
MOD DETAILS:
   modFile   : /home/canmotalka/web/can-motalka.ru/public_html/vqmod/xml/lightning.xml
   id        : OpenCart Lightning
   version   : 3.37
   vqmver    : 
   author    : MaxD http://devs.mx

File Name    : system/library/cache.php(0)
VQModObject::applyMod - SEARCH NOT FOUND (SKIPPED): if (is_file(DIR_SYSTEM . 'library/journal3/vendor/SuperCache

----------------------------------------------------------------------


---------- Date: 2026-03-30 04:31:58 ~ IP : 185.179.188.62 ----------
REQUEST URI : /wp-includes/js/plupload/
MOD DETAILS:
   modFile   : /home/canmotalka/web/can-motalka.ru/public_html/vqmod/xml/lightning.xml
   id        : OpenCart Lightning
   version   : 3.37
   vqmver    : 
   author    : MaxD http://devs.mx

File Name    : system/library/cache.php(0)
VQModObject::applyMod - SEARCH NOT FOUND (SKIPPED): if (is_file(DIR_SYSTEM . 'library/journal3/vendor/SuperCache

----------------------------------------------------------------------


---------- Date: 2026-03-30 04:31:59 ~ IP : 185.179.188.62 ----------
REQUEST URI : /.well-known/
MOD DETAILS:
   modFile   : /home/canmotalka/web/can-motalka.ru/public_html/vqmod/xml/lightning.xml
   id        : OpenCart Lightning
   version   : 3.37
   vqmver    : 
   author    : MaxD http://devs.mx

File Name    : system/library/cache.php(0)
VQModObject::applyMod - SEARCH NOT FOUND (SKIPPED): if (is_file(DIR_SYSTEM . 'library/journal3/vendor/SuperCache

----------------------------------------------------------------------


---------- Date: 2026-03-30 04:31:59 ~ IP : 185.179.188.62 ----------
REQUEST URI : /222.php
MOD DETAILS:
   modFile   : /home/canmotalka/web/can-motalka.ru/public_html/vqmod/xml/lightning.xml
   id        : OpenCart Lightning
   version   : 3.37
   vqmver    : 
   author    : MaxD http://devs.mx

File Name    : system/library/cache.php(0)
VQModObject::applyMod - SEARCH NOT FOUND (SKIPPED): if (is_file(DIR_SYSTEM . 'library/journal3/vendor/SuperCache

----------------------------------------------------------------------


---------- Date: 2026-03-30 04:32:00 ~ IP : 185.179.188.62 ----------
REQUEST URI : /abcd.php
MOD DETAILS:
   modFile   : /home/canmotalka/web/can-motalka.ru/public_html/vqmod/xml/lightning.xml
   id        : OpenCart Lightning
   version   : 3.37
   vqmver    : 
   author    : MaxD http://devs.mx

File Name    : system/library/cache.php(0)
VQModObject::applyMod - SEARCH NOT FOUND (SKIPPED): if (is_file(DIR_SYSTEM . 'library/journal3/vendor/SuperCache

----------------------------------------------------------------------


---------- Date: 2026-03-30 04:32:00 ~ IP : 185.179.188.62 ----------
REQUEST URI : /class-t.api.php
MOD DETAILS:
   modFile   : /home/canmotalka/web/can-motalka.ru/public_html/vqmod/xml/lightning.xml
   id        : OpenCart Lightning
   version   : 3.37
   vqmver    : 
   author    : MaxD http://devs.mx

File Name    : system/library/cache.php(0)
VQModObject::applyMod - SEARCH NOT FOUND (SKIPPED): if (is_file(DIR_SYSTEM . 'library/journal3/vendor/SuperCache

----------------------------------------------------------------------


---------- Date: 2026-03-30 04:32:00 ~ IP : 185.179.188.62 ----------
REQUEST URI : /classwithtostring.php
MOD DETAILS:
   modFile   : /home/canmotalka/web/can-motalka.ru/public_html/vqmod/xml/lightning.xml
   id        : OpenCart Lightning
   version   : 3.37
   vqmver    : 
   author    : MaxD http://devs.mx

File Name    : system/library/cache.php(0)
VQModObject::applyMod - SEARCH NOT FOUND (SKIPPED): if (is_file(DIR_SYSTEM . 'library/journal3/vendor/SuperCache

----------------------------------------------------------------------


---------- Date: 2026-03-30 04:32:01 ~ IP : 185.179.188.62 ----------
REQUEST URI : /file.php
MOD DETAILS:
   modFile   : /home/canmotalka/web/can-motalka.ru/public_html/vqmod/xml/lightning.xml
   id        : OpenCart Lightning
   version   : 3.37
   vqmver    : 
   author    : MaxD http://devs.mx

File Name    : system/library/cache.php(0)
VQModObject::applyMod - SEARCH NOT FOUND (SKIPPED): if (is_file(DIR_SYSTEM . 'library/journal3/vendor/SuperCache

----------------------------------------------------------------------


---------- Date: 2026-03-30 04:32:01 ~ IP : 185.179.188.62 ----------
REQUEST URI : /info.php
MOD DETAILS:
   modFile   : /home/canmotalka/web/can-motalka.ru/public_html/vqmod/xml/lightning.xml
   id        : OpenCart Lightning
   version   : 3.37
   vqmver    : 
   author    : MaxD http://devs.mx

File Name    : system/library/cache.php(0)
VQModObject::applyMod - SEARCH NOT FOUND (SKIPPED): if (is_file(DIR_SYSTEM . 'library/journal3/vendor/SuperCache

----------------------------------------------------------------------


---------- Date: 2026-03-30 04:32:01 ~ IP : 185.179.188.62 ----------
REQUEST URI : /wp-admin/css/colors/coffee/
MOD DETAILS:
   modFile   : /home/canmotalka/web/can-motalka.ru/public_html/vqmod/xml/lightning.xml
   id        : OpenCart Lightning
   version   : 3.37
   vqmver    : 
   author    : MaxD http://devs.mx

File Name    : system/library/cache.php(0)
VQModObject::applyMod - SEARCH NOT FOUND (SKIPPED): if (is_file(DIR_SYSTEM . 'library/journal3/vendor/SuperCache

----------------------------------------------------------------------


---------- Date: 2026-03-30 04:32:02 ~ IP : 185.179.188.62 ----------
REQUEST URI : /wp-admin/js/widgets/
MOD DETAILS:
   modFile   : /home/canmotalka/web/can-motalka.ru/public_html/vqmod/xml/lightning.xml
   id        : OpenCart Lightning
   version   : 3.37
   vqmver    : 
   author    : MaxD http://devs.mx

File Name    : system/library/cache.php(0)
VQModObject::applyMod - SEARCH NOT FOUND (SKIPPED): if (is_file(DIR_SYSTEM . 'library/journal3/vendor/SuperCache

----------------------------------------------------------------------


---------- Date: 2026-03-30 04:32:02 ~ IP : 185.179.188.62 ----------
REQUEST URI : /wp-content/languages/
MOD DETAILS:
   modFile   : /home/canmotalka/web/can-motalka.ru/public_html/vqmod/xml/lightning.xml
   id        : OpenCart Lightning
   version   : 3.37
   vqmver    : 
   author    : MaxD http://devs.mx

File Name    : system/library/cache.php(0)
VQModObject::applyMod - SEARCH NOT FOUND (SKIPPED): if (is_file(DIR_SYSTEM . 'library/journal3/vendor/SuperCache

----------------------------------------------------------------------


---------- Date: 2026-03-30 04:32:02 ~ IP : 185.179.188.62 ----------
REQUEST URI : /wp-content/languages/plugins/
MOD DETAILS:
   modFile   : /home/canmotalka/web/can-motalka.ru/public_html/vqmod/xml/lightning.xml
   id        : OpenCart Lightning
   version   : 3.37
   vqmver    : 
   author    : MaxD http://devs.mx

File Name    : system/library/cache.php(0)
VQModObject::applyMod - SEARCH NOT FOUND (SKIPPED): if (is_file(DIR_SYSTEM . 'library/journal3/vendor/SuperCache

----------------------------------------------------------------------


---------- Date: 2026-03-30 04:32:03 ~ IP : 185.179.188.62 ----------
REQUEST URI : /wp-content/themes/twentytwentyfour/
MOD DETAILS:
   modFile   : /home/canmotalka/web/can-motalka.ru/public_html/vqmod/xml/lightning.xml
   id        : OpenCart Lightning
   version   : 3.37
   vqmver    : 
   author    : MaxD http://devs.mx

File Name    : system/library/cache.php(0)
VQModObject::applyMod - SEARCH NOT FOUND (SKIPPED): if (is_file(DIR_SYSTEM . 'library/journal3/vendor/SuperCache

----------------------------------------------------------------------


---------- Date: 2026-03-30 04:32:03 ~ IP : 185.179.188.62 ----------
REQUEST URI : /wp-content/upgrade/
MOD DETAILS:
   modFile   : /home/canmotalka/web/can-motalka.ru/public_html/vqmod/xml/lightning.xml
   id        : OpenCart Lightning
   version   : 3.37
   vqmver    : 
   author    : MaxD http://devs.mx

File Name    : system/library/cache.php(0)
VQModObject::applyMod - SEARCH NOT FOUND (SKIPPED): if (is_file(DIR_SYSTEM . 'library/journal3/vendor/SuperCache

----------------------------------------------------------------------


---------- Date: 2026-03-30 04:32:04 ~ IP : 185.179.188.62 ----------
REQUEST URI : /wp-content/uploads/
MOD DETAILS:
   modFile   : /home/canmotalka/web/can-motalka.ru/public_html/vqmod/xml/lightning.xml
   id        : OpenCart Lightning
   version   : 3.37
   vqmver    : 
   author    : MaxD http://devs.mx

File Name    : system/library/cache.php(0)
VQModObject::applyMod - SEARCH NOT FOUND (SKIPPED): if (is_file(DIR_SYSTEM . 'library/journal3/vendor/SuperCache

----------------------------------------------------------------------


---------- Date: 2026-03-30 04:32:04 ~ IP : 185.179.188.62 ----------
REQUEST URI : /wp-good.php
MOD DETAILS:
   modFile   : /home/canmotalka/web/can-motalka.ru/public_html/vqmod/xml/lightning.xml
   id        : OpenCart Lightning
   version   : 3.37
   vqmver    : 
   author    : MaxD http://devs.mx

File Name    : system/library/cache.php(0)
VQModObject::applyMod - SEARCH NOT FOUND (SKIPPED): if (is_file(DIR_SYSTEM . 'library/journal3/vendor/SuperCache

----------------------------------------------------------------------


---------- Date: 2026-03-30 04:32:04 ~ IP : 185.179.188.62 ----------
REQUEST URI : /wp-includes/js/jquery/
MOD DETAILS:
   modFile   : /home/canmotalka/web/can-motalka.ru/public_html/vqmod/xml/lightning.xml
   id        : OpenCart Lightning
   version   : 3.37
   vqmver    : 
   author    : MaxD http://devs.mx

File Name    : system/library/cache.php(0)
VQModObject::applyMod - SEARCH NOT FOUND (SKIPPED): if (is_file(DIR_SYSTEM . 'library/journal3/vendor/SuperCache

----------------------------------------------------------------------


---------- Date: 2026-03-30 04:32:05 ~ IP : 185.179.188.62 ----------
REQUEST URI : /wp-includes/js/jquery/ui/
MOD DETAILS:
   modFile   : /home/canmotalka/web/can-motalka.ru/public_html/vqmod/xml/lightning.xml
   id        : OpenCart Lightning
   version   : 3.37
   vqmver    : 
   author    : MaxD http://devs.mx

File Name    : system/library/cache.php(0)
VQModObject::applyMod - SEARCH NOT FOUND (SKIPPED): if (is_file(DIR_SYSTEM . 'library/journal3/vendor/SuperCache

----------------------------------------------------------------------


---------- Date: 2026-03-30 04:32:05 ~ IP : 185.179.188.62 ----------
REQUEST URI : /wp-includes/js/tinymce/themes/
MOD DETAILS:
   modFile   : /home/canmotalka/web/can-motalka.ru/public_html/vqmod/xml/lightning.xml
   id        : OpenCart Lightning
   version   : 3.37
   vqmver    : 
   author    : MaxD http://devs.mx

File Name    : system/library/cache.php(0)
VQModObject::applyMod - SEARCH NOT FOUND (SKIPPED): if (is_file(DIR_SYSTEM . 'library/journal3/vendor/SuperCache

----------------------------------------------------------------------


---------- Date: 2026-03-30 04:32:05 ~ IP : 185.179.188.62 ----------
REQUEST URI : /wp-includes/rest-api/
MOD DETAILS:
   modFile   : /home/canmotalka/web/can-motalka.ru/public_html/vqmod/xml/lightning.xml
   id        : OpenCart Lightning
   version   : 3.37
   vqmver    : 
   author    : MaxD http://devs.mx

File Name    : system/library/cache.php(0)
VQModObject::applyMod - SEARCH NOT FOUND (SKIPPED): if (is_file(DIR_SYSTEM . 'library/journal3/vendor/SuperCache

----------------------------------------------------------------------


---------- Date: 2026-03-30 04:32:06 ~ IP : 185.179.188.62 ----------
REQUEST URI : /wp-includes/fonts/
MOD DETAILS:
   modFile   : /home/canmotalka/web/can-motalka.ru/public_html/vqmod/xml/lightning.xml
   id        : OpenCart Lightning
   version   : 3.37
   vqmver    : 
   author    : MaxD http://devs.mx

File Name    : system/library/cache.php(0)
VQModObject::applyMod - SEARCH NOT FOUND (SKIPPED): if (is_file(DIR_SYSTEM . 'library/journal3/vendor/SuperCache

----------------------------------------------------------------------


---------- Date: 2026-03-30 04:32:06 ~ IP : 185.179.188.62 ----------
REQUEST URI : /wordpress/wp-admin/maint/
MOD DETAILS:
   modFile   : /home/canmotalka/web/can-motalka.ru/public_html/vqmod/xml/lightning.xml
   id        : OpenCart Lightning
   version   : 3.37
   vqmver    : 
   author    : MaxD http://devs.mx

File Name    : system/library/cache.php(0)
VQModObject::applyMod - SEARCH NOT FOUND (SKIPPED): if (is_file(DIR_SYSTEM . 'library/journal3/vendor/SuperCache

----------------------------------------------------------------------


---------- Date: 2026-03-30 04:33:36 ~ IP : 185.179.188.62 ----------
REQUEST URI : /instrukciya-podmotka-kamaz/?ysclid=mncil45n5u678936634
MOD DETAILS:
   modFile   : /home/canmotalka/web/can-motalka.ru/public_html/vqmod/xml/lightning.xml
   id        : OpenCart Lightning
   version   : 3.37
   vqmver    : 
   author    : MaxD http://devs.mx

File Name    : system/library/cache.php(0)
VQModObject::applyMod - SEARCH NOT FOUND (SKIPPED): if (is_file(DIR_SYSTEM . 'library/journal3/vendor/SuperCache

----------------------------------------------------------------------


---------- Date: 2026-03-30 04:33:37 ~ IP : 185.179.188.62 ----------
REQUEST URI : /instrukciya-podmotka-kamaz/
MOD DETAILS:
   modFile   : /home/canmotalka/web/can-motalka.ru/public_html/vqmod/xml/lightning.xml
   id        : OpenCart Lightning
   version   : 3.37
   vqmver    : 
   author    : MaxD http://devs.mx

File Name    : system/library/cache.php(0)
VQModObject::applyMod - SEARCH NOT FOUND (SKIPPED): if (is_file(DIR_SYSTEM . 'library/journal3/vendor/SuperCache

----------------------------------------------------------------------


---------- Date: 2026-03-30 04:33:39 ~ IP : 185.179.188.62 ----------
REQUEST URI : /index.php?route=module/popupcart_extended
MOD DETAILS:
   modFile   : /home/canmotalka/web/can-motalka.ru/public_html/vqmod/xml/lightning.xml
   id        : OpenCart Lightning
   version   : 3.37
   vqmver    : 
   author    : MaxD http://devs.mx

File Name    : system/library/cache.php(0)
VQModObject::applyMod - SEARCH NOT FOUND (SKIPPED): if (is_file(DIR_SYSTEM . 'library/journal3/vendor/SuperCache

----------------------------------------------------------------------


---------- Date: 2026-03-30 04:36:35 ~ IP : 185.179.188.62 ----------
REQUEST URI : /sitemap.xml
MOD DETAILS:
   modFile   : /home/canmotalka/web/can-motalka.ru/public_html/vqmod/xml/lightning.xml
   id        : OpenCart Lightning
   version   : 3.37
   vqmver    : 
   author    : MaxD http://devs.mx

File Name    : system/library/cache.php(0)
VQModObject::applyMod - SEARCH NOT FOUND (SKIPPED): if (is_file(DIR_SYSTEM . 'library/journal3/vendor/SuperCache

----------------------------------------------------------------------


---------- Date: 2026-03-30 04:36:35 ~ IP : 185.179.188.62 ----------
REQUEST URI : /index.php?route=feed/google_sitemap_fast
MOD DETAILS:
   modFile   : /home/canmotalka/web/can-motalka.ru/public_html/vqmod/xml/lightning.xml
   id        : OpenCart Lightning
   version   : 3.37
   vqmver    : 
   author    : MaxD http://devs.mx

File Name    : system/library/cache.php(0)
VQModObject::applyMod - SEARCH NOT FOUND (SKIPPED): if (is_file(DIR_SYSTEM . 'library/journal3/vendor/SuperCache

----------------------------------------------------------------------


---------- Date: 2026-03-30 04:37:28 ~ IP : 185.179.188.62 ----------
REQUEST URI : /podmotka-spidometra-haval-jolion/
MOD DETAILS:
   modFile   : /home/canmotalka/web/can-motalka.ru/public_html/vqmod/xml/lightning.xml
   id        : OpenCart Lightning
   version   : 3.37
   vqmver    : 
   author    : MaxD http://devs.mx

File Name    : system/library/cache.php(0)
VQModObject::applyMod - SEARCH NOT FOUND (SKIPPED): if (is_file(DIR_SYSTEM . 'library/journal3/vendor/SuperCache

----------------------------------------------------------------------


---------- Date: 2026-03-30 04:38:01 ~ IP : 185.179.188.62 ----------
REQUEST URI : /instrukciya-podmotka-kamaz/
MOD DETAILS:
   modFile   : /home/canmotalka/web/can-motalka.ru/public_html/vqmod/xml/lightning.xml
   id        : OpenCart Lightning
   version   : 3.37
   vqmver    : 
   author    : MaxD http://devs.mx

File Name    : system/library/cache.php(0)
VQModObject::applyMod - SEARCH NOT FOUND (SKIPPED): if (is_file(DIR_SYSTEM . 'library/journal3/vendor/SuperCache

----------------------------------------------------------------------


---------- Date: 2026-03-30 04:38:07 ~ IP : 185.179.188.62 ----------
REQUEST URI : /podmotka-spidometra-na-shkoda-oktaviya/
MOD DETAILS:
   modFile   : /home/canmotalka/web/can-motalka.ru/public_html/vqmod/xml/lightning.xml
   id        : OpenCart Lightning
   version   : 3.37
   vqmver    : 
   author    : MaxD http://devs.mx

File Name    : system/library/cache.php(0)
VQModObject::applyMod - SEARCH NOT FOUND (SKIPPED): if (is_file(DIR_SYSTEM . 'library/journal3/vendor/SuperCache

----------------------------------------------------------------------


---------- Date: 2026-03-30 04:38:09 ~ IP : 185.179.188.62 ----------
REQUEST URI : /instrukciya-podmotka-kamaz/
MOD DETAILS:
   modFile   : /home/canmotalka/web/can-motalka.ru/public_html/vqmod/xml/lightning.xml
   id        : OpenCart Lightning
   version   : 3.37
   vqmver    : 
   author    : MaxD http://devs.mx

File Name    : system/library/cache.php(0)
VQModObject::applyMod - SEARCH NOT FOUND (SKIPPED): if (is_file(DIR_SYSTEM . 'library/journal3/vendor/SuperCache

----------------------------------------------------------------------


---------- Date: 2026-03-30 04:38:12 ~ IP : 185.179.188.62 ----------
REQUEST URI : /instrukciya-podmotka-kamaz/
MOD DETAILS:
   modFile   : /home/canmotalka/web/can-motalka.ru/public_html/vqmod/xml/lightning.xml
   id        : OpenCart Lightning
   version   : 3.37
   vqmver    : 
   author    : MaxD http://devs.mx

File Name    : system/library/cache.php(0)
VQModObject::applyMod - SEARCH NOT FOUND (SKIPPED): if (is_file(DIR_SYSTEM . 'library/journal3/vendor/SuperCache

----------------------------------------------------------------------


---------- Date: 2026-03-30 04:38:13 ~ IP : 185.179.188.62 ----------
REQUEST URI : /instrukciya-podmotka-kamaz/
MOD DETAILS:
   modFile   : /home/canmotalka/web/can-motalka.ru/public_html/vqmod/xml/lightning.xml
   id        : OpenCart Lightning
   version   : 3.37
   vqmver    : 
   author    : MaxD http://devs.mx

File Name    : system/library/cache.php(0)
VQModObject::applyMod - SEARCH NOT FOUND (SKIPPED): if (is_file(DIR_SYSTEM . 'library/journal3/vendor/SuperCache

----------------------------------------------------------------------


---------- Date: 2026-03-30 04:38:14 ~ IP : 185.179.188.62 ----------
REQUEST URI : /index.php?route=module/popupcart_extended
MOD DETAILS:
   modFile   : /home/canmotalka/web/can-motalka.ru/public_html/vqmod/xml/lightning.xml
   id        : OpenCart Lightning
   version   : 3.37
   vqmver    : 
   author    : MaxD http://devs.mx

File Name    : system/library/cache.php(0)
VQModObject::applyMod - SEARCH NOT FOUND (SKIPPED): if (is_file(DIR_SYSTEM . 'library/journal3/vendor/SuperCache

----------------------------------------------------------------------


---------- Date: 2026-03-30 04:38:27 ~ IP : 185.179.188.62 ----------
REQUEST URI : /podmotka-spidometra-uaz-patriot/
MOD DETAILS:
   modFile   : /home/canmotalka/web/can-motalka.ru/public_html/vqmod/xml/lightning.xml
   id        : OpenCart Lightning
   version   : 3.37
   vqmver    : 
   author    : MaxD http://devs.mx

File Name    : system/library/cache.php(0)
VQModObject::applyMod - SEARCH NOT FOUND (SKIPPED): if (is_file(DIR_SYSTEM . 'library/journal3/vendor/SuperCache

----------------------------------------------------------------------


---------- Date: 2026-03-30 04:39:07 ~ IP : 185.179.188.62 ----------
REQUEST URI : /podmotka-spidometra-ford-mondeo-4/
MOD DETAILS:
   modFile   : /home/canmotalka/web/can-motalka.ru/public_html/vqmod/xml/lightning.xml
   id        : OpenCart Lightning
   version   : 3.37
   vqmver    : 
   author    : MaxD http://devs.mx

File Name    : system/library/cache.php(0)
VQModObject::applyMod - SEARCH NOT FOUND (SKIPPED): if (is_file(DIR_SYSTEM . 'library/journal3/vendor/SuperCache

----------------------------------------------------------------------


---------- Date: 2026-03-30 04:39:47 ~ IP : 185.179.188.62 ----------
REQUEST URI : /politika-konfidencialnosti/
MOD DETAILS:
   modFile   : /home/canmotalka/web/can-motalka.ru/public_html/vqmod/xml/lightning.xml
   id        : OpenCart Lightning
   version   : 3.37
   vqmver    : 
   author    : MaxD http://devs.mx

File Name    : system/library/cache.php(0)
VQModObject::applyMod - SEARCH NOT FOUND (SKIPPED): if (is_file(DIR_SYSTEM . 'library/journal3/vendor/SuperCache

----------------------------------------------------------------------


---------- Date: 2026-03-30 04:40:16 ~ IP : 185.179.188.62 ----------
REQUEST URI : /politika-konfidencialnosti/
MOD DETAILS:
   modFile   : /home/canmotalka/web/can-motalka.ru/public_html/vqmod/xml/lightning.xml
   id        : OpenCart Lightning
   version   : 3.37
   vqmver    : 
   author    : MaxD http://devs.mx

File Name    : system/library/cache.php(0)
VQModObject::applyMod - SEARCH NOT FOUND (SKIPPED): if (is_file(DIR_SYSTEM . 'library/journal3/vendor/SuperCache

----------------------------------------------------------------------


---------- Date: 2026-03-30 04:40:40 ~ IP : 185.179.188.62 ----------
REQUEST URI : /namotchik-probega-dlya-bmw-x3/
MOD DETAILS:
   modFile   : /home/canmotalka/web/can-motalka.ru/public_html/vqmod/xml/lightning.xml
   id        : OpenCart Lightning
   version   : 3.37
   vqmver    : 
   author    : MaxD http://devs.mx

File Name    : system/library/cache.php(0)
VQModObject::applyMod - SEARCH NOT FOUND (SKIPPED): if (is_file(DIR_SYSTEM . 'library/journal3/vendor/SuperCache

----------------------------------------------------------------------


---------- Date: 2026-03-30 04:41:01 ~ IP : 185.179.188.62 ----------
REQUEST URI : /podmotka-spidometra-dlya-ford-exploer/
MOD DETAILS:
   modFile   : /home/canmotalka/web/can-motalka.ru/public_html/vqmod/xml/lightning.xml
   id        : OpenCart Lightning
   version   : 3.37
   vqmver    : 
   author    : MaxD http://devs.mx

File Name    : system/library/cache.php(0)
VQModObject::applyMod - SEARCH NOT FOUND (SKIPPED): if (is_file(DIR_SYSTEM . 'library/journal3/vendor/SuperCache

----------------------------------------------------------------------


---------- Date: 2026-03-30 04:41:20 ~ IP : 185.179.188.62 ----------
REQUEST URI : /folksvagen-polo-podmotka-spidometra/
MOD DETAILS:
   modFile   : /home/canmotalka/web/can-motalka.ru/public_html/vqmod/xml/lightning.xml
   id        : OpenCart Lightning
   version   : 3.37
   vqmver    : 
   author    : MaxD http://devs.mx

File Name    : system/library/cache.php(0)
VQModObject::applyMod - SEARCH NOT FOUND (SKIPPED): if (is_file(DIR_SYSTEM . 'library/journal3/vendor/SuperCache

----------------------------------------------------------------------


---------- Date: 2026-03-30 04:41:40 ~ IP : 185.179.188.62 ----------
REQUEST URI : /podmotka-spidometra-reno-daster-za-3000r/
MOD DETAILS:
   modFile   : /home/canmotalka/web/can-motalka.ru/public_html/vqmod/xml/lightning.xml
   id        : OpenCart Lightning
   version   : 3.37
   vqmver    : 
   author    : MaxD http://devs.mx

File Name    : system/library/cache.php(0)
VQModObject::applyMod - SEARCH NOT FOUND (SKIPPED): if (is_file(DIR_SYSTEM . 'library/journal3/vendor/SuperCache

----------------------------------------------------------------------


---------- Date: 2026-03-30 04:42:32 ~ IP : 185.179.188.62 ----------
REQUEST URI : /podmotka-spidometra-haval-h9/
MOD DETAILS:
   modFile   : /home/canmotalka/web/can-motalka.ru/public_html/vqmod/xml/lightning.xml
   id        : OpenCart Lightning
   version   : 3.37
   vqmver    : 
   author    : MaxD http://devs.mx

File Name    : system/library/cache.php(0)
VQModObject::applyMod - SEARCH NOT FOUND (SKIPPED): if (is_file(DIR_SYSTEM . 'library/journal3/vendor/SuperCache

----------------------------------------------------------------------


---------- Date: 2026-03-30 04:42:53 ~ IP : 185.179.188.62 ----------
REQUEST URI : /podmotka-spidometra-niva/
MOD DETAILS:
   modFile   : /home/canmotalka/web/can-motalka.ru/public_html/vqmod/xml/lightning.xml
   id        : OpenCart Lightning
   version   : 3.37
   vqmver    : 
   author    : MaxD http://devs.mx

File Name    : system/library/cache.php(0)
VQModObject::applyMod - SEARCH NOT FOUND (SKIPPED): if (is_file(DIR_SYSTEM . 'library/journal3/vendor/SuperCache

----------------------------------------------------------------------


---------- Date: 2026-03-30 04:43:13 ~ IP : 185.179.188.62 ----------
REQUEST URI : /podmotka-spidometra-citroen-jumpy/
MOD DETAILS:
   modFile   : /home/canmotalka/web/can-motalka.ru/public_html/vqmod/xml/lightning.xml
   id        : OpenCart Lightning
   version   : 3.37
   vqmver    : 
   author    : MaxD http://devs.mx

File Name    : system/library/cache.php(0)
VQModObject::applyMod - SEARCH NOT FOUND (SKIPPED): if (is_file(DIR_SYSTEM . 'library/journal3/vendor/SuperCache

----------------------------------------------------------------------


---------- Date: 2026-03-30 04:43:32 ~ IP : 185.179.188.62 ----------
REQUEST URI : /o-kompanii/
MOD DETAILS:
   modFile   : /home/canmotalka/web/can-motalka.ru/public_html/vqmod/xml/lightning.xml
   id        : OpenCart Lightning
   version   : 3.37
   vqmver    : 
   author    : MaxD http://devs.mx

File Name    : system/library/cache.php(0)
VQModObject::applyMod - SEARCH NOT FOUND (SKIPPED): if (is_file(DIR_SYSTEM . 'library/journal3/vendor/SuperCache

----------------------------------------------------------------------


---------- Date: 2026-03-30 04:43:53 ~ IP : 185.179.188.62 ----------
REQUEST URI : /podmotka-spidometra-hyundai-ix35/
MOD DETAILS:
   modFile   : /home/canmotalka/web/can-motalka.ru/public_html/vqmod/xml/lightning.xml
   id        : OpenCart Lightning
   version   : 3.37
   vqmver    : 
   author    : MaxD http://devs.mx

File Name    : system/library/cache.php(0)
VQModObject::applyMod - SEARCH NOT FOUND (SKIPPED): if (is_file(DIR_SYSTEM . 'library/journal3/vendor/SuperCache

----------------------------------------------------------------------


---------- Date: 2026-03-30 04:44:12 ~ IP : 185.179.188.62 ----------
REQUEST URI : /podmotka-spidometra-nissan-x-trail/
MOD DETAILS:
   modFile   : /home/canmotalka/web/can-motalka.ru/public_html/vqmod/xml/lightning.xml
   id        : OpenCart Lightning
   version   : 3.37
   vqmver    : 
   author    : MaxD http://devs.mx

File Name    : system/library/cache.php(0)
VQModObject::applyMod - SEARCH NOT FOUND (SKIPPED): if (is_file(DIR_SYSTEM . 'library/journal3/vendor/SuperCache

----------------------------------------------------------------------


---------- Date: 2026-03-30 04:44:40 ~ IP : 185.179.188.62 ----------
REQUEST URI : /setting_php/uluchshenie-potencii/591-suhagra-deshevo-ryazan/
MOD DETAILS:
   modFile   : /home/canmotalka/web/can-motalka.ru/public_html/vqmod/xml/lightning.xml
   id        : OpenCart Lightning
   version   : 3.37
   vqmver    : 
   author    : MaxD http://devs.mx

File Name    : system/library/cache.php(0)
VQModObject::applyMod - SEARCH NOT FOUND (SKIPPED): if (is_file(DIR_SYSTEM . 'library/journal3/vendor/SuperCache

----------------------------------------------------------------------


---------- Date: 2026-03-30 04:45:06 ~ IP : 185.179.188.62 ----------
REQUEST URI : /podmotka-spidometra-renault-logan-2005-2014/
MOD DETAILS:
   modFile   : /home/canmotalka/web/can-motalka.ru/public_html/vqmod/xml/lightning.xml
   id        : OpenCart Lightning
   version   : 3.37
   vqmver    : 
   author    : MaxD http://devs.mx

File Name    : system/library/cache.php(0)
VQModObject::applyMod - SEARCH NOT FOUND (SKIPPED): if (is_file(DIR_SYSTEM . 'library/journal3/vendor/SuperCache

----------------------------------------------------------------------


---------- Date: 2026-03-30 04:45:26 ~ IP : 185.179.188.62 ----------
REQUEST URI : /video-obzor/
MOD DETAILS:
   modFile   : /home/canmotalka/web/can-motalka.ru/public_html/vqmod/xml/lightning.xml
   id        : OpenCart Lightning
   version   : 3.37
   vqmver    : 
   author    : MaxD http://devs.mx

File Name    : system/library/cache.php(0)
VQModObject::applyMod - SEARCH NOT FOUND (SKIPPED): if (is_file(DIR_SYSTEM . 'library/journal3/vendor/SuperCache

----------------------------------------------------------------------


---------- Date: 2026-03-30 04:45:46 ~ IP : 185.179.188.62 ----------
REQUEST URI : /podmotka-spidometra-peugeot-boxer/
MOD DETAILS:
   modFile   : /home/canmotalka/web/can-motalka.ru/public_html/vqmod/xml/lightning.xml
   id        : OpenCart Lightning
   version   : 3.37
   vqmver    : 
   author    : MaxD http://devs.mx

File Name    : system/library/cache.php(0)
VQModObject::applyMod - SEARCH NOT FOUND (SKIPPED): if (is_file(DIR_SYSTEM . 'library/journal3/vendor/SuperCache

----------------------------------------------------------------------


---------- Date: 2026-03-30 04:46:06 ~ IP : 185.179.188.62 ----------
REQUEST URI : /podmotka-spidometra-lada-priora/
MOD DETAILS:
   modFile   : /home/canmotalka/web/can-motalka.ru/public_html/vqmod/xml/lightning.xml
   id        : OpenCart Lightning
   version   : 3.37
   vqmver    : 
   author    : MaxD http://devs.mx

File Name    : system/library/cache.php(0)
VQModObject::applyMod - SEARCH NOT FOUND (SKIPPED): if (is_file(DIR_SYSTEM . 'library/journal3/vendor/SuperCache

----------------------------------------------------------------------


---------- Date: 2026-03-30 04:46:29 ~ IP : 185.179.188.62 ----------
REQUEST URI : /podmotka-spidometra-toyota-fortuner/
MOD DETAILS:
   modFile   : /home/canmotalka/web/can-motalka.ru/public_html/vqmod/xml/lightning.xml
   id        : OpenCart Lightning
   version   : 3.37
   vqmver    : 
   author    : MaxD http://devs.mx

File Name    : system/library/cache.php(0)
VQModObject::applyMod - SEARCH NOT FOUND (SKIPPED): if (is_file(DIR_SYSTEM . 'library/journal3/vendor/SuperCache

----------------------------------------------------------------------


---------- Date: 2026-03-30 04:47:54 ~ IP : 185.179.188.62 ----------
REQUEST URI : /podmotka-spidometra-renault-duster-2009-2015/
MOD DETAILS:
   modFile   : /home/canmotalka/web/can-motalka.ru/public_html/vqmod/xml/lightning.xml
   id        : OpenCart Lightning
   version   : 3.37
   vqmver    : 
   author    : MaxD http://devs.mx

File Name    : system/library/cache.php(0)
VQModObject::applyMod - SEARCH NOT FOUND (SKIPPED): if (is_file(DIR_SYSTEM . 'library/journal3/vendor/SuperCache

----------------------------------------------------------------------


---------- Date: 2026-03-30 04:47:59 ~ IP : 185.179.188.62 ----------
REQUEST URI : /setting_php/dapoksetin/387-tadasip-dostavka-krasnokamensk
MOD DETAILS:
   modFile   : /home/canmotalka/web/can-motalka.ru/public_html/vqmod/xml/lightning.xml
   id        : OpenCart Lightning
   version   : 3.37
   vqmver    : 
   author    : MaxD http://devs.mx

File Name    : system/library/cache.php(0)
VQModObject::applyMod - SEARCH NOT FOUND (SKIPPED): if (is_file(DIR_SYSTEM . 'library/journal3/vendor/SuperCache

----------------------------------------------------------------------


---------- Date: 2026-03-30 04:48:10 ~ IP : 185.179.188.62 ----------
REQUEST URI : /podmotka-spidometra-hyundai-solaris-2011-2016/
MOD DETAILS:
   modFile   : /home/canmotalka/web/can-motalka.ru/public_html/vqmod/xml/lightning.xml
   id        : OpenCart Lightning
   version   : 3.37
   vqmver    : 
   author    : MaxD http://devs.mx

File Name    : system/library/cache.php(0)
VQModObject::applyMod - SEARCH NOT FOUND (SKIPPED): if (is_file(DIR_SYSTEM . 'library/journal3/vendor/SuperCache

----------------------------------------------------------------------


---------- Date: 2026-03-30 04:48:30 ~ IP : 185.179.188.62 ----------
REQUEST URI : /podmotka-spidometra-renault-kangoo/
MOD DETAILS:
   modFile   : /home/canmotalka/web/can-motalka.ru/public_html/vqmod/xml/lightning.xml
   id        : OpenCart Lightning
   version   : 3.37
   vqmver    : 
   author    : MaxD http://devs.mx

File Name    : system/library/cache.php(0)
VQModObject::applyMod - SEARCH NOT FOUND (SKIPPED): if (is_file(DIR_SYSTEM . 'library/journal3/vendor/SuperCache

----------------------------------------------------------------------


---------- Date: 2026-03-30 04:48:50 ~ IP : 185.179.188.62 ----------
REQUEST URI : /podmotka-spidometra-kia-sorento/
MOD DETAILS:
   modFile   : /home/canmotalka/web/can-motalka.ru/public_html/vqmod/xml/lightning.xml
   id        : OpenCart Lightning
   version   : 3.37
   vqmver    : 
   author    : MaxD http://devs.mx

File Name    : system/library/cache.php(0)
VQModObject::applyMod - SEARCH NOT FOUND (SKIPPED): if (is_file(DIR_SYSTEM . 'library/journal3/vendor/SuperCache

----------------------------------------------------------------------


---------- Date: 2026-03-30 04:48:56 ~ IP : 185.179.188.62 ----------
REQUEST URI : /podmotka-spidometra-peugeot-boxer/
MOD DETAILS:
   modFile   : /home/canmotalka/web/can-motalka.ru/public_html/vqmod/xml/lightning.xml
   id        : OpenCart Lightning
   version   : 3.37
   vqmver    : 
   author    : MaxD http://devs.mx

File Name    : system/library/cache.php(0)
VQModObject::applyMod - SEARCH NOT FOUND (SKIPPED): if (is_file(DIR_SYSTEM . 'library/journal3/vendor/SuperCache

----------------------------------------------------------------------


---------- Date: 2026-03-30 04:49:11 ~ IP : 185.179.188.62 ----------
REQUEST URI : /podmotka-spidometra-chevrolet-cruze/
MOD DETAILS:
   modFile   : /home/canmotalka/web/can-motalka.ru/public_html/vqmod/xml/lightning.xml
   id        : OpenCart Lightning
   version   : 3.37
   vqmver    : 
   author    : MaxD http://devs.mx

File Name    : system/library/cache.php(0)
VQModObject::applyMod - SEARCH NOT FOUND (SKIPPED): if (is_file(DIR_SYSTEM . 'library/journal3/vendor/SuperCache

----------------------------------------------------------------------


---------- Date: 2026-03-30 04:49:31 ~ IP : 185.179.188.62 ----------
REQUEST URI : /podmotka-krutilka-spidometra-gazel-biznes-benzin-evotec-ili-cummins/
MOD DETAILS:
   modFile   : /home/canmotalka/web/can-motalka.ru/public_html/vqmod/xml/lightning.xml
   id        : OpenCart Lightning
   version   : 3.37
   vqmver    : 
   author    : MaxD http://devs.mx

File Name    : system/library/cache.php(0)
VQModObject::applyMod - SEARCH NOT FOUND (SKIPPED): if (is_file(DIR_SYSTEM . 'library/journal3/vendor/SuperCache

----------------------------------------------------------------------


---------- Date: 2026-03-30 04:50:33 ~ IP : 185.179.188.62 ----------
REQUEST URI : /podmotka-spidometra-camry-40/
MOD DETAILS:
   modFile   : /home/canmotalka/web/can-motalka.ru/public_html/vqmod/xml/lightning.xml
   id        : OpenCart Lightning
   version   : 3.37
   vqmver    : 
   author    : MaxD http://devs.mx

File Name    : system/library/cache.php(0)
VQModObject::applyMod - SEARCH NOT FOUND (SKIPPED): if (is_file(DIR_SYSTEM . 'library/journal3/vendor/SuperCache

----------------------------------------------------------------------


---------- Date: 2026-03-30 04:51:13 ~ IP : 185.179.188.62 ----------
REQUEST URI : /podmotka-spidometra-volkswagen-caddy/
MOD DETAILS:
   modFile   : /home/canmotalka/web/can-motalka.ru/public_html/vqmod/xml/lightning.xml
   id        : OpenCart Lightning
   version   : 3.37
   vqmver    : 
   author    : MaxD http://devs.mx

File Name    : system/library/cache.php(0)
VQModObject::applyMod - SEARCH NOT FOUND (SKIPPED): if (is_file(DIR_SYSTEM . 'library/journal3/vendor/SuperCache

----------------------------------------------------------------------


---------- Date: 2026-03-30 04:51:33 ~ IP : 185.179.188.62 ----------
REQUEST URI : /podmotka-spidometra-na-ford-fokus-3-za-3500-rubley/
MOD DETAILS:
   modFile   : /home/canmotalka/web/can-motalka.ru/public_html/vqmod/xml/lightning.xml
   id        : OpenCart Lightning
   version   : 3.37
   vqmver    : 
   author    : MaxD http://devs.mx

File Name    : system/library/cache.php(0)
VQModObject::applyMod - SEARCH NOT FOUND (SKIPPED): if (is_file(DIR_SYSTEM . 'library/journal3/vendor/SuperCache

----------------------------------------------------------------------


---------- Date: 2026-03-30 04:51:53 ~ IP : 185.179.188.62 ----------
REQUEST URI : /podmotka-spidometra-renault-fluence/
MOD DETAILS:
   modFile   : /home/canmotalka/web/can-motalka.ru/public_html/vqmod/xml/lightning.xml
   id        : OpenCart Lightning
   version   : 3.37
   vqmver    : 
   author    : MaxD http://devs.mx

File Name    : system/library/cache.php(0)
VQModObject::applyMod - SEARCH NOT FOUND (SKIPPED): if (is_file(DIR_SYSTEM . 'library/journal3/vendor/SuperCache

----------------------------------------------------------------------


---------- Date: 2026-03-30 04:52:13 ~ IP : 185.179.188.62 ----------
REQUEST URI : /oferta/
MOD DETAILS:
   modFile   : /home/canmotalka/web/can-motalka.ru/public_html/vqmod/xml/lightning.xml
   id        : OpenCart Lightning
   version   : 3.37
   vqmver    : 
   author    : MaxD http://devs.mx

File Name    : system/library/cache.php(0)
VQModObject::applyMod - SEARCH NOT FOUND (SKIPPED): if (is_file(DIR_SYSTEM . 'library/journal3/vendor/SuperCache

----------------------------------------------------------------------


---------- Date: 2026-03-30 04:52:48 ~ IP : 185.179.188.62 ----------
REQUEST URI : /podmotka-spidometra-na-ford-fokus-3-za-3500-rubley/
MOD DETAILS:
   modFile   : /home/canmotalka/web/can-motalka.ru/public_html/vqmod/xml/lightning.xml
   id        : OpenCart Lightning
   version   : 3.37
   vqmver    : 
   author    : MaxD http://devs.mx

File Name    : system/library/cache.php(0)
VQModObject::applyMod - SEARCH NOT FOUND (SKIPPED): if (is_file(DIR_SYSTEM . 'library/journal3/vendor/SuperCache

----------------------------------------------------------------------


---------- Date: 2026-03-30 04:53:09 ~ IP : 185.179.188.62 ----------
REQUEST URI : /namotchik-probega-dlya-audi-q5/
MOD DETAILS:
   modFile   : /home/canmotalka/web/can-motalka.ru/public_html/vqmod/xml/lightning.xml
   id        : OpenCart Lightning
   version   : 3.37
   vqmver    : 
   author    : MaxD http://devs.mx

File Name    : system/library/cache.php(0)
VQModObject::applyMod - SEARCH NOT FOUND (SKIPPED): if (is_file(DIR_SYSTEM . 'library/journal3/vendor/SuperCache

----------------------------------------------------------------------


---------- Date: 2026-03-30 04:53:29 ~ IP : 185.179.188.62 ----------
REQUEST URI : /podmotka-spidometra-mersedes-sprinter-classic/
MOD DETAILS:
   modFile   : /home/canmotalka/web/can-motalka.ru/public_html/vqmod/xml/lightning.xml
   id        : OpenCart Lightning
   version   : 3.37
   vqmver    : 
   author    : MaxD http://devs.mx

File Name    : system/library/cache.php(0)
VQModObject::applyMod - SEARCH NOT FOUND (SKIPPED): if (is_file(DIR_SYSTEM . 'library/journal3/vendor/SuperCache

----------------------------------------------------------------------


---------- Date: 2026-03-30 04:53:48 ~ IP : 185.179.188.62 ----------
REQUEST URI : /podmotka_spidometra/
MOD DETAILS:
   modFile   : /home/canmotalka/web/can-motalka.ru/public_html/vqmod/xml/lightning.xml
   id        : OpenCart Lightning
   version   : 3.37
   vqmver    : 
   author    : MaxD http://devs.mx

File Name    : system/library/cache.php(0)
VQModObject::applyMod - SEARCH NOT FOUND (SKIPPED): if (is_file(DIR_SYSTEM . 'library/journal3/vendor/SuperCache

----------------------------------------------------------------------


---------- Date: 2026-03-30 04:54:08 ~ IP : 185.179.188.62 ----------
REQUEST URI : /podmotka-spidometra-skoda-rapid/
MOD DETAILS:
   modFile   : /home/canmotalka/web/can-motalka.ru/public_html/vqmod/xml/lightning.xml
   id        : OpenCart Lightning
   version   : 3.37
   vqmver    : 
   author    : MaxD http://devs.mx

File Name    : system/library/cache.php(0)
VQModObject::applyMod - SEARCH NOT FOUND (SKIPPED): if (is_file(DIR_SYSTEM . 'library/journal3/vendor/SuperCache

----------------------------------------------------------------------


---------- Date: 2026-03-30 04:54:29 ~ IP : 185.179.188.62 ----------
REQUEST URI : /podmotka-spidometra-citroen-jumper/
MOD DETAILS:
   modFile   : /home/canmotalka/web/can-motalka.ru/public_html/vqmod/xml/lightning.xml
   id        : OpenCart Lightning
   version   : 3.37
   vqmver    : 
   author    : MaxD http://devs.mx

File Name    : system/library/cache.php(0)
VQModObject::applyMod - SEARCH NOT FOUND (SKIPPED): if (is_file(DIR_SYSTEM . 'library/journal3/vendor/SuperCache

----------------------------------------------------------------------


---------- Date: 2026-03-30 04:54:49 ~ IP : 185.179.188.62 ----------
REQUEST URI : /podmotka-spidometra-largus/
MOD DETAILS:
   modFile   : /home/canmotalka/web/can-motalka.ru/public_html/vqmod/xml/lightning.xml
   id        : OpenCart Lightning
   version   : 3.37
   vqmver    : 
   author    : MaxD http://devs.mx

File Name    : system/library/cache.php(0)
VQModObject::applyMod - SEARCH NOT FOUND (SKIPPED): if (is_file(DIR_SYSTEM . 'library/journal3/vendor/SuperCache

----------------------------------------------------------------------


---------- Date: 2026-03-30 04:55:40 ~ IP : 185.179.188.62 ----------
REQUEST URI : /krutilka-spidometra-dlya-honda-crv/
MOD DETAILS:
   modFile   : /home/canmotalka/web/can-motalka.ru/public_html/vqmod/xml/lightning.xml
   id        : OpenCart Lightning
   version   : 3.37
   vqmver    : 
   author    : MaxD http://devs.mx

File Name    : system/library/cache.php(0)
VQModObject::applyMod - SEARCH NOT FOUND (SKIPPED): if (is_file(DIR_SYSTEM . 'library/journal3/vendor/SuperCache

----------------------------------------------------------------------


---------- Date: 2026-03-30 04:56:01 ~ IP : 185.179.188.62 ----------
REQUEST URI : /krutilka-podmotka-spidometra-hyundai-elantra-new/
MOD DETAILS:
   modFile   : /home/canmotalka/web/can-motalka.ru/public_html/vqmod/xml/lightning.xml
   id        : OpenCart Lightning
   version   : 3.37
   vqmver    : 
   author    : MaxD http://devs.mx

File Name    : system/library/cache.php(0)
VQModObject::applyMod - SEARCH NOT FOUND (SKIPPED): if (is_file(DIR_SYSTEM . 'library/journal3/vendor/SuperCache

----------------------------------------------------------------------


---------- Date: 2026-03-30 04:56:21 ~ IP : 185.179.188.62 ----------
REQUEST URI : /podmotka-spidometra-volkswagen-transporter-t6/
MOD DETAILS:
   modFile   : /home/canmotalka/web/can-motalka.ru/public_html/vqmod/xml/lightning.xml
   id        : OpenCart Lightning
   version   : 3.37
   vqmver    : 
   author    : MaxD http://devs.mx

File Name    : system/library/cache.php(0)
VQModObject::applyMod - SEARCH NOT FOUND (SKIPPED): if (is_file(DIR_SYSTEM . 'library/journal3/vendor/SuperCache

----------------------------------------------------------------------


---------- Date: 2026-03-30 04:56:40 ~ IP : 185.179.188.62 ----------
REQUEST URI : /namotchik-probega-dlya-uaz-patriot-konec-do-2016-zelenyy-displey/
MOD DETAILS:
   modFile   : /home/canmotalka/web/can-motalka.ru/public_html/vqmod/xml/lightning.xml
   id        : OpenCart Lightning
   version   : 3.37
   vqmver    : 
   author    : MaxD http://devs.mx

File Name    : system/library/cache.php(0)
VQModObject::applyMod - SEARCH NOT FOUND (SKIPPED): if (is_file(DIR_SYSTEM . 'library/journal3/vendor/SuperCache

----------------------------------------------------------------------


---------- Date: 2026-03-30 04:57:01 ~ IP : 185.179.188.62 ----------
REQUEST URI : /namotchik-probega-dlya-audi-a8/
MOD DETAILS:
   modFile   : /home/canmotalka/web/can-motalka.ru/public_html/vqmod/xml/lightning.xml
   id        : OpenCart Lightning
   version   : 3.37
   vqmver    : 
   author    : MaxD http://devs.mx

File Name    : system/library/cache.php(0)
VQModObject::applyMod - SEARCH NOT FOUND (SKIPPED): if (is_file(DIR_SYSTEM . 'library/journal3/vendor/SuperCache

----------------------------------------------------------------------


---------- Date: 2026-03-30 04:57:21 ~ IP : 185.179.188.62 ----------
REQUEST URI : /podmotka_vw_manual/
MOD DETAILS:
   modFile   : /home/canmotalka/web/can-motalka.ru/public_html/vqmod/xml/lightning.xml
   id        : OpenCart Lightning
   version   : 3.37
   vqmver    : 
   author    : MaxD http://devs.mx

File Name    : system/library/cache.php(0)
VQModObject::applyMod - SEARCH NOT FOUND (SKIPPED): if (is_file(DIR_SYSTEM . 'library/journal3/vendor/SuperCache

----------------------------------------------------------------------


---------- Date: 2026-03-30 04:57:22 ~ IP : 185.179.188.62 ----------
REQUEST URI : /podmotka-spidometra-toyota-fortuner/
MOD DETAILS:
   modFile   : /home/canmotalka/web/can-motalka.ru/public_html/vqmod/xml/lightning.xml
   id        : OpenCart Lightning
   version   : 3.37
   vqmver    : 
   author    : MaxD http://devs.mx

File Name    : system/library/cache.php(0)
VQModObject::applyMod - SEARCH NOT FOUND (SKIPPED): if (is_file(DIR_SYSTEM . 'library/journal3/vendor/SuperCache

----------------------------------------------------------------------


---------- Date: 2026-03-30 04:57:28 ~ IP : 185.179.188.62 ----------
REQUEST URI : /index.php?route=module/popupcart_extended
MOD DETAILS:
   modFile   : /home/canmotalka/web/can-motalka.ru/public_html/vqmod/xml/lightning.xml
   id        : OpenCart Lightning
   version   : 3.37
   vqmver    : 
   author    : MaxD http://devs.mx

File Name    : system/library/cache.php(0)
VQModObject::applyMod - SEARCH NOT FOUND (SKIPPED): if (is_file(DIR_SYSTEM . 'library/journal3/vendor/SuperCache

----------------------------------------------------------------------


---------- Date: 2026-03-30 04:57:41 ~ IP : 185.179.188.62 ----------
REQUEST URI : /index.php?route=product/product/review&amp;product_id=268
MOD DETAILS:
   modFile   : /home/canmotalka/web/can-motalka.ru/public_html/vqmod/xml/lightning.xml
   id        : OpenCart Lightning
   version   : 3.37
   vqmver    : 
   author    : MaxD http://devs.mx

File Name    : system/library/cache.php(0)
VQModObject::applyMod - SEARCH NOT FOUND (SKIPPED): if (is_file(DIR_SYSTEM . 'library/journal3/vendor/SuperCache

----------------------------------------------------------------------


---------- Date: 2026-03-30 04:57:58 ~ IP : 185.179.188.62 ----------
REQUEST URI : /podmotka-spidometra-toyota-fortuner/
MOD DETAILS:
   modFile   : /home/canmotalka/web/can-motalka.ru/public_html/vqmod/xml/lightning.xml
   id        : OpenCart Lightning
   version   : 3.37
   vqmver    : 
   author    : MaxD http://devs.mx

File Name    : system/library/cache.php(0)
VQModObject::applyMod - SEARCH NOT FOUND (SKIPPED): if (is_file(DIR_SYSTEM . 'library/journal3/vendor/SuperCache

----------------------------------------------------------------------


---------- Date: 2026-03-30 04:58:15 ~ IP : 185.179.188.62 ----------
REQUEST URI : /podmotka-spidometra-hyundai-h1/
MOD DETAILS:
   modFile   : /home/canmotalka/web/can-motalka.ru/public_html/vqmod/xml/lightning.xml
   id        : OpenCart Lightning
   version   : 3.37
   vqmver    : 
   author    : MaxD http://devs.mx

File Name    : system/library/cache.php(0)
VQModObject::applyMod - SEARCH NOT FOUND (SKIPPED): if (is_file(DIR_SYSTEM . 'library/journal3/vendor/SuperCache

----------------------------------------------------------------------


---------- Date: 2026-03-30 04:58:36 ~ IP : 185.179.188.62 ----------
REQUEST URI : /podmotka-spidometra-kia-sportage/
MOD DETAILS:
   modFile   : /home/canmotalka/web/can-motalka.ru/public_html/vqmod/xml/lightning.xml
   id        : OpenCart Lightning
   version   : 3.37
   vqmver    : 
   author    : MaxD http://devs.mx

File Name    : system/library/cache.php(0)
VQModObject::applyMod - SEARCH NOT FOUND (SKIPPED): if (is_file(DIR_SYSTEM . 'library/journal3/vendor/SuperCache

----------------------------------------------------------------------


---------- Date: 2026-03-30 04:58:55 ~ IP : 185.179.188.62 ----------
REQUEST URI : /podmotka-spidometra-henday-staria/
MOD DETAILS:
   modFile   : /home/canmotalka/web/can-motalka.ru/public_html/vqmod/xml/lightning.xml
   id        : OpenCart Lightning
   version   : 3.37
   vqmver    : 
   author    : MaxD http://devs.mx

File Name    : system/library/cache.php(0)
VQModObject::applyMod - SEARCH NOT FOUND (SKIPPED): if (is_file(DIR_SYSTEM . 'library/journal3/vendor/SuperCache

----------------------------------------------------------------------


---------- Date: 2026-03-30 04:59:16 ~ IP : 185.179.188.62 ----------
REQUEST URI : /podmotka-spidometra-kia-carnival/
MOD DETAILS:
   modFile   : /home/canmotalka/web/can-motalka.ru/public_html/vqmod/xml/lightning.xml
   id        : OpenCart Lightning
   version   : 3.37
   vqmver    : 
   author    : MaxD http://devs.mx

File Name    : system/library/cache.php(0)
VQModObject::applyMod - SEARCH NOT FOUND (SKIPPED): if (is_file(DIR_SYSTEM . 'library/journal3/vendor/SuperCache

----------------------------------------------------------------------


---------- Date: 2026-03-30 04:59:35 ~ IP : 185.179.188.62 ----------
REQUEST URI : /garantiya/
MOD DETAILS:
   modFile   : /home/canmotalka/web/can-motalka.ru/public_html/vqmod/xml/lightning.xml
   id        : OpenCart Lightning
   version   : 3.37
   vqmver    : 
   author    : MaxD http://devs.mx

File Name    : system/library/cache.php(0)
VQModObject::applyMod - SEARCH NOT FOUND (SKIPPED): if (is_file(DIR_SYSTEM . 'library/journal3/vendor/SuperCache

----------------------------------------------------------------------


---------- Date: 2026-03-30 04:59:55 ~ IP : 185.179.188.62 ----------
REQUEST URI : /namotchik-probega-dlya-mercedes-sprinter/
MOD DETAILS:
   modFile   : /home/canmotalka/web/can-motalka.ru/public_html/vqmod/xml/lightning.xml
   id        : OpenCart Lightning
   version   : 3.37
   vqmver    : 
   author    : MaxD http://devs.mx

File Name    : system/library/cache.php(0)
VQModObject::applyMod - SEARCH NOT FOUND (SKIPPED): if (is_file(DIR_SYSTEM . 'library/journal3/vendor/SuperCache

----------------------------------------------------------------------


---------- Date: 2026-03-30 04:59:55 ~ IP : 185.179.188.62 ----------
REQUEST URI : /podmotka-spidometra-mercedes-sprinter/
MOD DETAILS:
   modFile   : /home/canmotalka/web/can-motalka.ru/public_html/vqmod/xml/lightning.xml
   id        : OpenCart Lightning
   version   : 3.37
   vqmver    : 
   author    : MaxD http://devs.mx

File Name    : system/library/cache.php(0)
VQModObject::applyMod - SEARCH NOT FOUND (SKIPPED): if (is_file(DIR_SYSTEM . 'library/journal3/vendor/SuperCache

----------------------------------------------------------------------


---------- Date: 2026-03-30 05:00:47 ~ IP : 185.179.188.62 ----------
REQUEST URI : /podmotka-spidometra-hyundai-santa-fe-2/
MOD DETAILS:
   modFile   : /home/canmotalka/web/can-motalka.ru/public_html/vqmod/xml/lightning.xml
   id        : OpenCart Lightning
   version   : 3.37
   vqmver    : 
   author    : MaxD http://devs.mx

File Name    : system/library/cache.php(0)
VQModObject::applyMod - SEARCH NOT FOUND (SKIPPED): if (is_file(DIR_SYSTEM . 'library/journal3/vendor/SuperCache

----------------------------------------------------------------------


---------- Date: 2026-03-30 05:01:06 ~ IP : 185.179.188.62 ----------
REQUEST URI : /podmotka-spidometra-shevrole-niva-abs-bezlimitnaya/
MOD DETAILS:
   modFile   : /home/canmotalka/web/can-motalka.ru/public_html/vqmod/xml/lightning.xml
   id        : OpenCart Lightning
   version   : 3.37
   vqmver    : 
   author    : MaxD http://devs.mx

File Name    : system/library/cache.php(0)
VQModObject::applyMod - SEARCH NOT FOUND (SKIPPED): if (is_file(DIR_SYSTEM . 'library/journal3/vendor/SuperCache

----------------------------------------------------------------------


---------- Date: 2026-03-30 05:01:46 ~ IP : 185.179.188.62 ----------
REQUEST URI : /podmotka-spidometra-vesta/
MOD DETAILS:
   modFile   : /home/canmotalka/web/can-motalka.ru/public_html/vqmod/xml/lightning.xml
   id        : OpenCart Lightning
   version   : 3.37
   vqmver    : 
   author    : MaxD http://devs.mx

File Name    : system/library/cache.php(0)
VQModObject::applyMod - SEARCH NOT FOUND (SKIPPED): if (is_file(DIR_SYSTEM . 'library/journal3/vendor/SuperCache

----------------------------------------------------------------------


---------- Date: 2026-03-30 05:02:06 ~ IP : 185.179.188.62 ----------
REQUEST URI : /podmotka-spidometra-ford-tranzit/
MOD DETAILS:
   modFile   : /home/canmotalka/web/can-motalka.ru/public_html/vqmod/xml/lightning.xml
   id        : OpenCart Lightning
   version   : 3.37
   vqmver    : 
   author    : MaxD http://devs.mx

File Name    : system/library/cache.php(0)
VQModObject::applyMod - SEARCH NOT FOUND (SKIPPED): if (is_file(DIR_SYSTEM . 'library/journal3/vendor/SuperCache

----------------------------------------------------------------------


---------- Date: 2026-03-30 05:03:20 ~ IP : 185.179.188.62 ----------
REQUEST URI : /podmotka-spidometra-hyndai-santa-fe-4/
MOD DETAILS:
   modFile   : /home/canmotalka/web/can-motalka.ru/public_html/vqmod/xml/lightning.xml
   id        : OpenCart Lightning
   version   : 3.37
   vqmver    : 
   author    : MaxD http://devs.mx

File Name    : system/library/cache.php(0)
VQModObject::applyMod - SEARCH NOT FOUND (SKIPPED): if (is_file(DIR_SYSTEM . 'library/journal3/vendor/SuperCache

----------------------------------------------------------------------


---------- Date: 2026-03-30 05:03:39 ~ IP : 185.179.188.62 ----------
REQUEST URI : /podmotka-spidometra-ford-focus-2/
MOD DETAILS:
   modFile   : /home/canmotalka/web/can-motalka.ru/public_html/vqmod/xml/lightning.xml
   id        : OpenCart Lightning
   version   : 3.37
   vqmver    : 
   author    : MaxD http://devs.mx

File Name    : system/library/cache.php(0)
VQModObject::applyMod - SEARCH NOT FOUND (SKIPPED): if (is_file(DIR_SYSTEM . 'library/journal3/vendor/SuperCache

----------------------------------------------------------------------


---------- Date: 2026-03-30 05:04:00 ~ IP : 185.179.188.62 ----------
REQUEST URI : /podmotka-spidometra-reno-logan-za-3000r/
MOD DETAILS:
   modFile   : /home/canmotalka/web/can-motalka.ru/public_html/vqmod/xml/lightning.xml
   id        : OpenCart Lightning
   version   : 3.37
   vqmver    : 
   author    : MaxD http://devs.mx

File Name    : system/library/cache.php(0)
VQModObject::applyMod - SEARCH NOT FOUND (SKIPPED): if (is_file(DIR_SYSTEM . 'library/journal3/vendor/SuperCache

----------------------------------------------------------------------


---------- Date: 2026-03-30 05:04:19 ~ IP : 185.179.188.62 ----------
REQUEST URI : /podmotka-spidometra-mitsubishi-l200/
MOD DETAILS:
   modFile   : /home/canmotalka/web/can-motalka.ru/public_html/vqmod/xml/lightning.xml
   id        : OpenCart Lightning
   version   : 3.37
   vqmver    : 
   author    : MaxD http://devs.mx

File Name    : system/library/cache.php(0)
VQModObject::applyMod - SEARCH NOT FOUND (SKIPPED): if (is_file(DIR_SYSTEM . 'library/journal3/vendor/SuperCache

----------------------------------------------------------------------


---------- Date: 2026-03-30 05:04:40 ~ IP : 185.179.188.62 ----------
REQUEST URI : /podmotka-spidometra-lada-granta-za-3000r/
MOD DETAILS:
   modFile   : /home/canmotalka/web/can-motalka.ru/public_html/vqmod/xml/lightning.xml
   id        : OpenCart Lightning
   version   : 3.37
   vqmver    : 
   author    : MaxD http://devs.mx

File Name    : system/library/cache.php(0)
VQModObject::applyMod - SEARCH NOT FOUND (SKIPPED): if (is_file(DIR_SYSTEM . 'library/journal3/vendor/SuperCache

----------------------------------------------------------------------


---------- Date: 2026-03-30 05:04:59 ~ IP : 185.179.188.62 ----------
REQUEST URI : /podmotka-krutilka-motalka-spidometra-hyundai-creta/
MOD DETAILS:
   modFile   : /home/canmotalka/web/can-motalka.ru/public_html/vqmod/xml/lightning.xml
   id        : OpenCart Lightning
   version   : 3.37
   vqmver    : 
   author    : MaxD http://devs.mx

File Name    : system/library/cache.php(0)
VQModObject::applyMod - SEARCH NOT FOUND (SKIPPED): if (is_file(DIR_SYSTEM . 'library/journal3/vendor/SuperCache

----------------------------------------------------------------------


---------- Date: 2026-03-30 05:06:10 ~ IP : 185.179.188.62 ----------
REQUEST URI : /podmotka-spidometra-renault-dokker/
MOD DETAILS:
   modFile   : /home/canmotalka/web/can-motalka.ru/public_html/vqmod/xml/lightning.xml
   id        : OpenCart Lightning
   version   : 3.37
   vqmver    : 
   author    : MaxD http://devs.mx

File Name    : system/library/cache.php(0)
VQModObject::applyMod - SEARCH NOT FOUND (SKIPPED): if (is_file(DIR_SYSTEM . 'library/journal3/vendor/SuperCache

----------------------------------------------------------------------


---------- Date: 2026-03-30 05:06:31 ~ IP : 185.179.188.62 ----------
REQUEST URI : /namotchik-probega-dlya-subaru-forester/
MOD DETAILS:
   modFile   : /home/canmotalka/web/can-motalka.ru/public_html/vqmod/xml/lightning.xml
   id        : OpenCart Lightning
   version   : 3.37
   vqmver    : 
   author    : MaxD http://devs.mx

File Name    : system/library/cache.php(0)
VQModObject::applyMod - SEARCH NOT FOUND (SKIPPED): if (is_file(DIR_SYSTEM . 'library/journal3/vendor/SuperCache

----------------------------------------------------------------------


---------- Date: 2026-03-30 05:07:11 ~ IP : 185.179.188.62 ----------
REQUEST URI : /namotchik-probega-dlya-audi-q7/
MOD DETAILS:
   modFile   : /home/canmotalka/web/can-motalka.ru/public_html/vqmod/xml/lightning.xml
   id        : OpenCart Lightning
   version   : 3.37
   vqmver    : 
   author    : MaxD http://devs.mx

File Name    : system/library/cache.php(0)
VQModObject::applyMod - SEARCH NOT FOUND (SKIPPED): if (is_file(DIR_SYSTEM . 'library/journal3/vendor/SuperCache

----------------------------------------------------------------------


---------- Date: 2026-03-30 05:07:30 ~ IP : 185.179.188.62 ----------
REQUEST URI : /namotchik-probega-dlya-audi-a6/
MOD DETAILS:
   modFile   : /home/canmotalka/web/can-motalka.ru/public_html/vqmod/xml/lightning.xml
   id        : OpenCart Lightning
   version   : 3.37
   vqmver    : 
   author    : MaxD http://devs.mx

File Name    : system/library/cache.php(0)
VQModObject::applyMod - SEARCH NOT FOUND (SKIPPED): if (is_file(DIR_SYSTEM . 'library/journal3/vendor/SuperCache

----------------------------------------------------------------------


---------- Date: 2026-03-30 05:08:20 ~ IP : 185.179.188.62 ----------
REQUEST URI : /podmotka-spidometra-mitsubishi-outlander/
MOD DETAILS:
   modFile   : /home/canmotalka/web/can-motalka.ru/public_html/vqmod/xml/lightning.xml
   id        : OpenCart Lightning
   version   : 3.37
   vqmver    : 
   author    : MaxD http://devs.mx

File Name    : system/library/cache.php(0)
VQModObject::applyMod - SEARCH NOT FOUND (SKIPPED): if (is_file(DIR_SYSTEM . 'library/journal3/vendor/SuperCache

----------------------------------------------------------------------


---------- Date: 2026-03-30 05:08:39 ~ IP : 185.179.188.62 ----------
REQUEST URI : /podmotka-spidometra-volkswagen-polo-6/
MOD DETAILS:
   modFile   : /home/canmotalka/web/can-motalka.ru/public_html/vqmod/xml/lightning.xml
   id        : OpenCart Lightning
   version   : 3.37
   vqmver    : 
   author    : MaxD http://devs.mx

File Name    : system/library/cache.php(0)
VQModObject::applyMod - SEARCH NOT FOUND (SKIPPED): if (is_file(DIR_SYSTEM . 'library/journal3/vendor/SuperCache

----------------------------------------------------------------------


---------- Date: 2026-03-30 05:09:04 ~ IP : 185.179.188.62 ----------
REQUEST URI : /setting_php/pomojem-lechitsya/771-nabor-positivniy-angarsk/
MOD DETAILS:
   modFile   : /home/canmotalka/web/can-motalka.ru/public_html/vqmod/xml/lightning.xml
   id        : OpenCart Lightning
   version   : 3.37
   vqmver    : 
   author    : MaxD http://devs.mx

File Name    : system/library/cache.php(0)
VQModObject::applyMod - SEARCH NOT FOUND (SKIPPED): if (is_file(DIR_SYSTEM . 'library/journal3/vendor/SuperCache

----------------------------------------------------------------------


---------- Date: 2026-03-30 05:10:00 ~ IP : 185.179.188.62 ----------
REQUEST URI : /podmotka-spidometra-nissan-teana/
MOD DETAILS:
   modFile   : /home/canmotalka/web/can-motalka.ru/public_html/vqmod/xml/lightning.xml
   id        : OpenCart Lightning
   version   : 3.37
   vqmver    : 
   author    : MaxD http://devs.mx

File Name    : system/library/cache.php(0)
VQModObject::applyMod - SEARCH NOT FOUND (SKIPPED): if (is_file(DIR_SYSTEM . 'library/journal3/vendor/SuperCache

----------------------------------------------------------------------


---------- Date: 2026-03-30 05:11:02 ~ IP : 185.179.188.62 ----------
REQUEST URI : /podmotka-spidometra-toyota-rav4/
MOD DETAILS:
   modFile   : /home/canmotalka/web/can-motalka.ru/public_html/vqmod/xml/lightning.xml
   id        : OpenCart Lightning
   version   : 3.37
   vqmver    : 
   author    : MaxD http://devs.mx

File Name    : system/library/cache.php(0)
VQModObject::applyMod - SEARCH NOT FOUND (SKIPPED): if (is_file(DIR_SYSTEM . 'library/journal3/vendor/SuperCache

----------------------------------------------------------------------


---------- Date: 2026-03-30 05:11:41 ~ IP : 185.179.188.62 ----------
REQUEST URI : /podmotka-spidometra-dlya-lada-granta-fl-bez-abs/
MOD DETAILS:
   modFile   : /home/canmotalka/web/can-motalka.ru/public_html/vqmod/xml/lightning.xml
   id        : OpenCart Lightning
   version   : 3.37
   vqmver    : 
   author    : MaxD http://devs.mx

File Name    : system/library/cache.php(0)
VQModObject::applyMod - SEARCH NOT FOUND (SKIPPED): if (is_file(DIR_SYSTEM . 'library/journal3/vendor/SuperCache

----------------------------------------------------------------------


---------- Date: 2026-03-30 05:11:59 ~ IP : 185.179.188.62 ----------
REQUEST URI : /podmotka-spidometra-renault-megane-2/
MOD DETAILS:
   modFile   : /home/canmotalka/web/can-motalka.ru/public_html/vqmod/xml/lightning.xml
   id        : OpenCart Lightning
   version   : 3.37
   vqmver    : 
   author    : MaxD http://devs.mx

File Name    : system/library/cache.php(0)
VQModObject::applyMod - SEARCH NOT FOUND (SKIPPED): if (is_file(DIR_SYSTEM . 'library/journal3/vendor/SuperCache

----------------------------------------------------------------------


---------- Date: 2026-03-30 05:12:18 ~ IP : 185.179.188.62 ----------
REQUEST URI : /podmotka-spidometra-renault-kaptur/
MOD DETAILS:
   modFile   : /home/canmotalka/web/can-motalka.ru/public_html/vqmod/xml/lightning.xml
   id        : OpenCart Lightning
   version   : 3.37
   vqmver    : 
   author    : MaxD http://devs.mx

File Name    : system/library/cache.php(0)
VQModObject::applyMod - SEARCH NOT FOUND (SKIPPED): if (is_file(DIR_SYSTEM . 'library/journal3/vendor/SuperCache

----------------------------------------------------------------------


---------- Date: 2026-03-30 05:12:37 ~ IP : 185.179.188.62 ----------
REQUEST URI : /podmotka-spidometra-toyota-corolla/
MOD DETAILS:
   modFile   : /home/canmotalka/web/can-motalka.ru/public_html/vqmod/xml/lightning.xml
   id        : OpenCart Lightning
   version   : 3.37
   vqmver    : 
   author    : MaxD http://devs.mx

File Name    : system/library/cache.php(0)
VQModObject::applyMod - SEARCH NOT FOUND (SKIPPED): if (is_file(DIR_SYSTEM . 'library/journal3/vendor/SuperCache

----------------------------------------------------------------------


---------- Date: 2026-03-30 05:13:37 ~ IP : 185.179.188.62 ----------
REQUEST URI : /podmotka-spidometra-lada-kalina/
MOD DETAILS:
   modFile   : /home/canmotalka/web/can-motalka.ru/public_html/vqmod/xml/lightning.xml
   id        : OpenCart Lightning
   version   : 3.37
   vqmver    : 
   author    : MaxD http://devs.mx

File Name    : system/library/cache.php(0)
VQModObject::applyMod - SEARCH NOT FOUND (SKIPPED): if (is_file(DIR_SYSTEM . 'library/journal3/vendor/SuperCache

----------------------------------------------------------------------


---------- Date: 2026-03-30 05:13:57 ~ IP : 185.179.188.62 ----------
REQUEST URI : /podmotka-spidometra-toyota-highlander/
MOD DETAILS:
   modFile   : /home/canmotalka/web/can-motalka.ru/public_html/vqmod/xml/lightning.xml
   id        : OpenCart Lightning
   version   : 3.37
   vqmver    : 
   author    : MaxD http://devs.mx

File Name    : system/library/cache.php(0)
VQModObject::applyMod - SEARCH NOT FOUND (SKIPPED): if (is_file(DIR_SYSTEM . 'library/journal3/vendor/SuperCache

----------------------------------------------------------------------


---------- Date: 2026-03-30 05:14:16 ~ IP : 185.179.188.62 ----------
REQUEST URI : /manuals/
MOD DETAILS:
   modFile   : /home/canmotalka/web/can-motalka.ru/public_html/vqmod/xml/lightning.xml
   id        : OpenCart Lightning
   version   : 3.37
   vqmver    : 
   author    : MaxD http://devs.mx

File Name    : system/library/cache.php(0)
VQModObject::applyMod - SEARCH NOT FOUND (SKIPPED): if (is_file(DIR_SYSTEM . 'library/journal3/vendor/SuperCache

----------------------------------------------------------------------


---------- Date: 2026-03-30 05:14:37 ~ IP : 185.179.188.62 ----------
REQUEST URI : /podmotka-spidometra-datsun-on-do/
MOD DETAILS:
   modFile   : /home/canmotalka/web/can-motalka.ru/public_html/vqmod/xml/lightning.xml
   id        : OpenCart Lightning
   version   : 3.37
   vqmver    : 
   author    : MaxD http://devs.mx

File Name    : system/library/cache.php(0)
VQModObject::applyMod - SEARCH NOT FOUND (SKIPPED): if (is_file(DIR_SYSTEM . 'library/journal3/vendor/SuperCache

----------------------------------------------------------------------


---------- Date: 2026-03-30 05:14:56 ~ IP : 185.179.188.62 ----------
REQUEST URI : /podmotka-spidometra-uaz-profi/
MOD DETAILS:
   modFile   : /home/canmotalka/web/can-motalka.ru/public_html/vqmod/xml/lightning.xml
   id        : OpenCart Lightning
   version   : 3.37
   vqmver    : 
   author    : MaxD http://devs.mx

File Name    : system/library/cache.php(0)
VQModObject::applyMod - SEARCH NOT FOUND (SKIPPED): if (is_file(DIR_SYSTEM . 'library/journal3/vendor/SuperCache

----------------------------------------------------------------------


---------- Date: 2026-03-30 05:15:17 ~ IP : 185.179.188.62 ----------
REQUEST URI : /podmotka-spidometra-gazel-nekst/
MOD DETAILS:
   modFile   : /home/canmotalka/web/can-motalka.ru/public_html/vqmod/xml/lightning.xml
   id        : OpenCart Lightning
   version   : 3.37
   vqmver    : 
   author    : MaxD http://devs.mx

File Name    : system/library/cache.php(0)
VQModObject::applyMod - SEARCH NOT FOUND (SKIPPED): if (is_file(DIR_SYSTEM . 'library/journal3/vendor/SuperCache

----------------------------------------------------------------------


---------- Date: 2026-03-30 05:16:10 ~ IP : 185.179.188.62 ----------
REQUEST URI : /podmotka-spidometra-nissan-almera/
MOD DETAILS:
   modFile   : /home/canmotalka/web/can-motalka.ru/public_html/vqmod/xml/lightning.xml
   id        : OpenCart Lightning
   version   : 3.37
   vqmver    : 
   author    : MaxD http://devs.mx

File Name    : system/library/cache.php(0)
VQModObject::applyMod - SEARCH NOT FOUND (SKIPPED): if (is_file(DIR_SYSTEM . 'library/journal3/vendor/SuperCache

----------------------------------------------------------------------


---------- Date: 2026-03-30 05:16:20 ~ IP : 185.179.188.62 ----------
REQUEST URI : /index.php?route=module/popupcart_extended
MOD DETAILS:
   modFile   : /home/canmotalka/web/can-motalka.ru/public_html/vqmod/xml/lightning.xml
   id        : OpenCart Lightning
   version   : 3.37
   vqmver    : 
   author    : MaxD http://devs.mx

File Name    : system/library/cache.php(0)
VQModObject::applyMod - SEARCH NOT FOUND (SKIPPED): if (is_file(DIR_SYSTEM . 'library/journal3/vendor/SuperCache

----------------------------------------------------------------------


---------- Date: 2026-03-30 05:16:32 ~ IP : 185.179.188.62 ----------
REQUEST URI : /dostavka-i-oplata/
MOD DETAILS:
   modFile   : /home/canmotalka/web/can-motalka.ru/public_html/vqmod/xml/lightning.xml
   id        : OpenCart Lightning
   version   : 3.37
   vqmver    : 
   author    : MaxD http://devs.mx

File Name    : system/library/cache.php(0)
VQModObject::applyMod - SEARCH NOT FOUND (SKIPPED): if (is_file(DIR_SYSTEM . 'library/journal3/vendor/SuperCache

----------------------------------------------------------------------


---------- Date: 2026-03-30 05:16:53 ~ IP : 185.179.188.62 ----------
REQUEST URI : /namotchik-probega-dlya-toyota-land-cruiser-200/
MOD DETAILS:
   modFile   : /home/canmotalka/web/can-motalka.ru/public_html/vqmod/xml/lightning.xml
   id        : OpenCart Lightning
   version   : 3.37
   vqmver    : 
   author    : MaxD http://devs.mx

File Name    : system/library/cache.php(0)
VQModObject::applyMod - SEARCH NOT FOUND (SKIPPED): if (is_file(DIR_SYSTEM . 'library/journal3/vendor/SuperCache

----------------------------------------------------------------------


---------- Date: 2026-03-30 05:17:14 ~ IP : 185.179.188.62 ----------
REQUEST URI : /podmotka-spidometra-kia-optima-bezlimitnaya/
MOD DETAILS:
   modFile   : /home/canmotalka/web/can-motalka.ru/public_html/vqmod/xml/lightning.xml
   id        : OpenCart Lightning
   version   : 3.37
   vqmver    : 
   author    : MaxD http://devs.mx

File Name    : system/library/cache.php(0)
VQModObject::applyMod - SEARCH NOT FOUND (SKIPPED): if (is_file(DIR_SYSTEM . 'library/journal3/vendor/SuperCache

----------------------------------------------------------------------


---------- Date: 2026-03-30 05:17:34 ~ IP : 185.179.188.62 ----------
REQUEST URI : /podmotka-spidometra-gazel-v-prikurivatel/
MOD DETAILS:
   modFile   : /home/canmotalka/web/can-motalka.ru/public_html/vqmod/xml/lightning.xml
   id        : OpenCart Lightning
   version   : 3.37
   vqmver    : 
   author    : MaxD http://devs.mx

File Name    : system/library/cache.php(0)
VQModObject::applyMod - SEARCH NOT FOUND (SKIPPED): if (is_file(DIR_SYSTEM . 'library/journal3/vendor/SuperCache

----------------------------------------------------------------------


---------- Date: 2026-03-30 05:18:48 ~ IP : 185.179.188.62 ----------
REQUEST URI : /xmlrpc.php
MOD DETAILS:
   modFile   : /home/canmotalka/web/can-motalka.ru/public_html/vqmod/xml/lightning.xml
   id        : OpenCart Lightning
   version   : 3.37
   vqmver    : 
   author    : MaxD http://devs.mx

File Name    : system/library/cache.php(0)
VQModObject::applyMod - SEARCH NOT FOUND (SKIPPED): if (is_file(DIR_SYSTEM . 'library/journal3/vendor/SuperCache

----------------------------------------------------------------------


---------- Date: 2026-03-30 05:19:04 ~ IP : 185.179.188.62 ----------
REQUEST URI : /gazelle_biz_manual/
MOD DETAILS:
   modFile   : /home/canmotalka/web/can-motalka.ru/public_html/vqmod/xml/lightning.xml
   id        : OpenCart Lightning
   version   : 3.37
   vqmver    : 
   author    : MaxD http://devs.mx

File Name    : system/library/cache.php(0)
VQModObject::applyMod - SEARCH NOT FOUND (SKIPPED): if (is_file(DIR_SYSTEM . 'library/journal3/vendor/SuperCache

----------------------------------------------------------------------


---------- Date: 2026-03-30 05:19:22 ~ IP : 185.179.188.62 ----------
REQUEST URI : /podmotka-spidometra-dlya-lada-granta-bez-abs-bezlimitnaya/
MOD DETAILS:
   modFile   : /home/canmotalka/web/can-motalka.ru/public_html/vqmod/xml/lightning.xml
   id        : OpenCart Lightning
   version   : 3.37
   vqmver    : 
   author    : MaxD http://devs.mx

File Name    : system/library/cache.php(0)
VQModObject::applyMod - SEARCH NOT FOUND (SKIPPED): if (is_file(DIR_SYSTEM . 'library/journal3/vendor/SuperCache

----------------------------------------------------------------------


---------- Date: 2026-03-30 05:19:42 ~ IP : 185.179.188.62 ----------
REQUEST URI : /niva_abs_re/
MOD DETAILS:
   modFile   : /home/canmotalka/web/can-motalka.ru/public_html/vqmod/xml/lightning.xml
   id        : OpenCart Lightning
   version   : 3.37
   vqmver    : 
   author    : MaxD http://devs.mx

File Name    : system/library/cache.php(0)
VQModObject::applyMod - SEARCH NOT FOUND (SKIPPED): if (is_file(DIR_SYSTEM . 'library/journal3/vendor/SuperCache

----------------------------------------------------------------------


---------- Date: 2026-03-30 05:20:00 ~ IP : 185.179.188.62 ----------
REQUEST URI : /podmotka_vw_video/
MOD DETAILS:
   modFile   : /home/canmotalka/web/can-motalka.ru/public_html/vqmod/xml/lightning.xml
   id        : OpenCart Lightning
   version   : 3.37
   vqmver    : 
   author    : MaxD http://devs.mx

File Name    : system/library/cache.php(0)
VQModObject::applyMod - SEARCH NOT FOUND (SKIPPED): if (is_file(DIR_SYSTEM . 'library/journal3/vendor/SuperCache

----------------------------------------------------------------------


---------- Date: 2026-03-30 05:20:19 ~ IP : 185.179.188.62 ----------
REQUEST URI : /krutilka-spidometra-dlya-honda-civic/
MOD DETAILS:
   modFile   : /home/canmotalka/web/can-motalka.ru/public_html/vqmod/xml/lightning.xml
   id        : OpenCart Lightning
   version   : 3.37
   vqmver    : 
   author    : MaxD http://devs.mx

File Name    : system/library/cache.php(0)
VQModObject::applyMod - SEARCH NOT FOUND (SKIPPED): if (is_file(DIR_SYSTEM . 'library/journal3/vendor/SuperCache

----------------------------------------------------------------------


---------- Date: 2026-03-30 05:20:41 ~ IP : 185.179.188.62 ----------
REQUEST URI : /namotchik-probega-dlya-bmw-x6/
MOD DETAILS:
   modFile   : /home/canmotalka/web/can-motalka.ru/public_html/vqmod/xml/lightning.xml
   id        : OpenCart Lightning
   version   : 3.37
   vqmver    : 
   author    : MaxD http://devs.mx

File Name    : system/library/cache.php(0)
VQModObject::applyMod - SEARCH NOT FOUND (SKIPPED): if (is_file(DIR_SYSTEM . 'library/journal3/vendor/SuperCache

----------------------------------------------------------------------


---------- Date: 2026-03-30 05:21:38 ~ IP : 185.179.188.62 ----------
REQUEST URI : /podmotka-spidometra-haval-f7/
MOD DETAILS:
   modFile   : /home/canmotalka/web/can-motalka.ru/public_html/vqmod/xml/lightning.xml
   id        : OpenCart Lightning
   version   : 3.37
   vqmver    : 
   author    : MaxD http://devs.mx

File Name    : system/library/cache.php(0)
VQModObject::applyMod - SEARCH NOT FOUND (SKIPPED): if (is_file(DIR_SYSTEM . 'library/journal3/vendor/SuperCache

----------------------------------------------------------------------


---------- Date: 2026-03-30 05:21:57 ~ IP : 185.179.188.62 ----------
REQUEST URI : /podmotka-krutilka-motalka-spidometra-toyota-camry-v50/
MOD DETAILS:
   modFile   : /home/canmotalka/web/can-motalka.ru/public_html/vqmod/xml/lightning.xml
   id        : OpenCart Lightning
   version   : 3.37
   vqmver    : 
   author    : MaxD http://devs.mx

File Name    : system/library/cache.php(0)
VQModObject::applyMod - SEARCH NOT FOUND (SKIPPED): if (is_file(DIR_SYSTEM . 'library/journal3/vendor/SuperCache

----------------------------------------------------------------------


---------- Date: 2026-03-30 05:22:18 ~ IP : 185.179.188.62 ----------
REQUEST URI : /podmotka-spidometra-kia-sorento4/
MOD DETAILS:
   modFile   : /home/canmotalka/web/can-motalka.ru/public_html/vqmod/xml/lightning.xml
   id        : OpenCart Lightning
   version   : 3.37
   vqmver    : 
   author    : MaxD http://devs.mx

File Name    : system/library/cache.php(0)
VQModObject::applyMod - SEARCH NOT FOUND (SKIPPED): if (is_file(DIR_SYSTEM . 'library/journal3/vendor/SuperCache

----------------------------------------------------------------------


---------- Date: 2026-03-30 05:22:23 ~ IP : 185.179.188.62 ----------
REQUEST URI : /.well-known/traffic-advice
MOD DETAILS:
   modFile   : /home/canmotalka/web/can-motalka.ru/public_html/vqmod/xml/lightning.xml
   id        : OpenCart Lightning
   version   : 3.37
   vqmver    : 
   author    : MaxD http://devs.mx

File Name    : system/library/cache.php(0)
VQModObject::applyMod - SEARCH NOT FOUND (SKIPPED): if (is_file(DIR_SYSTEM . 'library/journal3/vendor/SuperCache

----------------------------------------------------------------------


---------- Date: 2026-03-30 05:22:37 ~ IP : 185.179.188.62 ----------
REQUEST URI : /podmotka-spidometra-peugeot-traveller/
MOD DETAILS:
   modFile   : /home/canmotalka/web/can-motalka.ru/public_html/vqmod/xml/lightning.xml
   id        : OpenCart Lightning
   version   : 3.37
   vqmver    : 
   author    : MaxD http://devs.mx

File Name    : system/library/cache.php(0)
VQModObject::applyMod - SEARCH NOT FOUND (SKIPPED): if (is_file(DIR_SYSTEM . 'library/journal3/vendor/SuperCache

----------------------------------------------------------------------


---------- Date: 2026-03-30 05:22:58 ~ IP : 185.179.188.62 ----------
REQUEST URI : /podmotka-spidometra-henday-palisade/
MOD DETAILS:
   modFile   : /home/canmotalka/web/can-motalka.ru/public_html/vqmod/xml/lightning.xml
   id        : OpenCart Lightning
   version   : 3.37
   vqmver    : 
   author    : MaxD http://devs.mx

File Name    : system/library/cache.php(0)
VQModObject::applyMod - SEARCH NOT FOUND (SKIPPED): if (is_file(DIR_SYSTEM . 'library/journal3/vendor/SuperCache

----------------------------------------------------------------------


---------- Date: 2026-03-30 05:23:17 ~ IP : 185.179.188.62 ----------
REQUEST URI : /kak-nastroit-podmotku-na-lada-vesta-xray/
MOD DETAILS:
   modFile   : /home/canmotalka/web/can-motalka.ru/public_html/vqmod/xml/lightning.xml
   id        : OpenCart Lightning
   version   : 3.37
   vqmver    : 
   author    : MaxD http://devs.mx

File Name    : system/library/cache.php(0)
VQModObject::applyMod - SEARCH NOT FOUND (SKIPPED): if (is_file(DIR_SYSTEM . 'library/journal3/vendor/SuperCache

----------------------------------------------------------------------


---------- Date: 2026-03-30 05:24:17 ~ IP : 185.179.188.62 ----------
REQUEST URI : /podmotka_uaz_re/
MOD DETAILS:
   modFile   : /home/canmotalka/web/can-motalka.ru/public_html/vqmod/xml/lightning.xml
   id        : OpenCart Lightning
   version   : 3.37
   vqmver    : 
   author    : MaxD http://devs.mx

File Name    : system/library/cache.php(0)
VQModObject::applyMod - SEARCH NOT FOUND (SKIPPED): if (is_file(DIR_SYSTEM . 'library/journal3/vendor/SuperCache

----------------------------------------------------------------------


---------- Date: 2026-03-30 05:24:35 ~ IP : 185.179.188.62 ----------
REQUEST URI : /podmotka-spidometra-hyundai-i40/
MOD DETAILS:
   modFile   : /home/canmotalka/web/can-motalka.ru/public_html/vqmod/xml/lightning.xml
   id        : OpenCart Lightning
   version   : 3.37
   vqmver    : 
   author    : MaxD http://devs.mx

File Name    : system/library/cache.php(0)
VQModObject::applyMod - SEARCH NOT FOUND (SKIPPED): if (is_file(DIR_SYSTEM . 'library/journal3/vendor/SuperCache

----------------------------------------------------------------------


---------- Date: 2026-03-30 05:24:54 ~ IP : 185.179.188.62 ----------
REQUEST URI : /podmotka-spidometra-volkswagen-crafter/
MOD DETAILS:
   modFile   : /home/canmotalka/web/can-motalka.ru/public_html/vqmod/xml/lightning.xml
   id        : OpenCart Lightning
   version   : 3.37
   vqmver    : 
   author    : MaxD http://devs.mx

File Name    : system/library/cache.php(0)
VQModObject::applyMod - SEARCH NOT FOUND (SKIPPED): if (is_file(DIR_SYSTEM . 'library/journal3/vendor/SuperCache

----------------------------------------------------------------------


---------- Date: 2026-03-30 05:24:56 ~ IP : 185.179.188.62 ----------
REQUEST URI : /instrukciya-dlya-podmotki-lada-largus-2021/
MOD DETAILS:
   modFile   : /home/canmotalka/web/can-motalka.ru/public_html/vqmod/xml/lightning.xml
   id        : OpenCart Lightning
   version   : 3.37
   vqmver    : 
   author    : MaxD http://devs.mx

File Name    : system/library/cache.php(0)
VQModObject::applyMod - SEARCH NOT FOUND (SKIPPED): if (is_file(DIR_SYSTEM . 'library/journal3/vendor/SuperCache

----------------------------------------------------------------------


---------- Date: 2026-03-30 05:24:57 ~ IP : 185.179.188.62 ----------
REQUEST URI : /index.php?route=module/popupcart_extended
MOD DETAILS:
   modFile   : /home/canmotalka/web/can-motalka.ru/public_html/vqmod/xml/lightning.xml
   id        : OpenCart Lightning
   version   : 3.37
   vqmver    : 
   author    : MaxD http://devs.mx

File Name    : system/library/cache.php(0)
VQModObject::applyMod - SEARCH NOT FOUND (SKIPPED): if (is_file(DIR_SYSTEM . 'library/journal3/vendor/SuperCache

----------------------------------------------------------------------


---------- Date: 2026-03-30 05:25:14 ~ IP : 185.179.188.62 ----------
REQUEST URI : /toyota_hino_re/
MOD DETAILS:
   modFile   : /home/canmotalka/web/can-motalka.ru/public_html/vqmod/xml/lightning.xml
   id        : OpenCart Lightning
   version   : 3.37
   vqmver    : 
   author    : MaxD http://devs.mx

File Name    : system/library/cache.php(0)
VQModObject::applyMod - SEARCH NOT FOUND (SKIPPED): if (is_file(DIR_SYSTEM . 'library/journal3/vendor/SuperCache

----------------------------------------------------------------------


---------- Date: 2026-03-30 05:25:45 ~ IP : 185.179.188.62 ----------
REQUEST URI : /podmotka-spidometra-hyundai-santa-fe-3/
MOD DETAILS:
   modFile   : /home/canmotalka/web/can-motalka.ru/public_html/vqmod/xml/lightning.xml
   id        : OpenCart Lightning
   version   : 3.37
   vqmver    : 
   author    : MaxD http://devs.mx

File Name    : system/library/cache.php(0)
VQModObject::applyMod - SEARCH NOT FOUND (SKIPPED): if (is_file(DIR_SYSTEM . 'library/journal3/vendor/SuperCache

----------------------------------------------------------------------


---------- Date: 2026-03-30 05:25:59 ~ IP : 185.179.188.62 ----------
REQUEST URI : /podmotka-spidometra-volkswagen-transporter-t5/
MOD DETAILS:
   modFile   : /home/canmotalka/web/can-motalka.ru/public_html/vqmod/xml/lightning.xml
   id        : OpenCart Lightning
   version   : 3.37
   vqmver    : 
   author    : MaxD http://devs.mx

File Name    : system/library/cache.php(0)
VQModObject::applyMod - SEARCH NOT FOUND (SKIPPED): if (is_file(DIR_SYSTEM . 'library/journal3/vendor/SuperCache

----------------------------------------------------------------------


---------- Date: 2026-03-30 05:27:05 ~ IP : 185.179.188.62 ----------
REQUEST URI : /camry70_video_manual/
MOD DETAILS:
   modFile   : /home/canmotalka/web/can-motalka.ru/public_html/vqmod/xml/lightning.xml
   id        : OpenCart Lightning
   version   : 3.37
   vqmver    : 
   author    : MaxD http://devs.mx

File Name    : system/library/cache.php(0)
VQModObject::applyMod - SEARCH NOT FOUND (SKIPPED): if (is_file(DIR_SYSTEM . 'library/journal3/vendor/SuperCache

----------------------------------------------------------------------


---------- Date: 2026-03-30 05:27:24 ~ IP : 185.179.188.62 ----------
REQUEST URI : /instrukciya-dlya-ford-tranzit/
MOD DETAILS:
   modFile   : /home/canmotalka/web/can-motalka.ru/public_html/vqmod/xml/lightning.xml
   id        : OpenCart Lightning
   version   : 3.37
   vqmver    : 
   author    : MaxD http://devs.mx

File Name    : system/library/cache.php(0)
VQModObject::applyMod - SEARCH NOT FOUND (SKIPPED): if (is_file(DIR_SYSTEM . 'library/journal3/vendor/SuperCache

----------------------------------------------------------------------


---------- Date: 2026-03-30 05:27:45 ~ IP : 185.179.188.62 ----------
REQUEST URI : /kak-rabotaet-podmotka-spidometra/
MOD DETAILS:
   modFile   : /home/canmotalka/web/can-motalka.ru/public_html/vqmod/xml/lightning.xml
   id        : OpenCart Lightning
   version   : 3.37
   vqmver    : 
   author    : MaxD http://devs.mx

File Name    : system/library/cache.php(0)
VQModObject::applyMod - SEARCH NOT FOUND (SKIPPED): if (is_file(DIR_SYSTEM . 'library/journal3/vendor/SuperCache

----------------------------------------------------------------------


---------- Date: 2026-03-30 05:28:07 ~ IP : 185.179.188.62 ----------
REQUEST URI : /politika-konfidencialnosti/
MOD DETAILS:
   modFile   : /home/canmotalka/web/can-motalka.ru/public_html/vqmod/xml/lightning.xml
   id        : OpenCart Lightning
   version   : 3.37
   vqmver    : 
   author    : MaxD http://devs.mx

File Name    : system/library/cache.php(0)
VQModObject::applyMod - SEARCH NOT FOUND (SKIPPED): if (is_file(DIR_SYSTEM . 'library/journal3/vendor/SuperCache

----------------------------------------------------------------------


---------- Date: 2026-03-30 05:28:25 ~ IP : 185.179.188.62 ----------
REQUEST URI : /podmotka-spidometra-fiat-ducato/
MOD DETAILS:
   modFile   : /home/canmotalka/web/can-motalka.ru/public_html/vqmod/xml/lightning.xml
   id        : OpenCart Lightning
   version   : 3.37
   vqmver    : 
   author    : MaxD http://devs.mx

File Name    : system/library/cache.php(0)
VQModObject::applyMod - SEARCH NOT FOUND (SKIPPED): if (is_file(DIR_SYSTEM . 'library/journal3/vendor/SuperCache

----------------------------------------------------------------------


---------- Date: 2026-03-30 05:28:46 ~ IP : 185.179.188.62 ----------
REQUEST URI : /instrukciya-podmotka-duster/
MOD DETAILS:
   modFile   : /home/canmotalka/web/can-motalka.ru/public_html/vqmod/xml/lightning.xml
   id        : OpenCart Lightning
   version   : 3.37
   vqmver    : 
   author    : MaxD http://devs.mx

File Name    : system/library/cache.php(0)
VQModObject::applyMod - SEARCH NOT FOUND (SKIPPED): if (is_file(DIR_SYSTEM . 'library/journal3/vendor/SuperCache

----------------------------------------------------------------------


---------- Date: 2026-03-30 05:29:47 ~ IP : 185.179.188.62 ----------
REQUEST URI : /otzyvy/
MOD DETAILS:
   modFile   : /home/canmotalka/web/can-motalka.ru/public_html/vqmod/xml/lightning.xml
   id        : OpenCart Lightning
   version   : 3.37
   vqmver    : 
   author    : MaxD http://devs.mx

File Name    : system/library/cache.php(0)
VQModObject::applyMod - SEARCH NOT FOUND (SKIPPED): if (is_file(DIR_SYSTEM . 'library/journal3/vendor/SuperCache

----------------------------------------------------------------------


---------- Date: 2026-03-30 05:30:07 ~ IP : 185.179.188.62 ----------
REQUEST URI : /podmotka-spidometra-toyota-kamri/
MOD DETAILS:
   modFile   : /home/canmotalka/web/can-motalka.ru/public_html/vqmod/xml/lightning.xml
   id        : OpenCart Lightning
   version   : 3.37
   vqmver    : 
   author    : MaxD http://devs.mx

File Name    : system/library/cache.php(0)
VQModObject::applyMod - SEARCH NOT FOUND (SKIPPED): if (is_file(DIR_SYSTEM . 'library/journal3/vendor/SuperCache

----------------------------------------------------------------------


---------- Date: 2026-03-30 05:30:27 ~ IP : 185.179.188.62 ----------
REQUEST URI : /podmotka-spidometra-dlya-lada-granta-fl-2018-2019-s-abs-bezlimitnaya/
MOD DETAILS:
   modFile   : /home/canmotalka/web/can-motalka.ru/public_html/vqmod/xml/lightning.xml
   id        : OpenCart Lightning
   version   : 3.37
   vqmver    : 
   author    : MaxD http://devs.mx

File Name    : system/library/cache.php(0)
VQModObject::applyMod - SEARCH NOT FOUND (SKIPPED): if (is_file(DIR_SYSTEM . 'library/journal3/vendor/SuperCache

----------------------------------------------------------------------


---------- Date: 2026-03-30 05:30:28 ~ IP : 185.179.188.62 ----------
REQUEST URI : /podmotka-spidometra-lada-granta-fl/
MOD DETAILS:
   modFile   : /home/canmotalka/web/can-motalka.ru/public_html/vqmod/xml/lightning.xml
   id        : OpenCart Lightning
   version   : 3.37
   vqmver    : 
   author    : MaxD http://devs.mx

File Name    : system/library/cache.php(0)
VQModObject::applyMod - SEARCH NOT FOUND (SKIPPED): if (is_file(DIR_SYSTEM . 'library/journal3/vendor/SuperCache

----------------------------------------------------------------------


---------- Date: 2026-03-30 05:30:47 ~ IP : 185.179.188.62 ----------
REQUEST URI : /kak-perenatroit-podmotku-spidometra/
MOD DETAILS:
   modFile   : /home/canmotalka/web/can-motalka.ru/public_html/vqmod/xml/lightning.xml
   id        : OpenCart Lightning
   version   : 3.37
   vqmver    : 
   author    : MaxD http://devs.mx

File Name    : system/library/cache.php(0)
VQModObject::applyMod - SEARCH NOT FOUND (SKIPPED): if (is_file(DIR_SYSTEM . 'library/journal3/vendor/SuperCache

----------------------------------------------------------------------


---------- Date: 2026-03-30 05:30:48 ~ IP : 185.179.188.62 ----------
REQUEST URI : /manuals/
MOD DETAILS:
   modFile   : /home/canmotalka/web/can-motalka.ru/public_html/vqmod/xml/lightning.xml
   id        : OpenCart Lightning
   version   : 3.37
   vqmver    : 
   author    : MaxD http://devs.mx

File Name    : system/library/cache.php(0)
VQModObject::applyMod - SEARCH NOT FOUND (SKIPPED): if (is_file(DIR_SYSTEM . 'library/journal3/vendor/SuperCache

----------------------------------------------------------------------


---------- Date: 2026-03-30 05:31:11 ~ IP : 185.179.188.62 ----------
REQUEST URI : /podmotka-spidometra-na-lada-xray/
MOD DETAILS:
   modFile   : /home/canmotalka/web/can-motalka.ru/public_html/vqmod/xml/lightning.xml
   id        : OpenCart Lightning
   version   : 3.37
   vqmver    : 
   author    : MaxD http://devs.mx

File Name    : system/library/cache.php(0)
VQModObject::applyMod - SEARCH NOT FOUND (SKIPPED): if (is_file(DIR_SYSTEM . 'library/journal3/vendor/SuperCache

----------------------------------------------------------------------


---------- Date: 2026-03-30 05:31:27 ~ IP : 185.179.188.62 ----------
REQUEST URI : /instrukciya-podmotka-niva-travel-chevrolet/
MOD DETAILS:
   modFile   : /home/canmotalka/web/can-motalka.ru/public_html/vqmod/xml/lightning.xml
   id        : OpenCart Lightning
   version   : 3.37
   vqmver    : 
   author    : MaxD http://devs.mx

File Name    : system/library/cache.php(0)
VQModObject::applyMod - SEARCH NOT FOUND (SKIPPED): if (is_file(DIR_SYSTEM . 'library/journal3/vendor/SuperCache

----------------------------------------------------------------------


---------- Date: 2026-03-30 05:32:36 ~ IP : 185.179.188.62 ----------
REQUEST URI : /podmotka_vesta_re/
MOD DETAILS:
   modFile   : /home/canmotalka/web/can-motalka.ru/public_html/vqmod/xml/lightning.xml
   id        : OpenCart Lightning
   version   : 3.37
   vqmver    : 
   author    : MaxD http://devs.mx

File Name    : system/library/cache.php(0)
VQModObject::applyMod - SEARCH NOT FOUND (SKIPPED): if (is_file(DIR_SYSTEM . 'library/journal3/vendor/SuperCache

----------------------------------------------------------------------


---------- Date: 2026-03-30 05:32:54 ~ IP : 185.179.188.62 ----------
REQUEST URI : /elantra_new_video_manual/
MOD DETAILS:
   modFile   : /home/canmotalka/web/can-motalka.ru/public_html/vqmod/xml/lightning.xml
   id        : OpenCart Lightning
   version   : 3.37
   vqmver    : 
   author    : MaxD http://devs.mx

File Name    : system/library/cache.php(0)
VQModObject::applyMod - SEARCH NOT FOUND (SKIPPED): if (is_file(DIR_SYSTEM . 'library/journal3/vendor/SuperCache

----------------------------------------------------------------------


---------- Date: 2026-03-30 05:33:14 ~ IP : 185.179.188.62 ----------
REQUEST URI : /podmotka-spidometra-dlya-ford-tranzit-do-2014/
MOD DETAILS:
   modFile   : /home/canmotalka/web/can-motalka.ru/public_html/vqmod/xml/lightning.xml
   id        : OpenCart Lightning
   version   : 3.37
   vqmver    : 
   author    : MaxD http://devs.mx

File Name    : system/library/cache.php(0)
VQModObject::applyMod - SEARCH NOT FOUND (SKIPPED): if (is_file(DIR_SYSTEM . 'library/journal3/vendor/SuperCache

----------------------------------------------------------------------


---------- Date: 2026-03-30 05:33:37 ~ IP : 185.179.188.62 ----------
REQUEST URI : /podmotka-spidometra-fiat-albea/
MOD DETAILS:
   modFile   : /home/canmotalka/web/can-motalka.ru/public_html/vqmod/xml/lightning.xml
   id        : OpenCart Lightning
   version   : 3.37
   vqmver    : 
   author    : MaxD http://devs.mx

File Name    : system/library/cache.php(0)
VQModObject::applyMod - SEARCH NOT FOUND (SKIPPED): if (is_file(DIR_SYSTEM . 'library/journal3/vendor/SuperCache

----------------------------------------------------------------------


---------- Date: 2026-03-30 05:33:54 ~ IP : 185.179.188.62 ----------
REQUEST URI : /podmotka-spidometra-moskvich-3/
MOD DETAILS:
   modFile   : /home/canmotalka/web/can-motalka.ru/public_html/vqmod/xml/lightning.xml
   id        : OpenCart Lightning
   version   : 3.37
   vqmver    : 
   author    : MaxD http://devs.mx

File Name    : system/library/cache.php(0)
VQModObject::applyMod - SEARCH NOT FOUND (SKIPPED): if (is_file(DIR_SYSTEM . 'library/journal3/vendor/SuperCache

----------------------------------------------------------------------


---------- Date: 2026-03-30 05:34:13 ~ IP : 185.179.188.62 ----------
REQUEST URI : /camry70_photo_manual/
MOD DETAILS:
   modFile   : /home/canmotalka/web/can-motalka.ru/public_html/vqmod/xml/lightning.xml
   id        : OpenCart Lightning
   version   : 3.37
   vqmver    : 
   author    : MaxD http://devs.mx

File Name    : system/library/cache.php(0)
VQModObject::applyMod - SEARCH NOT FOUND (SKIPPED): if (is_file(DIR_SYSTEM . 'library/journal3/vendor/SuperCache

----------------------------------------------------------------------


---------- Date: 2026-03-30 05:35:12 ~ IP : 185.179.188.62 ----------
REQUEST URI : /largus_manual/
MOD DETAILS:
   modFile   : /home/canmotalka/web/can-motalka.ru/public_html/vqmod/xml/lightning.xml
   id        : OpenCart Lightning
   version   : 3.37
   vqmver    : 
   author    : MaxD http://devs.mx

File Name    : system/library/cache.php(0)
VQModObject::applyMod - SEARCH NOT FOUND (SKIPPED): if (is_file(DIR_SYSTEM . 'library/journal3/vendor/SuperCache

----------------------------------------------------------------------


---------- Date: 2026-03-30 05:35:21 ~ IP : 185.179.188.62 ----------
REQUEST URI : /otzyvy/?page=5
MOD DETAILS:
   modFile   : /home/canmotalka/web/can-motalka.ru/public_html/vqmod/xml/lightning.xml
   id        : OpenCart Lightning
   version   : 3.37
   vqmver    : 
   author    : MaxD http://devs.mx

File Name    : system/library/cache.php(0)
VQModObject::applyMod - SEARCH NOT FOUND (SKIPPED): if (is_file(DIR_SYSTEM . 'library/journal3/vendor/SuperCache

----------------------------------------------------------------------


---------- Date: 2026-03-30 05:35:29 ~ IP : 185.179.188.62 ----------
REQUEST URI : /setting_php/uluchshenie-potencii/724-kupit-viagra-150-himki/
MOD DETAILS:
   modFile   : /home/canmotalka/web/can-motalka.ru/public_html/vqmod/xml/lightning.xml
   id        : OpenCart Lightning
   version   : 3.37
   vqmver    : 
   author    : MaxD http://devs.mx

File Name    : system/library/cache.php(0)
VQModObject::applyMod - SEARCH NOT FOUND (SKIPPED): if (is_file(DIR_SYSTEM . 'library/journal3/vendor/SuperCache

----------------------------------------------------------------------


---------- Date: 2026-03-30 05:35:38 ~ IP : 185.179.188.62 ----------
REQUEST URI : /namotchik-probega-dlya-toyota-land-cruiser-prado-150/
MOD DETAILS:
   modFile   : /home/canmotalka/web/can-motalka.ru/public_html/vqmod/xml/lightning.xml
   id        : OpenCart Lightning
   version   : 3.37
   vqmver    : 
   author    : MaxD http://devs.mx

File Name    : system/library/cache.php(0)
VQModObject::applyMod - SEARCH NOT FOUND (SKIPPED): if (is_file(DIR_SYSTEM . 'library/journal3/vendor/SuperCache

----------------------------------------------------------------------


---------- Date: 2026-03-30 05:35:58 ~ IP : 185.179.188.62 ----------
REQUEST URI : /podmotka-spidometra-toyota-avensis/
MOD DETAILS:
   modFile   : /home/canmotalka/web/can-motalka.ru/public_html/vqmod/xml/lightning.xml
   id        : OpenCart Lightning
   version   : 3.37
   vqmver    : 
   author    : MaxD http://devs.mx

File Name    : system/library/cache.php(0)
VQModObject::applyMod - SEARCH NOT FOUND (SKIPPED): if (is_file(DIR_SYSTEM . 'library/journal3/vendor/SuperCache

----------------------------------------------------------------------


---------- Date: 2026-03-30 05:36:19 ~ IP : 185.179.188.62 ----------
REQUEST URI : /podmotka-spidometra-uaz-buhanka/
MOD DETAILS:
   modFile   : /home/canmotalka/web/can-motalka.ru/public_html/vqmod/xml/lightning.xml
   id        : OpenCart Lightning
   version   : 3.37
   vqmver    : 
   author    : MaxD http://devs.mx

File Name    : system/library/cache.php(0)
VQModObject::applyMod - SEARCH NOT FOUND (SKIPPED): if (is_file(DIR_SYSTEM . 'library/journal3/vendor/SuperCache

----------------------------------------------------------------------


---------- Date: 2026-03-30 05:36:26 ~ IP : 185.179.188.62 ----------
REQUEST URI : /krutilka_spidometra/
MOD DETAILS:
   modFile   : /home/canmotalka/web/can-motalka.ru/public_html/vqmod/xml/lightning.xml
   id        : OpenCart Lightning
   version   : 3.37
   vqmver    : 
   author    : MaxD http://devs.mx

File Name    : system/library/cache.php(0)
VQModObject::applyMod - SEARCH NOT FOUND (SKIPPED): if (is_file(DIR_SYSTEM . 'library/journal3/vendor/SuperCache

----------------------------------------------------------------------


---------- Date: 2026-03-30 05:36:38 ~ IP : 185.179.188.62 ----------
REQUEST URI : /podmotka-spidometra-ford-mondeo-5/
MOD DETAILS:
   modFile   : /home/canmotalka/web/can-motalka.ru/public_html/vqmod/xml/lightning.xml
   id        : OpenCart Lightning
   version   : 3.37
   vqmver    : 
   author    : MaxD http://devs.mx

File Name    : system/library/cache.php(0)
VQModObject::applyMod - SEARCH NOT FOUND (SKIPPED): if (is_file(DIR_SYSTEM . 'library/journal3/vendor/SuperCache

----------------------------------------------------------------------


---------- Date: 2026-03-30 05:37:59 ~ IP : 185.179.188.62 ----------
REQUEST URI : /otzyvy/?page=7
MOD DETAILS:
   modFile   : /home/canmotalka/web/can-motalka.ru/public_html/vqmod/xml/lightning.xml
   id        : OpenCart Lightning
   version   : 3.37
   vqmver    : 
   author    : MaxD http://devs.mx

File Name    : system/library/cache.php(0)
VQModObject::applyMod - SEARCH NOT FOUND (SKIPPED): if (is_file(DIR_SYSTEM . 'library/journal3/vendor/SuperCache

----------------------------------------------------------------------


---------- Date: 2026-03-30 05:38:19 ~ IP : 185.179.188.62 ----------
REQUEST URI : /podmotka_spidometra_solaris/
MOD DETAILS:
   modFile   : /home/canmotalka/web/can-motalka.ru/public_html/vqmod/xml/lightning.xml
   id        : OpenCart Lightning
   version   : 3.37
   vqmver    : 
   author    : MaxD http://devs.mx

File Name    : system/library/cache.php(0)
VQModObject::applyMod - SEARCH NOT FOUND (SKIPPED): if (is_file(DIR_SYSTEM . 'library/journal3/vendor/SuperCache

----------------------------------------------------------------------


---------- Date: 2026-03-30 05:38:39 ~ IP : 185.179.188.62 ----------
REQUEST URI : /podmotka-spidometra-vesta-ng-np/
MOD DETAILS:
   modFile   : /home/canmotalka/web/can-motalka.ru/public_html/vqmod/xml/lightning.xml
   id        : OpenCart Lightning
   version   : 3.37
   vqmver    : 
   author    : MaxD http://devs.mx

File Name    : system/library/cache.php(0)
VQModObject::applyMod - SEARCH NOT FOUND (SKIPPED): if (is_file(DIR_SYSTEM . 'library/journal3/vendor/SuperCache

----------------------------------------------------------------------


---------- Date: 2026-03-30 05:38:59 ~ IP : 185.179.188.62 ----------
REQUEST URI : /namotchik-probega-dlya-bmw-730750/
MOD DETAILS:
   modFile   : /home/canmotalka/web/can-motalka.ru/public_html/vqmod/xml/lightning.xml
   id        : OpenCart Lightning
   version   : 3.37
   vqmver    : 
   author    : MaxD http://devs.mx

File Name    : system/library/cache.php(0)
VQModObject::applyMod - SEARCH NOT FOUND (SKIPPED): if (is_file(DIR_SYSTEM . 'library/journal3/vendor/SuperCache

----------------------------------------------------------------------


---------- Date: 2026-03-30 05:39:19 ~ IP : 185.179.188.62 ----------
REQUEST URI : /podmotka-spidometra-sitroen-spacetourer/
MOD DETAILS:
   modFile   : /home/canmotalka/web/can-motalka.ru/public_html/vqmod/xml/lightning.xml
   id        : OpenCart Lightning
   version   : 3.37
   vqmver    : 
   author    : MaxD http://devs.mx

File Name    : system/library/cache.php(0)
VQModObject::applyMod - SEARCH NOT FOUND (SKIPPED): if (is_file(DIR_SYSTEM . 'library/journal3/vendor/SuperCache

----------------------------------------------------------------------


---------- Date: 2026-03-30 05:39:38 ~ IP : 185.179.188.62 ----------
REQUEST URI : /sitemap/
MOD DETAILS:
   modFile   : /home/canmotalka/web/can-motalka.ru/public_html/vqmod/xml/lightning.xml
   id        : OpenCart Lightning
   version   : 3.37
   vqmver    : 
   author    : MaxD http://devs.mx

File Name    : system/library/cache.php(0)
VQModObject::applyMod - SEARCH NOT FOUND (SKIPPED): if (is_file(DIR_SYSTEM . 'library/journal3/vendor/SuperCache

----------------------------------------------------------------------


---------- Date: 2026-03-30 05:40:29 ~ IP : 185.179.188.62 ----------
REQUEST URI : /podmotka-spidometra-ssang-young-kyron/
MOD DETAILS:
   modFile   : /home/canmotalka/web/can-motalka.ru/public_html/vqmod/xml/lightning.xml
   id        : OpenCart Lightning
   version   : 3.37
   vqmver    : 
   author    : MaxD http://devs.mx

File Name    : system/library/cache.php(0)
VQModObject::applyMod - SEARCH NOT FOUND (SKIPPED): if (is_file(DIR_SYSTEM . 'library/journal3/vendor/SuperCache

----------------------------------------------------------------------


---------- Date: 2026-03-30 05:40:49 ~ IP : 185.179.188.62 ----------
REQUEST URI : /otzyvy/?page=6
MOD DETAILS:
   modFile   : /home/canmotalka/web/can-motalka.ru/public_html/vqmod/xml/lightning.xml
   id        : OpenCart Lightning
   version   : 3.37
   vqmver    : 
   author    : MaxD http://devs.mx

File Name    : system/library/cache.php(0)
VQModObject::applyMod - SEARCH NOT FOUND (SKIPPED): if (is_file(DIR_SYSTEM . 'library/journal3/vendor/SuperCache

----------------------------------------------------------------------


---------- Date: 2026-03-30 05:41:09 ~ IP : 185.179.188.62 ----------
REQUEST URI : /instrukciya-lada-granta-2021/
MOD DETAILS:
   modFile   : /home/canmotalka/web/can-motalka.ru/public_html/vqmod/xml/lightning.xml
   id        : OpenCart Lightning
   version   : 3.37
   vqmver    : 
   author    : MaxD http://devs.mx

File Name    : system/library/cache.php(0)
VQModObject::applyMod - SEARCH NOT FOUND (SKIPPED): if (is_file(DIR_SYSTEM . 'library/journal3/vendor/SuperCache

----------------------------------------------------------------------


---------- Date: 2026-03-30 05:41:50 ~ IP : 185.179.188.62 ----------
REQUEST URI : /podmotka-spidometra-renault-sandero-2/
MOD DETAILS:
   modFile   : /home/canmotalka/web/can-motalka.ru/public_html/vqmod/xml/lightning.xml
   id        : OpenCart Lightning
   version   : 3.37
   vqmver    : 
   author    : MaxD http://devs.mx

File Name    : system/library/cache.php(0)
VQModObject::applyMod - SEARCH NOT FOUND (SKIPPED): if (is_file(DIR_SYSTEM . 'library/journal3/vendor/SuperCache

----------------------------------------------------------------------


---------- Date: 2026-03-30 05:42:11 ~ IP : 185.179.188.62 ----------
REQUEST URI : /podmotka-spidometra-henday-solyaris-za-3000r/
MOD DETAILS:
   modFile   : /home/canmotalka/web/can-motalka.ru/public_html/vqmod/xml/lightning.xml
   id        : OpenCart Lightning
   version   : 3.37
   vqmver    : 
   author    : MaxD http://devs.mx

File Name    : system/library/cache.php(0)
VQModObject::applyMod - SEARCH NOT FOUND (SKIPPED): if (is_file(DIR_SYSTEM . 'library/journal3/vendor/SuperCache

----------------------------------------------------------------------


---------- Date: 2026-03-30 05:42:12 ~ IP : 185.179.188.62 ----------
REQUEST URI : /podmotka-spidometra-henday-solyaris/
MOD DETAILS:
   modFile   : /home/canmotalka/web/can-motalka.ru/public_html/vqmod/xml/lightning.xml
   id        : OpenCart Lightning
   version   : 3.37
   vqmver    : 
   author    : MaxD http://devs.mx

File Name    : system/library/cache.php(0)
VQModObject::applyMod - SEARCH NOT FOUND (SKIPPED): if (is_file(DIR_SYSTEM . 'library/journal3/vendor/SuperCache

----------------------------------------------------------------------


---------- Date: 2026-03-30 05:43:08 ~ IP : 185.179.188.62 ----------
REQUEST URI : /otzyvy/?page=4
MOD DETAILS:
   modFile   : /home/canmotalka/web/can-motalka.ru/public_html/vqmod/xml/lightning.xml
   id        : OpenCart Lightning
   version   : 3.37
   vqmver    : 
   author    : MaxD http://devs.mx

File Name    : system/library/cache.php(0)
VQModObject::applyMod - SEARCH NOT FOUND (SKIPPED): if (is_file(DIR_SYSTEM . 'library/journal3/vendor/SuperCache

----------------------------------------------------------------------


---------- Date: 2026-03-30 05:43:26 ~ IP : 185.179.188.62 ----------
REQUEST URI : /instrukciya-podmotka-camry/
MOD DETAILS:
   modFile   : /home/canmotalka/web/can-motalka.ru/public_html/vqmod/xml/lightning.xml
   id        : OpenCart Lightning
   version   : 3.37
   vqmver    : 
   author    : MaxD http://devs.mx

File Name    : system/library/cache.php(0)
VQModObject::applyMod - SEARCH NOT FOUND (SKIPPED): if (is_file(DIR_SYSTEM . 'library/journal3/vendor/SuperCache

----------------------------------------------------------------------


---------- Date: 2026-03-30 05:43:47 ~ IP : 185.179.188.62 ----------
REQUEST URI : /podmotka-spidometra-podoidet-li-razyom/
MOD DETAILS:
   modFile   : /home/canmotalka/web/can-motalka.ru/public_html/vqmod/xml/lightning.xml
   id        : OpenCart Lightning
   version   : 3.37
   vqmver    : 
   author    : MaxD http://devs.mx

File Name    : system/library/cache.php(0)
VQModObject::applyMod - SEARCH NOT FOUND (SKIPPED): if (is_file(DIR_SYSTEM . 'library/journal3/vendor/SuperCache

----------------------------------------------------------------------


---------- Date: 2026-03-30 05:44:07 ~ IP : 185.179.188.62 ----------
REQUEST URI : /otzyvy/?page=8
MOD DETAILS:
   modFile   : /home/canmotalka/web/can-motalka.ru/public_html/vqmod/xml/lightning.xml
   id        : OpenCart Lightning
   version   : 3.37
   vqmver    : 
   author    : MaxD http://devs.mx

File Name    : system/library/cache.php(0)
VQModObject::applyMod - SEARCH NOT FOUND (SKIPPED): if (is_file(DIR_SYSTEM . 'library/journal3/vendor/SuperCache

----------------------------------------------------------------------


---------- Date: 2026-03-30 05:44:27 ~ IP : 185.179.188.62 ----------
REQUEST URI : /instrukciya-dlya-podmotki-lada-largus-2021/
MOD DETAILS:
   modFile   : /home/canmotalka/web/can-motalka.ru/public_html/vqmod/xml/lightning.xml
   id        : OpenCart Lightning
   version   : 3.37
   vqmver    : 
   author    : MaxD http://devs.mx

File Name    : system/library/cache.php(0)
VQModObject::applyMod - SEARCH NOT FOUND (SKIPPED): if (is_file(DIR_SYSTEM . 'library/journal3/vendor/SuperCache

----------------------------------------------------------------------


---------- Date: 2026-03-30 05:44:47 ~ IP : 185.179.188.62 ----------
REQUEST URI : /manuals/?page=2
MOD DETAILS:
   modFile   : /home/canmotalka/web/can-motalka.ru/public_html/vqmod/xml/lightning.xml
   id        : OpenCart Lightning
   version   : 3.37
   vqmver    : 
   author    : MaxD http://devs.mx

File Name    : system/library/cache.php(0)
VQModObject::applyMod - SEARCH NOT FOUND (SKIPPED): if (is_file(DIR_SYSTEM . 'library/journal3/vendor/SuperCache

----------------------------------------------------------------------


---------- Date: 2026-03-30 05:45:44 ~ IP : 185.179.188.62 ----------
REQUEST URI : /podmotka-spidometra-jac-t6/
MOD DETAILS:
   modFile   : /home/canmotalka/web/can-motalka.ru/public_html/vqmod/xml/lightning.xml
   id        : OpenCart Lightning
   version   : 3.37
   vqmver    : 
   author    : MaxD http://devs.mx

File Name    : system/library/cache.php(0)
VQModObject::applyMod - SEARCH NOT FOUND (SKIPPED): if (is_file(DIR_SYSTEM . 'library/journal3/vendor/SuperCache

----------------------------------------------------------------------


---------- Date: 2026-03-30 05:46:18 ~ IP : 185.179.188.62 ----------
REQUEST URI : /podmotka-spidometra-renault-fluence/
MOD DETAILS:
   modFile   : /home/canmotalka/web/can-motalka.ru/public_html/vqmod/xml/lightning.xml
   id        : OpenCart Lightning
   version   : 3.37
   vqmver    : 
   author    : MaxD http://devs.mx

File Name    : system/library/cache.php(0)
VQModObject::applyMod - SEARCH NOT FOUND (SKIPPED): if (is_file(DIR_SYSTEM . 'library/journal3/vendor/SuperCache

----------------------------------------------------------------------


---------- Date: 2026-03-30 05:46:22 ~ IP : 185.179.188.62 ----------
REQUEST URI : /creta_video_manual/
MOD DETAILS:
   modFile   : /home/canmotalka/web/can-motalka.ru/public_html/vqmod/xml/lightning.xml
   id        : OpenCart Lightning
   version   : 3.37
   vqmver    : 
   author    : MaxD http://devs.mx

File Name    : system/library/cache.php(0)
VQModObject::applyMod - SEARCH NOT FOUND (SKIPPED): if (is_file(DIR_SYSTEM . 'library/journal3/vendor/SuperCache

----------------------------------------------------------------------


---------- Date: 2026-03-30 05:46:25 ~ IP : 185.179.188.62 ----------
REQUEST URI : /namotchik-probega-dlya-audi-a8/
MOD DETAILS:
   modFile   : /home/canmotalka/web/can-motalka.ru/public_html/vqmod/xml/lightning.xml
   id        : OpenCart Lightning
   version   : 3.37
   vqmver    : 
   author    : MaxD http://devs.mx

File Name    : system/library/cache.php(0)
VQModObject::applyMod - SEARCH NOT FOUND (SKIPPED): if (is_file(DIR_SYSTEM . 'library/journal3/vendor/SuperCache

----------------------------------------------------------------------


---------- Date: 2026-03-30 05:46:39 ~ IP : 185.179.188.62 ----------
REQUEST URI : /index.php?route=product/product/review&amp;product_id=235
MOD DETAILS:
   modFile   : /home/canmotalka/web/can-motalka.ru/public_html/vqmod/xml/lightning.xml
   id        : OpenCart Lightning
   version   : 3.37
   vqmver    : 
   author    : MaxD http://devs.mx

File Name    : system/library/cache.php(0)
VQModObject::applyMod - SEARCH NOT FOUND (SKIPPED): if (is_file(DIR_SYSTEM . 'library/journal3/vendor/SuperCache

----------------------------------------------------------------------


---------- Date: 2026-03-30 05:46:42 ~ IP : 185.179.188.62 ----------
REQUEST URI : /podmotka-spidometra-hyundai-solaris-2011-2014-akpp/
MOD DETAILS:
   modFile   : /home/canmotalka/web/can-motalka.ru/public_html/vqmod/xml/lightning.xml
   id        : OpenCart Lightning
   version   : 3.37
   vqmver    : 
   author    : MaxD http://devs.mx

File Name    : system/library/cache.php(0)
VQModObject::applyMod - SEARCH NOT FOUND (SKIPPED): if (is_file(DIR_SYSTEM . 'library/journal3/vendor/SuperCache

----------------------------------------------------------------------


---------- Date: 2026-03-30 05:46:45 ~ IP : 185.179.188.62 ----------
REQUEST URI : /index.php?route=module/popupcart_extended
MOD DETAILS:
   modFile   : /home/canmotalka/web/can-motalka.ru/public_html/vqmod/xml/lightning.xml
   id        : OpenCart Lightning
   version   : 3.37
   vqmver    : 
   author    : MaxD http://devs.mx

File Name    : system/library/cache.php(0)
VQModObject::applyMod - SEARCH NOT FOUND (SKIPPED): if (is_file(DIR_SYSTEM . 'library/journal3/vendor/SuperCache

----------------------------------------------------------------------


---------- Date: 2026-03-30 05:47:06 ~ IP : 185.179.188.62 ----------
REQUEST URI : /podmotka-spidometra-hyundai-solaris-2011-2014-akpp/
MOD DETAILS:
   modFile   : /home/canmotalka/web/can-motalka.ru/public_html/vqmod/xml/lightning.xml
   id        : OpenCart Lightning
   version   : 3.37
   vqmver    : 
   author    : MaxD http://devs.mx

File Name    : system/library/cache.php(0)
VQModObject::applyMod - SEARCH NOT FOUND (SKIPPED): if (is_file(DIR_SYSTEM . 'library/journal3/vendor/SuperCache

----------------------------------------------------------------------


---------- Date: 2026-03-30 05:47:10 ~ IP : 185.179.188.62 ----------
REQUEST URI : /prado_video_manual/
MOD DETAILS:
   modFile   : /home/canmotalka/web/can-motalka.ru/public_html/vqmod/xml/lightning.xml
   id        : OpenCart Lightning
   version   : 3.37
   vqmver    : 
   author    : MaxD http://devs.mx

File Name    : system/library/cache.php(0)
VQModObject::applyMod - SEARCH NOT FOUND (SKIPPED): if (is_file(DIR_SYSTEM . 'library/journal3/vendor/SuperCache

----------------------------------------------------------------------


---------- Date: 2026-03-30 05:47:20 ~ IP : 185.179.188.62 ----------
REQUEST URI : /namotchik-probega-dlya-audi-a4/
MOD DETAILS:
   modFile   : /home/canmotalka/web/can-motalka.ru/public_html/vqmod/xml/lightning.xml
   id        : OpenCart Lightning
   version   : 3.37
   vqmver    : 
   author    : MaxD http://devs.mx

File Name    : system/library/cache.php(0)
VQModObject::applyMod - SEARCH NOT FOUND (SKIPPED): if (is_file(DIR_SYSTEM . 'library/journal3/vendor/SuperCache

----------------------------------------------------------------------


---------- Date: 2026-03-30 05:48:32 ~ IP : 185.179.188.62 ----------
REQUEST URI : /podmotka-spidometra-na-kamaz/
MOD DETAILS:
   modFile   : /home/canmotalka/web/can-motalka.ru/public_html/vqmod/xml/lightning.xml
   id        : OpenCart Lightning
   version   : 3.37
   vqmver    : 
   author    : MaxD http://devs.mx

File Name    : system/library/cache.php(0)
VQModObject::applyMod - SEARCH NOT FOUND (SKIPPED): if (is_file(DIR_SYSTEM . 'library/journal3/vendor/SuperCache

----------------------------------------------------------------------


---------- Date: 2026-03-30 05:48:32 ~ IP : 185.179.188.62 ----------
REQUEST URI : /podmotka-spidometra-kamaz/
MOD DETAILS:
   modFile   : /home/canmotalka/web/can-motalka.ru/public_html/vqmod/xml/lightning.xml
   id        : OpenCart Lightning
   version   : 3.37
   vqmver    : 
   author    : MaxD http://devs.mx

File Name    : system/library/cache.php(0)
VQModObject::applyMod - SEARCH NOT FOUND (SKIPPED): if (is_file(DIR_SYSTEM . 'library/journal3/vendor/SuperCache

----------------------------------------------------------------------


---------- Date: 2026-03-30 05:48:52 ~ IP : 185.179.188.62 ----------
REQUEST URI : /podmotka-spidometra-na-kamaz/
MOD DETAILS:
   modFile   : /home/canmotalka/web/can-motalka.ru/public_html/vqmod/xml/lightning.xml
   id        : OpenCart Lightning
   version   : 3.37
   vqmver    : 
   author    : MaxD http://devs.mx

File Name    : system/library/cache.php(0)
VQModObject::applyMod - SEARCH NOT FOUND (SKIPPED): if (is_file(DIR_SYSTEM . 'library/journal3/vendor/SuperCache

----------------------------------------------------------------------


---------- Date: 2026-03-30 05:48:53 ~ IP : 185.179.188.62 ----------
REQUEST URI : /podmotka-spidometra-kamaz/
MOD DETAILS:
   modFile   : /home/canmotalka/web/can-motalka.ru/public_html/vqmod/xml/lightning.xml
   id        : OpenCart Lightning
   version   : 3.37
   vqmver    : 
   author    : MaxD http://devs.mx

File Name    : system/library/cache.php(0)
VQModObject::applyMod - SEARCH NOT FOUND (SKIPPED): if (is_file(DIR_SYSTEM . 'library/journal3/vendor/SuperCache

----------------------------------------------------------------------


---------- Date: 2026-03-30 05:48:53 ~ IP : 185.179.188.62 ----------
REQUEST URI : /krutilka_spidometra/
MOD DETAILS:
   modFile   : /home/canmotalka/web/can-motalka.ru/public_html/vqmod/xml/lightning.xml
   id        : OpenCart Lightning
   version   : 3.37
   vqmver    : 
   author    : MaxD http://devs.mx

File Name    : system/library/cache.php(0)
VQModObject::applyMod - SEARCH NOT FOUND (SKIPPED): if (is_file(DIR_SYSTEM . 'library/journal3/vendor/SuperCache

----------------------------------------------------------------------


---------- Date: 2026-03-30 05:49:12 ~ IP : 185.179.188.62 ----------
REQUEST URI : /namotchik-probega-dlya-audi-a8-2004/
MOD DETAILS:
   modFile   : /home/canmotalka/web/can-motalka.ru/public_html/vqmod/xml/lightning.xml
   id        : OpenCart Lightning
   version   : 3.37
   vqmver    : 
   author    : MaxD http://devs.mx

File Name    : system/library/cache.php(0)
VQModObject::applyMod - SEARCH NOT FOUND (SKIPPED): if (is_file(DIR_SYSTEM . 'library/journal3/vendor/SuperCache

----------------------------------------------------------------------


---------- Date: 2026-03-30 05:49:31 ~ IP : 185.179.188.62 ----------
REQUEST URI : /posle-podmotki-menyaetsya-zapas-hoda/
MOD DETAILS:
   modFile   : /home/canmotalka/web/can-motalka.ru/public_html/vqmod/xml/lightning.xml
   id        : OpenCart Lightning
   version   : 3.37
   vqmver    : 
   author    : MaxD http://devs.mx

File Name    : system/library/cache.php(0)
VQModObject::applyMod - SEARCH NOT FOUND (SKIPPED): if (is_file(DIR_SYSTEM . 'library/journal3/vendor/SuperCache

----------------------------------------------------------------------


---------- Date: 2026-03-30 05:49:52 ~ IP : 185.179.188.62 ----------
REQUEST URI : /podmotka-spidometra-lada-granta-fl/
MOD DETAILS:
   modFile   : /home/canmotalka/web/can-motalka.ru/public_html/vqmod/xml/lightning.xml
   id        : OpenCart Lightning
   version   : 3.37
   vqmver    : 
   author    : MaxD http://devs.mx

File Name    : system/library/cache.php(0)
VQModObject::applyMod - SEARCH NOT FOUND (SKIPPED): if (is_file(DIR_SYSTEM . 'library/journal3/vendor/SuperCache

----------------------------------------------------------------------


---------- Date: 2026-03-30 05:50:50 ~ IP : 185.179.188.62 ----------
REQUEST URI : /motalka_spidometra_re/
MOD DETAILS:
   modFile   : /home/canmotalka/web/can-motalka.ru/public_html/vqmod/xml/lightning.xml
   id        : OpenCart Lightning
   version   : 3.37
   vqmver    : 
   author    : MaxD http://devs.mx

File Name    : system/library/cache.php(0)
VQModObject::applyMod - SEARCH NOT FOUND (SKIPPED): if (is_file(DIR_SYSTEM . 'library/journal3/vendor/SuperCache

----------------------------------------------------------------------


---------- Date: 2026-03-30 05:51:09 ~ IP : 185.179.188.62 ----------
REQUEST URI : /kak-perenastroit-podmotku-spidometra/
MOD DETAILS:
   modFile   : /home/canmotalka/web/can-motalka.ru/public_html/vqmod/xml/lightning.xml
   id        : OpenCart Lightning
   version   : 3.37
   vqmver    : 
   author    : MaxD http://devs.mx

File Name    : system/library/cache.php(0)
VQModObject::applyMod - SEARCH NOT FOUND (SKIPPED): if (is_file(DIR_SYSTEM . 'library/journal3/vendor/SuperCache

----------------------------------------------------------------------


---------- Date: 2026-03-30 05:51:29 ~ IP : 185.179.188.62 ----------
REQUEST URI : /podmotka-spidometra-henday-solyaris/
MOD DETAILS:
   modFile   : /home/canmotalka/web/can-motalka.ru/public_html/vqmod/xml/lightning.xml
   id        : OpenCart Lightning
   version   : 3.37
   vqmver    : 
   author    : MaxD http://devs.mx

File Name    : system/library/cache.php(0)
VQModObject::applyMod - SEARCH NOT FOUND (SKIPPED): if (is_file(DIR_SYSTEM . 'library/journal3/vendor/SuperCache

----------------------------------------------------------------------


---------- Date: 2026-03-30 05:51:48 ~ IP : 185.179.188.62 ----------
REQUEST URI : /tranzit_video_manual/
MOD DETAILS:
   modFile   : /home/canmotalka/web/can-motalka.ru/public_html/vqmod/xml/lightning.xml
   id        : OpenCart Lightning
   version   : 3.37
   vqmver    : 
   author    : MaxD http://devs.mx

File Name    : system/library/cache.php(0)
VQModObject::applyMod - SEARCH NOT FOUND (SKIPPED): if (is_file(DIR_SYSTEM . 'library/journal3/vendor/SuperCache

----------------------------------------------------------------------


---------- Date: 2026-03-30 05:53:43 ~ IP : 185.179.188.62 ----------
REQUEST URI : /otzyvy/?page=30
MOD DETAILS:
   modFile   : /home/canmotalka/web/can-motalka.ru/public_html/vqmod/xml/lightning.xml
   id        : OpenCart Lightning
   version   : 3.37
   vqmver    : 
   author    : MaxD http://devs.mx

File Name    : system/library/cache.php(0)
VQModObject::applyMod - SEARCH NOT FOUND (SKIPPED): if (is_file(DIR_SYSTEM . 'library/journal3/vendor/SuperCache

----------------------------------------------------------------------


---------- Date: 2026-03-30 05:54:03 ~ IP : 185.179.188.62 ----------
REQUEST URI : /patriot_re/
MOD DETAILS:
   modFile   : /home/canmotalka/web/can-motalka.ru/public_html/vqmod/xml/lightning.xml
   id        : OpenCart Lightning
   version   : 3.37
   vqmver    : 
   author    : MaxD http://devs.mx

File Name    : system/library/cache.php(0)
VQModObject::applyMod - SEARCH NOT FOUND (SKIPPED): if (is_file(DIR_SYSTEM . 'library/journal3/vendor/SuperCache

----------------------------------------------------------------------


---------- Date: 2026-03-30 05:54:24 ~ IP : 185.179.188.62 ----------
REQUEST URI : /otzyvy/?page=2
MOD DETAILS:
   modFile   : /home/canmotalka/web/can-motalka.ru/public_html/vqmod/xml/lightning.xml
   id        : OpenCart Lightning
   version   : 3.37
   vqmver    : 
   author    : MaxD http://devs.mx

File Name    : system/library/cache.php(0)
VQModObject::applyMod - SEARCH NOT FOUND (SKIPPED): if (is_file(DIR_SYSTEM . 'library/journal3/vendor/SuperCache

----------------------------------------------------------------------


---------- Date: 2026-03-30 05:54:43 ~ IP : 185.179.188.62 ----------
REQUEST URI : /motalka_spidometra/
MOD DETAILS:
   modFile   : /home/canmotalka/web/can-motalka.ru/public_html/vqmod/xml/lightning.xml
   id        : OpenCart Lightning
   version   : 3.37
   vqmver    : 
   author    : MaxD http://devs.mx

File Name    : system/library/cache.php(0)
VQModObject::applyMod - SEARCH NOT FOUND (SKIPPED): if (is_file(DIR_SYSTEM . 'library/journal3/vendor/SuperCache

----------------------------------------------------------------------


---------- Date: 2026-03-30 05:55:04 ~ IP : 185.179.188.62 ----------
REQUEST URI : /granta_video_manual/
MOD DETAILS:
   modFile   : /home/canmotalka/web/can-motalka.ru/public_html/vqmod/xml/lightning.xml
   id        : OpenCart Lightning
   version   : 3.37
   vqmver    : 
   author    : MaxD http://devs.mx

File Name    : system/library/cache.php(0)
VQModObject::applyMod - SEARCH NOT FOUND (SKIPPED): if (is_file(DIR_SYSTEM . 'library/journal3/vendor/SuperCache

----------------------------------------------------------------------


---------- Date: 2026-03-30 05:55:57 ~ IP : 185.179.188.62 ----------
REQUEST URI : /manual-podmotka-toyota-camry-corolla-tlc-rav4/
MOD DETAILS:
   modFile   : /home/canmotalka/web/can-motalka.ru/public_html/vqmod/xml/lightning.xml
   id        : OpenCart Lightning
   version   : 3.37
   vqmver    : 
   author    : MaxD http://devs.mx

File Name    : system/library/cache.php(0)
VQModObject::applyMod - SEARCH NOT FOUND (SKIPPED): if (is_file(DIR_SYSTEM . 'library/journal3/vendor/SuperCache

----------------------------------------------------------------------


---------- Date: 2026-03-30 05:56:16 ~ IP : 185.179.188.62 ----------
REQUEST URI : /instrukciya-podmotka-vesta/
MOD DETAILS:
   modFile   : /home/canmotalka/web/can-motalka.ru/public_html/vqmod/xml/lightning.xml
   id        : OpenCart Lightning
   version   : 3.37
   vqmver    : 
   author    : MaxD http://devs.mx

File Name    : system/library/cache.php(0)
VQModObject::applyMod - SEARCH NOT FOUND (SKIPPED): if (is_file(DIR_SYSTEM . 'library/journal3/vendor/SuperCache

----------------------------------------------------------------------


---------- Date: 2026-03-30 05:56:35 ~ IP : 185.179.188.62 ----------
REQUEST URI : /largus_manual/
MOD DETAILS:
   modFile   : /home/canmotalka/web/can-motalka.ru/public_html/vqmod/xml/lightning.xml
   id        : OpenCart Lightning
   version   : 3.37
   vqmver    : 
   author    : MaxD http://devs.mx

File Name    : system/library/cache.php(0)
VQModObject::applyMod - SEARCH NOT FOUND (SKIPPED): if (is_file(DIR_SYSTEM . 'library/journal3/vendor/SuperCache

----------------------------------------------------------------------


---------- Date: 2026-03-30 05:56:56 ~ IP : 185.179.188.62 ----------
REQUEST URI : /podmotka-spidometra-hyundai-genesis-g80/
MOD DETAILS:
   modFile   : /home/canmotalka/web/can-motalka.ru/public_html/vqmod/xml/lightning.xml
   id        : OpenCart Lightning
   version   : 3.37
   vqmver    : 
   author    : MaxD http://devs.mx

File Name    : system/library/cache.php(0)
VQModObject::applyMod - SEARCH NOT FOUND (SKIPPED): if (is_file(DIR_SYSTEM . 'library/journal3/vendor/SuperCache

----------------------------------------------------------------------


---------- Date: 2026-03-30 05:57:17 ~ IP : 185.179.188.62 ----------
REQUEST URI : /podmotka-spidometra-nissan-terrano/
MOD DETAILS:
   modFile   : /home/canmotalka/web/can-motalka.ru/public_html/vqmod/xml/lightning.xml
   id        : OpenCart Lightning
   version   : 3.37
   vqmver    : 
   author    : MaxD http://devs.mx

File Name    : system/library/cache.php(0)
VQModObject::applyMod - SEARCH NOT FOUND (SKIPPED): if (is_file(DIR_SYSTEM . 'library/journal3/vendor/SuperCache

----------------------------------------------------------------------


---------- Date: 2026-03-30 05:57:36 ~ IP : 185.179.188.62 ----------
REQUEST URI : /podmotka-spidometra-henday-sonata-za-3000r/
MOD DETAILS:
   modFile   : /home/canmotalka/web/can-motalka.ru/public_html/vqmod/xml/lightning.xml
   id        : OpenCart Lightning
   version   : 3.37
   vqmver    : 
   author    : MaxD http://devs.mx

File Name    : system/library/cache.php(0)
VQModObject::applyMod - SEARCH NOT FOUND (SKIPPED): if (is_file(DIR_SYSTEM . 'library/journal3/vendor/SuperCache

----------------------------------------------------------------------


---------- Date: 2026-03-30 05:58:31 ~ IP : 185.179.188.62 ----------
REQUEST URI : /hyundai_h1_manual/
MOD DETAILS:
   modFile   : /home/canmotalka/web/can-motalka.ru/public_html/vqmod/xml/lightning.xml
   id        : OpenCart Lightning
   version   : 3.37
   vqmver    : 
   author    : MaxD http://devs.mx

File Name    : system/library/cache.php(0)
VQModObject::applyMod - SEARCH NOT FOUND (SKIPPED): if (is_file(DIR_SYSTEM . 'library/journal3/vendor/SuperCache

----------------------------------------------------------------------


---------- Date: 2026-03-30 05:58:50 ~ IP : 185.179.188.62 ----------
REQUEST URI : /namotchik-probega-dlya-land-rover-discovery/
MOD DETAILS:
   modFile   : /home/canmotalka/web/can-motalka.ru/public_html/vqmod/xml/lightning.xml
   id        : OpenCart Lightning
   version   : 3.37
   vqmver    : 
   author    : MaxD http://devs.mx

File Name    : system/library/cache.php(0)
VQModObject::applyMod - SEARCH NOT FOUND (SKIPPED): if (is_file(DIR_SYSTEM . 'library/journal3/vendor/SuperCache

----------------------------------------------------------------------


---------- Date: 2026-03-30 05:59:09 ~ IP : 185.179.188.62 ----------
REQUEST URI : /podmotka-spidometra-gazon-nekst/
MOD DETAILS:
   modFile   : /home/canmotalka/web/can-motalka.ru/public_html/vqmod/xml/lightning.xml
   id        : OpenCart Lightning
   version   : 3.37
   vqmver    : 
   author    : MaxD http://devs.mx

File Name    : system/library/cache.php(0)
VQModObject::applyMod - SEARCH NOT FOUND (SKIPPED): if (is_file(DIR_SYSTEM . 'library/journal3/vendor/SuperCache

----------------------------------------------------------------------


---------- Date: 2026-03-30 05:59:30 ~ IP : 185.179.188.62 ----------
REQUEST URI : /podmotka_spidometra_solaris_kak_kupit2/
MOD DETAILS:
   modFile   : /home/canmotalka/web/can-motalka.ru/public_html/vqmod/xml/lightning.xml
   id        : OpenCart Lightning
   version   : 3.37
   vqmver    : 
   author    : MaxD http://devs.mx

File Name    : system/library/cache.php(0)
VQModObject::applyMod - SEARCH NOT FOUND (SKIPPED): if (is_file(DIR_SYSTEM . 'library/journal3/vendor/SuperCache

----------------------------------------------------------------------


---------- Date: 2026-03-30 05:59:32 ~ IP : 185.179.188.62 ----------
REQUEST URI : /podmotka_spidometra_solaris2/
MOD DETAILS:
   modFile   : /home/canmotalka/web/can-motalka.ru/public_html/vqmod/xml/lightning.xml
   id        : OpenCart Lightning
   version   : 3.37
   vqmver    : 
   author    : MaxD http://devs.mx

File Name    : system/library/cache.php(0)
VQModObject::applyMod - SEARCH NOT FOUND (SKIPPED): if (is_file(DIR_SYSTEM . 'library/journal3/vendor/SuperCache

----------------------------------------------------------------------


---------- Date: 2026-03-30 05:59:50 ~ IP : 185.179.188.62 ----------
REQUEST URI : /podmotka-spidometra-henday-sonata-8/;/
MOD DETAILS:
   modFile   : /home/canmotalka/web/can-motalka.ru/public_html/vqmod/xml/lightning.xml
   id        : OpenCart Lightning
   version   : 3.37
   vqmver    : 
   author    : MaxD http://devs.mx

File Name    : system/library/cache.php(0)
VQModObject::applyMod - SEARCH NOT FOUND (SKIPPED): if (is_file(DIR_SYSTEM . 'library/journal3/vendor/SuperCache

----------------------------------------------------------------------


---------- Date: 2026-03-30 05:59:50 ~ IP : 185.179.188.62 ----------
REQUEST URI : /otzyvy/
MOD DETAILS:
   modFile   : /home/canmotalka/web/can-motalka.ru/public_html/vqmod/xml/lightning.xml
   id        : OpenCart Lightning
   version   : 3.37
   vqmver    : 
   author    : MaxD http://devs.mx

File Name    : system/library/cache.php(0)
VQModObject::applyMod - SEARCH NOT FOUND (SKIPPED): if (is_file(DIR_SYSTEM . 'library/journal3/vendor/SuperCache

----------------------------------------------------------------------


---------- Date: 2026-03-30 05:59:52 ~ IP : 185.179.188.62 ----------
REQUEST URI : /instrukciya-dlya-podmotki-lada-niva/
MOD DETAILS:
   modFile   : /home/canmotalka/web/can-motalka.ru/public_html/vqmod/xml/lightning.xml
   id        : OpenCart Lightning
   version   : 3.37
   vqmver    : 
   author    : MaxD http://devs.mx

File Name    : system/library/cache.php(0)
VQModObject::applyMod - SEARCH NOT FOUND (SKIPPED): if (is_file(DIR_SYSTEM . 'library/journal3/vendor/SuperCache

----------------------------------------------------------------------


---------- Date: 2026-03-30 06:00:13 ~ IP : 185.179.188.62 ----------
REQUEST URI : /otzyvy/?page=3
MOD DETAILS:
   modFile   : /home/canmotalka/web/can-motalka.ru/public_html/vqmod/xml/lightning.xml
   id        : OpenCart Lightning
   version   : 3.37
   vqmver    : 
   author    : MaxD http://devs.mx

File Name    : system/library/cache.php(0)
VQModObject::applyMod - SEARCH NOT FOUND (SKIPPED): if (is_file(DIR_SYSTEM . 'library/journal3/vendor/SuperCache

----------------------------------------------------------------------


---------- Date: 2026-03-30 06:01:06 ~ IP : 185.179.188.62 ----------
REQUEST URI : /instrukciya-podmotka-kamaz/
MOD DETAILS:
   modFile   : /home/canmotalka/web/can-motalka.ru/public_html/vqmod/xml/lightning.xml
   id        : OpenCart Lightning
   version   : 3.37
   vqmver    : 
   author    : MaxD http://devs.mx

File Name    : system/library/cache.php(0)
VQModObject::applyMod - SEARCH NOT FOUND (SKIPPED): if (is_file(DIR_SYSTEM . 'library/journal3/vendor/SuperCache

----------------------------------------------------------------------


---------- Date: 2026-03-30 06:01:25 ~ IP : 185.179.188.62 ----------
REQUEST URI : /motalki/jac/
MOD DETAILS:
   modFile   : /home/canmotalka/web/can-motalka.ru/public_html/vqmod/xml/lightning.xml
   id        : OpenCart Lightning
   version   : 3.37
   vqmver    : 
   author    : MaxD http://devs.mx

File Name    : system/library/cache.php(0)
VQModObject::applyMod - SEARCH NOT FOUND (SKIPPED): if (is_file(DIR_SYSTEM . 'library/journal3/vendor/SuperCache

----------------------------------------------------------------------


---------- Date: 2026-03-30 06:01:46 ~ IP : 185.179.188.62 ----------
REQUEST URI : /podmotka-spidometra-ssang-young-action/
MOD DETAILS:
   modFile   : /home/canmotalka/web/can-motalka.ru/public_html/vqmod/xml/lightning.xml
   id        : OpenCart Lightning
   version   : 3.37
   vqmver    : 
   author    : MaxD http://devs.mx

File Name    : system/library/cache.php(0)
VQModObject::applyMod - SEARCH NOT FOUND (SKIPPED): if (is_file(DIR_SYSTEM . 'library/journal3/vendor/SuperCache

----------------------------------------------------------------------


---------- Date: 2026-03-30 06:02:05 ~ IP : 185.179.188.62 ----------
REQUEST URI : /podmotka-spidometra-na-ford-fokus-3-za-3000-rubley/
MOD DETAILS:
   modFile   : /home/canmotalka/web/can-motalka.ru/public_html/vqmod/xml/lightning.xml
   id        : OpenCart Lightning
   version   : 3.37
   vqmver    : 
   author    : MaxD http://devs.mx

File Name    : system/library/cache.php(0)
VQModObject::applyMod - SEARCH NOT FOUND (SKIPPED): if (is_file(DIR_SYSTEM . 'library/journal3/vendor/SuperCache

----------------------------------------------------------------------


---------- Date: 2026-03-30 06:02:26 ~ IP : 185.179.188.62 ----------
REQUEST URI : /otzyvy/?page=10
MOD DETAILS:
   modFile   : /home/canmotalka/web/can-motalka.ru/public_html/vqmod/xml/lightning.xml
   id        : OpenCart Lightning
   version   : 3.37
   vqmver    : 
   author    : MaxD http://devs.mx

File Name    : system/library/cache.php(0)
VQModObject::applyMod - SEARCH NOT FOUND (SKIPPED): if (is_file(DIR_SYSTEM . 'library/journal3/vendor/SuperCache

----------------------------------------------------------------------


---------- Date: 2026-03-30 06:02:46 ~ IP : 185.179.188.62 ----------
REQUEST URI : /tranzit_new_videomanual/
MOD DETAILS:
   modFile   : /home/canmotalka/web/can-motalka.ru/public_html/vqmod/xml/lightning.xml
   id        : OpenCart Lightning
   version   : 3.37
   vqmver    : 
   author    : MaxD http://devs.mx

File Name    : system/library/cache.php(0)
VQModObject::applyMod - SEARCH NOT FOUND (SKIPPED): if (is_file(DIR_SYSTEM . 'library/journal3/vendor/SuperCache

----------------------------------------------------------------------


---------- Date: 2026-03-30 06:03:28 ~ IP : 185.179.188.62 ----------
REQUEST URI : /sitemap.xml
MOD DETAILS:
   modFile   : /home/canmotalka/web/can-motalka.ru/public_html/vqmod/xml/lightning.xml
   id        : OpenCart Lightning
   version   : 3.37
   vqmver    : 
   author    : MaxD http://devs.mx

File Name    : system/library/cache.php(0)
VQModObject::applyMod - SEARCH NOT FOUND (SKIPPED): if (is_file(DIR_SYSTEM . 'library/journal3/vendor/SuperCache

----------------------------------------------------------------------


---------- Date: 2026-03-30 06:03:50 ~ IP : 185.179.188.62 ----------
REQUEST URI : /podmotka-spidometra-niva-travel/
MOD DETAILS:
   modFile   : /home/canmotalka/web/can-motalka.ru/public_html/vqmod/xml/lightning.xml
   id        : OpenCart Lightning
   version   : 3.37
   vqmver    : 
   author    : MaxD http://devs.mx

File Name    : system/library/cache.php(0)
VQModObject::applyMod - SEARCH NOT FOUND (SKIPPED): if (is_file(DIR_SYSTEM . 'library/journal3/vendor/SuperCache

----------------------------------------------------------------------


---------- Date: 2026-03-30 06:04:20 ~ IP : 185.179.188.62 ----------
REQUEST URI : /podmotka_spidometra_solaris2/
MOD DETAILS:
   modFile   : /home/canmotalka/web/can-motalka.ru/public_html/vqmod/xml/lightning.xml
   id        : OpenCart Lightning
   version   : 3.37
   vqmver    : 
   author    : MaxD http://devs.mx

File Name    : system/library/cache.php(0)
VQModObject::applyMod - SEARCH NOT FOUND (SKIPPED): if (is_file(DIR_SYSTEM . 'library/journal3/vendor/SuperCache

----------------------------------------------------------------------


---------- Date: 2026-03-30 06:04:37 ~ IP : 185.179.188.62 ----------
REQUEST URI : /podmotka-krutilka-motalka-spidometra-dlya-toyota-camry-v55/
MOD DETAILS:
   modFile   : /home/canmotalka/web/can-motalka.ru/public_html/vqmod/xml/lightning.xml
   id        : OpenCart Lightning
   version   : 3.37
   vqmver    : 
   author    : MaxD http://devs.mx

File Name    : system/library/cache.php(0)
VQModObject::applyMod - SEARCH NOT FOUND (SKIPPED): if (is_file(DIR_SYSTEM . 'library/journal3/vendor/SuperCache

----------------------------------------------------------------------


---------- Date: 2026-03-30 06:04:53 ~ IP : 185.179.188.62 ----------
REQUEST URI : /otzyvy/?page=9
MOD DETAILS:
   modFile   : /home/canmotalka/web/can-motalka.ru/public_html/vqmod/xml/lightning.xml
   id        : OpenCart Lightning
   version   : 3.37
   vqmver    : 
   author    : MaxD http://devs.mx

File Name    : system/library/cache.php(0)
VQModObject::applyMod - SEARCH NOT FOUND (SKIPPED): if (is_file(DIR_SYSTEM . 'library/journal3/vendor/SuperCache

----------------------------------------------------------------------


---------- Date: 2026-03-30 06:05:02 ~ IP : 185.179.188.62 ----------
REQUEST URI : /podmotka-spidometra-citroen-berlingo/
MOD DETAILS:
   modFile   : /home/canmotalka/web/can-motalka.ru/public_html/vqmod/xml/lightning.xml
   id        : OpenCart Lightning
   version   : 3.37
   vqmver    : 
   author    : MaxD http://devs.mx

File Name    : system/library/cache.php(0)
VQModObject::applyMod - SEARCH NOT FOUND (SKIPPED): if (is_file(DIR_SYSTEM . 'library/journal3/vendor/SuperCache

----------------------------------------------------------------------


---------- Date: 2026-03-30 06:05:20 ~ IP : 185.179.188.62 ----------
REQUEST URI : /podmotka-spidometra-niva2020/
MOD DETAILS:
   modFile   : /home/canmotalka/web/can-motalka.ru/public_html/vqmod/xml/lightning.xml
   id        : OpenCart Lightning
   version   : 3.37
   vqmver    : 
   author    : MaxD http://devs.mx

File Name    : system/library/cache.php(0)
VQModObject::applyMod - SEARCH NOT FOUND (SKIPPED): if (is_file(DIR_SYSTEM . 'library/journal3/vendor/SuperCache

----------------------------------------------------------------------


---------- Date: 2026-03-30 06:06:17 ~ IP : 185.179.188.62 ----------
REQUEST URI : /otzyvy/?page=12
MOD DETAILS:
   modFile   : /home/canmotalka/web/can-motalka.ru/public_html/vqmod/xml/lightning.xml
   id        : OpenCart Lightning
   version   : 3.37
   vqmver    : 
   author    : MaxD http://devs.mx

File Name    : system/library/cache.php(0)
VQModObject::applyMod - SEARCH NOT FOUND (SKIPPED): if (is_file(DIR_SYSTEM . 'library/journal3/vendor/SuperCache

----------------------------------------------------------------------


---------- Date: 2026-03-30 06:06:38 ~ IP : 185.179.188.62 ----------
REQUEST URI : /podmotka-spidometra-toyota-fortuner/
MOD DETAILS:
   modFile   : /home/canmotalka/web/can-motalka.ru/public_html/vqmod/xml/lightning.xml
   id        : OpenCart Lightning
   version   : 3.37
   vqmver    : 
   author    : MaxD http://devs.mx

File Name    : system/library/cache.php(0)
VQModObject::applyMod - SEARCH NOT FOUND (SKIPPED): if (is_file(DIR_SYSTEM . 'library/journal3/vendor/SuperCache

----------------------------------------------------------------------


---------- Date: 2026-03-30 06:06:57 ~ IP : 185.179.188.62 ----------
REQUEST URI : /podmotka-spidometra-kia-rio/
MOD DETAILS:
   modFile   : /home/canmotalka/web/can-motalka.ru/public_html/vqmod/xml/lightning.xml
   id        : OpenCart Lightning
   version   : 3.37
   vqmver    : 
   author    : MaxD http://devs.mx

File Name    : system/library/cache.php(0)
VQModObject::applyMod - SEARCH NOT FOUND (SKIPPED): if (is_file(DIR_SYSTEM . 'library/journal3/vendor/SuperCache

----------------------------------------------------------------------


---------- Date: 2026-03-30 06:07:20 ~ IP : 185.179.188.62 ----------
REQUEST URI : /podmotka-spidometra-henday-sonata-8/
MOD DETAILS:
   modFile   : /home/canmotalka/web/can-motalka.ru/public_html/vqmod/xml/lightning.xml
   id        : OpenCart Lightning
   version   : 3.37
   vqmver    : 
   author    : MaxD http://devs.mx

File Name    : system/library/cache.php(0)
VQModObject::applyMod - SEARCH NOT FOUND (SKIPPED): if (is_file(DIR_SYSTEM . 'library/journal3/vendor/SuperCache

----------------------------------------------------------------------


---------- Date: 2026-03-30 06:07:36 ~ IP : 185.179.188.62 ----------
REQUEST URI : /instrukciya-podmotka-duster/
MOD DETAILS:
   modFile   : /home/canmotalka/web/can-motalka.ru/public_html/vqmod/xml/lightning.xml
   id        : OpenCart Lightning
   version   : 3.37
   vqmver    : 
   author    : MaxD http://devs.mx

File Name    : system/library/cache.php(0)
VQModObject::applyMod - SEARCH NOT FOUND (SKIPPED): if (is_file(DIR_SYSTEM . 'library/journal3/vendor/SuperCache

----------------------------------------------------------------------


---------- Date: 2026-03-30 06:07:37 ~ IP : 185.179.188.62 ----------
REQUEST URI : /podmotka-spidometra-largus-new/
MOD DETAILS:
   modFile   : /home/canmotalka/web/can-motalka.ru/public_html/vqmod/xml/lightning.xml
   id        : OpenCart Lightning
   version   : 3.37
   vqmver    : 
   author    : MaxD http://devs.mx

File Name    : system/library/cache.php(0)
VQModObject::applyMod - SEARCH NOT FOUND (SKIPPED): if (is_file(DIR_SYSTEM . 'library/journal3/vendor/SuperCache

----------------------------------------------------------------------


---------- Date: 2026-03-30 06:07:58 ~ IP : 185.179.188.62 ----------
REQUEST URI : /podmotka-spidometra-mercedes-sprinter/
MOD DETAILS:
   modFile   : /home/canmotalka/web/can-motalka.ru/public_html/vqmod/xml/lightning.xml
   id        : OpenCart Lightning
   version   : 3.37
   vqmver    : 
   author    : MaxD http://devs.mx

File Name    : system/library/cache.php(0)
VQModObject::applyMod - SEARCH NOT FOUND (SKIPPED): if (is_file(DIR_SYSTEM . 'library/journal3/vendor/SuperCache

----------------------------------------------------------------------


---------- Date: 2026-03-30 06:08:51 ~ IP : 185.179.188.62 ----------
REQUEST URI : /otzyvy/?page=13
MOD DETAILS:
   modFile   : /home/canmotalka/web/can-motalka.ru/public_html/vqmod/xml/lightning.xml
   id        : OpenCart Lightning
   version   : 3.37
   vqmver    : 
   author    : MaxD http://devs.mx

File Name    : system/library/cache.php(0)
VQModObject::applyMod - SEARCH NOT FOUND (SKIPPED): if (is_file(DIR_SYSTEM . 'library/journal3/vendor/SuperCache

----------------------------------------------------------------------


---------- Date: 2026-03-30 06:09:11 ~ IP : 185.179.188.62 ----------
REQUEST URI : /otzyvy/?page=11
MOD DETAILS:
   modFile   : /home/canmotalka/web/can-motalka.ru/public_html/vqmod/xml/lightning.xml
   id        : OpenCart Lightning
   version   : 3.37
   vqmver    : 
   author    : MaxD http://devs.mx

File Name    : system/library/cache.php(0)
VQModObject::applyMod - SEARCH NOT FOUND (SKIPPED): if (is_file(DIR_SYSTEM . 'library/journal3/vendor/SuperCache

----------------------------------------------------------------------


---------- Date: 2026-03-30 06:09:32 ~ IP : 185.179.188.62 ----------
REQUEST URI : /otzyvy/?page=14
MOD DETAILS:
   modFile   : /home/canmotalka/web/can-motalka.ru/public_html/vqmod/xml/lightning.xml
   id        : OpenCart Lightning
   version   : 3.37
   vqmver    : 
   author    : MaxD http://devs.mx

File Name    : system/library/cache.php(0)
VQModObject::applyMod - SEARCH NOT FOUND (SKIPPED): if (is_file(DIR_SYSTEM . 'library/journal3/vendor/SuperCache

----------------------------------------------------------------------


---------- Date: 2026-03-30 06:10:19 ~ IP : 185.179.188.62 ----------
REQUEST URI : /otzyvy/?page=16
MOD DETAILS:
   modFile   : /home/canmotalka/web/can-motalka.ru/public_html/vqmod/xml/lightning.xml
   id        : OpenCart Lightning
   version   : 3.37
   vqmver    : 
   author    : MaxD http://devs.mx

File Name    : system/library/cache.php(0)
VQModObject::applyMod - SEARCH NOT FOUND (SKIPPED): if (is_file(DIR_SYSTEM . 'library/journal3/vendor/SuperCache

----------------------------------------------------------------------


---------- Date: 2026-03-30 06:10:40 ~ IP : 185.179.188.62 ----------
REQUEST URI : /otzyvy/?page=15
MOD DETAILS:
   modFile   : /home/canmotalka/web/can-motalka.ru/public_html/vqmod/xml/lightning.xml
   id        : OpenCart Lightning
   version   : 3.37
   vqmver    : 
   author    : MaxD http://devs.mx

File Name    : system/library/cache.php(0)
VQModObject::applyMod - SEARCH NOT FOUND (SKIPPED): if (is_file(DIR_SYSTEM . 'library/journal3/vendor/SuperCache

----------------------------------------------------------------------


---------- Date: 2026-03-30 06:11:43 ~ IP : 185.179.188.62 ----------
REQUEST URI : /otzyvy/?page=17
MOD DETAILS:
   modFile   : /home/canmotalka/web/can-motalka.ru/public_html/vqmod/xml/lightning.xml
   id        : OpenCart Lightning
   version   : 3.37
   vqmver    : 
   author    : MaxD http://devs.mx

File Name    : system/library/cache.php(0)
VQModObject::applyMod - SEARCH NOT FOUND (SKIPPED): if (is_file(DIR_SYSTEM . 'library/journal3/vendor/SuperCache

----------------------------------------------------------------------


---------- Date: 2026-03-30 06:11:44 ~ IP : 185.179.188.62 ----------
REQUEST URI : /podmotka-spidometra-henday-sonata-8/
MOD DETAILS:
   modFile   : /home/canmotalka/web/can-motalka.ru/public_html/vqmod/xml/lightning.xml
   id        : OpenCart Lightning
   version   : 3.37
   vqmver    : 
   author    : MaxD http://devs.mx

File Name    : system/library/cache.php(0)
VQModObject::applyMod - SEARCH NOT FOUND (SKIPPED): if (is_file(DIR_SYSTEM . 'library/journal3/vendor/SuperCache

----------------------------------------------------------------------


---------- Date: 2026-03-30 06:11:45 ~ IP : 185.179.188.62 ----------
REQUEST URI : /otzyvy/
MOD DETAILS:
   modFile   : /home/canmotalka/web/can-motalka.ru/public_html/vqmod/xml/lightning.xml
   id        : OpenCart Lightning
   version   : 3.37
   vqmver    : 
   author    : MaxD http://devs.mx

File Name    : system/library/cache.php(0)
VQModObject::applyMod - SEARCH NOT FOUND (SKIPPED): if (is_file(DIR_SYSTEM . 'library/journal3/vendor/SuperCache

----------------------------------------------------------------------


---------- Date: 2026-03-30 06:11:46 ~ IP : 185.179.188.62 ----------
REQUEST URI : /podmotka-spidometra-henday-sonata-8/
MOD DETAILS:
   modFile   : /home/canmotalka/web/can-motalka.ru/public_html/vqmod/xml/lightning.xml
   id        : OpenCart Lightning
   version   : 3.37
   vqmver    : 
   author    : MaxD http://devs.mx

File Name    : system/library/cache.php(0)
VQModObject::applyMod - SEARCH NOT FOUND (SKIPPED): if (is_file(DIR_SYSTEM . 'library/journal3/vendor/SuperCache

----------------------------------------------------------------------


---------- Date: 2026-03-30 06:11:47 ~ IP : 185.179.188.62 ----------
REQUEST URI : /otzyvy/
MOD DETAILS:
   modFile   : /home/canmotalka/web/can-motalka.ru/public_html/vqmod/xml/lightning.xml
   id        : OpenCart Lightning
   version   : 3.37
   vqmver    : 
   author    : MaxD http://devs.mx

File Name    : system/library/cache.php(0)
VQModObject::applyMod - SEARCH NOT FOUND (SKIPPED): if (is_file(DIR_SYSTEM . 'library/journal3/vendor/SuperCache

----------------------------------------------------------------------


---------- Date: 2026-03-30 06:11:58 ~ IP : 185.179.188.62 ----------
REQUEST URI : /otzyvy/?page=18
MOD DETAILS:
   modFile   : /home/canmotalka/web/can-motalka.ru/public_html/vqmod/xml/lightning.xml
   id        : OpenCart Lightning
   version   : 3.37
   vqmver    : 
   author    : MaxD http://devs.mx

File Name    : system/library/cache.php(0)
VQModObject::applyMod - SEARCH NOT FOUND (SKIPPED): if (is_file(DIR_SYSTEM . 'library/journal3/vendor/SuperCache

----------------------------------------------------------------------


---------- Date: 2026-03-30 06:12:52 ~ IP : 185.179.188.62 ----------
REQUEST URI : /otzyvy/?page=19
MOD DETAILS:
   modFile   : /home/canmotalka/web/can-motalka.ru/public_html/vqmod/xml/lightning.xml
   id        : OpenCart Lightning
   version   : 3.37
   vqmver    : 
   author    : MaxD http://devs.mx

File Name    : system/library/cache.php(0)
VQModObject::applyMod - SEARCH NOT FOUND (SKIPPED): if (is_file(DIR_SYSTEM . 'library/journal3/vendor/SuperCache

----------------------------------------------------------------------


---------- Date: 2026-03-30 06:13:11 ~ IP : 185.179.188.62 ----------
REQUEST URI : /otzyvy/?page=20
MOD DETAILS:
   modFile   : /home/canmotalka/web/can-motalka.ru/public_html/vqmod/xml/lightning.xml
   id        : OpenCart Lightning
   version   : 3.37
   vqmver    : 
   author    : MaxD http://devs.mx

File Name    : system/library/cache.php(0)
VQModObject::applyMod - SEARCH NOT FOUND (SKIPPED): if (is_file(DIR_SYSTEM . 'library/journal3/vendor/SuperCache

----------------------------------------------------------------------


---------- Date: 2026-03-30 06:13:55 ~ IP : 185.179.188.62 ----------
REQUEST URI : /otzyvy/?page=22
MOD DETAILS:
   modFile   : /home/canmotalka/web/can-motalka.ru/public_html/vqmod/xml/lightning.xml
   id        : OpenCart Lightning
   version   : 3.37
   vqmver    : 
   author    : MaxD http://devs.mx

File Name    : system/library/cache.php(0)
VQModObject::applyMod - SEARCH NOT FOUND (SKIPPED): if (is_file(DIR_SYSTEM . 'library/journal3/vendor/SuperCache

----------------------------------------------------------------------


---------- Date: 2026-03-30 06:14:16 ~ IP : 185.179.188.62 ----------
REQUEST URI : /otzyvy/?page=21
MOD DETAILS:
   modFile   : /home/canmotalka/web/can-motalka.ru/public_html/vqmod/xml/lightning.xml
   id        : OpenCart Lightning
   version   : 3.37
   vqmver    : 
   author    : MaxD http://devs.mx

File Name    : system/library/cache.php(0)
VQModObject::applyMod - SEARCH NOT FOUND (SKIPPED): if (is_file(DIR_SYSTEM . 'library/journal3/vendor/SuperCache

----------------------------------------------------------------------


---------- Date: 2026-03-30 06:15:03 ~ IP : 185.179.188.62 ----------
REQUEST URI : /otzyvy/?page=23
MOD DETAILS:
   modFile   : /home/canmotalka/web/can-motalka.ru/public_html/vqmod/xml/lightning.xml
   id        : OpenCart Lightning
   version   : 3.37
   vqmver    : 
   author    : MaxD http://devs.mx

File Name    : system/library/cache.php(0)
VQModObject::applyMod - SEARCH NOT FOUND (SKIPPED): if (is_file(DIR_SYSTEM . 'library/journal3/vendor/SuperCache

----------------------------------------------------------------------


---------- Date: 2026-03-30 06:15:22 ~ IP : 185.179.188.62 ----------
REQUEST URI : /otzyvy/?page=24
MOD DETAILS:
   modFile   : /home/canmotalka/web/can-motalka.ru/public_html/vqmod/xml/lightning.xml
   id        : OpenCart Lightning
   version   : 3.37
   vqmver    : 
   author    : MaxD http://devs.mx

File Name    : system/library/cache.php(0)
VQModObject::applyMod - SEARCH NOT FOUND (SKIPPED): if (is_file(DIR_SYSTEM . 'library/journal3/vendor/SuperCache

----------------------------------------------------------------------


---------- Date: 2026-03-30 06:16:11 ~ IP : 185.179.188.62 ----------
REQUEST URI : /otzyvy/?page=26
MOD DETAILS:
   modFile   : /home/canmotalka/web/can-motalka.ru/public_html/vqmod/xml/lightning.xml
   id        : OpenCart Lightning
   version   : 3.37
   vqmver    : 
   author    : MaxD http://devs.mx

File Name    : system/library/cache.php(0)
VQModObject::applyMod - SEARCH NOT FOUND (SKIPPED): if (is_file(DIR_SYSTEM . 'library/journal3/vendor/SuperCache

----------------------------------------------------------------------


---------- Date: 2026-03-30 06:16:30 ~ IP : 185.179.188.62 ----------
REQUEST URI : /otzyvy/?page=25
MOD DETAILS:
   modFile   : /home/canmotalka/web/can-motalka.ru/public_html/vqmod/xml/lightning.xml
   id        : OpenCart Lightning
   version   : 3.37
   vqmver    : 
   author    : MaxD http://devs.mx

File Name    : system/library/cache.php(0)
VQModObject::applyMod - SEARCH NOT FOUND (SKIPPED): if (is_file(DIR_SYSTEM . 'library/journal3/vendor/SuperCache

----------------------------------------------------------------------


---------- Date: 2026-03-30 06:17:18 ~ IP : 185.179.188.62 ----------
REQUEST URI : /otzyvy/?page=27
MOD DETAILS:
   modFile   : /home/canmotalka/web/can-motalka.ru/public_html/vqmod/xml/lightning.xml
   id        : OpenCart Lightning
   version   : 3.37
   vqmver    : 
   author    : MaxD http://devs.mx

File Name    : system/library/cache.php(0)
VQModObject::applyMod - SEARCH NOT FOUND (SKIPPED): if (is_file(DIR_SYSTEM . 'library/journal3/vendor/SuperCache

----------------------------------------------------------------------


---------- Date: 2026-03-30 06:17:37 ~ IP : 185.179.188.62 ----------
REQUEST URI : /otzyvy/?page=28
MOD DETAILS:
   modFile   : /home/canmotalka/web/can-motalka.ru/public_html/vqmod/xml/lightning.xml
   id        : OpenCart Lightning
   version   : 3.37
   vqmver    : 
   author    : MaxD http://devs.mx

File Name    : system/library/cache.php(0)
VQModObject::applyMod - SEARCH NOT FOUND (SKIPPED): if (is_file(DIR_SYSTEM . 'library/journal3/vendor/SuperCache

----------------------------------------------------------------------


---------- Date: 2026-03-30 06:17:49 ~ IP : 185.179.188.62 ----------
REQUEST URI : /podmotka-spidometra-lada-granta-za-3000r/
MOD DETAILS:
   modFile   : /home/canmotalka/web/can-motalka.ru/public_html/vqmod/xml/lightning.xml
   id        : OpenCart Lightning
   version   : 3.37
   vqmver    : 
   author    : MaxD http://devs.mx

File Name    : system/library/cache.php(0)
VQModObject::applyMod - SEARCH NOT FOUND (SKIPPED): if (is_file(DIR_SYSTEM . 'library/journal3/vendor/SuperCache

----------------------------------------------------------------------


---------- Date: 2026-03-30 06:17:50 ~ IP : 185.179.188.62 ----------
REQUEST URI : /index.php?route=product/product/review&amp;product_id=269
MOD DETAILS:
   modFile   : /home/canmotalka/web/can-motalka.ru/public_html/vqmod/xml/lightning.xml
   id        : OpenCart Lightning
   version   : 3.37
   vqmver    : 
   author    : MaxD http://devs.mx

File Name    : system/library/cache.php(0)
VQModObject::applyMod - SEARCH NOT FOUND (SKIPPED): if (is_file(DIR_SYSTEM . 'library/journal3/vendor/SuperCache

----------------------------------------------------------------------


---------- Date: 2026-03-30 06:17:50 ~ IP : 185.179.188.62 ----------
REQUEST URI : /index.php?route=module/popupcart_extended
MOD DETAILS:
   modFile   : /home/canmotalka/web/can-motalka.ru/public_html/vqmod/xml/lightning.xml
   id        : OpenCart Lightning
   version   : 3.37
   vqmver    : 
   author    : MaxD http://devs.mx

File Name    : system/library/cache.php(0)
VQModObject::applyMod - SEARCH NOT FOUND (SKIPPED): if (is_file(DIR_SYSTEM . 'library/journal3/vendor/SuperCache

----------------------------------------------------------------------


---------- Date: 2026-03-30 06:18:18 ~ IP : 185.179.188.62 ----------
REQUEST URI : /podmotka-spidometra-lada-granta-za-3000r/
MOD DETAILS:
   modFile   : /home/canmotalka/web/can-motalka.ru/public_html/vqmod/xml/lightning.xml
   id        : OpenCart Lightning
   version   : 3.37
   vqmver    : 
   author    : MaxD http://devs.mx

File Name    : system/library/cache.php(0)
VQModObject::applyMod - SEARCH NOT FOUND (SKIPPED): if (is_file(DIR_SYSTEM . 'library/journal3/vendor/SuperCache

----------------------------------------------------------------------


---------- Date: 2026-03-30 06:18:25 ~ IP : 185.179.188.62 ----------
REQUEST URI : /otzyvy/?page=29
MOD DETAILS:
   modFile   : /home/canmotalka/web/can-motalka.ru/public_html/vqmod/xml/lightning.xml
   id        : OpenCart Lightning
   version   : 3.37
   vqmver    : 
   author    : MaxD http://devs.mx

File Name    : system/library/cache.php(0)
VQModObject::applyMod - SEARCH NOT FOUND (SKIPPED): if (is_file(DIR_SYSTEM . 'library/journal3/vendor/SuperCache

----------------------------------------------------------------------


---------- Date: 2026-03-30 06:28:19 ~ IP : 185.179.188.62 ----------
REQUEST URI : /podmotka-spidometra-gazel-nekst/
MOD DETAILS:
   modFile   : /home/canmotalka/web/can-motalka.ru/public_html/vqmod/xml/lightning.xml
   id        : OpenCart Lightning
   version   : 3.37
   vqmver    : 
   author    : MaxD http://devs.mx

File Name    : system/library/cache.php(0)
VQModObject::applyMod - SEARCH NOT FOUND (SKIPPED): if (is_file(DIR_SYSTEM . 'library/journal3/vendor/SuperCache

----------------------------------------------------------------------


---------- Date: 2026-03-30 06:34:28 ~ IP : 185.179.188.62 ----------
REQUEST URI : /index.php?route=module/popupcart_extended
MOD DETAILS:
   modFile   : /home/canmotalka/web/can-motalka.ru/public_html/vqmod/xml/lightning.xml
   id        : OpenCart Lightning
   version   : 3.37
   vqmver    : 
   author    : MaxD http://devs.mx

File Name    : system/library/cache.php(0)
VQModObject::applyMod - SEARCH NOT FOUND (SKIPPED): if (is_file(DIR_SYSTEM . 'library/journal3/vendor/SuperCache

----------------------------------------------------------------------


---------- Date: 2026-03-30 06:38:30 ~ IP : 185.179.188.62 ----------
REQUEST URI : /podmotka-spidometra-largus/
MOD DETAILS:
   modFile   : /home/canmotalka/web/can-motalka.ru/public_html/vqmod/xml/lightning.xml
   id        : OpenCart Lightning
   version   : 3.37
   vqmver    : 
   author    : MaxD http://devs.mx

File Name    : system/library/cache.php(0)
VQModObject::applyMod - SEARCH NOT FOUND (SKIPPED): if (is_file(DIR_SYSTEM . 'library/journal3/vendor/SuperCache

----------------------------------------------------------------------


---------- Date: 2026-03-30 06:38:33 ~ IP : 185.179.188.62 ----------
REQUEST URI : /podmotka-spidometra-peugeot-boxer/
MOD DETAILS:
   modFile   : /home/canmotalka/web/can-motalka.ru/public_html/vqmod/xml/lightning.xml
   id        : OpenCart Lightning
   version   : 3.37
   vqmver    : 
   author    : MaxD http://devs.mx

File Name    : system/library/cache.php(0)
VQModObject::applyMod - SEARCH NOT FOUND (SKIPPED): if (is_file(DIR_SYSTEM . 'library/journal3/vendor/SuperCache

----------------------------------------------------------------------


---------- Date: 2026-03-30 06:39:07 ~ IP : 185.179.188.62 ----------
REQUEST URI : /patriot_re/
MOD DETAILS:
   modFile   : /home/canmotalka/web/can-motalka.ru/public_html/vqmod/xml/lightning.xml
   id        : OpenCart Lightning
   version   : 3.37
   vqmver    : 
   author    : MaxD http://devs.mx

File Name    : system/library/cache.php(0)
VQModObject::applyMod - SEARCH NOT FOUND (SKIPPED): if (is_file(DIR_SYSTEM . 'library/journal3/vendor/SuperCache

----------------------------------------------------------------------


---------- Date: 2026-03-30 06:39:07 ~ IP : 185.179.188.62 ----------
REQUEST URI : /index.php?route=product/product/review&amp;product_id=258
MOD DETAILS:
   modFile   : /home/canmotalka/web/can-motalka.ru/public_html/vqmod/xml/lightning.xml
   id        : OpenCart Lightning
   version   : 3.37
   vqmver    : 
   author    : MaxD http://devs.mx

File Name    : system/library/cache.php(0)
VQModObject::applyMod - SEARCH NOT FOUND (SKIPPED): if (is_file(DIR_SYSTEM . 'library/journal3/vendor/SuperCache

----------------------------------------------------------------------


---------- Date: 2026-03-30 06:39:08 ~ IP : 185.179.188.62 ----------
REQUEST URI : /index.php?route=module/popupcart_extended
MOD DETAILS:
   modFile   : /home/canmotalka/web/can-motalka.ru/public_html/vqmod/xml/lightning.xml
   id        : OpenCart Lightning
   version   : 3.37
   vqmver    : 
   author    : MaxD http://devs.mx

File Name    : system/library/cache.php(0)
VQModObject::applyMod - SEARCH NOT FOUND (SKIPPED): if (is_file(DIR_SYSTEM . 'library/journal3/vendor/SuperCache

----------------------------------------------------------------------


---------- Date: 2026-03-30 06:39:08 ~ IP : 185.179.188.62 ----------
REQUEST URI : /index.php?route=module/popupcart_extended
MOD DETAILS:
   modFile   : /home/canmotalka/web/can-motalka.ru/public_html/vqmod/xml/lightning.xml
   id        : OpenCart Lightning
   version   : 3.37
   vqmver    : 
   author    : MaxD http://devs.mx

File Name    : system/library/cache.php(0)
VQModObject::applyMod - SEARCH NOT FOUND (SKIPPED): if (is_file(DIR_SYSTEM . 'library/journal3/vendor/SuperCache

----------------------------------------------------------------------


---------- Date: 2026-03-30 06:44:19 ~ IP : 185.179.188.62 ----------
REQUEST URI : /podmotka_vw_manual/
MOD DETAILS:
   modFile   : /home/canmotalka/web/can-motalka.ru/public_html/vqmod/xml/lightning.xml
   id        : OpenCart Lightning
   version   : 3.37
   vqmver    : 
   author    : MaxD http://devs.mx

File Name    : system/library/cache.php(0)
VQModObject::applyMod - SEARCH NOT FOUND (SKIPPED): if (is_file(DIR_SYSTEM . 'library/journal3/vendor/SuperCache

----------------------------------------------------------------------


---------- Date: 2026-03-30 06:44:21 ~ IP : 185.179.188.62 ----------
REQUEST URI : /index.php?route=module/popupcart_extended
MOD DETAILS:
   modFile   : /home/canmotalka/web/can-motalka.ru/public_html/vqmod/xml/lightning.xml
   id        : OpenCart Lightning
   version   : 3.37
   vqmver    : 
   author    : MaxD http://devs.mx

File Name    : system/library/cache.php(0)
VQModObject::applyMod - SEARCH NOT FOUND (SKIPPED): if (is_file(DIR_SYSTEM . 'library/journal3/vendor/SuperCache

----------------------------------------------------------------------


---------- Date: 2026-03-30 06:44:38 ~ IP : 185.179.188.62 ----------
REQUEST URI : /instrukciya-podmotka-kamaz/
MOD DETAILS:
   modFile   : /home/canmotalka/web/can-motalka.ru/public_html/vqmod/xml/lightning.xml
   id        : OpenCart Lightning
   version   : 3.37
   vqmver    : 
   author    : MaxD http://devs.mx

File Name    : system/library/cache.php(0)
VQModObject::applyMod - SEARCH NOT FOUND (SKIPPED): if (is_file(DIR_SYSTEM . 'library/journal3/vendor/SuperCache

----------------------------------------------------------------------


---------- Date: 2026-03-30 06:44:38 ~ IP : 185.179.188.62 ----------
REQUEST URI : /index.php?route=module/popupcart_extended
MOD DETAILS:
   modFile   : /home/canmotalka/web/can-motalka.ru/public_html/vqmod/xml/lightning.xml
   id        : OpenCart Lightning
   version   : 3.37
   vqmver    : 
   author    : MaxD http://devs.mx

File Name    : system/library/cache.php(0)
VQModObject::applyMod - SEARCH NOT FOUND (SKIPPED): if (is_file(DIR_SYSTEM . 'library/journal3/vendor/SuperCache

----------------------------------------------------------------------


---------- Date: 2026-03-30 06:44:45 ~ IP : 185.179.188.62 ----------
REQUEST URI : /instrukciya-dlya-podmotki-lada-niva/
MOD DETAILS:
   modFile   : /home/canmotalka/web/can-motalka.ru/public_html/vqmod/xml/lightning.xml
   id        : OpenCart Lightning
   version   : 3.37
   vqmver    : 
   author    : MaxD http://devs.mx

File Name    : system/library/cache.php(0)
VQModObject::applyMod - SEARCH NOT FOUND (SKIPPED): if (is_file(DIR_SYSTEM . 'library/journal3/vendor/SuperCache

----------------------------------------------------------------------


---------- Date: 2026-03-30 06:44:46 ~ IP : 185.179.188.62 ----------
REQUEST URI : /index.php?route=module/popupcart_extended
MOD DETAILS:
   modFile   : /home/canmotalka/web/can-motalka.ru/public_html/vqmod/xml/lightning.xml
   id        : OpenCart Lightning
   version   : 3.37
   vqmver    : 
   author    : MaxD http://devs.mx

File Name    : system/library/cache.php(0)
VQModObject::applyMod - SEARCH NOT FOUND (SKIPPED): if (is_file(DIR_SYSTEM . 'library/journal3/vendor/SuperCache

----------------------------------------------------------------------


---------- Date: 2026-03-30 06:45:49 ~ IP : 185.179.188.62 ----------
REQUEST URI : /index.php?page=4&amp;product_id=189&amp;route=product/product/review
MOD DETAILS:
   modFile   : /home/canmotalka/web/can-motalka.ru/public_html/vqmod/xml/lightning.xml
   id        : OpenCart Lightning
   version   : 3.37
   vqmver    : 
   author    : MaxD http://devs.mx

File Name    : system/library/cache.php(0)
VQModObject::applyMod - SEARCH NOT FOUND (SKIPPED): if (is_file(DIR_SYSTEM . 'library/journal3/vendor/SuperCache

----------------------------------------------------------------------


---------- Date: 2026-03-30 06:45:54 ~ IP : 185.179.188.62 ----------
REQUEST URI : /index.php?route=product/product/review&amp;page=4&amp;product_id=189
MOD DETAILS:
   modFile   : /home/canmotalka/web/can-motalka.ru/public_html/vqmod/xml/lightning.xml
   id        : OpenCart Lightning
   version   : 3.37
   vqmver    : 
   author    : MaxD http://devs.mx

File Name    : system/library/cache.php(0)
VQModObject::applyMod - SEARCH NOT FOUND (SKIPPED): if (is_file(DIR_SYSTEM . 'library/journal3/vendor/SuperCache

----------------------------------------------------------------------


---------- Date: 2026-03-30 06:54:54 ~ IP : 185.179.188.62 ----------
REQUEST URI : /podmotka_vw_manual/
MOD DETAILS:
   modFile   : /home/canmotalka/web/can-motalka.ru/public_html/vqmod/xml/lightning.xml
   id        : OpenCart Lightning
   version   : 3.37
   vqmver    : 
   author    : MaxD http://devs.mx

File Name    : system/library/cache.php(0)
VQModObject::applyMod - SEARCH NOT FOUND (SKIPPED): if (is_file(DIR_SYSTEM . 'library/journal3/vendor/SuperCache

----------------------------------------------------------------------


---------- Date: 2026-03-30 06:54:57 ~ IP : 185.179.188.62 ----------
REQUEST URI : /podmotka_vw_manual/
MOD DETAILS:
   modFile   : /home/canmotalka/web/can-motalka.ru/public_html/vqmod/xml/lightning.xml
   id        : OpenCart Lightning
   version   : 3.37
   vqmver    : 
   author    : MaxD http://devs.mx

File Name    : system/library/cache.php(0)
VQModObject::applyMod - SEARCH NOT FOUND (SKIPPED): if (is_file(DIR_SYSTEM . 'library/journal3/vendor/SuperCache

----------------------------------------------------------------------


---------- Date: 2026-03-30 07:02:40 ~ IP : 185.179.188.62 ----------
REQUEST URI : /podmotka-spidometra-niva-travel/
MOD DETAILS:
   modFile   : /home/canmotalka/web/can-motalka.ru/public_html/vqmod/xml/lightning.xml
   id        : OpenCart Lightning
   version   : 3.37
   vqmver    : 
   author    : MaxD http://devs.mx

File Name    : system/library/cache.php(0)
VQModObject::applyMod - SEARCH NOT FOUND (SKIPPED): if (is_file(DIR_SYSTEM . 'library/journal3/vendor/SuperCache

----------------------------------------------------------------------


---------- Date: 2026-03-30 07:02:43 ~ IP : 185.179.188.62 ----------
REQUEST URI : /index.php?route=product/product/review&amp;product_id=291
MOD DETAILS:
   modFile   : /home/canmotalka/web/can-motalka.ru/public_html/vqmod/xml/lightning.xml
   id        : OpenCart Lightning
   version   : 3.37
   vqmver    : 
   author    : MaxD http://devs.mx

File Name    : system/library/cache.php(0)
VQModObject::applyMod - SEARCH NOT FOUND (SKIPPED): if (is_file(DIR_SYSTEM . 'library/journal3/vendor/SuperCache

----------------------------------------------------------------------


---------- Date: 2026-03-30 07:02:43 ~ IP : 185.179.188.62 ----------
REQUEST URI : /index.php?route=module/popupcart_extended
MOD DETAILS:
   modFile   : /home/canmotalka/web/can-motalka.ru/public_html/vqmod/xml/lightning.xml
   id        : OpenCart Lightning
   version   : 3.37
   vqmver    : 
   author    : MaxD http://devs.mx

File Name    : system/library/cache.php(0)
VQModObject::applyMod - SEARCH NOT FOUND (SKIPPED): if (is_file(DIR_SYSTEM . 'library/journal3/vendor/SuperCache

----------------------------------------------------------------------


---------- Date: 2026-03-30 07:02:48 ~ IP : 185.179.188.62 ----------
REQUEST URI : /podmotka-spidometra-uaz-patriot/
MOD DETAILS:
   modFile   : /home/canmotalka/web/can-motalka.ru/public_html/vqmod/xml/lightning.xml
   id        : OpenCart Lightning
   version   : 3.37
   vqmver    : 
   author    : MaxD http://devs.mx

File Name    : system/library/cache.php(0)
VQModObject::applyMod - SEARCH NOT FOUND (SKIPPED): if (is_file(DIR_SYSTEM . 'library/journal3/vendor/SuperCache

----------------------------------------------------------------------


---------- Date: 2026-03-30 07:02:49 ~ IP : 185.179.188.62 ----------
REQUEST URI : /index.php?route=product/product/review&amp;product_id=277
MOD DETAILS:
   modFile   : /home/canmotalka/web/can-motalka.ru/public_html/vqmod/xml/lightning.xml
   id        : OpenCart Lightning
   version   : 3.37
   vqmver    : 
   author    : MaxD http://devs.mx

File Name    : system/library/cache.php(0)
VQModObject::applyMod - SEARCH NOT FOUND (SKIPPED): if (is_file(DIR_SYSTEM . 'library/journal3/vendor/SuperCache

----------------------------------------------------------------------


---------- Date: 2026-03-30 07:04:37 ~ IP : 185.179.188.62 ----------
REQUEST URI : /index.php?route=common/footer/click_counter
MOD DETAILS:
   modFile   : /home/canmotalka/web/can-motalka.ru/public_html/vqmod/xml/lightning.xml
   id        : OpenCart Lightning
   version   : 3.37
   vqmver    : 
   author    : MaxD http://devs.mx

File Name    : system/library/cache.php(0)
VQModObject::applyMod - SEARCH NOT FOUND (SKIPPED): if (is_file(DIR_SYSTEM . 'library/journal3/vendor/SuperCache

----------------------------------------------------------------------


---------- Date: 2026-03-30 07:04:44 ~ IP : 185.179.188.62 ----------
REQUEST URI : /index.php?route=common/footer/click_counter
MOD DETAILS:
   modFile   : /home/canmotalka/web/can-motalka.ru/public_html/vqmod/xml/lightning.xml
   id        : OpenCart Lightning
   version   : 3.37
   vqmver    : 
   author    : MaxD http://devs.mx

File Name    : system/library/cache.php(0)
VQModObject::applyMod - SEARCH NOT FOUND (SKIPPED): if (is_file(DIR_SYSTEM . 'library/journal3/vendor/SuperCache

----------------------------------------------------------------------


---------- Date: 2026-03-30 07:09:08 ~ IP : 185.179.188.62 ----------
REQUEST URI : /instrukciya-podmotka-niva-travel-chevrolet/?ysclid=mnco6bsk2149970351
MOD DETAILS:
   modFile   : /home/canmotalka/web/can-motalka.ru/public_html/vqmod/xml/lightning.xml
   id        : OpenCart Lightning
   version   : 3.37
   vqmver    : 
   author    : MaxD http://devs.mx

File Name    : system/library/cache.php(0)
VQModObject::applyMod - SEARCH NOT FOUND (SKIPPED): if (is_file(DIR_SYSTEM . 'library/journal3/vendor/SuperCache

----------------------------------------------------------------------


---------- Date: 2026-03-30 07:09:09 ~ IP : 185.179.188.62 ----------
REQUEST URI : /instrukciya-podmotka-niva-travel-chevrolet/
MOD DETAILS:
   modFile   : /home/canmotalka/web/can-motalka.ru/public_html/vqmod/xml/lightning.xml
   id        : OpenCart Lightning
   version   : 3.37
   vqmver    : 
   author    : MaxD http://devs.mx

File Name    : system/library/cache.php(0)
VQModObject::applyMod - SEARCH NOT FOUND (SKIPPED): if (is_file(DIR_SYSTEM . 'library/journal3/vendor/SuperCache

----------------------------------------------------------------------


---------- Date: 2026-03-30 07:09:29 ~ IP : 185.179.188.62 ----------
REQUEST URI : /index.php?route=module/popupcart_extended
MOD DETAILS:
   modFile   : /home/canmotalka/web/can-motalka.ru/public_html/vqmod/xml/lightning.xml
   id        : OpenCart Lightning
   version   : 3.37
   vqmver    : 
   author    : MaxD http://devs.mx

File Name    : system/library/cache.php(0)
VQModObject::applyMod - SEARCH NOT FOUND (SKIPPED): if (is_file(DIR_SYSTEM . 'library/journal3/vendor/SuperCache

----------------------------------------------------------------------


---------- Date: 2026-03-30 07:10:09 ~ IP : 185.179.188.62 ----------
REQUEST URI : /instrukciya-podmotka-niva-travel-chevrolet/
MOD DETAILS:
   modFile   : /home/canmotalka/web/can-motalka.ru/public_html/vqmod/xml/lightning.xml
   id        : OpenCart Lightning
   version   : 3.37
   vqmver    : 
   author    : MaxD http://devs.mx

File Name    : system/library/cache.php(0)
VQModObject::applyMod - SEARCH NOT FOUND (SKIPPED): if (is_file(DIR_SYSTEM . 'library/journal3/vendor/SuperCache

----------------------------------------------------------------------


---------- Date: 2026-03-30 07:10:40 ~ IP : 185.179.188.62 ----------
REQUEST URI : /podmotka_vw_manual/
MOD DETAILS:
   modFile   : /home/canmotalka/web/can-motalka.ru/public_html/vqmod/xml/lightning.xml
   id        : OpenCart Lightning
   version   : 3.37
   vqmver    : 
   author    : MaxD http://devs.mx

File Name    : system/library/cache.php(0)
VQModObject::applyMod - SEARCH NOT FOUND (SKIPPED): if (is_file(DIR_SYSTEM . 'library/journal3/vendor/SuperCache

----------------------------------------------------------------------


---------- Date: 2026-03-30 07:13:52 ~ IP : 185.179.188.62 ----------
REQUEST URI : /podmotka-spidometra-vesta-ng-np/
MOD DETAILS:
   modFile   : /home/canmotalka/web/can-motalka.ru/public_html/vqmod/xml/lightning.xml
   id        : OpenCart Lightning
   version   : 3.37
   vqmver    : 
   author    : MaxD http://devs.mx

File Name    : system/library/cache.php(0)
VQModObject::applyMod - SEARCH NOT FOUND (SKIPPED): if (is_file(DIR_SYSTEM . 'library/journal3/vendor/SuperCache

----------------------------------------------------------------------


---------- Date: 2026-03-30 07:15:52 ~ IP : 185.179.188.62 ----------
REQUEST URI : /podmotka-spidometra-fiat-albea/
MOD DETAILS:
   modFile   : /home/canmotalka/web/can-motalka.ru/public_html/vqmod/xml/lightning.xml
   id        : OpenCart Lightning
   version   : 3.37
   vqmver    : 
   author    : MaxD http://devs.mx

File Name    : system/library/cache.php(0)
VQModObject::applyMod - SEARCH NOT FOUND (SKIPPED): if (is_file(DIR_SYSTEM . 'library/journal3/vendor/SuperCache

----------------------------------------------------------------------


---------- Date: 2026-03-30 07:18:05 ~ IP : 185.179.188.62 ----------
REQUEST URI : /podmotka_vw_manual/
MOD DETAILS:
   modFile   : /home/canmotalka/web/can-motalka.ru/public_html/vqmod/xml/lightning.xml
   id        : OpenCart Lightning
   version   : 3.37
   vqmver    : 
   author    : MaxD http://devs.mx

File Name    : system/library/cache.php(0)
VQModObject::applyMod - SEARCH NOT FOUND (SKIPPED): if (is_file(DIR_SYSTEM . 'library/journal3/vendor/SuperCache

----------------------------------------------------------------------


---------- Date: 2026-03-30 07:18:06 ~ IP : 185.179.188.62 ----------
REQUEST URI : /index.php?route=module/popupcart_extended
MOD DETAILS:
   modFile   : /home/canmotalka/web/can-motalka.ru/public_html/vqmod/xml/lightning.xml
   id        : OpenCart Lightning
   version   : 3.37
   vqmver    : 
   author    : MaxD http://devs.mx

File Name    : system/library/cache.php(0)
VQModObject::applyMod - SEARCH NOT FOUND (SKIPPED): if (is_file(DIR_SYSTEM . 'library/journal3/vendor/SuperCache

----------------------------------------------------------------------


---------- Date: 2026-03-30 07:18:38 ~ IP : 185.179.188.62 ----------
REQUEST URI : /sitemap.xml
MOD DETAILS:
   modFile   : /home/canmotalka/web/can-motalka.ru/public_html/vqmod/xml/lightning.xml
   id        : OpenCart Lightning
   version   : 3.37
   vqmver    : 
   author    : MaxD http://devs.mx

File Name    : system/library/cache.php(0)
VQModObject::applyMod - SEARCH NOT FOUND (SKIPPED): if (is_file(DIR_SYSTEM . 'library/journal3/vendor/SuperCache

----------------------------------------------------------------------


---------- Date: 2026-03-30 07:19:57 ~ IP : 185.179.188.62 ----------
REQUEST URI : /camry70_photo_manual/
MOD DETAILS:
   modFile   : /home/canmotalka/web/can-motalka.ru/public_html/vqmod/xml/lightning.xml
   id        : OpenCart Lightning
   version   : 3.37
   vqmver    : 
   author    : MaxD http://devs.mx

File Name    : system/library/cache.php(0)
VQModObject::applyMod - SEARCH NOT FOUND (SKIPPED): if (is_file(DIR_SYSTEM . 'library/journal3/vendor/SuperCache

----------------------------------------------------------------------


---------- Date: 2026-03-30 07:20:52 ~ IP : 185.179.188.62 ----------
REQUEST URI : /podmotka-spidometra-lada-kalina/
MOD DETAILS:
   modFile   : /home/canmotalka/web/can-motalka.ru/public_html/vqmod/xml/lightning.xml
   id        : OpenCart Lightning
   version   : 3.37
   vqmver    : 
   author    : MaxD http://devs.mx

File Name    : system/library/cache.php(0)
VQModObject::applyMod - SEARCH NOT FOUND (SKIPPED): if (is_file(DIR_SYSTEM . 'library/journal3/vendor/SuperCache

----------------------------------------------------------------------


---------- Date: 2026-03-30 07:22:42 ~ IP : 185.179.188.62 ----------
REQUEST URI : /namotchik-probega-dlya-kia-sportage-2/
MOD DETAILS:
   modFile   : /home/canmotalka/web/can-motalka.ru/public_html/vqmod/xml/lightning.xml
   id        : OpenCart Lightning
   version   : 3.37
   vqmver    : 
   author    : MaxD http://devs.mx

File Name    : system/library/cache.php(0)
VQModObject::applyMod - SEARCH NOT FOUND (SKIPPED): if (is_file(DIR_SYSTEM . 'library/journal3/vendor/SuperCache

----------------------------------------------------------------------


---------- Date: 2026-03-30 07:22:45 ~ IP : 185.179.188.62 ----------
REQUEST URI : /podmotka-spidometra-jac-t6/
MOD DETAILS:
   modFile   : /home/canmotalka/web/can-motalka.ru/public_html/vqmod/xml/lightning.xml
   id        : OpenCart Lightning
   version   : 3.37
   vqmver    : 
   author    : MaxD http://devs.mx

File Name    : system/library/cache.php(0)
VQModObject::applyMod - SEARCH NOT FOUND (SKIPPED): if (is_file(DIR_SYSTEM . 'library/journal3/vendor/SuperCache

----------------------------------------------------------------------


---------- Date: 2026-03-30 07:22:58 ~ IP : 185.179.188.62 ----------
REQUEST URI : /podmotka_uaz_re/?ysclid=mncomvt8px420147940
MOD DETAILS:
   modFile   : /home/canmotalka/web/can-motalka.ru/public_html/vqmod/xml/lightning.xml
   id        : OpenCart Lightning
   version   : 3.37
   vqmver    : 
   author    : MaxD http://devs.mx

File Name    : system/library/cache.php(0)
VQModObject::applyMod - SEARCH NOT FOUND (SKIPPED): if (is_file(DIR_SYSTEM . 'library/journal3/vendor/SuperCache

----------------------------------------------------------------------


---------- Date: 2026-03-30 07:22:58 ~ IP : 185.179.188.62 ----------
REQUEST URI : /podmotka_uaz_re/
MOD DETAILS:
   modFile   : /home/canmotalka/web/can-motalka.ru/public_html/vqmod/xml/lightning.xml
   id        : OpenCart Lightning
   version   : 3.37
   vqmver    : 
   author    : MaxD http://devs.mx

File Name    : system/library/cache.php(0)
VQModObject::applyMod - SEARCH NOT FOUND (SKIPPED): if (is_file(DIR_SYSTEM . 'library/journal3/vendor/SuperCache

----------------------------------------------------------------------


---------- Date: 2026-03-30 07:22:59 ~ IP : 185.179.188.62 ----------
REQUEST URI : /index.php?route=module/popupcart_extended
MOD DETAILS:
   modFile   : /home/canmotalka/web/can-motalka.ru/public_html/vqmod/xml/lightning.xml
   id        : OpenCart Lightning
   version   : 3.37
   vqmver    : 
   author    : MaxD http://devs.mx

File Name    : system/library/cache.php(0)
VQModObject::applyMod - SEARCH NOT FOUND (SKIPPED): if (is_file(DIR_SYSTEM . 'library/journal3/vendor/SuperCache

----------------------------------------------------------------------


---------- Date: 2026-03-30 07:23:19 ~ IP : 185.179.188.62 ----------
REQUEST URI : /instrukciya-podmotka-duster/
MOD DETAILS:
   modFile   : /home/canmotalka/web/can-motalka.ru/public_html/vqmod/xml/lightning.xml
   id        : OpenCart Lightning
   version   : 3.37
   vqmver    : 
   author    : MaxD http://devs.mx

File Name    : system/library/cache.php(0)
VQModObject::applyMod - SEARCH NOT FOUND (SKIPPED): if (is_file(DIR_SYSTEM . 'library/journal3/vendor/SuperCache

----------------------------------------------------------------------


---------- Date: 2026-03-30 07:23:22 ~ IP : 185.179.188.62 ----------
REQUEST URI : /podmotka_vw_video/
MOD DETAILS:
   modFile   : /home/canmotalka/web/can-motalka.ru/public_html/vqmod/xml/lightning.xml
   id        : OpenCart Lightning
   version   : 3.37
   vqmver    : 
   author    : MaxD http://devs.mx

File Name    : system/library/cache.php(0)
VQModObject::applyMod - SEARCH NOT FOUND (SKIPPED): if (is_file(DIR_SYSTEM . 'library/journal3/vendor/SuperCache

----------------------------------------------------------------------


---------- Date: 2026-03-30 07:24:23 ~ IP : 185.179.188.62 ----------
REQUEST URI : /podmotka-spidometra-renault-dokker/
MOD DETAILS:
   modFile   : /home/canmotalka/web/can-motalka.ru/public_html/vqmod/xml/lightning.xml
   id        : OpenCart Lightning
   version   : 3.37
   vqmver    : 
   author    : MaxD http://devs.mx

File Name    : system/library/cache.php(0)
VQModObject::applyMod - SEARCH NOT FOUND (SKIPPED): if (is_file(DIR_SYSTEM . 'library/journal3/vendor/SuperCache

----------------------------------------------------------------------


---------- Date: 2026-03-30 07:25:49 ~ IP : 185.179.188.62 ----------
REQUEST URI : /manuals/
MOD DETAILS:
   modFile   : /home/canmotalka/web/can-motalka.ru/public_html/vqmod/xml/lightning.xml
   id        : OpenCart Lightning
   version   : 3.37
   vqmver    : 
   author    : MaxD http://devs.mx

File Name    : system/library/cache.php(0)
VQModObject::applyMod - SEARCH NOT FOUND (SKIPPED): if (is_file(DIR_SYSTEM . 'library/journal3/vendor/SuperCache

----------------------------------------------------------------------


---------- Date: 2026-03-30 07:29:37 ~ IP : 185.179.188.62 ----------
REQUEST URI : /podmotka-spidometra-lada-priora/
MOD DETAILS:
   modFile   : /home/canmotalka/web/can-motalka.ru/public_html/vqmod/xml/lightning.xml
   id        : OpenCart Lightning
   version   : 3.37
   vqmver    : 
   author    : MaxD http://devs.mx

File Name    : system/library/cache.php(0)
VQModObject::applyMod - SEARCH NOT FOUND (SKIPPED): if (is_file(DIR_SYSTEM . 'library/journal3/vendor/SuperCache

----------------------------------------------------------------------


---------- Date: 2026-03-30 07:29:59 ~ IP : 185.179.188.62 ----------
REQUEST URI : /namotchik-probega-dlya-lexus-ls460/
MOD DETAILS:
   modFile   : /home/canmotalka/web/can-motalka.ru/public_html/vqmod/xml/lightning.xml
   id        : OpenCart Lightning
   version   : 3.37
   vqmver    : 
   author    : MaxD http://devs.mx

File Name    : system/library/cache.php(0)
VQModObject::applyMod - SEARCH NOT FOUND (SKIPPED): if (is_file(DIR_SYSTEM . 'library/journal3/vendor/SuperCache

----------------------------------------------------------------------


---------- Date: 2026-03-30 07:30:39 ~ IP : 185.179.188.62 ----------
REQUEST URI : /podmotka-spidometra-largus/
MOD DETAILS:
   modFile   : /home/canmotalka/web/can-motalka.ru/public_html/vqmod/xml/lightning.xml
   id        : OpenCart Lightning
   version   : 3.37
   vqmver    : 
   author    : MaxD http://devs.mx

File Name    : system/library/cache.php(0)
VQModObject::applyMod - SEARCH NOT FOUND (SKIPPED): if (is_file(DIR_SYSTEM . 'library/journal3/vendor/SuperCache

----------------------------------------------------------------------


---------- Date: 2026-03-30 07:30:52 ~ IP : 185.179.188.62 ----------
REQUEST URI : /setting_php/dapoksetin-60/156-stoimost-avanafila-shtutgart/
MOD DETAILS:
   modFile   : /home/canmotalka/web/can-motalka.ru/public_html/vqmod/xml/lightning.xml
   id        : OpenCart Lightning
   version   : 3.37
   vqmver    : 
   author    : MaxD http://devs.mx

File Name    : system/library/cache.php(0)
VQModObject::applyMod - SEARCH NOT FOUND (SKIPPED): if (is_file(DIR_SYSTEM . 'library/journal3/vendor/SuperCache

----------------------------------------------------------------------


---------- Date: 2026-03-30 07:30:54 ~ IP : 185.179.188.62 ----------
REQUEST URI : /index.php?route=module/popupcart_extended
MOD DETAILS:
   modFile   : /home/canmotalka/web/can-motalka.ru/public_html/vqmod/xml/lightning.xml
   id        : OpenCart Lightning
   version   : 3.37
   vqmver    : 
   author    : MaxD http://devs.mx

File Name    : system/library/cache.php(0)
VQModObject::applyMod - SEARCH NOT FOUND (SKIPPED): if (is_file(DIR_SYSTEM . 'library/journal3/vendor/SuperCache

----------------------------------------------------------------------


---------- Date: 2026-03-30 07:31:09 ~ IP : 185.179.188.62 ----------
REQUEST URI : /setting_php/dapoksetin-60/156-stoimost-avanafila-shtutgart/
MOD DETAILS:
   modFile   : /home/canmotalka/web/can-motalka.ru/public_html/vqmod/xml/lightning.xml
   id        : OpenCart Lightning
   version   : 3.37
   vqmver    : 
   author    : MaxD http://devs.mx

File Name    : system/library/cache.php(0)
VQModObject::applyMod - SEARCH NOT FOUND (SKIPPED): if (is_file(DIR_SYSTEM . 'library/journal3/vendor/SuperCache

----------------------------------------------------------------------


---------- Date: 2026-03-30 07:33:03 ~ IP : 185.179.188.62 ----------
REQUEST URI : /podmotka-spidometra-uaz-patriot/
MOD DETAILS:
   modFile   : /home/canmotalka/web/can-motalka.ru/public_html/vqmod/xml/lightning.xml
   id        : OpenCart Lightning
   version   : 3.37
   vqmver    : 
   author    : MaxD http://devs.mx

File Name    : system/library/cache.php(0)
VQModObject::applyMod - SEARCH NOT FOUND (SKIPPED): if (is_file(DIR_SYSTEM . 'library/journal3/vendor/SuperCache

----------------------------------------------------------------------


---------- Date: 2026-03-30 07:33:33 ~ IP : 185.179.188.62 ----------
REQUEST URI : /podmotka-spidometra-volkswagen-caddy/
MOD DETAILS:
   modFile   : /home/canmotalka/web/can-motalka.ru/public_html/vqmod/xml/lightning.xml
   id        : OpenCart Lightning
   version   : 3.37
   vqmver    : 
   author    : MaxD http://devs.mx

File Name    : system/library/cache.php(0)
VQModObject::applyMod - SEARCH NOT FOUND (SKIPPED): if (is_file(DIR_SYSTEM . 'library/journal3/vendor/SuperCache

----------------------------------------------------------------------


---------- Date: 2026-03-30 07:35:06 ~ IP : 185.179.188.62 ----------
REQUEST URI : /podmotka-spidometra-gazel-nekst/
MOD DETAILS:
   modFile   : /home/canmotalka/web/can-motalka.ru/public_html/vqmod/xml/lightning.xml
   id        : OpenCart Lightning
   version   : 3.37
   vqmver    : 
   author    : MaxD http://devs.mx

File Name    : system/library/cache.php(0)
VQModObject::applyMod - SEARCH NOT FOUND (SKIPPED): if (is_file(DIR_SYSTEM . 'library/journal3/vendor/SuperCache

----------------------------------------------------------------------


---------- Date: 2026-03-30 07:35:44 ~ IP : 185.179.188.62 ----------
REQUEST URI : /namotchik-probega-dlya-audi-a8/
MOD DETAILS:
   modFile   : /home/canmotalka/web/can-motalka.ru/public_html/vqmod/xml/lightning.xml
   id        : OpenCart Lightning
   version   : 3.37
   vqmver    : 
   author    : MaxD http://devs.mx

File Name    : system/library/cache.php(0)
VQModObject::applyMod - SEARCH NOT FOUND (SKIPPED): if (is_file(DIR_SYSTEM . 'library/journal3/vendor/SuperCache

----------------------------------------------------------------------


---------- Date: 2026-03-30 07:36:19 ~ IP : 185.179.188.62 ----------
REQUEST URI : /instrukciya-podmotka-niva-travel-chevrolet/
MOD DETAILS:
   modFile   : /home/canmotalka/web/can-motalka.ru/public_html/vqmod/xml/lightning.xml
   id        : OpenCart Lightning
   version   : 3.37
   vqmver    : 
   author    : MaxD http://devs.mx

File Name    : system/library/cache.php(0)
VQModObject::applyMod - SEARCH NOT FOUND (SKIPPED): if (is_file(DIR_SYSTEM . 'library/journal3/vendor/SuperCache

----------------------------------------------------------------------


---------- Date: 2026-03-30 07:36:20 ~ IP : 185.179.188.62 ----------
REQUEST URI : /index.php?route=module/popupcart_extended
MOD DETAILS:
   modFile   : /home/canmotalka/web/can-motalka.ru/public_html/vqmod/xml/lightning.xml
   id        : OpenCart Lightning
   version   : 3.37
   vqmver    : 
   author    : MaxD http://devs.mx

File Name    : system/library/cache.php(0)
VQModObject::applyMod - SEARCH NOT FOUND (SKIPPED): if (is_file(DIR_SYSTEM . 'library/journal3/vendor/SuperCache

----------------------------------------------------------------------


---------- Date: 2026-03-30 07:38:31 ~ IP : 185.179.188.62 ----------
REQUEST URI : /setting_php/tadalafil-20/689-kamagra-gold-cena-grozniy
MOD DETAILS:
   modFile   : /home/canmotalka/web/can-motalka.ru/public_html/vqmod/xml/lightning.xml
   id        : OpenCart Lightning
   version   : 3.37
   vqmver    : 
   author    : MaxD http://devs.mx

File Name    : system/library/cache.php(0)
VQModObject::applyMod - SEARCH NOT FOUND (SKIPPED): if (is_file(DIR_SYSTEM . 'library/journal3/vendor/SuperCache

----------------------------------------------------------------------


---------- Date: 2026-03-30 07:38:39 ~ IP : 185.179.188.62 ----------
REQUEST URI : /podmotka-spidometra-henday-sonata-8/;/
MOD DETAILS:
   modFile   : /home/canmotalka/web/can-motalka.ru/public_html/vqmod/xml/lightning.xml
   id        : OpenCart Lightning
   version   : 3.37
   vqmver    : 
   author    : MaxD http://devs.mx

File Name    : system/library/cache.php(0)
VQModObject::applyMod - SEARCH NOT FOUND (SKIPPED): if (is_file(DIR_SYSTEM . 'library/journal3/vendor/SuperCache

----------------------------------------------------------------------


---------- Date: 2026-03-30 07:38:40 ~ IP : 185.179.188.62 ----------
REQUEST URI : /otzyvy/
MOD DETAILS:
   modFile   : /home/canmotalka/web/can-motalka.ru/public_html/vqmod/xml/lightning.xml
   id        : OpenCart Lightning
   version   : 3.37
   vqmver    : 
   author    : MaxD http://devs.mx

File Name    : system/library/cache.php(0)
VQModObject::applyMod - SEARCH NOT FOUND (SKIPPED): if (is_file(DIR_SYSTEM . 'library/journal3/vendor/SuperCache

----------------------------------------------------------------------


---------- Date: 2026-03-30 07:44:39 ~ IP : 185.179.188.62 ----------
REQUEST URI : /sitemap.xml
MOD DETAILS:
   modFile   : /home/canmotalka/web/can-motalka.ru/public_html/vqmod/xml/lightning.xml
   id        : OpenCart Lightning
   version   : 3.37
   vqmver    : 
   author    : MaxD http://devs.mx

File Name    : system/library/cache.php(0)
VQModObject::applyMod - SEARCH NOT FOUND (SKIPPED): if (is_file(DIR_SYSTEM . 'library/journal3/vendor/SuperCache

----------------------------------------------------------------------


---------- Date: 2026-03-30 07:45:22 ~ IP : 185.179.188.62 ----------
REQUEST URI : /instrukciya-podmotka-kamaz/
MOD DETAILS:
   modFile   : /home/canmotalka/web/can-motalka.ru/public_html/vqmod/xml/lightning.xml
   id        : OpenCart Lightning
   version   : 3.37
   vqmver    : 
   author    : MaxD http://devs.mx

File Name    : system/library/cache.php(0)
VQModObject::applyMod - SEARCH NOT FOUND (SKIPPED): if (is_file(DIR_SYSTEM . 'library/journal3/vendor/SuperCache

----------------------------------------------------------------------


---------- Date: 2026-03-30 07:45:23 ~ IP : 185.179.188.62 ----------
REQUEST URI : /index.php?route=module/popupcart_extended
MOD DETAILS:
   modFile   : /home/canmotalka/web/can-motalka.ru/public_html/vqmod/xml/lightning.xml
   id        : OpenCart Lightning
   version   : 3.37
   vqmver    : 
   author    : MaxD http://devs.mx

File Name    : system/library/cache.php(0)
VQModObject::applyMod - SEARCH NOT FOUND (SKIPPED): if (is_file(DIR_SYSTEM . 'library/journal3/vendor/SuperCache

----------------------------------------------------------------------


---------- Date: 2026-03-30 07:57:05 ~ IP : 185.179.188.62 ----------
REQUEST URI : /namotchik-probega-dlya-mazda-3/
MOD DETAILS:
   modFile   : /home/canmotalka/web/can-motalka.ru/public_html/vqmod/xml/lightning.xml
   id        : OpenCart Lightning
   version   : 3.37
   vqmver    : 
   author    : MaxD http://devs.mx

File Name    : system/library/cache.php(0)
VQModObject::applyMod - SEARCH NOT FOUND (SKIPPED): if (is_file(DIR_SYSTEM . 'library/journal3/vendor/SuperCache

----------------------------------------------------------------------


---------- Date: 2026-03-30 08:00:07 ~ IP : 185.179.188.62 ----------
REQUEST URI : /krutilka-spidometra-dlya-fiat-albea/
MOD DETAILS:
   modFile   : /home/canmotalka/web/can-motalka.ru/public_html/vqmod/xml/lightning.xml
   id        : OpenCart Lightning
   version   : 3.37
   vqmver    : 
   author    : MaxD http://devs.mx

File Name    : system/library/cache.php(0)
VQModObject::applyMod - SEARCH NOT FOUND (SKIPPED): if (is_file(DIR_SYSTEM . 'library/journal3/vendor/SuperCache

----------------------------------------------------------------------


---------- Date: 2026-03-30 08:00:08 ~ IP : 185.179.188.62 ----------
REQUEST URI : /podmotka-spidometra-fiat-albea/
MOD DETAILS:
   modFile   : /home/canmotalka/web/can-motalka.ru/public_html/vqmod/xml/lightning.xml
   id        : OpenCart Lightning
   version   : 3.37
   vqmver    : 
   author    : MaxD http://devs.mx

File Name    : system/library/cache.php(0)
VQModObject::applyMod - SEARCH NOT FOUND (SKIPPED): if (is_file(DIR_SYSTEM . 'library/journal3/vendor/SuperCache

----------------------------------------------------------------------


---------- Date: 2026-03-30 08:00:58 ~ IP : 185.179.188.62 ----------
REQUEST URI : /instrukciya-podmotka-kamaz
MOD DETAILS:
   modFile   : /home/canmotalka/web/can-motalka.ru/public_html/vqmod/xml/lightning.xml
   id        : OpenCart Lightning
   version   : 3.37
   vqmver    : 
   author    : MaxD http://devs.mx

File Name    : system/library/cache.php(0)
VQModObject::applyMod - SEARCH NOT FOUND (SKIPPED): if (is_file(DIR_SYSTEM . 'library/journal3/vendor/SuperCache

----------------------------------------------------------------------


---------- Date: 2026-03-30 08:02:01 ~ IP : 185.179.188.62 ----------
REQUEST URI : /manuals/
MOD DETAILS:
   modFile   : /home/canmotalka/web/can-motalka.ru/public_html/vqmod/xml/lightning.xml
   id        : OpenCart Lightning
   version   : 3.37
   vqmver    : 
   author    : MaxD http://devs.mx

File Name    : system/library/cache.php(0)
VQModObject::applyMod - SEARCH NOT FOUND (SKIPPED): if (is_file(DIR_SYSTEM . 'library/journal3/vendor/SuperCache

----------------------------------------------------------------------


---------- Date: 2026-03-30 08:02:24 ~ IP : 185.179.188.62 ----------
REQUEST URI : /instrukciya-podmotka-kamaz/
MOD DETAILS:
   modFile   : /home/canmotalka/web/can-motalka.ru/public_html/vqmod/xml/lightning.xml
   id        : OpenCart Lightning
   version   : 3.37
   vqmver    : 
   author    : MaxD http://devs.mx

File Name    : system/library/cache.php(0)
VQModObject::applyMod - SEARCH NOT FOUND (SKIPPED): if (is_file(DIR_SYSTEM . 'library/journal3/vendor/SuperCache

----------------------------------------------------------------------


---------- Date: 2026-03-30 08:03:05 ~ IP : 185.179.188.62 ----------
REQUEST URI : /index.php?route=common/footer/click_counter
MOD DETAILS:
   modFile   : /home/canmotalka/web/can-motalka.ru/public_html/vqmod/xml/lightning.xml
   id        : OpenCart Lightning
   version   : 3.37
   vqmver    : 
   author    : MaxD http://devs.mx

File Name    : system/library/cache.php(0)
VQModObject::applyMod - SEARCH NOT FOUND (SKIPPED): if (is_file(DIR_SYSTEM . 'library/journal3/vendor/SuperCache

----------------------------------------------------------------------


---------- Date: 2026-03-30 08:10:12 ~ IP : 185.179.188.62 ----------
REQUEST URI : /niva_abs_re/?ysclid=mncqbmgs72114566709
MOD DETAILS:
   modFile   : /home/canmotalka/web/can-motalka.ru/public_html/vqmod/xml/lightning.xml
   id        : OpenCart Lightning
   version   : 3.37
   vqmver    : 
   author    : MaxD http://devs.mx

File Name    : system/library/cache.php(0)
VQModObject::applyMod - SEARCH NOT FOUND (SKIPPED): if (is_file(DIR_SYSTEM . 'library/journal3/vendor/SuperCache

----------------------------------------------------------------------


---------- Date: 2026-03-30 08:10:12 ~ IP : 185.179.188.62 ----------
REQUEST URI : /niva_abs_re/
MOD DETAILS:
   modFile   : /home/canmotalka/web/can-motalka.ru/public_html/vqmod/xml/lightning.xml
   id        : OpenCart Lightning
   version   : 3.37
   vqmver    : 
   author    : MaxD http://devs.mx

File Name    : system/library/cache.php(0)
VQModObject::applyMod - SEARCH NOT FOUND (SKIPPED): if (is_file(DIR_SYSTEM . 'library/journal3/vendor/SuperCache

----------------------------------------------------------------------


---------- Date: 2026-03-30 08:10:14 ~ IP : 185.179.188.62 ----------
REQUEST URI : /index.php?route=module/popupcart_extended
MOD DETAILS:
   modFile   : /home/canmotalka/web/can-motalka.ru/public_html/vqmod/xml/lightning.xml
   id        : OpenCart Lightning
   version   : 3.37
   vqmver    : 
   author    : MaxD http://devs.mx

File Name    : system/library/cache.php(0)
VQModObject::applyMod - SEARCH NOT FOUND (SKIPPED): if (is_file(DIR_SYSTEM . 'library/journal3/vendor/SuperCache

----------------------------------------------------------------------


---------- Date: 2026-03-30 08:11:01 ~ IP : 185.179.188.62 ----------
REQUEST URI : /sitemap.xml
MOD DETAILS:
   modFile   : /home/canmotalka/web/can-motalka.ru/public_html/vqmod/xml/lightning.xml
   id        : OpenCart Lightning
   version   : 3.37
   vqmver    : 
   author    : MaxD http://devs.mx

File Name    : system/library/cache.php(0)
VQModObject::applyMod - SEARCH NOT FOUND (SKIPPED): if (is_file(DIR_SYSTEM . 'library/journal3/vendor/SuperCache

----------------------------------------------------------------------


---------- Date: 2026-03-30 08:18:09 ~ IP : 185.179.188.62 ----------
REQUEST URI : /setting_php/dapoksetin-60/156-stoimost-avanafila-shtutgart/
MOD DETAILS:
   modFile   : /home/canmotalka/web/can-motalka.ru/public_html/vqmod/xml/lightning.xml
   id        : OpenCart Lightning
   version   : 3.37
   vqmver    : 
   author    : MaxD http://devs.mx

File Name    : system/library/cache.php(0)
VQModObject::applyMod - SEARCH NOT FOUND (SKIPPED): if (is_file(DIR_SYSTEM . 'library/journal3/vendor/SuperCache

----------------------------------------------------------------------


---------- Date: 2026-03-30 08:23:59 ~ IP : 185.179.188.62 ----------
REQUEST URI : /index.php?route=product/product&amp;path=86&amp;product_id=110
MOD DETAILS:
   modFile   : /home/canmotalka/web/can-motalka.ru/public_html/vqmod/xml/lightning.xml
   id        : OpenCart Lightning
   version   : 3.37
   vqmver    : 
   author    : MaxD http://devs.mx

File Name    : system/library/cache.php(0)
VQModObject::applyMod - SEARCH NOT FOUND (SKIPPED): if (is_file(DIR_SYSTEM . 'library/journal3/vendor/SuperCache

----------------------------------------------------------------------


---------- Date: 2026-03-30 08:23:59 ~ IP : 185.179.188.62 ----------
REQUEST URI : /podmotka-spidometra-kamaz/
MOD DETAILS:
   modFile   : /home/canmotalka/web/can-motalka.ru/public_html/vqmod/xml/lightning.xml
   id        : OpenCart Lightning
   version   : 3.37
   vqmver    : 
   author    : MaxD http://devs.mx

File Name    : system/library/cache.php(0)
VQModObject::applyMod - SEARCH NOT FOUND (SKIPPED): if (is_file(DIR_SYSTEM . 'library/journal3/vendor/SuperCache

----------------------------------------------------------------------


---------- Date: 2026-03-30 08:24:01 ~ IP : 185.179.188.62 ----------
REQUEST URI : /index.php?route=module/popupcart_extended
MOD DETAILS:
   modFile   : /home/canmotalka/web/can-motalka.ru/public_html/vqmod/xml/lightning.xml
   id        : OpenCart Lightning
   version   : 3.37
   vqmver    : 
   author    : MaxD http://devs.mx

File Name    : system/library/cache.php(0)
VQModObject::applyMod - SEARCH NOT FOUND (SKIPPED): if (is_file(DIR_SYSTEM . 'library/journal3/vendor/SuperCache

----------------------------------------------------------------------


---------- Date: 2026-03-30 08:24:11 ~ IP : 185.179.188.62 ----------
REQUEST URI : /index.php?route=product/product&amp;path=86&amp;product_id=110
MOD DETAILS:
   modFile   : /home/canmotalka/web/can-motalka.ru/public_html/vqmod/xml/lightning.xml
   id        : OpenCart Lightning
   version   : 3.37
   vqmver    : 
   author    : MaxD http://devs.mx

File Name    : system/library/cache.php(0)
VQModObject::applyMod - SEARCH NOT FOUND (SKIPPED): if (is_file(DIR_SYSTEM . 'library/journal3/vendor/SuperCache

----------------------------------------------------------------------


---------- Date: 2026-03-30 08:24:12 ~ IP : 185.179.188.62 ----------
REQUEST URI : /podmotka-spidometra-kamaz/
MOD DETAILS:
   modFile   : /home/canmotalka/web/can-motalka.ru/public_html/vqmod/xml/lightning.xml
   id        : OpenCart Lightning
   version   : 3.37
   vqmver    : 
   author    : MaxD http://devs.mx

File Name    : system/library/cache.php(0)
VQModObject::applyMod - SEARCH NOT FOUND (SKIPPED): if (is_file(DIR_SYSTEM . 'library/journal3/vendor/SuperCache

----------------------------------------------------------------------


---------- Date: 2026-03-30 08:24:19 ~ IP : 185.179.188.62 ----------
REQUEST URI : /podmotka-spidometra-kamaz/
MOD DETAILS:
   modFile   : /home/canmotalka/web/can-motalka.ru/public_html/vqmod/xml/lightning.xml
   id        : OpenCart Lightning
   version   : 3.37
   vqmver    : 
   author    : MaxD http://devs.mx

File Name    : system/library/cache.php(0)
VQModObject::applyMod - SEARCH NOT FOUND (SKIPPED): if (is_file(DIR_SYSTEM . 'library/journal3/vendor/SuperCache

----------------------------------------------------------------------


---------- Date: 2026-03-30 08:24:26 ~ IP : 185.179.188.62 ----------
REQUEST URI : /podmotka-spidometra-kamaz/
MOD DETAILS:
   modFile   : /home/canmotalka/web/can-motalka.ru/public_html/vqmod/xml/lightning.xml
   id        : OpenCart Lightning
   version   : 3.37
   vqmver    : 
   author    : MaxD http://devs.mx

File Name    : system/library/cache.php(0)
VQModObject::applyMod - SEARCH NOT FOUND (SKIPPED): if (is_file(DIR_SYSTEM . 'library/journal3/vendor/SuperCache

----------------------------------------------------------------------


---------- Date: 2026-03-30 08:24:57 ~ IP : 185.179.188.62 ----------
REQUEST URI : /index.php?route=product/product&amp;path=86&amp;product_id=110
MOD DETAILS:
   modFile   : /home/canmotalka/web/can-motalka.ru/public_html/vqmod/xml/lightning.xml
   id        : OpenCart Lightning
   version   : 3.37
   vqmver    : 
   author    : MaxD http://devs.mx

File Name    : system/library/cache.php(0)
VQModObject::applyMod - SEARCH NOT FOUND (SKIPPED): if (is_file(DIR_SYSTEM . 'library/journal3/vendor/SuperCache

----------------------------------------------------------------------


---------- Date: 2026-03-30 08:24:58 ~ IP : 185.179.188.62 ----------
REQUEST URI : /podmotka-spidometra-kamaz/
MOD DETAILS:
   modFile   : /home/canmotalka/web/can-motalka.ru/public_html/vqmod/xml/lightning.xml
   id        : OpenCart Lightning
   version   : 3.37
   vqmver    : 
   author    : MaxD http://devs.mx

File Name    : system/library/cache.php(0)
VQModObject::applyMod - SEARCH NOT FOUND (SKIPPED): if (is_file(DIR_SYSTEM . 'library/journal3/vendor/SuperCache

----------------------------------------------------------------------


---------- Date: 2026-03-30 08:25:21 ~ IP : 185.179.188.62 ----------
REQUEST URI : /granta_video_manual/
MOD DETAILS:
   modFile   : /home/canmotalka/web/can-motalka.ru/public_html/vqmod/xml/lightning.xml
   id        : OpenCart Lightning
   version   : 3.37
   vqmver    : 
   author    : MaxD http://devs.mx

File Name    : system/library/cache.php(0)
VQModObject::applyMod - SEARCH NOT FOUND (SKIPPED): if (is_file(DIR_SYSTEM . 'library/journal3/vendor/SuperCache

----------------------------------------------------------------------


---------- Date: 2026-03-30 08:25:22 ~ IP : 185.179.188.62 ----------
REQUEST URI : /index.php?route=module/popupcart_extended
MOD DETAILS:
   modFile   : /home/canmotalka/web/can-motalka.ru/public_html/vqmod/xml/lightning.xml
   id        : OpenCart Lightning
   version   : 3.37
   vqmver    : 
   author    : MaxD http://devs.mx

File Name    : system/library/cache.php(0)
VQModObject::applyMod - SEARCH NOT FOUND (SKIPPED): if (is_file(DIR_SYSTEM . 'library/journal3/vendor/SuperCache

----------------------------------------------------------------------


---------- Date: 2026-03-30 08:25:47 ~ IP : 185.179.188.62 ----------
REQUEST URI : /podmotka-spidometra-renault-logan-2005-2014/?ysclid=mncqvohown168665073
MOD DETAILS:
   modFile   : /home/canmotalka/web/can-motalka.ru/public_html/vqmod/xml/lightning.xml
   id        : OpenCart Lightning
   version   : 3.37
   vqmver    : 
   author    : MaxD http://devs.mx

File Name    : system/library/cache.php(0)
VQModObject::applyMod - SEARCH NOT FOUND (SKIPPED): if (is_file(DIR_SYSTEM . 'library/journal3/vendor/SuperCache

----------------------------------------------------------------------


---------- Date: 2026-03-30 08:25:47 ~ IP : 185.179.188.62 ----------
REQUEST URI : /podmotka-spidometra-renault-logan-2005-2014/
MOD DETAILS:
   modFile   : /home/canmotalka/web/can-motalka.ru/public_html/vqmod/xml/lightning.xml
   id        : OpenCart Lightning
   version   : 3.37
   vqmver    : 
   author    : MaxD http://devs.mx

File Name    : system/library/cache.php(0)
VQModObject::applyMod - SEARCH NOT FOUND (SKIPPED): if (is_file(DIR_SYSTEM . 'library/journal3/vendor/SuperCache

----------------------------------------------------------------------


---------- Date: 2026-03-30 08:25:48 ~ IP : 185.179.188.62 ----------
REQUEST URI : /index.php?route=product/product/review&amp;product_id=259
MOD DETAILS:
   modFile   : /home/canmotalka/web/can-motalka.ru/public_html/vqmod/xml/lightning.xml
   id        : OpenCart Lightning
   version   : 3.37
   vqmver    : 
   author    : MaxD http://devs.mx

File Name    : system/library/cache.php(0)
VQModObject::applyMod - SEARCH NOT FOUND (SKIPPED): if (is_file(DIR_SYSTEM . 'library/journal3/vendor/SuperCache

----------------------------------------------------------------------


---------- Date: 2026-03-30 08:25:48 ~ IP : 185.179.188.62 ----------
REQUEST URI : /index.php?route=module/popupcart_extended
MOD DETAILS:
   modFile   : /home/canmotalka/web/can-motalka.ru/public_html/vqmod/xml/lightning.xml
   id        : OpenCart Lightning
   version   : 3.37
   vqmver    : 
   author    : MaxD http://devs.mx

File Name    : system/library/cache.php(0)
VQModObject::applyMod - SEARCH NOT FOUND (SKIPPED): if (is_file(DIR_SYSTEM . 'library/journal3/vendor/SuperCache

----------------------------------------------------------------------


---------- Date: 2026-03-30 08:26:18 ~ IP : 185.179.188.62 ----------
REQUEST URI : /granta_video_manual/
MOD DETAILS:
   modFile   : /home/canmotalka/web/can-motalka.ru/public_html/vqmod/xml/lightning.xml
   id        : OpenCart Lightning
   version   : 3.37
   vqmver    : 
   author    : MaxD http://devs.mx

File Name    : system/library/cache.php(0)
VQModObject::applyMod - SEARCH NOT FOUND (SKIPPED): if (is_file(DIR_SYSTEM . 'library/journal3/vendor/SuperCache

----------------------------------------------------------------------


---------- Date: 2026-03-30 08:26:45 ~ IP : 185.179.188.62 ----------
REQUEST URI : /podmotka-spidometra-haval-jolion/
MOD DETAILS:
   modFile   : /home/canmotalka/web/can-motalka.ru/public_html/vqmod/xml/lightning.xml
   id        : OpenCart Lightning
   version   : 3.37
   vqmver    : 
   author    : MaxD http://devs.mx

File Name    : system/library/cache.php(0)
VQModObject::applyMod - SEARCH NOT FOUND (SKIPPED): if (is_file(DIR_SYSTEM . 'library/journal3/vendor/SuperCache

----------------------------------------------------------------------


---------- Date: 2026-03-30 08:26:47 ~ IP : 185.179.188.62 ----------
REQUEST URI : /index.php?route=product/product/review&amp;product_id=305
MOD DETAILS:
   modFile   : /home/canmotalka/web/can-motalka.ru/public_html/vqmod/xml/lightning.xml
   id        : OpenCart Lightning
   version   : 3.37
   vqmver    : 
   author    : MaxD http://devs.mx

File Name    : system/library/cache.php(0)
VQModObject::applyMod - SEARCH NOT FOUND (SKIPPED): if (is_file(DIR_SYSTEM . 'library/journal3/vendor/SuperCache

----------------------------------------------------------------------


---------- Date: 2026-03-30 08:26:48 ~ IP : 185.179.188.62 ----------
REQUEST URI : /index.php?route=module/popupcart_extended
MOD DETAILS:
   modFile   : /home/canmotalka/web/can-motalka.ru/public_html/vqmod/xml/lightning.xml
   id        : OpenCart Lightning
   version   : 3.37
   vqmver    : 
   author    : MaxD http://devs.mx

File Name    : system/library/cache.php(0)
VQModObject::applyMod - SEARCH NOT FOUND (SKIPPED): if (is_file(DIR_SYSTEM . 'library/journal3/vendor/SuperCache

----------------------------------------------------------------------


---------- Date: 2026-03-30 08:26:51 ~ IP : 185.179.188.62 ----------
REQUEST URI : /podmotka-spidometra-haval-jolion/
MOD DETAILS:
   modFile   : /home/canmotalka/web/can-motalka.ru/public_html/vqmod/xml/lightning.xml
   id        : OpenCart Lightning
   version   : 3.37
   vqmver    : 
   author    : MaxD http://devs.mx

File Name    : system/library/cache.php(0)
VQModObject::applyMod - SEARCH NOT FOUND (SKIPPED): if (is_file(DIR_SYSTEM . 'library/journal3/vendor/SuperCache

----------------------------------------------------------------------


---------- Date: 2026-03-30 08:30:23 ~ IP : 185.179.188.62 ----------
REQUEST URI : /xmlrpc.php
MOD DETAILS:
   modFile   : /home/canmotalka/web/can-motalka.ru/public_html/vqmod/xml/lightning.xml
   id        : OpenCart Lightning
   version   : 3.37
   vqmver    : 
   author    : MaxD http://devs.mx

File Name    : system/library/cache.php(0)
VQModObject::applyMod - SEARCH NOT FOUND (SKIPPED): if (is_file(DIR_SYSTEM . 'library/journal3/vendor/SuperCache

----------------------------------------------------------------------


---------- Date: 2026-03-30 08:32:13 ~ IP : 185.179.188.62 ----------
REQUEST URI : /.well-known/traffic-advice
MOD DETAILS:
   modFile   : /home/canmotalka/web/can-motalka.ru/public_html/vqmod/xml/lightning.xml
   id        : OpenCart Lightning
   version   : 3.37
   vqmver    : 
   author    : MaxD http://devs.mx

File Name    : system/library/cache.php(0)
VQModObject::applyMod - SEARCH NOT FOUND (SKIPPED): if (is_file(DIR_SYSTEM . 'library/journal3/vendor/SuperCache

----------------------------------------------------------------------


---------- Date: 2026-03-30 08:32:14 ~ IP : 185.179.188.62 ----------
REQUEST URI : /manual-podmotka-toyota-camry-corolla-tlc-rav4/
MOD DETAILS:
   modFile   : /home/canmotalka/web/can-motalka.ru/public_html/vqmod/xml/lightning.xml
   id        : OpenCart Lightning
   version   : 3.37
   vqmver    : 
   author    : MaxD http://devs.mx

File Name    : system/library/cache.php(0)
VQModObject::applyMod - SEARCH NOT FOUND (SKIPPED): if (is_file(DIR_SYSTEM . 'library/journal3/vendor/SuperCache

----------------------------------------------------------------------


---------- Date: 2026-03-30 08:32:15 ~ IP : 185.179.188.62 ----------
REQUEST URI : /podmotka_vw_manual/
MOD DETAILS:
   modFile   : /home/canmotalka/web/can-motalka.ru/public_html/vqmod/xml/lightning.xml
   id        : OpenCart Lightning
   version   : 3.37
   vqmver    : 
   author    : MaxD http://devs.mx

File Name    : system/library/cache.php(0)
VQModObject::applyMod - SEARCH NOT FOUND (SKIPPED): if (is_file(DIR_SYSTEM . 'library/journal3/vendor/SuperCache

----------------------------------------------------------------------


---------- Date: 2026-03-30 08:32:56 ~ IP : 185.179.188.62 ----------
REQUEST URI : /niva_abs_re/
MOD DETAILS:
   modFile   : /home/canmotalka/web/can-motalka.ru/public_html/vqmod/xml/lightning.xml
   id        : OpenCart Lightning
   version   : 3.37
   vqmver    : 
   author    : MaxD http://devs.mx

File Name    : system/library/cache.php(0)
VQModObject::applyMod - SEARCH NOT FOUND (SKIPPED): if (is_file(DIR_SYSTEM . 'library/journal3/vendor/SuperCache

----------------------------------------------------------------------


---------- Date: 2026-03-30 08:34:27 ~ IP : 185.179.188.62 ----------
REQUEST URI : /instrukciya-podmotka-niva-travel-chevrolet/
MOD DETAILS:
   modFile   : /home/canmotalka/web/can-motalka.ru/public_html/vqmod/xml/lightning.xml
   id        : OpenCart Lightning
   version   : 3.37
   vqmver    : 
   author    : MaxD http://devs.mx

File Name    : system/library/cache.php(0)
VQModObject::applyMod - SEARCH NOT FOUND (SKIPPED): if (is_file(DIR_SYSTEM . 'library/journal3/vendor/SuperCache

----------------------------------------------------------------------


---------- Date: 2026-03-30 08:35:16 ~ IP : 185.179.188.62 ----------
REQUEST URI : /namotchik-probega-dlya-uaz-patriot-konec-do-2016-zelenyy-displey/?ysclid=mncr7w1a2m477637260
MOD DETAILS:
   modFile   : /home/canmotalka/web/can-motalka.ru/public_html/vqmod/xml/lightning.xml
   id        : OpenCart Lightning
   version   : 3.37
   vqmver    : 
   author    : MaxD http://devs.mx

File Name    : system/library/cache.php(0)
VQModObject::applyMod - SEARCH NOT FOUND (SKIPPED): if (is_file(DIR_SYSTEM . 'library/journal3/vendor/SuperCache

----------------------------------------------------------------------


---------- Date: 2026-03-30 08:35:17 ~ IP : 185.179.188.62 ----------
REQUEST URI : /namotchik-probega-dlya-uaz-patriot-konec-do-2016-zelenyy-displey/
MOD DETAILS:
   modFile   : /home/canmotalka/web/can-motalka.ru/public_html/vqmod/xml/lightning.xml
   id        : OpenCart Lightning
   version   : 3.37
   vqmver    : 
   author    : MaxD http://devs.mx

File Name    : system/library/cache.php(0)
VQModObject::applyMod - SEARCH NOT FOUND (SKIPPED): if (is_file(DIR_SYSTEM . 'library/journal3/vendor/SuperCache

----------------------------------------------------------------------


---------- Date: 2026-03-30 08:35:18 ~ IP : 185.179.188.62 ----------
REQUEST URI : /index.php?route=product/product/review&amp;product_id=262
MOD DETAILS:
   modFile   : /home/canmotalka/web/can-motalka.ru/public_html/vqmod/xml/lightning.xml
   id        : OpenCart Lightning
   version   : 3.37
   vqmver    : 
   author    : MaxD http://devs.mx

File Name    : system/library/cache.php(0)
VQModObject::applyMod - SEARCH NOT FOUND (SKIPPED): if (is_file(DIR_SYSTEM . 'library/journal3/vendor/SuperCache

----------------------------------------------------------------------


---------- Date: 2026-03-30 08:35:19 ~ IP : 185.179.188.62 ----------
REQUEST URI : /index.php?route=module/popupcart_extended
MOD DETAILS:
   modFile   : /home/canmotalka/web/can-motalka.ru/public_html/vqmod/xml/lightning.xml
   id        : OpenCart Lightning
   version   : 3.37
   vqmver    : 
   author    : MaxD http://devs.mx

File Name    : system/library/cache.php(0)
VQModObject::applyMod - SEARCH NOT FOUND (SKIPPED): if (is_file(DIR_SYSTEM . 'library/journal3/vendor/SuperCache

----------------------------------------------------------------------


---------- Date: 2026-03-30 08:35:55 ~ IP : 185.179.188.62 ----------
REQUEST URI : /index.php?route=feed/yandex_yml&amp;token=we34w48348ygbh92103ru3klgdfg
MOD DETAILS:
   modFile   : /home/canmotalka/web/can-motalka.ru/public_html/vqmod/xml/lightning.xml
   id        : OpenCart Lightning
   version   : 3.37
   vqmver    : 
   author    : MaxD http://devs.mx

File Name    : system/library/cache.php(0)
VQModObject::applyMod - SEARCH NOT FOUND (SKIPPED): if (is_file(DIR_SYSTEM . 'library/journal3/vendor/SuperCache

----------------------------------------------------------------------


---------- Date: 2026-03-30 08:36:12 ~ IP : 185.179.188.62 ----------
REQUEST URI : /setting_php/pomojem-lechitsya/135-kupit-stendru-noviy-orlean/
MOD DETAILS:
   modFile   : /home/canmotalka/web/can-motalka.ru/public_html/vqmod/xml/lightning.xml
   id        : OpenCart Lightning
   version   : 3.37
   vqmver    : 
   author    : MaxD http://devs.mx

File Name    : system/library/cache.php(0)
VQModObject::applyMod - SEARCH NOT FOUND (SKIPPED): if (is_file(DIR_SYSTEM . 'library/journal3/vendor/SuperCache

----------------------------------------------------------------------


---------- Date: 2026-03-30 08:36:28 ~ IP : 185.179.188.62 ----------
REQUEST URI : /podmotka-spidometra-na-shkoda-oktaviya/
MOD DETAILS:
   modFile   : /home/canmotalka/web/can-motalka.ru/public_html/vqmod/xml/lightning.xml
   id        : OpenCart Lightning
   version   : 3.37
   vqmver    : 
   author    : MaxD http://devs.mx

File Name    : system/library/cache.php(0)
VQModObject::applyMod - SEARCH NOT FOUND (SKIPPED): if (is_file(DIR_SYSTEM . 'library/journal3/vendor/SuperCache

----------------------------------------------------------------------


---------- Date: 2026-03-30 08:36:29 ~ IP : 185.179.188.62 ----------
REQUEST URI : /index.php?route=module/popupcart_extended
MOD DETAILS:
   modFile   : /home/canmotalka/web/can-motalka.ru/public_html/vqmod/xml/lightning.xml
   id        : OpenCart Lightning
   version   : 3.37
   vqmver    : 
   author    : MaxD http://devs.mx

File Name    : system/library/cache.php(0)
VQModObject::applyMod - SEARCH NOT FOUND (SKIPPED): if (is_file(DIR_SYSTEM . 'library/journal3/vendor/SuperCache

----------------------------------------------------------------------


---------- Date: 2026-03-30 08:36:29 ~ IP : 185.179.188.62 ----------
REQUEST URI : /index.php?route=product/product/review&amp;product_id=179
MOD DETAILS:
   modFile   : /home/canmotalka/web/can-motalka.ru/public_html/vqmod/xml/lightning.xml
   id        : OpenCart Lightning
   version   : 3.37
   vqmver    : 
   author    : MaxD http://devs.mx

File Name    : system/library/cache.php(0)
VQModObject::applyMod - SEARCH NOT FOUND (SKIPPED): if (is_file(DIR_SYSTEM . 'library/journal3/vendor/SuperCache

----------------------------------------------------------------------


---------- Date: 2026-03-30 08:36:35 ~ IP : 185.179.188.62 ----------
REQUEST URI : /namotchik-probega-dlya-volvo-s60/
MOD DETAILS:
   modFile   : /home/canmotalka/web/can-motalka.ru/public_html/vqmod/xml/lightning.xml
   id        : OpenCart Lightning
   version   : 3.37
   vqmver    : 
   author    : MaxD http://devs.mx

File Name    : system/library/cache.php(0)
VQModObject::applyMod - SEARCH NOT FOUND (SKIPPED): if (is_file(DIR_SYSTEM . 'library/journal3/vendor/SuperCache

----------------------------------------------------------------------


---------- Date: 2026-03-30 08:37:05 ~ IP : 185.179.188.62 ----------
REQUEST URI : /instrukciya-podmotka-niva-travel-chevrolet/?ysclid=mnctes668r282259291
MOD DETAILS:
   modFile   : /home/canmotalka/web/can-motalka.ru/public_html/vqmod/xml/lightning.xml
   id        : OpenCart Lightning
   version   : 3.37
   vqmver    : 
   author    : MaxD http://devs.mx

File Name    : system/library/cache.php(0)
VQModObject::applyMod - SEARCH NOT FOUND (SKIPPED): if (is_file(DIR_SYSTEM . 'library/journal3/vendor/SuperCache

----------------------------------------------------------------------


---------- Date: 2026-03-30 08:37:06 ~ IP : 185.179.188.62 ----------
REQUEST URI : /instrukciya-podmotka-niva-travel-chevrolet/
MOD DETAILS:
   modFile   : /home/canmotalka/web/can-motalka.ru/public_html/vqmod/xml/lightning.xml
   id        : OpenCart Lightning
   version   : 3.37
   vqmver    : 
   author    : MaxD http://devs.mx

File Name    : system/library/cache.php(0)
VQModObject::applyMod - SEARCH NOT FOUND (SKIPPED): if (is_file(DIR_SYSTEM . 'library/journal3/vendor/SuperCache

----------------------------------------------------------------------


---------- Date: 2026-03-30 08:37:08 ~ IP : 185.179.188.62 ----------
REQUEST URI : /index.php?route=module/popupcart_extended
MOD DETAILS:
   modFile   : /home/canmotalka/web/can-motalka.ru/public_html/vqmod/xml/lightning.xml
   id        : OpenCart Lightning
   version   : 3.37
   vqmver    : 
   author    : MaxD http://devs.mx

File Name    : system/library/cache.php(0)
VQModObject::applyMod - SEARCH NOT FOUND (SKIPPED): if (is_file(DIR_SYSTEM . 'library/journal3/vendor/SuperCache

----------------------------------------------------------------------


---------- Date: 2026-03-30 08:37:38 ~ IP : 185.179.188.62 ----------
REQUEST URI : /podmotka-spidometra-henday-sonata-8/
MOD DETAILS:
   modFile   : /home/canmotalka/web/can-motalka.ru/public_html/vqmod/xml/lightning.xml
   id        : OpenCart Lightning
   version   : 3.37
   vqmver    : 
   author    : MaxD http://devs.mx

File Name    : system/library/cache.php(0)
VQModObject::applyMod - SEARCH NOT FOUND (SKIPPED): if (is_file(DIR_SYSTEM . 'library/journal3/vendor/SuperCache

----------------------------------------------------------------------


---------- Date: 2026-03-30 08:37:38 ~ IP : 185.179.188.62 ----------
REQUEST URI : /otzyvy/
MOD DETAILS:
   modFile   : /home/canmotalka/web/can-motalka.ru/public_html/vqmod/xml/lightning.xml
   id        : OpenCart Lightning
   version   : 3.37
   vqmver    : 
   author    : MaxD http://devs.mx

File Name    : system/library/cache.php(0)
VQModObject::applyMod - SEARCH NOT FOUND (SKIPPED): if (is_file(DIR_SYSTEM . 'library/journal3/vendor/SuperCache

----------------------------------------------------------------------


---------- Date: 2026-03-30 08:38:59 ~ IP : 185.179.188.62 ----------
REQUEST URI : /instrukciya-dlya-podmotki-lada-niva/
MOD DETAILS:
   modFile   : /home/canmotalka/web/can-motalka.ru/public_html/vqmod/xml/lightning.xml
   id        : OpenCart Lightning
   version   : 3.37
   vqmver    : 
   author    : MaxD http://devs.mx

File Name    : system/library/cache.php(0)
VQModObject::applyMod - SEARCH NOT FOUND (SKIPPED): if (is_file(DIR_SYSTEM . 'library/journal3/vendor/SuperCache

----------------------------------------------------------------------


---------- Date: 2026-03-30 08:39:01 ~ IP : 185.179.188.62 ----------
REQUEST URI : /index.php?route=module/popupcart_extended
MOD DETAILS:
   modFile   : /home/canmotalka/web/can-motalka.ru/public_html/vqmod/xml/lightning.xml
   id        : OpenCart Lightning
   version   : 3.37
   vqmver    : 
   author    : MaxD http://devs.mx

File Name    : system/library/cache.php(0)
VQModObject::applyMod - SEARCH NOT FOUND (SKIPPED): if (is_file(DIR_SYSTEM . 'library/journal3/vendor/SuperCache

----------------------------------------------------------------------


---------- Date: 2026-03-30 08:39:05 ~ IP : 185.179.188.62 ----------
REQUEST URI : /motalki/?ysclid=mncrctvvr1253462495
MOD DETAILS:
   modFile   : /home/canmotalka/web/can-motalka.ru/public_html/vqmod/xml/lightning.xml
   id        : OpenCart Lightning
   version   : 3.37
   vqmver    : 
   author    : MaxD http://devs.mx

File Name    : system/library/cache.php(0)
VQModObject::applyMod - SEARCH NOT FOUND (SKIPPED): if (is_file(DIR_SYSTEM . 'library/journal3/vendor/SuperCache

----------------------------------------------------------------------


---------- Date: 2026-03-30 08:39:06 ~ IP : 185.179.188.62 ----------
REQUEST URI : /index.php?route=module/popupcart_extended
MOD DETAILS:
   modFile   : /home/canmotalka/web/can-motalka.ru/public_html/vqmod/xml/lightning.xml
   id        : OpenCart Lightning
   version   : 3.37
   vqmver    : 
   author    : MaxD http://devs.mx

File Name    : system/library/cache.php(0)
VQModObject::applyMod - SEARCH NOT FOUND (SKIPPED): if (is_file(DIR_SYSTEM . 'library/journal3/vendor/SuperCache

----------------------------------------------------------------------


---------- Date: 2026-03-30 08:39:56 ~ IP : 185.179.188.62 ----------
REQUEST URI : /podmotka-spidometra-vesta-ng-np/
MOD DETAILS:
   modFile   : /home/canmotalka/web/can-motalka.ru/public_html/vqmod/xml/lightning.xml
   id        : OpenCart Lightning
   version   : 3.37
   vqmver    : 
   author    : MaxD http://devs.mx

File Name    : system/library/cache.php(0)
VQModObject::applyMod - SEARCH NOT FOUND (SKIPPED): if (is_file(DIR_SYSTEM . 'library/journal3/vendor/SuperCache

----------------------------------------------------------------------


---------- Date: 2026-03-30 08:39:56 ~ IP : 185.179.188.62 ----------
REQUEST URI : /index.php?route=product/product/review&amp;product_id=309
MOD DETAILS:
   modFile   : /home/canmotalka/web/can-motalka.ru/public_html/vqmod/xml/lightning.xml
   id        : OpenCart Lightning
   version   : 3.37
   vqmver    : 
   author    : MaxD http://devs.mx

File Name    : system/library/cache.php(0)
VQModObject::applyMod - SEARCH NOT FOUND (SKIPPED): if (is_file(DIR_SYSTEM . 'library/journal3/vendor/SuperCache

----------------------------------------------------------------------


---------- Date: 2026-03-30 08:39:59 ~ IP : 185.179.188.62 ----------
REQUEST URI : /manual-podmotka-toyota-camry-corolla-tlc-rav4/
MOD DETAILS:
   modFile   : /home/canmotalka/web/can-motalka.ru/public_html/vqmod/xml/lightning.xml
   id        : OpenCart Lightning
   version   : 3.37
   vqmver    : 
   author    : MaxD http://devs.mx

File Name    : system/library/cache.php(0)
VQModObject::applyMod - SEARCH NOT FOUND (SKIPPED): if (is_file(DIR_SYSTEM . 'library/journal3/vendor/SuperCache

----------------------------------------------------------------------


---------- Date: 2026-03-30 08:40:00 ~ IP : 185.179.188.62 ----------
REQUEST URI : /niva_abs_re/?ysclid=mncre0i8au287046538
MOD DETAILS:
   modFile   : /home/canmotalka/web/can-motalka.ru/public_html/vqmod/xml/lightning.xml
   id        : OpenCart Lightning
   version   : 3.37
   vqmver    : 
   author    : MaxD http://devs.mx

File Name    : system/library/cache.php(0)
VQModObject::applyMod - SEARCH NOT FOUND (SKIPPED): if (is_file(DIR_SYSTEM . 'library/journal3/vendor/SuperCache

----------------------------------------------------------------------


---------- Date: 2026-03-30 08:40:00 ~ IP : 185.179.188.62 ----------
REQUEST URI : /niva_abs_re/
MOD DETAILS:
   modFile   : /home/canmotalka/web/can-motalka.ru/public_html/vqmod/xml/lightning.xml
   id        : OpenCart Lightning
   version   : 3.37
   vqmver    : 
   author    : MaxD http://devs.mx

File Name    : system/library/cache.php(0)
VQModObject::applyMod - SEARCH NOT FOUND (SKIPPED): if (is_file(DIR_SYSTEM . 'library/journal3/vendor/SuperCache

----------------------------------------------------------------------


---------- Date: 2026-03-30 08:40:00 ~ IP : 185.179.188.62 ----------
REQUEST URI : /podmotka_vw_manual/
MOD DETAILS:
   modFile   : /home/canmotalka/web/can-motalka.ru/public_html/vqmod/xml/lightning.xml
   id        : OpenCart Lightning
   version   : 3.37
   vqmver    : 
   author    : MaxD http://devs.mx

File Name    : system/library/cache.php(0)
VQModObject::applyMod - SEARCH NOT FOUND (SKIPPED): if (is_file(DIR_SYSTEM . 'library/journal3/vendor/SuperCache

----------------------------------------------------------------------


---------- Date: 2026-03-30 08:40:01 ~ IP : 185.179.188.62 ----------
REQUEST URI : /index.php?route=module/popupcart_extended
MOD DETAILS:
   modFile   : /home/canmotalka/web/can-motalka.ru/public_html/vqmod/xml/lightning.xml
   id        : OpenCart Lightning
   version   : 3.37
   vqmver    : 
   author    : MaxD http://devs.mx

File Name    : system/library/cache.php(0)
VQModObject::applyMod - SEARCH NOT FOUND (SKIPPED): if (is_file(DIR_SYSTEM . 'library/journal3/vendor/SuperCache

----------------------------------------------------------------------


---------- Date: 2026-03-30 08:44:31 ~ IP : 185.179.188.62 ----------
REQUEST URI : /manual-podmotka-toyota-camry-corolla-tlc-rav4/
MOD DETAILS:
   modFile   : /home/canmotalka/web/can-motalka.ru/public_html/vqmod/xml/lightning.xml
   id        : OpenCart Lightning
   version   : 3.37
   vqmver    : 
   author    : MaxD http://devs.mx

File Name    : system/library/cache.php(0)
VQModObject::applyMod - SEARCH NOT FOUND (SKIPPED): if (is_file(DIR_SYSTEM . 'library/journal3/vendor/SuperCache

----------------------------------------------------------------------


---------- Date: 2026-03-30 08:44:33 ~ IP : 185.179.188.62 ----------
REQUEST URI : /index.php?route=module/popupcart_extended
MOD DETAILS:
   modFile   : /home/canmotalka/web/can-motalka.ru/public_html/vqmod/xml/lightning.xml
   id        : OpenCart Lightning
   version   : 3.37
   vqmver    : 
   author    : MaxD http://devs.mx

File Name    : system/library/cache.php(0)
VQModObject::applyMod - SEARCH NOT FOUND (SKIPPED): if (is_file(DIR_SYSTEM . 'library/journal3/vendor/SuperCache

----------------------------------------------------------------------


---------- Date: 2026-03-30 08:44:39 ~ IP : 185.179.188.62 ----------
REQUEST URI : /?ysclid=mncrjy5uon820080109
MOD DETAILS:
   modFile   : /home/canmotalka/web/can-motalka.ru/public_html/vqmod/xml/lightning.xml
   id        : OpenCart Lightning
   version   : 3.37
   vqmver    : 
   author    : MaxD http://devs.mx

File Name    : system/library/cache.php(0)
VQModObject::applyMod - SEARCH NOT FOUND (SKIPPED): if (is_file(DIR_SYSTEM . 'library/journal3/vendor/SuperCache

----------------------------------------------------------------------


---------- Date: 2026-03-30 08:45:10 ~ IP : 185.179.188.62 ----------
REQUEST URI : /index.php?route=module/popupcart_extended
MOD DETAILS:
   modFile   : /home/canmotalka/web/can-motalka.ru/public_html/vqmod/xml/lightning.xml
   id        : OpenCart Lightning
   version   : 3.37
   vqmver    : 
   author    : MaxD http://devs.mx

File Name    : system/library/cache.php(0)
VQModObject::applyMod - SEARCH NOT FOUND (SKIPPED): if (is_file(DIR_SYSTEM . 'library/journal3/vendor/SuperCache

----------------------------------------------------------------------


---------- Date: 2026-03-30 08:46:47 ~ IP : 185.179.188.62 ----------
REQUEST URI : /instrukciya-podmotka-vesta/
MOD DETAILS:
   modFile   : /home/canmotalka/web/can-motalka.ru/public_html/vqmod/xml/lightning.xml
   id        : OpenCart Lightning
   version   : 3.37
   vqmver    : 
   author    : MaxD http://devs.mx

File Name    : system/library/cache.php(0)
VQModObject::applyMod - SEARCH NOT FOUND (SKIPPED): if (is_file(DIR_SYSTEM . 'library/journal3/vendor/SuperCache

----------------------------------------------------------------------


---------- Date: 2026-03-30 08:46:48 ~ IP : 185.179.188.62 ----------
REQUEST URI : /index.php?route=module/popupcart_extended
MOD DETAILS:
   modFile   : /home/canmotalka/web/can-motalka.ru/public_html/vqmod/xml/lightning.xml
   id        : OpenCart Lightning
   version   : 3.37
   vqmver    : 
   author    : MaxD http://devs.mx

File Name    : system/library/cache.php(0)
VQModObject::applyMod - SEARCH NOT FOUND (SKIPPED): if (is_file(DIR_SYSTEM . 'library/journal3/vendor/SuperCache

----------------------------------------------------------------------


---------- Date: 2026-03-30 08:47:20 ~ IP : 185.179.188.62 ----------
REQUEST URI : /podmotka-spidometra-kia-rio/
MOD DETAILS:
   modFile   : /home/canmotalka/web/can-motalka.ru/public_html/vqmod/xml/lightning.xml
   id        : OpenCart Lightning
   version   : 3.37
   vqmver    : 
   author    : MaxD http://devs.mx

File Name    : system/library/cache.php(0)
VQModObject::applyMod - SEARCH NOT FOUND (SKIPPED): if (is_file(DIR_SYSTEM . 'library/journal3/vendor/SuperCache

----------------------------------------------------------------------


---------- Date: 2026-03-30 08:48:25 ~ IP : 185.179.188.62 ----------
REQUEST URI : /podmotka-spidometra-shevrole-niva-abs-bezlimitnaya/
MOD DETAILS:
   modFile   : /home/canmotalka/web/can-motalka.ru/public_html/vqmod/xml/lightning.xml
   id        : OpenCart Lightning
   version   : 3.37
   vqmver    : 
   author    : MaxD http://devs.mx

File Name    : system/library/cache.php(0)
VQModObject::applyMod - SEARCH NOT FOUND (SKIPPED): if (is_file(DIR_SYSTEM . 'library/journal3/vendor/SuperCache

----------------------------------------------------------------------


---------- Date: 2026-03-30 08:48:26 ~ IP : 185.179.188.62 ----------
REQUEST URI : /index.php?route=product/product/review&amp;product_id=276
MOD DETAILS:
   modFile   : /home/canmotalka/web/can-motalka.ru/public_html/vqmod/xml/lightning.xml
   id        : OpenCart Lightning
   version   : 3.37
   vqmver    : 
   author    : MaxD http://devs.mx

File Name    : system/library/cache.php(0)
VQModObject::applyMod - SEARCH NOT FOUND (SKIPPED): if (is_file(DIR_SYSTEM . 'library/journal3/vendor/SuperCache

----------------------------------------------------------------------


---------- Date: 2026-03-30 08:49:37 ~ IP : 185.179.188.62 ----------
REQUEST URI : /index.php?route=common/footer/click_counter
MOD DETAILS:
   modFile   : /home/canmotalka/web/can-motalka.ru/public_html/vqmod/xml/lightning.xml
   id        : OpenCart Lightning
   version   : 3.37
   vqmver    : 
   author    : MaxD http://devs.mx

File Name    : system/library/cache.php(0)
VQModObject::applyMod - SEARCH NOT FOUND (SKIPPED): if (is_file(DIR_SYSTEM . 'library/journal3/vendor/SuperCache

----------------------------------------------------------------------


---------- Date: 2026-03-30 08:51:51 ~ IP : 185.179.188.62 ----------
REQUEST URI : /niva_abs_re/
MOD DETAILS:
   modFile   : /home/canmotalka/web/can-motalka.ru/public_html/vqmod/xml/lightning.xml
   id        : OpenCart Lightning
   version   : 3.37
   vqmver    : 
   author    : MaxD http://devs.mx

File Name    : system/library/cache.php(0)
VQModObject::applyMod - SEARCH NOT FOUND (SKIPPED): if (is_file(DIR_SYSTEM . 'library/journal3/vendor/SuperCache

----------------------------------------------------------------------


---------- Date: 2026-03-30 08:55:37 ~ IP : 185.179.188.62 ----------
REQUEST URI : /index.php?route=common/footer/click_counter
MOD DETAILS:
   modFile   : /home/canmotalka/web/can-motalka.ru/public_html/vqmod/xml/lightning.xml
   id        : OpenCart Lightning
   version   : 3.37
   vqmver    : 
   author    : MaxD http://devs.mx

File Name    : system/library/cache.php(0)
VQModObject::applyMod - SEARCH NOT FOUND (SKIPPED): if (is_file(DIR_SYSTEM . 'library/journal3/vendor/SuperCache

----------------------------------------------------------------------


---------- Date: 2026-03-30 08:58:25 ~ IP : 185.179.188.62 ----------
REQUEST URI : /sitemap.xml
MOD DETAILS:
   modFile   : /home/canmotalka/web/can-motalka.ru/public_html/vqmod/xml/lightning.xml
   id        : OpenCart Lightning
   version   : 3.37
   vqmver    : 
   author    : MaxD http://devs.mx

File Name    : system/library/cache.php(0)
VQModObject::applyMod - SEARCH NOT FOUND (SKIPPED): if (is_file(DIR_SYSTEM . 'library/journal3/vendor/SuperCache

----------------------------------------------------------------------


---------- Date: 2026-03-30 08:58:25 ~ IP : 185.179.188.62 ----------
REQUEST URI : /index.php?route=feed/google_sitemap_fast
MOD DETAILS:
   modFile   : /home/canmotalka/web/can-motalka.ru/public_html/vqmod/xml/lightning.xml
   id        : OpenCart Lightning
   version   : 3.37
   vqmver    : 
   author    : MaxD http://devs.mx

File Name    : system/library/cache.php(0)
VQModObject::applyMod - SEARCH NOT FOUND (SKIPPED): if (is_file(DIR_SYSTEM . 'library/journal3/vendor/SuperCache

----------------------------------------------------------------------


---------- Date: 2026-03-30 09:00:59 ~ IP : 185.179.188.62 ----------
REQUEST URI : /podmotka-spidometra-haval-h9/
MOD DETAILS:
   modFile   : /home/canmotalka/web/can-motalka.ru/public_html/vqmod/xml/lightning.xml
   id        : OpenCart Lightning
   version   : 3.37
   vqmver    : 
   author    : MaxD http://devs.mx

File Name    : system/library/cache.php(0)
VQModObject::applyMod - SEARCH NOT FOUND (SKIPPED): if (is_file(DIR_SYSTEM . 'library/journal3/vendor/SuperCache

----------------------------------------------------------------------


---------- Date: 2026-03-30 09:01:00 ~ IP : 185.179.188.62 ----------
REQUEST URI : /index.php?route=product/product/review&amp;product_id=303
MOD DETAILS:
   modFile   : /home/canmotalka/web/can-motalka.ru/public_html/vqmod/xml/lightning.xml
   id        : OpenCart Lightning
   version   : 3.37
   vqmver    : 
   author    : MaxD http://devs.mx

File Name    : system/library/cache.php(0)
VQModObject::applyMod - SEARCH NOT FOUND (SKIPPED): if (is_file(DIR_SYSTEM . 'library/journal3/vendor/SuperCache

----------------------------------------------------------------------


---------- Date: 2026-03-30 09:01:00 ~ IP : 185.179.188.62 ----------
REQUEST URI : /index.php?route=module/popupcart_extended
MOD DETAILS:
   modFile   : /home/canmotalka/web/can-motalka.ru/public_html/vqmod/xml/lightning.xml
   id        : OpenCart Lightning
   version   : 3.37
   vqmver    : 
   author    : MaxD http://devs.mx

File Name    : system/library/cache.php(0)
VQModObject::applyMod - SEARCH NOT FOUND (SKIPPED): if (is_file(DIR_SYSTEM . 'library/journal3/vendor/SuperCache

----------------------------------------------------------------------


---------- Date: 2026-03-30 09:02:11 ~ IP : 185.179.188.62 ----------
REQUEST URI : /instrukciya-podmotka-kamaz/
MOD DETAILS:
   modFile   : /home/canmotalka/web/can-motalka.ru/public_html/vqmod/xml/lightning.xml
   id        : OpenCart Lightning
   version   : 3.37
   vqmver    : 
   author    : MaxD http://devs.mx

File Name    : system/library/cache.php(0)
VQModObject::applyMod - SEARCH NOT FOUND (SKIPPED): if (is_file(DIR_SYSTEM . 'library/journal3/vendor/SuperCache

----------------------------------------------------------------------


---------- Date: 2026-03-30 09:02:55 ~ IP : 185.179.188.62 ----------
REQUEST URI : /motalki/?ysclid=mncs7gtqug617091374
MOD DETAILS:
   modFile   : /home/canmotalka/web/can-motalka.ru/public_html/vqmod/xml/lightning.xml
   id        : OpenCart Lightning
   version   : 3.37
   vqmver    : 
   author    : MaxD http://devs.mx

File Name    : system/library/cache.php(0)
VQModObject::applyMod - SEARCH NOT FOUND (SKIPPED): if (is_file(DIR_SYSTEM . 'library/journal3/vendor/SuperCache

----------------------------------------------------------------------


---------- Date: 2026-03-30 09:03:35 ~ IP : 185.179.188.62 ----------
REQUEST URI : /contact/
MOD DETAILS:
   modFile   : /home/canmotalka/web/can-motalka.ru/public_html/vqmod/xml/lightning.xml
   id        : OpenCart Lightning
   version   : 3.37
   vqmver    : 
   author    : MaxD http://devs.mx

File Name    : system/library/cache.php(0)
VQModObject::applyMod - SEARCH NOT FOUND (SKIPPED): if (is_file(DIR_SYSTEM . 'library/journal3/vendor/SuperCache

----------------------------------------------------------------------


---------- Date: 2026-03-30 09:04:13 ~ IP : 185.179.188.62 ----------
REQUEST URI : /motalka_spidometra/
MOD DETAILS:
   modFile   : /home/canmotalka/web/can-motalka.ru/public_html/vqmod/xml/lightning.xml
   id        : OpenCart Lightning
   version   : 3.37
   vqmver    : 
   author    : MaxD http://devs.mx

File Name    : system/library/cache.php(0)
VQModObject::applyMod - SEARCH NOT FOUND (SKIPPED): if (is_file(DIR_SYSTEM . 'library/journal3/vendor/SuperCache

----------------------------------------------------------------------


---------- Date: 2026-03-30 09:04:14 ~ IP : 185.179.188.62 ----------
REQUEST URI : /index.php?route=module/popupcart_extended
MOD DETAILS:
   modFile   : /home/canmotalka/web/can-motalka.ru/public_html/vqmod/xml/lightning.xml
   id        : OpenCart Lightning
   version   : 3.37
   vqmver    : 
   author    : MaxD http://devs.mx

File Name    : system/library/cache.php(0)
VQModObject::applyMod - SEARCH NOT FOUND (SKIPPED): if (is_file(DIR_SYSTEM . 'library/journal3/vendor/SuperCache

----------------------------------------------------------------------


---------- Date: 2026-03-30 09:04:31 ~ IP : 185.179.188.62 ----------
REQUEST URI : /podmotka-spidometra-haval-h9/
MOD DETAILS:
   modFile   : /home/canmotalka/web/can-motalka.ru/public_html/vqmod/xml/lightning.xml
   id        : OpenCart Lightning
   version   : 3.37
   vqmver    : 
   author    : MaxD http://devs.mx

File Name    : system/library/cache.php(0)
VQModObject::applyMod - SEARCH NOT FOUND (SKIPPED): if (is_file(DIR_SYSTEM . 'library/journal3/vendor/SuperCache

----------------------------------------------------------------------


---------- Date: 2026-03-30 09:05:47 ~ IP : 185.179.188.62 ----------
REQUEST URI : /?ysclid=mncsb50qfv325586009
MOD DETAILS:
   modFile   : /home/canmotalka/web/can-motalka.ru/public_html/vqmod/xml/lightning.xml
   id        : OpenCart Lightning
   version   : 3.37
   vqmver    : 
   author    : MaxD http://devs.mx

File Name    : system/library/cache.php(0)
VQModObject::applyMod - SEARCH NOT FOUND (SKIPPED): if (is_file(DIR_SYSTEM . 'library/journal3/vendor/SuperCache

----------------------------------------------------------------------


---------- Date: 2026-03-30 09:05:56 ~ IP : 185.179.188.62 ----------
REQUEST URI : /index.php?route=product/product/review&amp;product_id=303
MOD DETAILS:
   modFile   : /home/canmotalka/web/can-motalka.ru/public_html/vqmod/xml/lightning.xml
   id        : OpenCart Lightning
   version   : 3.37
   vqmver    : 
   author    : MaxD http://devs.mx

File Name    : system/library/cache.php(0)
VQModObject::applyMod - SEARCH NOT FOUND (SKIPPED): if (is_file(DIR_SYSTEM . 'library/journal3/vendor/SuperCache

----------------------------------------------------------------------


---------- Date: 2026-03-30 09:06:36 ~ IP : 185.179.188.62 ----------
REQUEST URI : /instrukciya-dlya-ford-tranzit/
MOD DETAILS:
   modFile   : /home/canmotalka/web/can-motalka.ru/public_html/vqmod/xml/lightning.xml
   id        : OpenCart Lightning
   version   : 3.37
   vqmver    : 
   author    : MaxD http://devs.mx

File Name    : system/library/cache.php(0)
VQModObject::applyMod - SEARCH NOT FOUND (SKIPPED): if (is_file(DIR_SYSTEM . 'library/journal3/vendor/SuperCache

----------------------------------------------------------------------


---------- Date: 2026-03-30 09:06:40 ~ IP : 185.179.188.62 ----------
REQUEST URI : /index.php?route=module/popupcart_extended
MOD DETAILS:
   modFile   : /home/canmotalka/web/can-motalka.ru/public_html/vqmod/xml/lightning.xml
   id        : OpenCart Lightning
   version   : 3.37
   vqmver    : 
   author    : MaxD http://devs.mx

File Name    : system/library/cache.php(0)
VQModObject::applyMod - SEARCH NOT FOUND (SKIPPED): if (is_file(DIR_SYSTEM . 'library/journal3/vendor/SuperCache

----------------------------------------------------------------------


---------- Date: 2026-03-30 09:06:52 ~ IP : 185.179.188.62 ----------
REQUEST URI : /index.php?route=common/footer/click_counter
MOD DETAILS:
   modFile   : /home/canmotalka/web/can-motalka.ru/public_html/vqmod/xml/lightning.xml
   id        : OpenCart Lightning
   version   : 3.37
   vqmver    : 
   author    : MaxD http://devs.mx

File Name    : system/library/cache.php(0)
VQModObject::applyMod - SEARCH NOT FOUND (SKIPPED): if (is_file(DIR_SYSTEM . 'library/journal3/vendor/SuperCache

----------------------------------------------------------------------


---------- Date: 2026-03-30 09:06:57 ~ IP : 185.179.188.62 ----------
REQUEST URI : /podmotka-spidometra-lada-priora/?ysclid=mncscn4m1m579584517
MOD DETAILS:
   modFile   : /home/canmotalka/web/can-motalka.ru/public_html/vqmod/xml/lightning.xml
   id        : OpenCart Lightning
   version   : 3.37
   vqmver    : 
   author    : MaxD http://devs.mx

File Name    : system/library/cache.php(0)
VQModObject::applyMod - SEARCH NOT FOUND (SKIPPED): if (is_file(DIR_SYSTEM . 'library/journal3/vendor/SuperCache

----------------------------------------------------------------------


---------- Date: 2026-03-30 09:06:57 ~ IP : 185.179.188.62 ----------
REQUEST URI : /podmotka-spidometra-lada-priora/
MOD DETAILS:
   modFile   : /home/canmotalka/web/can-motalka.ru/public_html/vqmod/xml/lightning.xml
   id        : OpenCart Lightning
   version   : 3.37
   vqmver    : 
   author    : MaxD http://devs.mx

File Name    : system/library/cache.php(0)
VQModObject::applyMod - SEARCH NOT FOUND (SKIPPED): if (is_file(DIR_SYSTEM . 'library/journal3/vendor/SuperCache

----------------------------------------------------------------------


---------- Date: 2026-03-30 09:06:58 ~ IP : 185.179.188.62 ----------
REQUEST URI : /index.php?route=product/product/review&amp;product_id=112
MOD DETAILS:
   modFile   : /home/canmotalka/web/can-motalka.ru/public_html/vqmod/xml/lightning.xml
   id        : OpenCart Lightning
   version   : 3.37
   vqmver    : 
   author    : MaxD http://devs.mx

File Name    : system/library/cache.php(0)
VQModObject::applyMod - SEARCH NOT FOUND (SKIPPED): if (is_file(DIR_SYSTEM . 'library/journal3/vendor/SuperCache

----------------------------------------------------------------------


---------- Date: 2026-03-30 09:06:58 ~ IP : 185.179.188.62 ----------
REQUEST URI : /index.php?route=module/popupcart_extended
MOD DETAILS:
   modFile   : /home/canmotalka/web/can-motalka.ru/public_html/vqmod/xml/lightning.xml
   id        : OpenCart Lightning
   version   : 3.37
   vqmver    : 
   author    : MaxD http://devs.mx

File Name    : system/library/cache.php(0)
VQModObject::applyMod - SEARCH NOT FOUND (SKIPPED): if (is_file(DIR_SYSTEM . 'library/journal3/vendor/SuperCache

----------------------------------------------------------------------


---------- Date: 2026-03-30 09:08:21 ~ IP : 185.179.188.62 ----------
REQUEST URI : /index.php?route=module/popupcart_extended
MOD DETAILS:
   modFile   : /home/canmotalka/web/can-motalka.ru/public_html/vqmod/xml/lightning.xml
   id        : OpenCart Lightning
   version   : 3.37
   vqmver    : 
   author    : MaxD http://devs.mx

File Name    : system/library/cache.php(0)
VQModObject::applyMod - SEARCH NOT FOUND (SKIPPED): if (is_file(DIR_SYSTEM . 'library/journal3/vendor/SuperCache

----------------------------------------------------------------------


---------- Date: 2026-03-30 09:08:22 ~ IP : 185.179.188.62 ----------
REQUEST URI : /index.php?route=common/footer/click_counter
MOD DETAILS:
   modFile   : /home/canmotalka/web/can-motalka.ru/public_html/vqmod/xml/lightning.xml
   id        : OpenCart Lightning
   version   : 3.37
   vqmver    : 
   author    : MaxD http://devs.mx

File Name    : system/library/cache.php(0)
VQModObject::applyMod - SEARCH NOT FOUND (SKIPPED): if (is_file(DIR_SYSTEM . 'library/journal3/vendor/SuperCache

----------------------------------------------------------------------


---------- Date: 2026-03-30 09:08:33 ~ IP : 185.179.188.62 ----------
REQUEST URI : /index.php?route=common/footer/click_counter
MOD DETAILS:
   modFile   : /home/canmotalka/web/can-motalka.ru/public_html/vqmod/xml/lightning.xml
   id        : OpenCart Lightning
   version   : 3.37
   vqmver    : 
   author    : MaxD http://devs.mx

File Name    : system/library/cache.php(0)
VQModObject::applyMod - SEARCH NOT FOUND (SKIPPED): if (is_file(DIR_SYSTEM . 'library/journal3/vendor/SuperCache

----------------------------------------------------------------------


---------- Date: 2026-03-30 09:10:20 ~ IP : 185.179.188.62 ----------
REQUEST URI : /index.php?route=common/footer/click_counter
MOD DETAILS:
   modFile   : /home/canmotalka/web/can-motalka.ru/public_html/vqmod/xml/lightning.xml
   id        : OpenCart Lightning
   version   : 3.37
   vqmver    : 
   author    : MaxD http://devs.mx

File Name    : system/library/cache.php(0)
VQModObject::applyMod - SEARCH NOT FOUND (SKIPPED): if (is_file(DIR_SYSTEM . 'library/journal3/vendor/SuperCache

----------------------------------------------------------------------


---------- Date: 2026-03-30 09:10:54 ~ IP : 185.179.188.62 ----------
REQUEST URI : /instrukciya-podmotka-kamaz/?ysclid=mncshq3npw409746091
MOD DETAILS:
   modFile   : /home/canmotalka/web/can-motalka.ru/public_html/vqmod/xml/lightning.xml
   id        : OpenCart Lightning
   version   : 3.37
   vqmver    : 
   author    : MaxD http://devs.mx

File Name    : system/library/cache.php(0)
VQModObject::applyMod - SEARCH NOT FOUND (SKIPPED): if (is_file(DIR_SYSTEM . 'library/journal3/vendor/SuperCache

----------------------------------------------------------------------


---------- Date: 2026-03-30 09:10:55 ~ IP : 185.179.188.62 ----------
REQUEST URI : /instrukciya-podmotka-kamaz/
MOD DETAILS:
   modFile   : /home/canmotalka/web/can-motalka.ru/public_html/vqmod/xml/lightning.xml
   id        : OpenCart Lightning
   version   : 3.37
   vqmver    : 
   author    : MaxD http://devs.mx

File Name    : system/library/cache.php(0)
VQModObject::applyMod - SEARCH NOT FOUND (SKIPPED): if (is_file(DIR_SYSTEM . 'library/journal3/vendor/SuperCache

----------------------------------------------------------------------


---------- Date: 2026-03-30 09:10:56 ~ IP : 185.179.188.62 ----------
REQUEST URI : /index.php?route=module/popupcart_extended
MOD DETAILS:
   modFile   : /home/canmotalka/web/can-motalka.ru/public_html/vqmod/xml/lightning.xml
   id        : OpenCart Lightning
   version   : 3.37
   vqmver    : 
   author    : MaxD http://devs.mx

File Name    : system/library/cache.php(0)
VQModObject::applyMod - SEARCH NOT FOUND (SKIPPED): if (is_file(DIR_SYSTEM . 'library/journal3/vendor/SuperCache

----------------------------------------------------------------------


---------- Date: 2026-03-30 09:11:07 ~ IP : 185.179.188.62 ----------
REQUEST URI : /index.php?route=common/footer/click_counter
MOD DETAILS:
   modFile   : /home/canmotalka/web/can-motalka.ru/public_html/vqmod/xml/lightning.xml
   id        : OpenCart Lightning
   version   : 3.37
   vqmver    : 
   author    : MaxD http://devs.mx

File Name    : system/library/cache.php(0)
VQModObject::applyMod - SEARCH NOT FOUND (SKIPPED): if (is_file(DIR_SYSTEM . 'library/journal3/vendor/SuperCache

----------------------------------------------------------------------


---------- Date: 2026-03-30 09:12:30 ~ IP : 185.179.188.62 ----------
REQUEST URI : /index.php?route=common/footer/click_counter
MOD DETAILS:
   modFile   : /home/canmotalka/web/can-motalka.ru/public_html/vqmod/xml/lightning.xml
   id        : OpenCart Lightning
   version   : 3.37
   vqmver    : 
   author    : MaxD http://devs.mx

File Name    : system/library/cache.php(0)
VQModObject::applyMod - SEARCH NOT FOUND (SKIPPED): if (is_file(DIR_SYSTEM . 'library/journal3/vendor/SuperCache

----------------------------------------------------------------------


---------- Date: 2026-03-30 09:14:40 ~ IP : 185.179.188.62 ----------
REQUEST URI : /instrukciya-dlya-ford-tranzit/
MOD DETAILS:
   modFile   : /home/canmotalka/web/can-motalka.ru/public_html/vqmod/xml/lightning.xml
   id        : OpenCart Lightning
   version   : 3.37
   vqmver    : 
   author    : MaxD http://devs.mx

File Name    : system/library/cache.php(0)
VQModObject::applyMod - SEARCH NOT FOUND (SKIPPED): if (is_file(DIR_SYSTEM . 'library/journal3/vendor/SuperCache

----------------------------------------------------------------------


---------- Date: 2026-03-30 09:14:40 ~ IP : 185.179.188.62 ----------
REQUEST URI : /index.php?route=module/popupcart_extended
MOD DETAILS:
   modFile   : /home/canmotalka/web/can-motalka.ru/public_html/vqmod/xml/lightning.xml
   id        : OpenCart Lightning
   version   : 3.37
   vqmver    : 
   author    : MaxD http://devs.mx

File Name    : system/library/cache.php(0)
VQModObject::applyMod - SEARCH NOT FOUND (SKIPPED): if (is_file(DIR_SYSTEM . 'library/journal3/vendor/SuperCache

----------------------------------------------------------------------


---------- Date: 2026-03-30 09:14:51 ~ IP : 185.179.188.62 ----------
REQUEST URI : /contact/
MOD DETAILS:
   modFile   : /home/canmotalka/web/can-motalka.ru/public_html/vqmod/xml/lightning.xml
   id        : OpenCart Lightning
   version   : 3.37
   vqmver    : 
   author    : MaxD http://devs.mx

File Name    : system/library/cache.php(0)
VQModObject::applyMod - SEARCH NOT FOUND (SKIPPED): if (is_file(DIR_SYSTEM . 'library/journal3/vendor/SuperCache

----------------------------------------------------------------------


---------- Date: 2026-03-30 09:14:52 ~ IP : 185.179.188.62 ----------
REQUEST URI : /index.php?route=information/contact/success
MOD DETAILS:
   modFile   : /home/canmotalka/web/can-motalka.ru/public_html/vqmod/xml/lightning.xml
   id        : OpenCart Lightning
   version   : 3.37
   vqmver    : 
   author    : MaxD http://devs.mx

File Name    : system/library/cache.php(0)
VQModObject::applyMod - SEARCH NOT FOUND (SKIPPED): if (is_file(DIR_SYSTEM . 'library/journal3/vendor/SuperCache

----------------------------------------------------------------------


---------- Date: 2026-03-30 09:16:15 ~ IP : 185.179.188.62 ----------
REQUEST URI : /contact/
MOD DETAILS:
   modFile   : /home/canmotalka/web/can-motalka.ru/public_html/vqmod/xml/lightning.xml
   id        : OpenCart Lightning
   version   : 3.37
   vqmver    : 
   author    : MaxD http://devs.mx

File Name    : system/library/cache.php(0)
VQModObject::applyMod - SEARCH NOT FOUND (SKIPPED): if (is_file(DIR_SYSTEM . 'library/journal3/vendor/SuperCache

----------------------------------------------------------------------


---------- Date: 2026-03-30 09:16:26 ~ IP : 185.179.188.62 ----------
REQUEST URI : /index.php?route=common/footer/click_counter
MOD DETAILS:
   modFile   : /home/canmotalka/web/can-motalka.ru/public_html/vqmod/xml/lightning.xml
   id        : OpenCart Lightning
   version   : 3.37
   vqmver    : 
   author    : MaxD http://devs.mx

File Name    : system/library/cache.php(0)
VQModObject::applyMod - SEARCH NOT FOUND (SKIPPED): if (is_file(DIR_SYSTEM . 'library/journal3/vendor/SuperCache

----------------------------------------------------------------------


---------- Date: 2026-03-30 09:19:34 ~ IP : 185.179.188.62 ----------
REQUEST URI : /index.php?route=module/popupcart_extended
MOD DETAILS:
   modFile   : /home/canmotalka/web/can-motalka.ru/public_html/vqmod/xml/lightning.xml
   id        : OpenCart Lightning
   version   : 3.37
   vqmver    : 
   author    : MaxD http://devs.mx

File Name    : system/library/cache.php(0)
VQModObject::applyMod - SEARCH NOT FOUND (SKIPPED): if (is_file(DIR_SYSTEM . 'library/journal3/vendor/SuperCache

----------------------------------------------------------------------


---------- Date: 2026-03-30 09:26:31 ~ IP : 185.179.188.62 ----------
REQUEST URI : /podmotka-spidometra-nissan-x-trail/?ysclid=mnct1sjylq369088536
MOD DETAILS:
   modFile   : /home/canmotalka/web/can-motalka.ru/public_html/vqmod/xml/lightning.xml
   id        : OpenCart Lightning
   version   : 3.37
   vqmver    : 
   author    : MaxD http://devs.mx

File Name    : system/library/cache.php(0)
VQModObject::applyMod - SEARCH NOT FOUND (SKIPPED): if (is_file(DIR_SYSTEM . 'library/journal3/vendor/SuperCache

----------------------------------------------------------------------


---------- Date: 2026-03-30 09:26:32 ~ IP : 185.179.188.62 ----------
REQUEST URI : /podmotka-spidometra-nissan-x-trail/
MOD DETAILS:
   modFile   : /home/canmotalka/web/can-motalka.ru/public_html/vqmod/xml/lightning.xml
   id        : OpenCart Lightning
   version   : 3.37
   vqmver    : 
   author    : MaxD http://devs.mx

File Name    : system/library/cache.php(0)
VQModObject::applyMod - SEARCH NOT FOUND (SKIPPED): if (is_file(DIR_SYSTEM . 'library/journal3/vendor/SuperCache

----------------------------------------------------------------------


---------- Date: 2026-03-30 09:26:33 ~ IP : 185.179.188.62 ----------
REQUEST URI : /index.php?route=product/product/review&amp;product_id=151
MOD DETAILS:
   modFile   : /home/canmotalka/web/can-motalka.ru/public_html/vqmod/xml/lightning.xml
   id        : OpenCart Lightning
   version   : 3.37
   vqmver    : 
   author    : MaxD http://devs.mx

File Name    : system/library/cache.php(0)
VQModObject::applyMod - SEARCH NOT FOUND (SKIPPED): if (is_file(DIR_SYSTEM . 'library/journal3/vendor/SuperCache

----------------------------------------------------------------------


---------- Date: 2026-03-30 09:26:33 ~ IP : 185.179.188.62 ----------
REQUEST URI : /index.php?route=module/popupcart_extended
MOD DETAILS:
   modFile   : /home/canmotalka/web/can-motalka.ru/public_html/vqmod/xml/lightning.xml
   id        : OpenCart Lightning
   version   : 3.37
   vqmver    : 
   author    : MaxD http://devs.mx

File Name    : system/library/cache.php(0)
VQModObject::applyMod - SEARCH NOT FOUND (SKIPPED): if (is_file(DIR_SYSTEM . 'library/journal3/vendor/SuperCache

----------------------------------------------------------------------


---------- Date: 2026-03-30 09:28:32 ~ IP : 185.179.188.62 ----------
REQUEST URI : /podmotka-spidometra-toyota-corolla/
MOD DETAILS:
   modFile   : /home/canmotalka/web/can-motalka.ru/public_html/vqmod/xml/lightning.xml
   id        : OpenCart Lightning
   version   : 3.37
   vqmver    : 
   author    : MaxD http://devs.mx

File Name    : system/library/cache.php(0)
VQModObject::applyMod - SEARCH NOT FOUND (SKIPPED): if (is_file(DIR_SYSTEM . 'library/journal3/vendor/SuperCache

----------------------------------------------------------------------


---------- Date: 2026-03-30 09:28:44 ~ IP : 185.179.188.62 ----------
REQUEST URI : /index.php?route=product/product/review&amp;product_id=197
MOD DETAILS:
   modFile   : /home/canmotalka/web/can-motalka.ru/public_html/vqmod/xml/lightning.xml
   id        : OpenCart Lightning
   version   : 3.37
   vqmver    : 
   author    : MaxD http://devs.mx

File Name    : system/library/cache.php(0)
VQModObject::applyMod - SEARCH NOT FOUND (SKIPPED): if (is_file(DIR_SYSTEM . 'library/journal3/vendor/SuperCache

----------------------------------------------------------------------


---------- Date: 2026-03-30 09:40:03 ~ IP : 185.179.188.62 ----------
REQUEST URI : /.well-known/traffic-advice
MOD DETAILS:
   modFile   : /home/canmotalka/web/can-motalka.ru/public_html/vqmod/xml/lightning.xml
   id        : OpenCart Lightning
   version   : 3.37
   vqmver    : 
   author    : MaxD http://devs.mx

File Name    : system/library/cache.php(0)
VQModObject::applyMod - SEARCH NOT FOUND (SKIPPED): if (is_file(DIR_SYSTEM . 'library/journal3/vendor/SuperCache

----------------------------------------------------------------------


---------- Date: 2026-03-30 09:40:03 ~ IP : 185.179.188.62 ----------
REQUEST URI : /instrukciya-dlya-podmotki-lada-niva/
MOD DETAILS:
   modFile   : /home/canmotalka/web/can-motalka.ru/public_html/vqmod/xml/lightning.xml
   id        : OpenCart Lightning
   version   : 3.37
   vqmver    : 
   author    : MaxD http://devs.mx

File Name    : system/library/cache.php(0)
VQModObject::applyMod - SEARCH NOT FOUND (SKIPPED): if (is_file(DIR_SYSTEM . 'library/journal3/vendor/SuperCache

----------------------------------------------------------------------


---------- Date: 2026-03-30 09:43:06 ~ IP : 185.179.188.62 ----------
REQUEST URI : /?ysclid=mnctn4tbi5491578780
MOD DETAILS:
   modFile   : /home/canmotalka/web/can-motalka.ru/public_html/vqmod/xml/lightning.xml
   id        : OpenCart Lightning
   version   : 3.37
   vqmver    : 
   author    : MaxD http://devs.mx

File Name    : system/library/cache.php(0)
VQModObject::applyMod - SEARCH NOT FOUND (SKIPPED): if (is_file(DIR_SYSTEM . 'library/journal3/vendor/SuperCache

----------------------------------------------------------------------


---------- Date: 2026-03-30 09:43:37 ~ IP : 185.179.188.62 ----------
REQUEST URI : /index.php?route=module/popupcart_extended
MOD DETAILS:
   modFile   : /home/canmotalka/web/can-motalka.ru/public_html/vqmod/xml/lightning.xml
   id        : OpenCart Lightning
   version   : 3.37
   vqmver    : 
   author    : MaxD http://devs.mx

File Name    : system/library/cache.php(0)
VQModObject::applyMod - SEARCH NOT FOUND (SKIPPED): if (is_file(DIR_SYSTEM . 'library/journal3/vendor/SuperCache

----------------------------------------------------------------------


---------- Date: 2026-03-30 09:46:06 ~ IP : 185.179.188.62 ----------
REQUEST URI : /niva_abs_re/
MOD DETAILS:
   modFile   : /home/canmotalka/web/can-motalka.ru/public_html/vqmod/xml/lightning.xml
   id        : OpenCart Lightning
   version   : 3.37
   vqmver    : 
   author    : MaxD http://devs.mx

File Name    : system/library/cache.php(0)
VQModObject::applyMod - SEARCH NOT FOUND (SKIPPED): if (is_file(DIR_SYSTEM . 'library/journal3/vendor/SuperCache

----------------------------------------------------------------------


---------- Date: 2026-03-30 09:47:01 ~ IP : 185.179.188.62 ----------
REQUEST URI : /podmotka-spidometra-gazel-v-prikurivatel/?ysclid=mncts5dr3476863484
MOD DETAILS:
   modFile   : /home/canmotalka/web/can-motalka.ru/public_html/vqmod/xml/lightning.xml
   id        : OpenCart Lightning
   version   : 3.37
   vqmver    : 
   author    : MaxD http://devs.mx

File Name    : system/library/cache.php(0)
VQModObject::applyMod - SEARCH NOT FOUND (SKIPPED): if (is_file(DIR_SYSTEM . 'library/journal3/vendor/SuperCache

----------------------------------------------------------------------


---------- Date: 2026-03-30 09:47:01 ~ IP : 185.179.188.62 ----------
REQUEST URI : /podmotka-spidometra-gazel-v-prikurivatel/
MOD DETAILS:
   modFile   : /home/canmotalka/web/can-motalka.ru/public_html/vqmod/xml/lightning.xml
   id        : OpenCart Lightning
   version   : 3.37
   vqmver    : 
   author    : MaxD http://devs.mx

File Name    : system/library/cache.php(0)
VQModObject::applyMod - SEARCH NOT FOUND (SKIPPED): if (is_file(DIR_SYSTEM . 'library/journal3/vendor/SuperCache

----------------------------------------------------------------------


---------- Date: 2026-03-30 09:47:03 ~ IP : 185.179.188.62 ----------
REQUEST URI : /index.php?route=product/product/review&amp;product_id=298
MOD DETAILS:
   modFile   : /home/canmotalka/web/can-motalka.ru/public_html/vqmod/xml/lightning.xml
   id        : OpenCart Lightning
   version   : 3.37
   vqmver    : 
   author    : MaxD http://devs.mx

File Name    : system/library/cache.php(0)
VQModObject::applyMod - SEARCH NOT FOUND (SKIPPED): if (is_file(DIR_SYSTEM . 'library/journal3/vendor/SuperCache

----------------------------------------------------------------------


---------- Date: 2026-03-30 09:47:03 ~ IP : 185.179.188.62 ----------
REQUEST URI : /index.php?route=module/popupcart_extended
MOD DETAILS:
   modFile   : /home/canmotalka/web/can-motalka.ru/public_html/vqmod/xml/lightning.xml
   id        : OpenCart Lightning
   version   : 3.37
   vqmver    : 
   author    : MaxD http://devs.mx

File Name    : system/library/cache.php(0)
VQModObject::applyMod - SEARCH NOT FOUND (SKIPPED): if (is_file(DIR_SYSTEM . 'library/journal3/vendor/SuperCache

----------------------------------------------------------------------


---------- Date: 2026-03-30 09:50:39 ~ IP : 185.179.188.62 ----------
REQUEST URI : /podmotka-spidometra-renault-logan-2005-2014/
MOD DETAILS:
   modFile   : /home/canmotalka/web/can-motalka.ru/public_html/vqmod/xml/lightning.xml
   id        : OpenCart Lightning
   version   : 3.37
   vqmver    : 
   author    : MaxD http://devs.mx

File Name    : system/library/cache.php(0)
VQModObject::applyMod - SEARCH NOT FOUND (SKIPPED): if (is_file(DIR_SYSTEM . 'library/journal3/vendor/SuperCache

----------------------------------------------------------------------


---------- Date: 2026-03-30 09:50:40 ~ IP : 185.179.188.62 ----------
REQUEST URI : /index.php?route=product/product/review&amp;product_id=259
MOD DETAILS:
   modFile   : /home/canmotalka/web/can-motalka.ru/public_html/vqmod/xml/lightning.xml
   id        : OpenCart Lightning
   version   : 3.37
   vqmver    : 
   author    : MaxD http://devs.mx

File Name    : system/library/cache.php(0)
VQModObject::applyMod - SEARCH NOT FOUND (SKIPPED): if (is_file(DIR_SYSTEM . 'library/journal3/vendor/SuperCache

----------------------------------------------------------------------


---------- Date: 2026-03-30 09:54:59 ~ IP : 185.179.188.62 ----------
REQUEST URI : /podmotka-spidometra-uaz-patriot/?ysclid=mncu2eiaz9366015715
MOD DETAILS:
   modFile   : /home/canmotalka/web/can-motalka.ru/public_html/vqmod/xml/lightning.xml
   id        : OpenCart Lightning
   version   : 3.37
   vqmver    : 
   author    : MaxD http://devs.mx

File Name    : system/library/cache.php(0)
VQModObject::applyMod - SEARCH NOT FOUND (SKIPPED): if (is_file(DIR_SYSTEM . 'library/journal3/vendor/SuperCache

----------------------------------------------------------------------


---------- Date: 2026-03-30 09:54:59 ~ IP : 185.179.188.62 ----------
REQUEST URI : /podmotka-spidometra-uaz-patriot/
MOD DETAILS:
   modFile   : /home/canmotalka/web/can-motalka.ru/public_html/vqmod/xml/lightning.xml
   id        : OpenCart Lightning
   version   : 3.37
   vqmver    : 
   author    : MaxD http://devs.mx

File Name    : system/library/cache.php(0)
VQModObject::applyMod - SEARCH NOT FOUND (SKIPPED): if (is_file(DIR_SYSTEM . 'library/journal3/vendor/SuperCache

----------------------------------------------------------------------


---------- Date: 2026-03-30 09:55:02 ~ IP : 185.179.188.62 ----------
REQUEST URI : /index.php?route=product/product/review&amp;product_id=277
MOD DETAILS:
   modFile   : /home/canmotalka/web/can-motalka.ru/public_html/vqmod/xml/lightning.xml
   id        : OpenCart Lightning
   version   : 3.37
   vqmver    : 
   author    : MaxD http://devs.mx

File Name    : system/library/cache.php(0)
VQModObject::applyMod - SEARCH NOT FOUND (SKIPPED): if (is_file(DIR_SYSTEM . 'library/journal3/vendor/SuperCache

----------------------------------------------------------------------


---------- Date: 2026-03-30 09:55:03 ~ IP : 185.179.188.62 ----------
REQUEST URI : /index.php?route=module/popupcart_extended
MOD DETAILS:
   modFile   : /home/canmotalka/web/can-motalka.ru/public_html/vqmod/xml/lightning.xml
   id        : OpenCart Lightning
   version   : 3.37
   vqmver    : 
   author    : MaxD http://devs.mx

File Name    : system/library/cache.php(0)
VQModObject::applyMod - SEARCH NOT FOUND (SKIPPED): if (is_file(DIR_SYSTEM . 'library/journal3/vendor/SuperCache

----------------------------------------------------------------------


---------- Date: 2026-03-30 09:55:07 ~ IP : 185.179.188.62 ----------
REQUEST URI : /index.php?route=common/footer/click_counter
MOD DETAILS:
   modFile   : /home/canmotalka/web/can-motalka.ru/public_html/vqmod/xml/lightning.xml
   id        : OpenCart Lightning
   version   : 3.37
   vqmver    : 
   author    : MaxD http://devs.mx

File Name    : system/library/cache.php(0)
VQModObject::applyMod - SEARCH NOT FOUND (SKIPPED): if (is_file(DIR_SYSTEM . 'library/journal3/vendor/SuperCache

----------------------------------------------------------------------


---------- Date: 2026-03-30 10:04:36 ~ IP : 185.179.188.62 ----------
REQUEST URI : /namotchik-probega-dlya-audi-q5/
MOD DETAILS:
   modFile   : /home/canmotalka/web/can-motalka.ru/public_html/vqmod/xml/lightning.xml
   id        : OpenCart Lightning
   version   : 3.37
   vqmver    : 
   author    : MaxD http://devs.mx

File Name    : system/library/cache.php(0)
VQModObject::applyMod - SEARCH NOT FOUND (SKIPPED): if (is_file(DIR_SYSTEM . 'library/journal3/vendor/SuperCache

----------------------------------------------------------------------


---------- Date: 2026-03-30 10:04:55 ~ IP : 185.179.188.62 ----------
REQUEST URI : /index.php?route=product/product/review&amp;product_id=237
MOD DETAILS:
   modFile   : /home/canmotalka/web/can-motalka.ru/public_html/vqmod/xml/lightning.xml
   id        : OpenCart Lightning
   version   : 3.37
   vqmver    : 
   author    : MaxD http://devs.mx

File Name    : system/library/cache.php(0)
VQModObject::applyMod - SEARCH NOT FOUND (SKIPPED): if (is_file(DIR_SYSTEM . 'library/journal3/vendor/SuperCache

----------------------------------------------------------------------


---------- Date: 2026-03-30 10:05:06 ~ IP : 185.179.188.62 ----------
REQUEST URI : /index.php?route=module/popupcart_extended
MOD DETAILS:
   modFile   : /home/canmotalka/web/can-motalka.ru/public_html/vqmod/xml/lightning.xml
   id        : OpenCart Lightning
   version   : 3.37
   vqmver    : 
   author    : MaxD http://devs.mx

File Name    : system/library/cache.php(0)
VQModObject::applyMod - SEARCH NOT FOUND (SKIPPED): if (is_file(DIR_SYSTEM . 'library/journal3/vendor/SuperCache

----------------------------------------------------------------------


---------- Date: 2026-03-30 10:05:17 ~ IP : 185.179.188.62 ----------
REQUEST URI : /?ysclid=mncufn71h8943662559
MOD DETAILS:
   modFile   : /home/canmotalka/web/can-motalka.ru/public_html/vqmod/xml/lightning.xml
   id        : OpenCart Lightning
   version   : 3.37
   vqmver    : 
   author    : MaxD http://devs.mx

File Name    : system/library/cache.php(0)
VQModObject::applyMod - SEARCH NOT FOUND (SKIPPED): if (is_file(DIR_SYSTEM . 'library/journal3/vendor/SuperCache

----------------------------------------------------------------------


---------- Date: 2026-03-30 10:05:18 ~ IP : 185.179.188.62 ----------
REQUEST URI : /index.php?route=module/popupcart_extended
MOD DETAILS:
   modFile   : /home/canmotalka/web/can-motalka.ru/public_html/vqmod/xml/lightning.xml
   id        : OpenCart Lightning
   version   : 3.37
   vqmver    : 
   author    : MaxD http://devs.mx

File Name    : system/library/cache.php(0)
VQModObject::applyMod - SEARCH NOT FOUND (SKIPPED): if (is_file(DIR_SYSTEM . 'library/journal3/vendor/SuperCache

----------------------------------------------------------------------


---------- Date: 2026-03-30 10:08:31 ~ IP : 185.179.188.62 ----------
REQUEST URI : /podmotka-krutilka-spidometra-gazel-biznes-benzin-evotec-ili-cummins/
MOD DETAILS:
   modFile   : /home/canmotalka/web/can-motalka.ru/public_html/vqmod/xml/lightning.xml
   id        : OpenCart Lightning
   version   : 3.37
   vqmver    : 
   author    : MaxD http://devs.mx

File Name    : system/library/cache.php(0)
VQModObject::applyMod - SEARCH NOT FOUND (SKIPPED): if (is_file(DIR_SYSTEM . 'library/journal3/vendor/SuperCache

----------------------------------------------------------------------


---------- Date: 2026-03-30 10:08:33 ~ IP : 185.179.188.62 ----------
REQUEST URI : /index.php?route=module/popupcart_extended
MOD DETAILS:
   modFile   : /home/canmotalka/web/can-motalka.ru/public_html/vqmod/xml/lightning.xml
   id        : OpenCart Lightning
   version   : 3.37
   vqmver    : 
   author    : MaxD http://devs.mx

File Name    : system/library/cache.php(0)
VQModObject::applyMod - SEARCH NOT FOUND (SKIPPED): if (is_file(DIR_SYSTEM . 'library/journal3/vendor/SuperCache

----------------------------------------------------------------------


---------- Date: 2026-03-30 10:08:33 ~ IP : 185.179.188.62 ----------
REQUEST URI : /index.php?route=product/product/review&amp;product_id=98
MOD DETAILS:
   modFile   : /home/canmotalka/web/can-motalka.ru/public_html/vqmod/xml/lightning.xml
   id        : OpenCart Lightning
   version   : 3.37
   vqmver    : 
   author    : MaxD http://devs.mx

File Name    : system/library/cache.php(0)
VQModObject::applyMod - SEARCH NOT FOUND (SKIPPED): if (is_file(DIR_SYSTEM . 'library/journal3/vendor/SuperCache

----------------------------------------------------------------------


---------- Date: 2026-03-30 10:09:16 ~ IP : 185.179.188.62 ----------
REQUEST URI : /sitemap.xml
MOD DETAILS:
   modFile   : /home/canmotalka/web/can-motalka.ru/public_html/vqmod/xml/lightning.xml
   id        : OpenCart Lightning
   version   : 3.37
   vqmver    : 
   author    : MaxD http://devs.mx

File Name    : system/library/cache.php(0)
VQModObject::applyMod - SEARCH NOT FOUND (SKIPPED): if (is_file(DIR_SYSTEM . 'library/journal3/vendor/SuperCache

----------------------------------------------------------------------


---------- Date: 2026-03-30 10:09:20 ~ IP : 185.179.188.62 ----------
REQUEST URI : /index.php?route=common/footer/click_counter
MOD DETAILS:
   modFile   : /home/canmotalka/web/can-motalka.ru/public_html/vqmod/xml/lightning.xml
   id        : OpenCart Lightning
   version   : 3.37
   vqmver    : 
   author    : MaxD http://devs.mx

File Name    : system/library/cache.php(0)
VQModObject::applyMod - SEARCH NOT FOUND (SKIPPED): if (is_file(DIR_SYSTEM . 'library/journal3/vendor/SuperCache

----------------------------------------------------------------------


---------- Date: 2026-03-30 10:11:08 ~ IP : 185.179.188.62 ----------
REQUEST URI : /podmotka_vw_manual/
MOD DETAILS:
   modFile   : /home/canmotalka/web/can-motalka.ru/public_html/vqmod/xml/lightning.xml
   id        : OpenCart Lightning
   version   : 3.37
   vqmver    : 
   author    : MaxD http://devs.mx

File Name    : system/library/cache.php(0)
VQModObject::applyMod - SEARCH NOT FOUND (SKIPPED): if (is_file(DIR_SYSTEM . 'library/journal3/vendor/SuperCache

----------------------------------------------------------------------


---------- Date: 2026-03-30 10:11:09 ~ IP : 185.179.188.62 ----------
REQUEST URI : /index.php?route=module/popupcart_extended
MOD DETAILS:
   modFile   : /home/canmotalka/web/can-motalka.ru/public_html/vqmod/xml/lightning.xml
   id        : OpenCart Lightning
   version   : 3.37
   vqmver    : 
   author    : MaxD http://devs.mx

File Name    : system/library/cache.php(0)
VQModObject::applyMod - SEARCH NOT FOUND (SKIPPED): if (is_file(DIR_SYSTEM . 'library/journal3/vendor/SuperCache

----------------------------------------------------------------------


---------- Date: 2026-03-30 10:11:55 ~ IP : 185.179.188.62 ----------
REQUEST URI : /granta_video_manual/
MOD DETAILS:
   modFile   : /home/canmotalka/web/can-motalka.ru/public_html/vqmod/xml/lightning.xml
   id        : OpenCart Lightning
   version   : 3.37
   vqmver    : 
   author    : MaxD http://devs.mx

File Name    : system/library/cache.php(0)
VQModObject::applyMod - SEARCH NOT FOUND (SKIPPED): if (is_file(DIR_SYSTEM . 'library/journal3/vendor/SuperCache

----------------------------------------------------------------------


---------- Date: 2026-03-30 10:11:56 ~ IP : 185.179.188.62 ----------
REQUEST URI : /index.php?route=module/popupcart_extended
MOD DETAILS:
   modFile   : /home/canmotalka/web/can-motalka.ru/public_html/vqmod/xml/lightning.xml
   id        : OpenCart Lightning
   version   : 3.37
   vqmver    : 
   author    : MaxD http://devs.mx

File Name    : system/library/cache.php(0)
VQModObject::applyMod - SEARCH NOT FOUND (SKIPPED): if (is_file(DIR_SYSTEM . 'library/journal3/vendor/SuperCache

----------------------------------------------------------------------


---------- Date: 2026-03-30 10:15:12 ~ IP : 185.179.188.62 ----------
REQUEST URI : /podmotka-spidometra-jac-t6/?ysclid=mncuseqdp7136631148
MOD DETAILS:
   modFile   : /home/canmotalka/web/can-motalka.ru/public_html/vqmod/xml/lightning.xml
   id        : OpenCart Lightning
   version   : 3.37
   vqmver    : 
   author    : MaxD http://devs.mx

File Name    : system/library/cache.php(0)
VQModObject::applyMod - SEARCH NOT FOUND (SKIPPED): if (is_file(DIR_SYSTEM . 'library/journal3/vendor/SuperCache

----------------------------------------------------------------------


---------- Date: 2026-03-30 10:15:12 ~ IP : 185.179.188.62 ----------
REQUEST URI : /podmotka-spidometra-jac-t6/
MOD DETAILS:
   modFile   : /home/canmotalka/web/can-motalka.ru/public_html/vqmod/xml/lightning.xml
   id        : OpenCart Lightning
   version   : 3.37
   vqmver    : 
   author    : MaxD http://devs.mx

File Name    : system/library/cache.php(0)
VQModObject::applyMod - SEARCH NOT FOUND (SKIPPED): if (is_file(DIR_SYSTEM . 'library/journal3/vendor/SuperCache

----------------------------------------------------------------------


---------- Date: 2026-03-30 10:15:18 ~ IP : 185.179.188.62 ----------
REQUEST URI : /index.php?route=product/product/review&amp;product_id=310
MOD DETAILS:
   modFile   : /home/canmotalka/web/can-motalka.ru/public_html/vqmod/xml/lightning.xml
   id        : OpenCart Lightning
   version   : 3.37
   vqmver    : 
   author    : MaxD http://devs.mx

File Name    : system/library/cache.php(0)
VQModObject::applyMod - SEARCH NOT FOUND (SKIPPED): if (is_file(DIR_SYSTEM . 'library/journal3/vendor/SuperCache

----------------------------------------------------------------------


---------- Date: 2026-03-30 10:15:18 ~ IP : 185.179.188.62 ----------
REQUEST URI : /index.php?route=module/popupcart_extended
MOD DETAILS:
   modFile   : /home/canmotalka/web/can-motalka.ru/public_html/vqmod/xml/lightning.xml
   id        : OpenCart Lightning
   version   : 3.37
   vqmver    : 
   author    : MaxD http://devs.mx

File Name    : system/library/cache.php(0)
VQModObject::applyMod - SEARCH NOT FOUND (SKIPPED): if (is_file(DIR_SYSTEM . 'library/journal3/vendor/SuperCache

----------------------------------------------------------------------


---------- Date: 2026-03-30 10:16:47 ~ IP : 185.179.188.62 ----------
REQUEST URI : /sitemap.xml
MOD DETAILS:
   modFile   : /home/canmotalka/web/can-motalka.ru/public_html/vqmod/xml/lightning.xml
   id        : OpenCart Lightning
   version   : 3.37
   vqmver    : 
   author    : MaxD http://devs.mx

File Name    : system/library/cache.php(0)
VQModObject::applyMod - SEARCH NOT FOUND (SKIPPED): if (is_file(DIR_SYSTEM . 'library/journal3/vendor/SuperCache

----------------------------------------------------------------------


---------- Date: 2026-03-30 10:19:52 ~ IP : 185.179.188.62 ----------
REQUEST URI : /camry70_photo_manual/
MOD DETAILS:
   modFile   : /home/canmotalka/web/can-motalka.ru/public_html/vqmod/xml/lightning.xml
   id        : OpenCart Lightning
   version   : 3.37
   vqmver    : 
   author    : MaxD http://devs.mx

File Name    : system/library/cache.php(0)
VQModObject::applyMod - SEARCH NOT FOUND (SKIPPED): if (is_file(DIR_SYSTEM . 'library/journal3/vendor/SuperCache

----------------------------------------------------------------------


---------- Date: 2026-03-30 10:22:08 ~ IP : 185.179.188.62 ----------
REQUEST URI : /index.php?route=product/product/review&amp;product_id=303
MOD DETAILS:
   modFile   : /home/canmotalka/web/can-motalka.ru/public_html/vqmod/xml/lightning.xml
   id        : OpenCart Lightning
   version   : 3.37
   vqmver    : 
   author    : MaxD http://devs.mx

File Name    : system/library/cache.php(0)
VQModObject::applyMod - SEARCH NOT FOUND (SKIPPED): if (is_file(DIR_SYSTEM . 'library/journal3/vendor/SuperCache

----------------------------------------------------------------------


---------- Date: 2026-03-30 10:22:28 ~ IP : 185.179.188.62 ----------
REQUEST URI : /otzyvy/
MOD DETAILS:
   modFile   : /home/canmotalka/web/can-motalka.ru/public_html/vqmod/xml/lightning.xml
   id        : OpenCart Lightning
   version   : 3.37
   vqmver    : 
   author    : MaxD http://devs.mx

File Name    : system/library/cache.php(0)
VQModObject::applyMod - SEARCH NOT FOUND (SKIPPED): if (is_file(DIR_SYSTEM . 'library/journal3/vendor/SuperCache

----------------------------------------------------------------------


---------- Date: 2026-03-30 10:22:28 ~ IP : 185.179.188.62 ----------
REQUEST URI : /podmotka-spidometra-dlya-lada-granta-bez-abs-bezlimitnaya
MOD DETAILS:
   modFile   : /home/canmotalka/web/can-motalka.ru/public_html/vqmod/xml/lightning.xml
   id        : OpenCart Lightning
   version   : 3.37
   vqmver    : 
   author    : MaxD http://devs.mx

File Name    : system/library/cache.php(0)
VQModObject::applyMod - SEARCH NOT FOUND (SKIPPED): if (is_file(DIR_SYSTEM . 'library/journal3/vendor/SuperCache

----------------------------------------------------------------------


---------- Date: 2026-03-30 10:22:29 ~ IP : 185.179.188.62 ----------
REQUEST URI : /podmotka-spidometra-dlya-lada-granta-bez-abs-bezlimitnaya/
MOD DETAILS:
   modFile   : /home/canmotalka/web/can-motalka.ru/public_html/vqmod/xml/lightning.xml
   id        : OpenCart Lightning
   version   : 3.37
   vqmver    : 
   author    : MaxD http://devs.mx

File Name    : system/library/cache.php(0)
VQModObject::applyMod - SEARCH NOT FOUND (SKIPPED): if (is_file(DIR_SYSTEM . 'library/journal3/vendor/SuperCache

----------------------------------------------------------------------


---------- Date: 2026-03-30 10:22:31 ~ IP : 185.179.188.62 ----------
REQUEST URI : /index.php?route=product/product/review&amp;product_id=303
MOD DETAILS:
   modFile   : /home/canmotalka/web/can-motalka.ru/public_html/vqmod/xml/lightning.xml
   id        : OpenCart Lightning
   version   : 3.37
   vqmver    : 
   author    : MaxD http://devs.mx

File Name    : system/library/cache.php(0)
VQModObject::applyMod - SEARCH NOT FOUND (SKIPPED): if (is_file(DIR_SYSTEM . 'library/journal3/vendor/SuperCache

----------------------------------------------------------------------


---------- Date: 2026-03-30 10:22:49 ~ IP : 185.179.188.62 ----------
REQUEST URI : /podmotka-spidometra-reno-logan-za-3000r/?ysclid=mncv27dfqq169639937
MOD DETAILS:
   modFile   : /home/canmotalka/web/can-motalka.ru/public_html/vqmod/xml/lightning.xml
   id        : OpenCart Lightning
   version   : 3.37
   vqmver    : 
   author    : MaxD http://devs.mx

File Name    : system/library/cache.php(0)
VQModObject::applyMod - SEARCH NOT FOUND (SKIPPED): if (is_file(DIR_SYSTEM . 'library/journal3/vendor/SuperCache

----------------------------------------------------------------------


---------- Date: 2026-03-30 10:22:49 ~ IP : 185.179.188.62 ----------
REQUEST URI : /podmotka-spidometra-reno-logan-za-3000r/
MOD DETAILS:
   modFile   : /home/canmotalka/web/can-motalka.ru/public_html/vqmod/xml/lightning.xml
   id        : OpenCart Lightning
   version   : 3.37
   vqmver    : 
   author    : MaxD http://devs.mx

File Name    : system/library/cache.php(0)
VQModObject::applyMod - SEARCH NOT FOUND (SKIPPED): if (is_file(DIR_SYSTEM . 'library/journal3/vendor/SuperCache

----------------------------------------------------------------------


---------- Date: 2026-03-30 10:22:51 ~ IP : 185.179.188.62 ----------
REQUEST URI : /index.php?route=product/product/review&amp;product_id=187
MOD DETAILS:
   modFile   : /home/canmotalka/web/can-motalka.ru/public_html/vqmod/xml/lightning.xml
   id        : OpenCart Lightning
   version   : 3.37
   vqmver    : 
   author    : MaxD http://devs.mx

File Name    : system/library/cache.php(0)
VQModObject::applyMod - SEARCH NOT FOUND (SKIPPED): if (is_file(DIR_SYSTEM . 'library/journal3/vendor/SuperCache

----------------------------------------------------------------------


---------- Date: 2026-03-30 10:22:51 ~ IP : 185.179.188.62 ----------
REQUEST URI : /index.php?route=module/popupcart_extended
MOD DETAILS:
   modFile   : /home/canmotalka/web/can-motalka.ru/public_html/vqmod/xml/lightning.xml
   id        : OpenCart Lightning
   version   : 3.37
   vqmver    : 
   author    : MaxD http://devs.mx

File Name    : system/library/cache.php(0)
VQModObject::applyMod - SEARCH NOT FOUND (SKIPPED): if (is_file(DIR_SYSTEM . 'library/journal3/vendor/SuperCache

----------------------------------------------------------------------


---------- Date: 2026-03-30 10:24:06 ~ IP : 185.179.188.62 ----------
REQUEST URI : /instrukciya-podmotka-niva-travel-chevrolet/
MOD DETAILS:
   modFile   : /home/canmotalka/web/can-motalka.ru/public_html/vqmod/xml/lightning.xml
   id        : OpenCart Lightning
   version   : 3.37
   vqmver    : 
   author    : MaxD http://devs.mx

File Name    : system/library/cache.php(0)
VQModObject::applyMod - SEARCH NOT FOUND (SKIPPED): if (is_file(DIR_SYSTEM . 'library/journal3/vendor/SuperCache

----------------------------------------------------------------------


---------- Date: 2026-03-30 10:24:08 ~ IP : 185.179.188.62 ----------
REQUEST URI : /index.php?route=module/popupcart_extended
MOD DETAILS:
   modFile   : /home/canmotalka/web/can-motalka.ru/public_html/vqmod/xml/lightning.xml
   id        : OpenCart Lightning
   version   : 3.37
   vqmver    : 
   author    : MaxD http://devs.mx

File Name    : system/library/cache.php(0)
VQModObject::applyMod - SEARCH NOT FOUND (SKIPPED): if (is_file(DIR_SYSTEM . 'library/journal3/vendor/SuperCache

----------------------------------------------------------------------


---------- Date: 2026-03-30 10:25:03 ~ IP : 185.179.188.62 ----------
REQUEST URI : /podmotka-spidometra-reno-logan-za-3000r/?ysclid=mncv51v0xc98535157
MOD DETAILS:
   modFile   : /home/canmotalka/web/can-motalka.ru/public_html/vqmod/xml/lightning.xml
   id        : OpenCart Lightning
   version   : 3.37
   vqmver    : 
   author    : MaxD http://devs.mx

File Name    : system/library/cache.php(0)
VQModObject::applyMod - SEARCH NOT FOUND (SKIPPED): if (is_file(DIR_SYSTEM . 'library/journal3/vendor/SuperCache

----------------------------------------------------------------------


---------- Date: 2026-03-30 10:25:03 ~ IP : 185.179.188.62 ----------
REQUEST URI : /podmotka-spidometra-reno-logan-za-3000r/
MOD DETAILS:
   modFile   : /home/canmotalka/web/can-motalka.ru/public_html/vqmod/xml/lightning.xml
   id        : OpenCart Lightning
   version   : 3.37
   vqmver    : 
   author    : MaxD http://devs.mx

File Name    : system/library/cache.php(0)
VQModObject::applyMod - SEARCH NOT FOUND (SKIPPED): if (is_file(DIR_SYSTEM . 'library/journal3/vendor/SuperCache

----------------------------------------------------------------------


---------- Date: 2026-03-30 10:25:04 ~ IP : 185.179.188.62 ----------
REQUEST URI : /index.php?route=product/product/review&amp;product_id=187
MOD DETAILS:
   modFile   : /home/canmotalka/web/can-motalka.ru/public_html/vqmod/xml/lightning.xml
   id        : OpenCart Lightning
   version   : 3.37
   vqmver    : 
   author    : MaxD http://devs.mx

File Name    : system/library/cache.php(0)
VQModObject::applyMod - SEARCH NOT FOUND (SKIPPED): if (is_file(DIR_SYSTEM . 'library/journal3/vendor/SuperCache

----------------------------------------------------------------------


---------- Date: 2026-03-30 10:25:04 ~ IP : 185.179.188.62 ----------
REQUEST URI : /index.php?route=module/popupcart_extended
MOD DETAILS:
   modFile   : /home/canmotalka/web/can-motalka.ru/public_html/vqmod/xml/lightning.xml
   id        : OpenCart Lightning
   version   : 3.37
   vqmver    : 
   author    : MaxD http://devs.mx

File Name    : system/library/cache.php(0)
VQModObject::applyMod - SEARCH NOT FOUND (SKIPPED): if (is_file(DIR_SYSTEM . 'library/journal3/vendor/SuperCache

----------------------------------------------------------------------


---------- Date: 2026-03-30 10:27:03 ~ IP : 185.179.188.62 ----------
REQUEST URI : /setting_php/kamagra-gold/254-kupit-stud-5000-neryngri/
MOD DETAILS:
   modFile   : /home/canmotalka/web/can-motalka.ru/public_html/vqmod/xml/lightning.xml
   id        : OpenCart Lightning
   version   : 3.37
   vqmver    : 
   author    : MaxD http://devs.mx

File Name    : system/library/cache.php(0)
VQModObject::applyMod - SEARCH NOT FOUND (SKIPPED): if (is_file(DIR_SYSTEM . 'library/journal3/vendor/SuperCache

----------------------------------------------------------------------


---------- Date: 2026-03-30 10:29:19 ~ IP : 185.179.188.62 ----------
REQUEST URI : /index.php?route=product/product/review&amp;product_id=303
MOD DETAILS:
   modFile   : /home/canmotalka/web/can-motalka.ru/public_html/vqmod/xml/lightning.xml
   id        : OpenCart Lightning
   version   : 3.37
   vqmver    : 
   author    : MaxD http://devs.mx

File Name    : system/library/cache.php(0)
VQModObject::applyMod - SEARCH NOT FOUND (SKIPPED): if (is_file(DIR_SYSTEM . 'library/journal3/vendor/SuperCache

----------------------------------------------------------------------


---------- Date: 2026-03-30 10:29:58 ~ IP : 185.179.188.62 ----------
REQUEST URI : /podmotka-spidometra-hyundai-santa-fe-2/?ysclid=mncvbejxui672795316
MOD DETAILS:
   modFile   : /home/canmotalka/web/can-motalka.ru/public_html/vqmod/xml/lightning.xml
   id        : OpenCart Lightning
   version   : 3.37
   vqmver    : 
   author    : MaxD http://devs.mx

File Name    : system/library/cache.php(0)
VQModObject::applyMod - SEARCH NOT FOUND (SKIPPED): if (is_file(DIR_SYSTEM . 'library/journal3/vendor/SuperCache

----------------------------------------------------------------------


---------- Date: 2026-03-30 10:29:59 ~ IP : 185.179.188.62 ----------
REQUEST URI : /podmotka-spidometra-hyundai-santa-fe-2/
MOD DETAILS:
   modFile   : /home/canmotalka/web/can-motalka.ru/public_html/vqmod/xml/lightning.xml
   id        : OpenCart Lightning
   version   : 3.37
   vqmver    : 
   author    : MaxD http://devs.mx

File Name    : system/library/cache.php(0)
VQModObject::applyMod - SEARCH NOT FOUND (SKIPPED): if (is_file(DIR_SYSTEM . 'library/journal3/vendor/SuperCache

----------------------------------------------------------------------


---------- Date: 2026-03-30 10:30:00 ~ IP : 185.179.188.62 ----------
REQUEST URI : /index.php?route=product/product/review&amp;product_id=76
MOD DETAILS:
   modFile   : /home/canmotalka/web/can-motalka.ru/public_html/vqmod/xml/lightning.xml
   id        : OpenCart Lightning
   version   : 3.37
   vqmver    : 
   author    : MaxD http://devs.mx

File Name    : system/library/cache.php(0)
VQModObject::applyMod - SEARCH NOT FOUND (SKIPPED): if (is_file(DIR_SYSTEM . 'library/journal3/vendor/SuperCache

----------------------------------------------------------------------


---------- Date: 2026-03-30 10:30:00 ~ IP : 185.179.188.62 ----------
REQUEST URI : /index.php?route=module/popupcart_extended
MOD DETAILS:
   modFile   : /home/canmotalka/web/can-motalka.ru/public_html/vqmod/xml/lightning.xml
   id        : OpenCart Lightning
   version   : 3.37
   vqmver    : 
   author    : MaxD http://devs.mx

File Name    : system/library/cache.php(0)
VQModObject::applyMod - SEARCH NOT FOUND (SKIPPED): if (is_file(DIR_SYSTEM . 'library/journal3/vendor/SuperCache

----------------------------------------------------------------------


---------- Date: 2026-03-30 10:30:03 ~ IP : 185.179.188.62 ----------
REQUEST URI : /?ysclid=mncvbheedi820199573
MOD DETAILS:
   modFile   : /home/canmotalka/web/can-motalka.ru/public_html/vqmod/xml/lightning.xml
   id        : OpenCart Lightning
   version   : 3.37
   vqmver    : 
   author    : MaxD http://devs.mx

File Name    : system/library/cache.php(0)
VQModObject::applyMod - SEARCH NOT FOUND (SKIPPED): if (is_file(DIR_SYSTEM . 'library/journal3/vendor/SuperCache

----------------------------------------------------------------------


---------- Date: 2026-03-30 10:30:06 ~ IP : 185.179.188.62 ----------
REQUEST URI : /index.php?route=module/popupcart_extended
MOD DETAILS:
   modFile   : /home/canmotalka/web/can-motalka.ru/public_html/vqmod/xml/lightning.xml
   id        : OpenCart Lightning
   version   : 3.37
   vqmver    : 
   author    : MaxD http://devs.mx

File Name    : system/library/cache.php(0)
VQModObject::applyMod - SEARCH NOT FOUND (SKIPPED): if (is_file(DIR_SYSTEM . 'library/journal3/vendor/SuperCache

----------------------------------------------------------------------


---------- Date: 2026-03-30 10:31:56 ~ IP : 185.179.188.62 ----------
REQUEST URI : /kak-rabotaet-podmotka-spidometra/?ysclid=mncvdx9lkc705139246
MOD DETAILS:
   modFile   : /home/canmotalka/web/can-motalka.ru/public_html/vqmod/xml/lightning.xml
   id        : OpenCart Lightning
   version   : 3.37
   vqmver    : 
   author    : MaxD http://devs.mx

File Name    : system/library/cache.php(0)
VQModObject::applyMod - SEARCH NOT FOUND (SKIPPED): if (is_file(DIR_SYSTEM . 'library/journal3/vendor/SuperCache

----------------------------------------------------------------------


---------- Date: 2026-03-30 10:31:57 ~ IP : 185.179.188.62 ----------
REQUEST URI : /kak-rabotaet-podmotka-spidometra/
MOD DETAILS:
   modFile   : /home/canmotalka/web/can-motalka.ru/public_html/vqmod/xml/lightning.xml
   id        : OpenCart Lightning
   version   : 3.37
   vqmver    : 
   author    : MaxD http://devs.mx

File Name    : system/library/cache.php(0)
VQModObject::applyMod - SEARCH NOT FOUND (SKIPPED): if (is_file(DIR_SYSTEM . 'library/journal3/vendor/SuperCache

----------------------------------------------------------------------


---------- Date: 2026-03-30 10:31:58 ~ IP : 185.179.188.62 ----------
REQUEST URI : /index.php?route=module/popupcart_extended
MOD DETAILS:
   modFile   : /home/canmotalka/web/can-motalka.ru/public_html/vqmod/xml/lightning.xml
   id        : OpenCart Lightning
   version   : 3.37
   vqmver    : 
   author    : MaxD http://devs.mx

File Name    : system/library/cache.php(0)
VQModObject::applyMod - SEARCH NOT FOUND (SKIPPED): if (is_file(DIR_SYSTEM . 'library/journal3/vendor/SuperCache

----------------------------------------------------------------------


---------- Date: 2026-03-30 10:34:04 ~ IP : 185.179.188.62 ----------
REQUEST URI : /?ysclid=mncvgnn7qt846762735
MOD DETAILS:
   modFile   : /home/canmotalka/web/can-motalka.ru/public_html/vqmod/xml/lightning.xml
   id        : OpenCart Lightning
   version   : 3.37
   vqmver    : 
   author    : MaxD http://devs.mx

File Name    : system/library/cache.php(0)
VQModObject::applyMod - SEARCH NOT FOUND (SKIPPED): if (is_file(DIR_SYSTEM . 'library/journal3/vendor/SuperCache

----------------------------------------------------------------------


---------- Date: 2026-03-30 10:34:20 ~ IP : 185.179.188.62 ----------
REQUEST URI : /contact/
MOD DETAILS:
   modFile   : /home/canmotalka/web/can-motalka.ru/public_html/vqmod/xml/lightning.xml
   id        : OpenCart Lightning
   version   : 3.37
   vqmver    : 
   author    : MaxD http://devs.mx

File Name    : system/library/cache.php(0)
VQModObject::applyMod - SEARCH NOT FOUND (SKIPPED): if (is_file(DIR_SYSTEM . 'library/journal3/vendor/SuperCache

----------------------------------------------------------------------


---------- Date: 2026-03-30 10:36:21 ~ IP : 185.179.188.62 ----------
REQUEST URI : /kak-perenatroit-podmotku-spidometra/
MOD DETAILS:
   modFile   : /home/canmotalka/web/can-motalka.ru/public_html/vqmod/xml/lightning.xml
   id        : OpenCart Lightning
   version   : 3.37
   vqmver    : 
   author    : MaxD http://devs.mx

File Name    : system/library/cache.php(0)
VQModObject::applyMod - SEARCH NOT FOUND (SKIPPED): if (is_file(DIR_SYSTEM . 'library/journal3/vendor/SuperCache

----------------------------------------------------------------------


---------- Date: 2026-03-30 10:42:34 ~ IP : 185.179.188.62 ----------
REQUEST URI : /podmotka-spidometra-niva-travel/?ysclid=mncvro0sfy253268770
MOD DETAILS:
   modFile   : /home/canmotalka/web/can-motalka.ru/public_html/vqmod/xml/lightning.xml
   id        : OpenCart Lightning
   version   : 3.37
   vqmver    : 
   author    : MaxD http://devs.mx

File Name    : system/library/cache.php(0)
VQModObject::applyMod - SEARCH NOT FOUND (SKIPPED): if (is_file(DIR_SYSTEM . 'library/journal3/vendor/SuperCache

----------------------------------------------------------------------


---------- Date: 2026-03-30 10:42:34 ~ IP : 185.179.188.62 ----------
REQUEST URI : /podmotka-spidometra-niva-travel/
MOD DETAILS:
   modFile   : /home/canmotalka/web/can-motalka.ru/public_html/vqmod/xml/lightning.xml
   id        : OpenCart Lightning
   version   : 3.37
   vqmver    : 
   author    : MaxD http://devs.mx

File Name    : system/library/cache.php(0)
VQModObject::applyMod - SEARCH NOT FOUND (SKIPPED): if (is_file(DIR_SYSTEM . 'library/journal3/vendor/SuperCache

----------------------------------------------------------------------


---------- Date: 2026-03-30 10:42:35 ~ IP : 185.179.188.62 ----------
REQUEST URI : /podmotka-spidometra-hyundai-genesis-g80/?ysclid=mncvrlrmp8282712320
MOD DETAILS:
   modFile   : /home/canmotalka/web/can-motalka.ru/public_html/vqmod/xml/lightning.xml
   id        : OpenCart Lightning
   version   : 3.37
   vqmver    : 
   author    : MaxD http://devs.mx

File Name    : system/library/cache.php(0)
VQModObject::applyMod - SEARCH NOT FOUND (SKIPPED): if (is_file(DIR_SYSTEM . 'library/journal3/vendor/SuperCache

----------------------------------------------------------------------


---------- Date: 2026-03-30 10:42:36 ~ IP : 185.179.188.62 ----------
REQUEST URI : /podmotka-spidometra-hyundai-genesis-g80/
MOD DETAILS:
   modFile   : /home/canmotalka/web/can-motalka.ru/public_html/vqmod/xml/lightning.xml
   id        : OpenCart Lightning
   version   : 3.37
   vqmver    : 
   author    : MaxD http://devs.mx

File Name    : system/library/cache.php(0)
VQModObject::applyMod - SEARCH NOT FOUND (SKIPPED): if (is_file(DIR_SYSTEM . 'library/journal3/vendor/SuperCache

----------------------------------------------------------------------


---------- Date: 2026-03-30 10:42:36 ~ IP : 185.179.188.62 ----------
REQUEST URI : /index.php?route=product/product/review&amp;product_id=291
MOD DETAILS:
   modFile   : /home/canmotalka/web/can-motalka.ru/public_html/vqmod/xml/lightning.xml
   id        : OpenCart Lightning
   version   : 3.37
   vqmver    : 
   author    : MaxD http://devs.mx

File Name    : system/library/cache.php(0)
VQModObject::applyMod - SEARCH NOT FOUND (SKIPPED): if (is_file(DIR_SYSTEM . 'library/journal3/vendor/SuperCache

----------------------------------------------------------------------


---------- Date: 2026-03-30 10:42:36 ~ IP : 185.179.188.62 ----------
REQUEST URI : /index.php?route=module/popupcart_extended
MOD DETAILS:
   modFile   : /home/canmotalka/web/can-motalka.ru/public_html/vqmod/xml/lightning.xml
   id        : OpenCart Lightning
   version   : 3.37
   vqmver    : 
   author    : MaxD http://devs.mx

File Name    : system/library/cache.php(0)
VQModObject::applyMod - SEARCH NOT FOUND (SKIPPED): if (is_file(DIR_SYSTEM . 'library/journal3/vendor/SuperCache

----------------------------------------------------------------------


---------- Date: 2026-03-30 10:42:38 ~ IP : 185.179.188.62 ----------
REQUEST URI : /index.php?route=product/product/review&amp;product_id=286
MOD DETAILS:
   modFile   : /home/canmotalka/web/can-motalka.ru/public_html/vqmod/xml/lightning.xml
   id        : OpenCart Lightning
   version   : 3.37
   vqmver    : 
   author    : MaxD http://devs.mx

File Name    : system/library/cache.php(0)
VQModObject::applyMod - SEARCH NOT FOUND (SKIPPED): if (is_file(DIR_SYSTEM . 'library/journal3/vendor/SuperCache

----------------------------------------------------------------------


---------- Date: 2026-03-30 10:42:39 ~ IP : 185.179.188.62 ----------
REQUEST URI : /index.php?route=module/popupcart_extended
MOD DETAILS:
   modFile   : /home/canmotalka/web/can-motalka.ru/public_html/vqmod/xml/lightning.xml
   id        : OpenCart Lightning
   version   : 3.37
   vqmver    : 
   author    : MaxD http://devs.mx

File Name    : system/library/cache.php(0)
VQModObject::applyMod - SEARCH NOT FOUND (SKIPPED): if (is_file(DIR_SYSTEM . 'library/journal3/vendor/SuperCache

----------------------------------------------------------------------


---------- Date: 2026-03-30 10:43:00 ~ IP : 185.179.188.62 ----------
REQUEST URI : /index.php?route=common/footer/click_counter
MOD DETAILS:
   modFile   : /home/canmotalka/web/can-motalka.ru/public_html/vqmod/xml/lightning.xml
   id        : OpenCart Lightning
   version   : 3.37
   vqmver    : 
   author    : MaxD http://devs.mx

File Name    : system/library/cache.php(0)
VQModObject::applyMod - SEARCH NOT FOUND (SKIPPED): if (is_file(DIR_SYSTEM . 'library/journal3/vendor/SuperCache

----------------------------------------------------------------------


---------- Date: 2026-03-30 10:43:44 ~ IP : 185.179.188.62 ----------
REQUEST URI : /podmotka-spidometra-hyundai-genesis-g80/
MOD DETAILS:
   modFile   : /home/canmotalka/web/can-motalka.ru/public_html/vqmod/xml/lightning.xml
   id        : OpenCart Lightning
   version   : 3.37
   vqmver    : 
   author    : MaxD http://devs.mx

File Name    : system/library/cache.php(0)
VQModObject::applyMod - SEARCH NOT FOUND (SKIPPED): if (is_file(DIR_SYSTEM . 'library/journal3/vendor/SuperCache

----------------------------------------------------------------------


---------- Date: 2026-03-30 10:45:16 ~ IP : 185.179.188.62 ----------
REQUEST URI : /xmlrpc.php
MOD DETAILS:
   modFile   : /home/canmotalka/web/can-motalka.ru/public_html/vqmod/xml/lightning.xml
   id        : OpenCart Lightning
   version   : 3.37
   vqmver    : 
   author    : MaxD http://devs.mx

File Name    : system/library/cache.php(0)
VQModObject::applyMod - SEARCH NOT FOUND (SKIPPED): if (is_file(DIR_SYSTEM . 'library/journal3/vendor/SuperCache

----------------------------------------------------------------------


---------- Date: 2026-03-30 10:48:07 ~ IP : 185.179.188.62 ----------
REQUEST URI : /podmotka-spidometra-volkswagen-crafter/
MOD DETAILS:
   modFile   : /home/canmotalka/web/can-motalka.ru/public_html/vqmod/xml/lightning.xml
   id        : OpenCart Lightning
   version   : 3.37
   vqmver    : 
   author    : MaxD http://devs.mx

File Name    : system/library/cache.php(0)
VQModObject::applyMod - SEARCH NOT FOUND (SKIPPED): if (is_file(DIR_SYSTEM . 'library/journal3/vendor/SuperCache

----------------------------------------------------------------------


---------- Date: 2026-03-30 10:49:44 ~ IP : 185.179.188.62 ----------
REQUEST URI : /instrukciya-podmotka-niva-travel-chevrolet/?ysclid=mncw0t0ic6649879232
MOD DETAILS:
   modFile   : /home/canmotalka/web/can-motalka.ru/public_html/vqmod/xml/lightning.xml
   id        : OpenCart Lightning
   version   : 3.37
   vqmver    : 
   author    : MaxD http://devs.mx

File Name    : system/library/cache.php(0)
VQModObject::applyMod - SEARCH NOT FOUND (SKIPPED): if (is_file(DIR_SYSTEM . 'library/journal3/vendor/SuperCache

----------------------------------------------------------------------


---------- Date: 2026-03-30 10:49:45 ~ IP : 185.179.188.62 ----------
REQUEST URI : /instrukciya-podmotka-niva-travel-chevrolet/
MOD DETAILS:
   modFile   : /home/canmotalka/web/can-motalka.ru/public_html/vqmod/xml/lightning.xml
   id        : OpenCart Lightning
   version   : 3.37
   vqmver    : 
   author    : MaxD http://devs.mx

File Name    : system/library/cache.php(0)
VQModObject::applyMod - SEARCH NOT FOUND (SKIPPED): if (is_file(DIR_SYSTEM . 'library/journal3/vendor/SuperCache

----------------------------------------------------------------------


---------- Date: 2026-03-30 10:49:47 ~ IP : 185.179.188.62 ----------
REQUEST URI : /index.php?route=module/popupcart_extended
MOD DETAILS:
   modFile   : /home/canmotalka/web/can-motalka.ru/public_html/vqmod/xml/lightning.xml
   id        : OpenCart Lightning
   version   : 3.37
   vqmver    : 
   author    : MaxD http://devs.mx

File Name    : system/library/cache.php(0)
VQModObject::applyMod - SEARCH NOT FOUND (SKIPPED): if (is_file(DIR_SYSTEM . 'library/journal3/vendor/SuperCache

----------------------------------------------------------------------


---------- Date: 2026-03-30 10:52:58 ~ IP : 185.179.188.62 ----------
REQUEST URI : /instrukciya-podmotka-kamaz/?ysclid=mncw4z1du7717638812
MOD DETAILS:
   modFile   : /home/canmotalka/web/can-motalka.ru/public_html/vqmod/xml/lightning.xml
   id        : OpenCart Lightning
   version   : 3.37
   vqmver    : 
   author    : MaxD http://devs.mx

File Name    : system/library/cache.php(0)
VQModObject::applyMod - SEARCH NOT FOUND (SKIPPED): if (is_file(DIR_SYSTEM . 'library/journal3/vendor/SuperCache

----------------------------------------------------------------------


---------- Date: 2026-03-30 10:52:58 ~ IP : 185.179.188.62 ----------
REQUEST URI : /instrukciya-podmotka-kamaz/
MOD DETAILS:
   modFile   : /home/canmotalka/web/can-motalka.ru/public_html/vqmod/xml/lightning.xml
   id        : OpenCart Lightning
   version   : 3.37
   vqmver    : 
   author    : MaxD http://devs.mx

File Name    : system/library/cache.php(0)
VQModObject::applyMod - SEARCH NOT FOUND (SKIPPED): if (is_file(DIR_SYSTEM . 'library/journal3/vendor/SuperCache

----------------------------------------------------------------------


---------- Date: 2026-03-30 10:52:59 ~ IP : 185.179.188.62 ----------
REQUEST URI : /index.php?route=module/popupcart_extended
MOD DETAILS:
   modFile   : /home/canmotalka/web/can-motalka.ru/public_html/vqmod/xml/lightning.xml
   id        : OpenCart Lightning
   version   : 3.37
   vqmver    : 
   author    : MaxD http://devs.mx

File Name    : system/library/cache.php(0)
VQModObject::applyMod - SEARCH NOT FOUND (SKIPPED): if (is_file(DIR_SYSTEM . 'library/journal3/vendor/SuperCache

----------------------------------------------------------------------


---------- Date: 2026-03-30 10:53:01 ~ IP : 185.179.188.62 ----------
REQUEST URI : /podmotka-spidometra-volkswagen-crafter/
MOD DETAILS:
   modFile   : /home/canmotalka/web/can-motalka.ru/public_html/vqmod/xml/lightning.xml
   id        : OpenCart Lightning
   version   : 3.37
   vqmver    : 
   author    : MaxD http://devs.mx

File Name    : system/library/cache.php(0)
VQModObject::applyMod - SEARCH NOT FOUND (SKIPPED): if (is_file(DIR_SYSTEM . 'library/journal3/vendor/SuperCache

----------------------------------------------------------------------


---------- Date: 2026-03-30 10:54:18 ~ IP : 185.179.188.62 ----------
REQUEST URI : /podmotka-spidometra-uaz-patriot/?ysclid=mncw6p0v8u565436636
MOD DETAILS:
   modFile   : /home/canmotalka/web/can-motalka.ru/public_html/vqmod/xml/lightning.xml
   id        : OpenCart Lightning
   version   : 3.37
   vqmver    : 
   author    : MaxD http://devs.mx

File Name    : system/library/cache.php(0)
VQModObject::applyMod - SEARCH NOT FOUND (SKIPPED): if (is_file(DIR_SYSTEM . 'library/journal3/vendor/SuperCache

----------------------------------------------------------------------


---------- Date: 2026-03-30 10:54:19 ~ IP : 185.179.188.62 ----------
REQUEST URI : /podmotka-spidometra-uaz-patriot/
MOD DETAILS:
   modFile   : /home/canmotalka/web/can-motalka.ru/public_html/vqmod/xml/lightning.xml
   id        : OpenCart Lightning
   version   : 3.37
   vqmver    : 
   author    : MaxD http://devs.mx

File Name    : system/library/cache.php(0)
VQModObject::applyMod - SEARCH NOT FOUND (SKIPPED): if (is_file(DIR_SYSTEM . 'library/journal3/vendor/SuperCache

----------------------------------------------------------------------


---------- Date: 2026-03-30 10:54:19 ~ IP : 185.179.188.62 ----------
REQUEST URI : /index.php?route=product/product/review&amp;product_id=277
MOD DETAILS:
   modFile   : /home/canmotalka/web/can-motalka.ru/public_html/vqmod/xml/lightning.xml
   id        : OpenCart Lightning
   version   : 3.37
   vqmver    : 
   author    : MaxD http://devs.mx

File Name    : system/library/cache.php(0)
VQModObject::applyMod - SEARCH NOT FOUND (SKIPPED): if (is_file(DIR_SYSTEM . 'library/journal3/vendor/SuperCache

----------------------------------------------------------------------


---------- Date: 2026-03-30 10:54:20 ~ IP : 185.179.188.62 ----------
REQUEST URI : /index.php?route=module/popupcart_extended
MOD DETAILS:
   modFile   : /home/canmotalka/web/can-motalka.ru/public_html/vqmod/xml/lightning.xml
   id        : OpenCart Lightning
   version   : 3.37
   vqmver    : 
   author    : MaxD http://devs.mx

File Name    : system/library/cache.php(0)
VQModObject::applyMod - SEARCH NOT FOUND (SKIPPED): if (is_file(DIR_SYSTEM . 'library/journal3/vendor/SuperCache

----------------------------------------------------------------------


---------- Date: 2026-03-30 10:54:50 ~ IP : 185.179.188.62 ----------
REQUEST URI : /patriot_re/?ysclid=mncw7e3kit872534670
MOD DETAILS:
   modFile   : /home/canmotalka/web/can-motalka.ru/public_html/vqmod/xml/lightning.xml
   id        : OpenCart Lightning
   version   : 3.37
   vqmver    : 
   author    : MaxD http://devs.mx

File Name    : system/library/cache.php(0)
VQModObject::applyMod - SEARCH NOT FOUND (SKIPPED): if (is_file(DIR_SYSTEM . 'library/journal3/vendor/SuperCache

----------------------------------------------------------------------


---------- Date: 2026-03-30 10:54:51 ~ IP : 185.179.188.62 ----------
REQUEST URI : /patriot_re/
MOD DETAILS:
   modFile   : /home/canmotalka/web/can-motalka.ru/public_html/vqmod/xml/lightning.xml
   id        : OpenCart Lightning
   version   : 3.37
   vqmver    : 
   author    : MaxD http://devs.mx

File Name    : system/library/cache.php(0)
VQModObject::applyMod - SEARCH NOT FOUND (SKIPPED): if (is_file(DIR_SYSTEM . 'library/journal3/vendor/SuperCache

----------------------------------------------------------------------


---------- Date: 2026-03-30 10:55:04 ~ IP : 185.179.188.62 ----------
REQUEST URI : /instrukciya-podmotka-niva-travel-chevrolet/?ysclid=mncw7o65qz430563874
MOD DETAILS:
   modFile   : /home/canmotalka/web/can-motalka.ru/public_html/vqmod/xml/lightning.xml
   id        : OpenCart Lightning
   version   : 3.37
   vqmver    : 
   author    : MaxD http://devs.mx

File Name    : system/library/cache.php(0)
VQModObject::applyMod - SEARCH NOT FOUND (SKIPPED): if (is_file(DIR_SYSTEM . 'library/journal3/vendor/SuperCache

----------------------------------------------------------------------


---------- Date: 2026-03-30 10:55:05 ~ IP : 185.179.188.62 ----------
REQUEST URI : /instrukciya-podmotka-niva-travel-chevrolet/
MOD DETAILS:
   modFile   : /home/canmotalka/web/can-motalka.ru/public_html/vqmod/xml/lightning.xml
   id        : OpenCart Lightning
   version   : 3.37
   vqmver    : 
   author    : MaxD http://devs.mx

File Name    : system/library/cache.php(0)
VQModObject::applyMod - SEARCH NOT FOUND (SKIPPED): if (is_file(DIR_SYSTEM . 'library/journal3/vendor/SuperCache

----------------------------------------------------------------------


---------- Date: 2026-03-30 10:55:06 ~ IP : 185.179.188.62 ----------
REQUEST URI : /index.php?route=module/popupcart_extended
MOD DETAILS:
   modFile   : /home/canmotalka/web/can-motalka.ru/public_html/vqmod/xml/lightning.xml
   id        : OpenCart Lightning
   version   : 3.37
   vqmver    : 
   author    : MaxD http://devs.mx

File Name    : system/library/cache.php(0)
VQModObject::applyMod - SEARCH NOT FOUND (SKIPPED): if (is_file(DIR_SYSTEM . 'library/journal3/vendor/SuperCache

----------------------------------------------------------------------


---------- Date: 2026-03-30 10:57:18 ~ IP : 185.179.188.62 ----------
REQUEST URI : /podmotka-spidometra-na-lada-xray/?ysclid=mncwaiuh97402874238
MOD DETAILS:
   modFile   : /home/canmotalka/web/can-motalka.ru/public_html/vqmod/xml/lightning.xml
   id        : OpenCart Lightning
   version   : 3.37
   vqmver    : 
   author    : MaxD http://devs.mx

File Name    : system/library/cache.php(0)
VQModObject::applyMod - SEARCH NOT FOUND (SKIPPED): if (is_file(DIR_SYSTEM . 'library/journal3/vendor/SuperCache

----------------------------------------------------------------------


---------- Date: 2026-03-30 10:57:20 ~ IP : 185.179.188.62 ----------
REQUEST URI : /podmotka-spidometra-na-lada-xray/
MOD DETAILS:
   modFile   : /home/canmotalka/web/can-motalka.ru/public_html/vqmod/xml/lightning.xml
   id        : OpenCart Lightning
   version   : 3.37
   vqmver    : 
   author    : MaxD http://devs.mx

File Name    : system/library/cache.php(0)
VQModObject::applyMod - SEARCH NOT FOUND (SKIPPED): if (is_file(DIR_SYSTEM . 'library/journal3/vendor/SuperCache

----------------------------------------------------------------------


---------- Date: 2026-03-30 10:57:28 ~ IP : 185.179.188.62 ----------
REQUEST URI : /index.php?route=product/product/review&amp;product_id=248
MOD DETAILS:
   modFile   : /home/canmotalka/web/can-motalka.ru/public_html/vqmod/xml/lightning.xml
   id        : OpenCart Lightning
   version   : 3.37
   vqmver    : 
   author    : MaxD http://devs.mx

File Name    : system/library/cache.php(0)
VQModObject::applyMod - SEARCH NOT FOUND (SKIPPED): if (is_file(DIR_SYSTEM . 'library/journal3/vendor/SuperCache

----------------------------------------------------------------------


---------- Date: 2026-03-30 10:57:28 ~ IP : 185.179.188.62 ----------
REQUEST URI : /index.php?route=module/popupcart_extended
MOD DETAILS:
   modFile   : /home/canmotalka/web/can-motalka.ru/public_html/vqmod/xml/lightning.xml
   id        : OpenCart Lightning
   version   : 3.37
   vqmver    : 
   author    : MaxD http://devs.mx

File Name    : system/library/cache.php(0)
VQModObject::applyMod - SEARCH NOT FOUND (SKIPPED): if (is_file(DIR_SYSTEM . 'library/journal3/vendor/SuperCache

----------------------------------------------------------------------


---------- Date: 2026-03-30 10:57:43 ~ IP : 185.179.188.62 ----------
REQUEST URI : /largus_manual/
MOD DETAILS:
   modFile   : /home/canmotalka/web/can-motalka.ru/public_html/vqmod/xml/lightning.xml
   id        : OpenCart Lightning
   version   : 3.37
   vqmver    : 
   author    : MaxD http://devs.mx

File Name    : system/library/cache.php(0)
VQModObject::applyMod - SEARCH NOT FOUND (SKIPPED): if (is_file(DIR_SYSTEM . 'library/journal3/vendor/SuperCache

----------------------------------------------------------------------


---------- Date: 2026-03-30 10:57:45 ~ IP : 185.179.188.62 ----------
REQUEST URI : /index.php?route=module/popupcart_extended
MOD DETAILS:
   modFile   : /home/canmotalka/web/can-motalka.ru/public_html/vqmod/xml/lightning.xml
   id        : OpenCart Lightning
   version   : 3.37
   vqmver    : 
   author    : MaxD http://devs.mx

File Name    : system/library/cache.php(0)
VQModObject::applyMod - SEARCH NOT FOUND (SKIPPED): if (is_file(DIR_SYSTEM . 'library/journal3/vendor/SuperCache

----------------------------------------------------------------------


---------- Date: 2026-03-30 10:57:53 ~ IP : 185.179.188.62 ----------
REQUEST URI : /kak-nastroit-podmotku-na-lada-vesta-xray/?ysclid=mncwb9zta9328233853
MOD DETAILS:
   modFile   : /home/canmotalka/web/can-motalka.ru/public_html/vqmod/xml/lightning.xml
   id        : OpenCart Lightning
   version   : 3.37
   vqmver    : 
   author    : MaxD http://devs.mx

File Name    : system/library/cache.php(0)
VQModObject::applyMod - SEARCH NOT FOUND (SKIPPED): if (is_file(DIR_SYSTEM . 'library/journal3/vendor/SuperCache

----------------------------------------------------------------------


---------- Date: 2026-03-30 10:57:53 ~ IP : 185.179.188.62 ----------
REQUEST URI : /kak-nastroit-podmotku-na-lada-vesta-xray/
MOD DETAILS:
   modFile   : /home/canmotalka/web/can-motalka.ru/public_html/vqmod/xml/lightning.xml
   id        : OpenCart Lightning
   version   : 3.37
   vqmver    : 
   author    : MaxD http://devs.mx

File Name    : system/library/cache.php(0)
VQModObject::applyMod - SEARCH NOT FOUND (SKIPPED): if (is_file(DIR_SYSTEM . 'library/journal3/vendor/SuperCache

----------------------------------------------------------------------


---------- Date: 2026-03-30 10:58:11 ~ IP : 185.179.188.62 ----------
REQUEST URI : /podmotka-spidometra-gazel-nekst/?ysclid=mncwbofu5e240314750
MOD DETAILS:
   modFile   : /home/canmotalka/web/can-motalka.ru/public_html/vqmod/xml/lightning.xml
   id        : OpenCart Lightning
   version   : 3.37
   vqmver    : 
   author    : MaxD http://devs.mx

File Name    : system/library/cache.php(0)
VQModObject::applyMod - SEARCH NOT FOUND (SKIPPED): if (is_file(DIR_SYSTEM . 'library/journal3/vendor/SuperCache

----------------------------------------------------------------------


---------- Date: 2026-03-30 10:58:12 ~ IP : 185.179.188.62 ----------
REQUEST URI : /podmotka-spidometra-gazel-nekst/
MOD DETAILS:
   modFile   : /home/canmotalka/web/can-motalka.ru/public_html/vqmod/xml/lightning.xml
   id        : OpenCart Lightning
   version   : 3.37
   vqmver    : 
   author    : MaxD http://devs.mx

File Name    : system/library/cache.php(0)
VQModObject::applyMod - SEARCH NOT FOUND (SKIPPED): if (is_file(DIR_SYSTEM . 'library/journal3/vendor/SuperCache

----------------------------------------------------------------------


---------- Date: 2026-03-30 10:58:13 ~ IP : 185.179.188.62 ----------
REQUEST URI : /index.php?route=product/product/review&amp;product_id=97
MOD DETAILS:
   modFile   : /home/canmotalka/web/can-motalka.ru/public_html/vqmod/xml/lightning.xml
   id        : OpenCart Lightning
   version   : 3.37
   vqmver    : 
   author    : MaxD http://devs.mx

File Name    : system/library/cache.php(0)
VQModObject::applyMod - SEARCH NOT FOUND (SKIPPED): if (is_file(DIR_SYSTEM . 'library/journal3/vendor/SuperCache

----------------------------------------------------------------------


---------- Date: 2026-03-30 10:58:13 ~ IP : 185.179.188.62 ----------
REQUEST URI : /index.php?route=module/popupcart_extended
MOD DETAILS:
   modFile   : /home/canmotalka/web/can-motalka.ru/public_html/vqmod/xml/lightning.xml
   id        : OpenCart Lightning
   version   : 3.37
   vqmver    : 
   author    : MaxD http://devs.mx

File Name    : system/library/cache.php(0)
VQModObject::applyMod - SEARCH NOT FOUND (SKIPPED): if (is_file(DIR_SYSTEM . 'library/journal3/vendor/SuperCache

----------------------------------------------------------------------


---------- Date: 2026-03-30 10:58:36 ~ IP : 185.179.188.62 ----------
REQUEST URI : /niva_abs_re/
MOD DETAILS:
   modFile   : /home/canmotalka/web/can-motalka.ru/public_html/vqmod/xml/lightning.xml
   id        : OpenCart Lightning
   version   : 3.37
   vqmver    : 
   author    : MaxD http://devs.mx

File Name    : system/library/cache.php(0)
VQModObject::applyMod - SEARCH NOT FOUND (SKIPPED): if (is_file(DIR_SYSTEM . 'library/journal3/vendor/SuperCache

----------------------------------------------------------------------


---------- Date: 2026-03-30 10:58:49 ~ IP : 185.179.188.62 ----------
REQUEST URI : /podmotka-spidometra-na-lada-xray/
MOD DETAILS:
   modFile   : /home/canmotalka/web/can-motalka.ru/public_html/vqmod/xml/lightning.xml
   id        : OpenCart Lightning
   version   : 3.37
   vqmver    : 
   author    : MaxD http://devs.mx

File Name    : system/library/cache.php(0)
VQModObject::applyMod - SEARCH NOT FOUND (SKIPPED): if (is_file(DIR_SYSTEM . 'library/journal3/vendor/SuperCache

----------------------------------------------------------------------


---------- Date: 2026-03-30 11:04:09 ~ IP : 185.179.188.62 ----------
REQUEST URI : /kak-nastroit-podmotku-na-lada-vesta-xray/
MOD DETAILS:
   modFile   : /home/canmotalka/web/can-motalka.ru/public_html/vqmod/xml/lightning.xml
   id        : OpenCart Lightning
   version   : 3.37
   vqmver    : 
   author    : MaxD http://devs.mx

File Name    : system/library/cache.php(0)
VQModObject::applyMod - SEARCH NOT FOUND (SKIPPED): if (is_file(DIR_SYSTEM . 'library/journal3/vendor/SuperCache

----------------------------------------------------------------------


---------- Date: 2026-03-30 11:04:14 ~ IP : 185.179.188.62 ----------
REQUEST URI : /.well-known/traffic-advice
MOD DETAILS:
   modFile   : /home/canmotalka/web/can-motalka.ru/public_html/vqmod/xml/lightning.xml
   id        : OpenCart Lightning
   version   : 3.37
   vqmver    : 
   author    : MaxD http://devs.mx

File Name    : system/library/cache.php(0)
VQModObject::applyMod - SEARCH NOT FOUND (SKIPPED): if (is_file(DIR_SYSTEM . 'library/journal3/vendor/SuperCache

----------------------------------------------------------------------


---------- Date: 2026-03-30 11:04:14 ~ IP : 185.179.188.62 ----------
REQUEST URI : /instrukciya-podmotka-kamaz/
MOD DETAILS:
   modFile   : /home/canmotalka/web/can-motalka.ru/public_html/vqmod/xml/lightning.xml
   id        : OpenCart Lightning
   version   : 3.37
   vqmver    : 
   author    : MaxD http://devs.mx

File Name    : system/library/cache.php(0)
VQModObject::applyMod - SEARCH NOT FOUND (SKIPPED): if (is_file(DIR_SYSTEM . 'library/journal3/vendor/SuperCache

----------------------------------------------------------------------


---------- Date: 2026-03-30 11:05:17 ~ IP : 185.179.188.62 ----------
REQUEST URI : /podmotka-spidometra-shevrole-niva-abs-bezlimitnaya/?ysclid=mncwmb5dqq649728811
MOD DETAILS:
   modFile   : /home/canmotalka/web/can-motalka.ru/public_html/vqmod/xml/lightning.xml
   id        : OpenCart Lightning
   version   : 3.37
   vqmver    : 
   author    : MaxD http://devs.mx

File Name    : system/library/cache.php(0)
VQModObject::applyMod - SEARCH NOT FOUND (SKIPPED): if (is_file(DIR_SYSTEM . 'library/journal3/vendor/SuperCache

----------------------------------------------------------------------


---------- Date: 2026-03-30 11:05:18 ~ IP : 185.179.188.62 ----------
REQUEST URI : /podmotka-spidometra-shevrole-niva-abs-bezlimitnaya/
MOD DETAILS:
   modFile   : /home/canmotalka/web/can-motalka.ru/public_html/vqmod/xml/lightning.xml
   id        : OpenCart Lightning
   version   : 3.37
   vqmver    : 
   author    : MaxD http://devs.mx

File Name    : system/library/cache.php(0)
VQModObject::applyMod - SEARCH NOT FOUND (SKIPPED): if (is_file(DIR_SYSTEM . 'library/journal3/vendor/SuperCache

----------------------------------------------------------------------


---------- Date: 2026-03-30 11:05:18 ~ IP : 185.179.188.62 ----------
REQUEST URI : /index.php?route=product/product/review&amp;product_id=276
MOD DETAILS:
   modFile   : /home/canmotalka/web/can-motalka.ru/public_html/vqmod/xml/lightning.xml
   id        : OpenCart Lightning
   version   : 3.37
   vqmver    : 
   author    : MaxD http://devs.mx

File Name    : system/library/cache.php(0)
VQModObject::applyMod - SEARCH NOT FOUND (SKIPPED): if (is_file(DIR_SYSTEM . 'library/journal3/vendor/SuperCache

----------------------------------------------------------------------


---------- Date: 2026-03-30 11:05:48 ~ IP : 185.179.188.62 ----------
REQUEST URI : /largus_manual/
MOD DETAILS:
   modFile   : /home/canmotalka/web/can-motalka.ru/public_html/vqmod/xml/lightning.xml
   id        : OpenCart Lightning
   version   : 3.37
   vqmver    : 
   author    : MaxD http://devs.mx

File Name    : system/library/cache.php(0)
VQModObject::applyMod - SEARCH NOT FOUND (SKIPPED): if (is_file(DIR_SYSTEM . 'library/journal3/vendor/SuperCache

----------------------------------------------------------------------


---------- Date: 2026-03-30 11:09:04 ~ IP : 185.179.188.62 ----------
REQUEST URI : /otzyvy/?page=6
MOD DETAILS:
   modFile   : /home/canmotalka/web/can-motalka.ru/public_html/vqmod/xml/lightning.xml
   id        : OpenCart Lightning
   version   : 3.37
   vqmver    : 
   author    : MaxD http://devs.mx

File Name    : system/library/cache.php(0)
VQModObject::applyMod - SEARCH NOT FOUND (SKIPPED): if (is_file(DIR_SYSTEM . 'library/journal3/vendor/SuperCache

----------------------------------------------------------------------


---------- Date: 2026-03-30 11:10:42 ~ IP : 185.179.188.62 ----------
REQUEST URI : /.well-known/apple-app-site-association
MOD DETAILS:
   modFile   : /home/canmotalka/web/can-motalka.ru/public_html/vqmod/xml/lightning.xml
   id        : OpenCart Lightning
   version   : 3.37
   vqmver    : 
   author    : MaxD http://devs.mx

File Name    : system/library/cache.php(0)
VQModObject::applyMod - SEARCH NOT FOUND (SKIPPED): if (is_file(DIR_SYSTEM . 'library/journal3/vendor/SuperCache

----------------------------------------------------------------------


---------- Date: 2026-03-30 11:10:43 ~ IP : 185.179.188.62 ----------
REQUEST URI : /apple-app-site-association
MOD DETAILS:
   modFile   : /home/canmotalka/web/can-motalka.ru/public_html/vqmod/xml/lightning.xml
   id        : OpenCart Lightning
   version   : 3.37
   vqmver    : 
   author    : MaxD http://devs.mx

File Name    : system/library/cache.php(0)
VQModObject::applyMod - SEARCH NOT FOUND (SKIPPED): if (is_file(DIR_SYSTEM . 'library/journal3/vendor/SuperCache

----------------------------------------------------------------------


---------- Date: 2026-03-30 11:12:02 ~ IP : 185.179.188.62 ----------
REQUEST URI : /podmotka-spidometra-lada-priora/
MOD DETAILS:
   modFile   : /home/canmotalka/web/can-motalka.ru/public_html/vqmod/xml/lightning.xml
   id        : OpenCart Lightning
   version   : 3.37
   vqmver    : 
   author    : MaxD http://devs.mx

File Name    : system/library/cache.php(0)
VQModObject::applyMod - SEARCH NOT FOUND (SKIPPED): if (is_file(DIR_SYSTEM . 'library/journal3/vendor/SuperCache

----------------------------------------------------------------------


---------- Date: 2026-03-30 11:13:52 ~ IP : 185.179.188.62 ----------
REQUEST URI : /manual-podmotka-toyota-camry-corolla-tlc-rav4/
MOD DETAILS:
   modFile   : /home/canmotalka/web/can-motalka.ru/public_html/vqmod/xml/lightning.xml
   id        : OpenCart Lightning
   version   : 3.37
   vqmver    : 
   author    : MaxD http://devs.mx

File Name    : system/library/cache.php(0)
VQModObject::applyMod - SEARCH NOT FOUND (SKIPPED): if (is_file(DIR_SYSTEM . 'library/journal3/vendor/SuperCache

----------------------------------------------------------------------


---------- Date: 2026-03-30 11:15:03 ~ IP : 185.179.188.62 ----------
REQUEST URI : /manuals/
MOD DETAILS:
   modFile   : /home/canmotalka/web/can-motalka.ru/public_html/vqmod/xml/lightning.xml
   id        : OpenCart Lightning
   version   : 3.37
   vqmver    : 
   author    : MaxD http://devs.mx

File Name    : system/library/cache.php(0)
VQModObject::applyMod - SEARCH NOT FOUND (SKIPPED): if (is_file(DIR_SYSTEM . 'library/journal3/vendor/SuperCache

----------------------------------------------------------------------


---------- Date: 2026-03-30 11:15:04 ~ IP : 185.179.188.62 ----------
REQUEST URI : /index.php?route=module/popupcart_extended
MOD DETAILS:
   modFile   : /home/canmotalka/web/can-motalka.ru/public_html/vqmod/xml/lightning.xml
   id        : OpenCart Lightning
   version   : 3.37
   vqmver    : 
   author    : MaxD http://devs.mx

File Name    : system/library/cache.php(0)
VQModObject::applyMod - SEARCH NOT FOUND (SKIPPED): if (is_file(DIR_SYSTEM . 'library/journal3/vendor/SuperCache

----------------------------------------------------------------------


---------- Date: 2026-03-30 11:15:26 ~ IP : 185.179.188.62 ----------
REQUEST URI : /manuals/
MOD DETAILS:
   modFile   : /home/canmotalka/web/can-motalka.ru/public_html/vqmod/xml/lightning.xml
   id        : OpenCart Lightning
   version   : 3.37
   vqmver    : 
   author    : MaxD http://devs.mx

File Name    : system/library/cache.php(0)
VQModObject::applyMod - SEARCH NOT FOUND (SKIPPED): if (is_file(DIR_SYSTEM . 'library/journal3/vendor/SuperCache

----------------------------------------------------------------------


---------- Date: 2026-03-30 11:16:09 ~ IP : 185.179.188.62 ----------
REQUEST URI : /instrukciya-podmotka-camry/
MOD DETAILS:
   modFile   : /home/canmotalka/web/can-motalka.ru/public_html/vqmod/xml/lightning.xml
   id        : OpenCart Lightning
   version   : 3.37
   vqmver    : 
   author    : MaxD http://devs.mx

File Name    : system/library/cache.php(0)
VQModObject::applyMod - SEARCH NOT FOUND (SKIPPED): if (is_file(DIR_SYSTEM . 'library/journal3/vendor/SuperCache

----------------------------------------------------------------------


---------- Date: 2026-03-30 11:17:17 ~ IP : 185.179.188.62 ----------
REQUEST URI : /podmotka-spidometra-fiat-albea/
MOD DETAILS:
   modFile   : /home/canmotalka/web/can-motalka.ru/public_html/vqmod/xml/lightning.xml
   id        : OpenCart Lightning
   version   : 3.37
   vqmver    : 
   author    : MaxD http://devs.mx

File Name    : system/library/cache.php(0)
VQModObject::applyMod - SEARCH NOT FOUND (SKIPPED): if (is_file(DIR_SYSTEM . 'library/journal3/vendor/SuperCache

----------------------------------------------------------------------


---------- Date: 2026-03-30 11:17:38 ~ IP : 185.179.188.62 ----------
REQUEST URI : /podmotka_uaz_re/
MOD DETAILS:
   modFile   : /home/canmotalka/web/can-motalka.ru/public_html/vqmod/xml/lightning.xml
   id        : OpenCart Lightning
   version   : 3.37
   vqmver    : 
   author    : MaxD http://devs.mx

File Name    : system/library/cache.php(0)
VQModObject::applyMod - SEARCH NOT FOUND (SKIPPED): if (is_file(DIR_SYSTEM . 'library/journal3/vendor/SuperCache

----------------------------------------------------------------------


---------- Date: 2026-03-30 11:20:25 ~ IP : 185.179.188.62 ----------
REQUEST URI : /podmotka-spidometra-toyota-fortuner/
MOD DETAILS:
   modFile   : /home/canmotalka/web/can-motalka.ru/public_html/vqmod/xml/lightning.xml
   id        : OpenCart Lightning
   version   : 3.37
   vqmver    : 
   author    : MaxD http://devs.mx

File Name    : system/library/cache.php(0)
VQModObject::applyMod - SEARCH NOT FOUND (SKIPPED): if (is_file(DIR_SYSTEM . 'library/journal3/vendor/SuperCache

----------------------------------------------------------------------


---------- Date: 2026-03-30 11:21:32 ~ IP : 185.179.188.62 ----------
REQUEST URI : /podmotka-spidometra-renault-duster-2009-2015/
MOD DETAILS:
   modFile   : /home/canmotalka/web/can-motalka.ru/public_html/vqmod/xml/lightning.xml
   id        : OpenCart Lightning
   version   : 3.37
   vqmver    : 
   author    : MaxD http://devs.mx

File Name    : system/library/cache.php(0)
VQModObject::applyMod - SEARCH NOT FOUND (SKIPPED): if (is_file(DIR_SYSTEM . 'library/journal3/vendor/SuperCache

----------------------------------------------------------------------


---------- Date: 2026-03-30 11:23:55 ~ IP : 185.179.188.62 ----------
REQUEST URI : /podmotka-spidometra-uaz-patriot/
MOD DETAILS:
   modFile   : /home/canmotalka/web/can-motalka.ru/public_html/vqmod/xml/lightning.xml
   id        : OpenCart Lightning
   version   : 3.37
   vqmver    : 
   author    : MaxD http://devs.mx

File Name    : system/library/cache.php(0)
VQModObject::applyMod - SEARCH NOT FOUND (SKIPPED): if (is_file(DIR_SYSTEM . 'library/journal3/vendor/SuperCache

----------------------------------------------------------------------


---------- Date: 2026-03-30 11:24:54 ~ IP : 185.179.188.62 ----------
REQUEST URI : /podmotka-spidometra-peugeot-boxer/
MOD DETAILS:
   modFile   : /home/canmotalka/web/can-motalka.ru/public_html/vqmod/xml/lightning.xml
   id        : OpenCart Lightning
   version   : 3.37
   vqmver    : 
   author    : MaxD http://devs.mx

File Name    : system/library/cache.php(0)
VQModObject::applyMod - SEARCH NOT FOUND (SKIPPED): if (is_file(DIR_SYSTEM . 'library/journal3/vendor/SuperCache

----------------------------------------------------------------------


---------- Date: 2026-03-30 11:26:32 ~ IP : 185.179.188.62 ----------
REQUEST URI : /podmotka-spidometra-lada-kalina/
MOD DETAILS:
   modFile   : /home/canmotalka/web/can-motalka.ru/public_html/vqmod/xml/lightning.xml
   id        : OpenCart Lightning
   version   : 3.37
   vqmver    : 
   author    : MaxD http://devs.mx

File Name    : system/library/cache.php(0)
VQModObject::applyMod - SEARCH NOT FOUND (SKIPPED): if (is_file(DIR_SYSTEM . 'library/journal3/vendor/SuperCache

----------------------------------------------------------------------


---------- Date: 2026-03-30 11:27:19 ~ IP : 185.179.188.62 ----------
REQUEST URI : /podmotka-spidometra-haval-h9/?ysclid=mncxd592c9952209366
MOD DETAILS:
   modFile   : /home/canmotalka/web/can-motalka.ru/public_html/vqmod/xml/lightning.xml
   id        : OpenCart Lightning
   version   : 3.37
   vqmver    : 
   author    : MaxD http://devs.mx

File Name    : system/library/cache.php(0)
VQModObject::applyMod - SEARCH NOT FOUND (SKIPPED): if (is_file(DIR_SYSTEM . 'library/journal3/vendor/SuperCache

----------------------------------------------------------------------


---------- Date: 2026-03-30 11:27:20 ~ IP : 185.179.188.62 ----------
REQUEST URI : /podmotka-spidometra-haval-h9/
MOD DETAILS:
   modFile   : /home/canmotalka/web/can-motalka.ru/public_html/vqmod/xml/lightning.xml
   id        : OpenCart Lightning
   version   : 3.37
   vqmver    : 
   author    : MaxD http://devs.mx

File Name    : system/library/cache.php(0)
VQModObject::applyMod - SEARCH NOT FOUND (SKIPPED): if (is_file(DIR_SYSTEM . 'library/journal3/vendor/SuperCache

----------------------------------------------------------------------


---------- Date: 2026-03-30 11:27:21 ~ IP : 185.179.188.62 ----------
REQUEST URI : /index.php?route=product/product/review&amp;product_id=303
MOD DETAILS:
   modFile   : /home/canmotalka/web/can-motalka.ru/public_html/vqmod/xml/lightning.xml
   id        : OpenCart Lightning
   version   : 3.37
   vqmver    : 
   author    : MaxD http://devs.mx

File Name    : system/library/cache.php(0)
VQModObject::applyMod - SEARCH NOT FOUND (SKIPPED): if (is_file(DIR_SYSTEM . 'library/journal3/vendor/SuperCache

----------------------------------------------------------------------


---------- Date: 2026-03-30 11:27:21 ~ IP : 185.179.188.62 ----------
REQUEST URI : /index.php?route=module/popupcart_extended
MOD DETAILS:
   modFile   : /home/canmotalka/web/can-motalka.ru/public_html/vqmod/xml/lightning.xml
   id        : OpenCart Lightning
   version   : 3.37
   vqmver    : 
   author    : MaxD http://devs.mx

File Name    : system/library/cache.php(0)
VQModObject::applyMod - SEARCH NOT FOUND (SKIPPED): if (is_file(DIR_SYSTEM . 'library/journal3/vendor/SuperCache

----------------------------------------------------------------------


---------- Date: 2026-03-30 11:27:27 ~ IP : 185.179.188.62 ----------
REQUEST URI : /instrukciya-podmotka-niva-travel-chevrolet/
MOD DETAILS:
   modFile   : /home/canmotalka/web/can-motalka.ru/public_html/vqmod/xml/lightning.xml
   id        : OpenCart Lightning
   version   : 3.37
   vqmver    : 
   author    : MaxD http://devs.mx

File Name    : system/library/cache.php(0)
VQModObject::applyMod - SEARCH NOT FOUND (SKIPPED): if (is_file(DIR_SYSTEM . 'library/journal3/vendor/SuperCache

----------------------------------------------------------------------


---------- Date: 2026-03-30 11:28:50 ~ IP : 185.179.188.62 ----------
REQUEST URI : /sitemap.xml
MOD DETAILS:
   modFile   : /home/canmotalka/web/can-motalka.ru/public_html/vqmod/xml/lightning.xml
   id        : OpenCart Lightning
   version   : 3.37
   vqmver    : 
   author    : MaxD http://devs.mx

File Name    : system/library/cache.php(0)
VQModObject::applyMod - SEARCH NOT FOUND (SKIPPED): if (is_file(DIR_SYSTEM . 'library/journal3/vendor/SuperCache

----------------------------------------------------------------------


---------- Date: 2026-03-30 11:30:08 ~ IP : 185.179.188.62 ----------
REQUEST URI : /namotchik-probega-dlya-audi-a8/
MOD DETAILS:
   modFile   : /home/canmotalka/web/can-motalka.ru/public_html/vqmod/xml/lightning.xml
   id        : OpenCart Lightning
   version   : 3.37
   vqmver    : 
   author    : MaxD http://devs.mx

File Name    : system/library/cache.php(0)
VQModObject::applyMod - SEARCH NOT FOUND (SKIPPED): if (is_file(DIR_SYSTEM . 'library/journal3/vendor/SuperCache

----------------------------------------------------------------------


---------- Date: 2026-03-30 11:31:36 ~ IP : 185.179.188.62 ----------
REQUEST URI : /podmotka-spidometra-volkswagen-caddy/
MOD DETAILS:
   modFile   : /home/canmotalka/web/can-motalka.ru/public_html/vqmod/xml/lightning.xml
   id        : OpenCart Lightning
   version   : 3.37
   vqmver    : 
   author    : MaxD http://devs.mx

File Name    : system/library/cache.php(0)
VQModObject::applyMod - SEARCH NOT FOUND (SKIPPED): if (is_file(DIR_SYSTEM . 'library/journal3/vendor/SuperCache

----------------------------------------------------------------------


---------- Date: 2026-03-30 11:35:07 ~ IP : 185.179.188.62 ----------
REQUEST URI : /manual-podmotka-toyota-camry-corolla-tlc-rav4/
MOD DETAILS:
   modFile   : /home/canmotalka/web/can-motalka.ru/public_html/vqmod/xml/lightning.xml
   id        : OpenCart Lightning
   version   : 3.37
   vqmver    : 
   author    : MaxD http://devs.mx

File Name    : system/library/cache.php(0)
VQModObject::applyMod - SEARCH NOT FOUND (SKIPPED): if (is_file(DIR_SYSTEM . 'library/journal3/vendor/SuperCache

----------------------------------------------------------------------


---------- Date: 2026-03-30 11:37:00 ~ IP : 185.179.188.62 ----------
REQUEST URI : /granta_video_manual/
MOD DETAILS:
   modFile   : /home/canmotalka/web/can-motalka.ru/public_html/vqmod/xml/lightning.xml
   id        : OpenCart Lightning
   version   : 3.37
   vqmver    : 
   author    : MaxD http://devs.mx

File Name    : system/library/cache.php(0)
VQModObject::applyMod - SEARCH NOT FOUND (SKIPPED): if (is_file(DIR_SYSTEM . 'library/journal3/vendor/SuperCache

----------------------------------------------------------------------


---------- Date: 2026-03-30 11:37:47 ~ IP : 185.179.188.62 ----------
REQUEST URI : /granta_video_manual/
MOD DETAILS:
   modFile   : /home/canmotalka/web/can-motalka.ru/public_html/vqmod/xml/lightning.xml
   id        : OpenCart Lightning
   version   : 3.37
   vqmver    : 
   author    : MaxD http://devs.mx

File Name    : system/library/cache.php(0)
VQModObject::applyMod - SEARCH NOT FOUND (SKIPPED): if (is_file(DIR_SYSTEM . 'library/journal3/vendor/SuperCache

----------------------------------------------------------------------


---------- Date: 2026-03-30 11:38:23 ~ IP : 185.179.188.62 ----------
REQUEST URI : /podmotka-spidometra-hyundai-santa-fe-3/
MOD DETAILS:
   modFile   : /home/canmotalka/web/can-motalka.ru/public_html/vqmod/xml/lightning.xml
   id        : OpenCart Lightning
   version   : 3.37
   vqmver    : 
   author    : MaxD http://devs.mx

File Name    : system/library/cache.php(0)
VQModObject::applyMod - SEARCH NOT FOUND (SKIPPED): if (is_file(DIR_SYSTEM . 'library/journal3/vendor/SuperCache

----------------------------------------------------------------------


---------- Date: 2026-03-30 11:39:08 ~ IP : 185.179.188.62 ----------
REQUEST URI : /kak-perenastroit-podmotku-spidometra/?ysclid=mncxscdxxb898988598
MOD DETAILS:
   modFile   : /home/canmotalka/web/can-motalka.ru/public_html/vqmod/xml/lightning.xml
   id        : OpenCart Lightning
   version   : 3.37
   vqmver    : 
   author    : MaxD http://devs.mx

File Name    : system/library/cache.php(0)
VQModObject::applyMod - SEARCH NOT FOUND (SKIPPED): if (is_file(DIR_SYSTEM . 'library/journal3/vendor/SuperCache

----------------------------------------------------------------------


---------- Date: 2026-03-30 11:39:08 ~ IP : 185.179.188.62 ----------
REQUEST URI : /kak-perenastroit-podmotku-spidometra/
MOD DETAILS:
   modFile   : /home/canmotalka/web/can-motalka.ru/public_html/vqmod/xml/lightning.xml
   id        : OpenCart Lightning
   version   : 3.37
   vqmver    : 
   author    : MaxD http://devs.mx

File Name    : system/library/cache.php(0)
VQModObject::applyMod - SEARCH NOT FOUND (SKIPPED): if (is_file(DIR_SYSTEM . 'library/journal3/vendor/SuperCache

----------------------------------------------------------------------


---------- Date: 2026-03-30 11:39:09 ~ IP : 185.179.188.62 ----------
REQUEST URI : /index.php?route=module/popupcart_extended
MOD DETAILS:
   modFile   : /home/canmotalka/web/can-motalka.ru/public_html/vqmod/xml/lightning.xml
   id        : OpenCart Lightning
   version   : 3.37
   vqmver    : 
   author    : MaxD http://devs.mx

File Name    : system/library/cache.php(0)
VQModObject::applyMod - SEARCH NOT FOUND (SKIPPED): if (is_file(DIR_SYSTEM . 'library/journal3/vendor/SuperCache

----------------------------------------------------------------------


---------- Date: 2026-03-30 11:41:42 ~ IP : 185.179.188.62 ----------
REQUEST URI : /podmotka-spidometra-volkswagen-transporter-t5/?ysclid=mncxvmrsbf316110584
MOD DETAILS:
   modFile   : /home/canmotalka/web/can-motalka.ru/public_html/vqmod/xml/lightning.xml
   id        : OpenCart Lightning
   version   : 3.37
   vqmver    : 
   author    : MaxD http://devs.mx

File Name    : system/library/cache.php(0)
VQModObject::applyMod - SEARCH NOT FOUND (SKIPPED): if (is_file(DIR_SYSTEM . 'library/journal3/vendor/SuperCache

----------------------------------------------------------------------


---------- Date: 2026-03-30 11:41:43 ~ IP : 185.179.188.62 ----------
REQUEST URI : /podmotka-spidometra-volkswagen-transporter-t5/
MOD DETAILS:
   modFile   : /home/canmotalka/web/can-motalka.ru/public_html/vqmod/xml/lightning.xml
   id        : OpenCart Lightning
   version   : 3.37
   vqmver    : 
   author    : MaxD http://devs.mx

File Name    : system/library/cache.php(0)
VQModObject::applyMod - SEARCH NOT FOUND (SKIPPED): if (is_file(DIR_SYSTEM . 'library/journal3/vendor/SuperCache

----------------------------------------------------------------------


---------- Date: 2026-03-30 11:41:44 ~ IP : 185.179.188.62 ----------
REQUEST URI : /index.php?route=product/product/review&amp;product_id=227
MOD DETAILS:
   modFile   : /home/canmotalka/web/can-motalka.ru/public_html/vqmod/xml/lightning.xml
   id        : OpenCart Lightning
   version   : 3.37
   vqmver    : 
   author    : MaxD http://devs.mx

File Name    : system/library/cache.php(0)
VQModObject::applyMod - SEARCH NOT FOUND (SKIPPED): if (is_file(DIR_SYSTEM . 'library/journal3/vendor/SuperCache

----------------------------------------------------------------------


---------- Date: 2026-03-30 11:41:44 ~ IP : 185.179.188.62 ----------
REQUEST URI : /index.php?route=module/popupcart_extended
MOD DETAILS:
   modFile   : /home/canmotalka/web/can-motalka.ru/public_html/vqmod/xml/lightning.xml
   id        : OpenCart Lightning
   version   : 3.37
   vqmver    : 
   author    : MaxD http://devs.mx

File Name    : system/library/cache.php(0)
VQModObject::applyMod - SEARCH NOT FOUND (SKIPPED): if (is_file(DIR_SYSTEM . 'library/journal3/vendor/SuperCache

----------------------------------------------------------------------


---------- Date: 2026-03-30 11:44:10 ~ IP : 185.179.188.62 ----------
REQUEST URI : /podmotka_vw_manual/
MOD DETAILS:
   modFile   : /home/canmotalka/web/can-motalka.ru/public_html/vqmod/xml/lightning.xml
   id        : OpenCart Lightning
   version   : 3.37
   vqmver    : 
   author    : MaxD http://devs.mx

File Name    : system/library/cache.php(0)
VQModObject::applyMod - SEARCH NOT FOUND (SKIPPED): if (is_file(DIR_SYSTEM . 'library/journal3/vendor/SuperCache

----------------------------------------------------------------------


---------- Date: 2026-03-30 11:44:11 ~ IP : 185.179.188.62 ----------
REQUEST URI : /podmotka_vw_manual/
MOD DETAILS:
   modFile   : /home/canmotalka/web/can-motalka.ru/public_html/vqmod/xml/lightning.xml
   id        : OpenCart Lightning
   version   : 3.37
   vqmver    : 
   author    : MaxD http://devs.mx

File Name    : system/library/cache.php(0)
VQModObject::applyMod - SEARCH NOT FOUND (SKIPPED): if (is_file(DIR_SYSTEM . 'library/journal3/vendor/SuperCache

----------------------------------------------------------------------


---------- Date: 2026-03-30 11:48:24 ~ IP : 185.179.188.62 ----------
REQUEST URI : /granta_video_manual/
MOD DETAILS:
   modFile   : /home/canmotalka/web/can-motalka.ru/public_html/vqmod/xml/lightning.xml
   id        : OpenCart Lightning
   version   : 3.37
   vqmver    : 
   author    : MaxD http://devs.mx

File Name    : system/library/cache.php(0)
VQModObject::applyMod - SEARCH NOT FOUND (SKIPPED): if (is_file(DIR_SYSTEM . 'library/journal3/vendor/SuperCache

----------------------------------------------------------------------


---------- Date: 2026-03-30 11:49:06 ~ IP : 185.179.188.62 ----------
REQUEST URI : /motalki/?ysclid=mncy54ie4r161979960
MOD DETAILS:
   modFile   : /home/canmotalka/web/can-motalka.ru/public_html/vqmod/xml/lightning.xml
   id        : OpenCart Lightning
   version   : 3.37
   vqmver    : 
   author    : MaxD http://devs.mx

File Name    : system/library/cache.php(0)
VQModObject::applyMod - SEARCH NOT FOUND (SKIPPED): if (is_file(DIR_SYSTEM . 'library/journal3/vendor/SuperCache

----------------------------------------------------------------------


---------- Date: 2026-03-30 11:49:08 ~ IP : 185.179.188.62 ----------
REQUEST URI : /index.php?route=module/popupcart_extended
MOD DETAILS:
   modFile   : /home/canmotalka/web/can-motalka.ru/public_html/vqmod/xml/lightning.xml
   id        : OpenCart Lightning
   version   : 3.37
   vqmver    : 
   author    : MaxD http://devs.mx

File Name    : system/library/cache.php(0)
VQModObject::applyMod - SEARCH NOT FOUND (SKIPPED): if (is_file(DIR_SYSTEM . 'library/journal3/vendor/SuperCache

----------------------------------------------------------------------


---------- Date: 2026-03-30 11:51:13 ~ IP : 185.179.188.62 ----------
REQUEST URI : /podmotka-spidometra-hyundai-genesis-g80/
MOD DETAILS:
   modFile   : /home/canmotalka/web/can-motalka.ru/public_html/vqmod/xml/lightning.xml
   id        : OpenCart Lightning
   version   : 3.37
   vqmver    : 
   author    : MaxD http://devs.mx

File Name    : system/library/cache.php(0)
VQModObject::applyMod - SEARCH NOT FOUND (SKIPPED): if (is_file(DIR_SYSTEM . 'library/journal3/vendor/SuperCache

----------------------------------------------------------------------


---------- Date: 2026-03-30 11:56:47 ~ IP : 185.179.188.62 ----------
REQUEST URI : /instrukciya-lada-granta-2021/
MOD DETAILS:
   modFile   : /home/canmotalka/web/can-motalka.ru/public_html/vqmod/xml/lightning.xml
   id        : OpenCart Lightning
   version   : 3.37
   vqmver    : 
   author    : MaxD http://devs.mx

File Name    : system/library/cache.php(0)
VQModObject::applyMod - SEARCH NOT FOUND (SKIPPED): if (is_file(DIR_SYSTEM . 'library/journal3/vendor/SuperCache

----------------------------------------------------------------------


---------- Date: 2026-03-30 11:58:18 ~ IP : 185.179.188.62 ----------
REQUEST URI : /podmotka-spidometra-hyundai-santa-fe-2/
MOD DETAILS:
   modFile   : /home/canmotalka/web/can-motalka.ru/public_html/vqmod/xml/lightning.xml
   id        : OpenCart Lightning
   version   : 3.37
   vqmver    : 
   author    : MaxD http://devs.mx

File Name    : system/library/cache.php(0)
VQModObject::applyMod - SEARCH NOT FOUND (SKIPPED): if (is_file(DIR_SYSTEM . 'library/journal3/vendor/SuperCache

----------------------------------------------------------------------


---------- Date: 2026-03-30 12:03:44 ~ IP : 185.179.188.62 ----------
REQUEST URI : /podmotka-spidometra-volkswagen-caddy/?ysclid=mncyny549c293146798
MOD DETAILS:
   modFile   : /home/canmotalka/web/can-motalka.ru/public_html/vqmod/xml/lightning.xml
   id        : OpenCart Lightning
   version   : 3.37
   vqmver    : 
   author    : MaxD http://devs.mx

File Name    : system/library/cache.php(0)
VQModObject::applyMod - SEARCH NOT FOUND (SKIPPED): if (is_file(DIR_SYSTEM . 'library/journal3/vendor/SuperCache

----------------------------------------------------------------------


---------- Date: 2026-03-30 12:03:45 ~ IP : 185.179.188.62 ----------
REQUEST URI : /podmotka-spidometra-volkswagen-caddy/
MOD DETAILS:
   modFile   : /home/canmotalka/web/can-motalka.ru/public_html/vqmod/xml/lightning.xml
   id        : OpenCart Lightning
   version   : 3.37
   vqmver    : 
   author    : MaxD http://devs.mx

File Name    : system/library/cache.php(0)
VQModObject::applyMod - SEARCH NOT FOUND (SKIPPED): if (is_file(DIR_SYSTEM . 'library/journal3/vendor/SuperCache

----------------------------------------------------------------------


---------- Date: 2026-03-30 12:03:46 ~ IP : 185.179.188.62 ----------
REQUEST URI : /index.php?route=product/product/review&amp;product_id=223
MOD DETAILS:
   modFile   : /home/canmotalka/web/can-motalka.ru/public_html/vqmod/xml/lightning.xml
   id        : OpenCart Lightning
   version   : 3.37
   vqmver    : 
   author    : MaxD http://devs.mx

File Name    : system/library/cache.php(0)
VQModObject::applyMod - SEARCH NOT FOUND (SKIPPED): if (is_file(DIR_SYSTEM . 'library/journal3/vendor/SuperCache

----------------------------------------------------------------------


---------- Date: 2026-03-30 12:03:46 ~ IP : 185.179.188.62 ----------
REQUEST URI : /index.php?route=module/popupcart_extended
MOD DETAILS:
   modFile   : /home/canmotalka/web/can-motalka.ru/public_html/vqmod/xml/lightning.xml
   id        : OpenCart Lightning
   version   : 3.37
   vqmver    : 
   author    : MaxD http://devs.mx

File Name    : system/library/cache.php(0)
VQModObject::applyMod - SEARCH NOT FOUND (SKIPPED): if (is_file(DIR_SYSTEM . 'library/journal3/vendor/SuperCache

----------------------------------------------------------------------


---------- Date: 2026-03-30 12:09:40 ~ IP : 185.179.188.62 ----------
REQUEST URI : /instrukciya-podmotka-niva-travel-chevrolet/?ysclid=mnd106avm2445508487
MOD DETAILS:
   modFile   : /home/canmotalka/web/can-motalka.ru/public_html/vqmod/xml/lightning.xml
   id        : OpenCart Lightning
   version   : 3.37
   vqmver    : 
   author    : MaxD http://devs.mx

File Name    : system/library/cache.php(0)
VQModObject::applyMod - SEARCH NOT FOUND (SKIPPED): if (is_file(DIR_SYSTEM . 'library/journal3/vendor/SuperCache

----------------------------------------------------------------------


---------- Date: 2026-03-30 12:15:09 ~ IP : 185.179.188.62 ----------
REQUEST URI : /podmotka-spidometra-uaz-patriot/?ysclid=mncz2j4kc25925143
MOD DETAILS:
   modFile   : /home/canmotalka/web/can-motalka.ru/public_html/vqmod/xml/lightning.xml
   id        : OpenCart Lightning
   version   : 3.37
   vqmver    : 
   author    : MaxD http://devs.mx

File Name    : system/library/cache.php(0)
VQModObject::applyMod - SEARCH NOT FOUND (SKIPPED): if (is_file(DIR_SYSTEM . 'library/journal3/vendor/SuperCache

----------------------------------------------------------------------


---------- Date: 2026-03-30 12:15:10 ~ IP : 185.179.188.62 ----------
REQUEST URI : /podmotka-spidometra-uaz-patriot/
MOD DETAILS:
   modFile   : /home/canmotalka/web/can-motalka.ru/public_html/vqmod/xml/lightning.xml
   id        : OpenCart Lightning
   version   : 3.37
   vqmver    : 
   author    : MaxD http://devs.mx

File Name    : system/library/cache.php(0)
VQModObject::applyMod - SEARCH NOT FOUND (SKIPPED): if (is_file(DIR_SYSTEM . 'library/journal3/vendor/SuperCache

----------------------------------------------------------------------


---------- Date: 2026-03-30 12:15:15 ~ IP : 185.179.188.62 ----------
REQUEST URI : /index.php?route=product/product/review&amp;product_id=277
MOD DETAILS:
   modFile   : /home/canmotalka/web/can-motalka.ru/public_html/vqmod/xml/lightning.xml
   id        : OpenCart Lightning
   version   : 3.37
   vqmver    : 
   author    : MaxD http://devs.mx

File Name    : system/library/cache.php(0)
VQModObject::applyMod - SEARCH NOT FOUND (SKIPPED): if (is_file(DIR_SYSTEM . 'library/journal3/vendor/SuperCache

----------------------------------------------------------------------


---------- Date: 2026-03-30 12:15:16 ~ IP : 185.179.188.62 ----------
REQUEST URI : /index.php?route=module/popupcart_extended
MOD DETAILS:
   modFile   : /home/canmotalka/web/can-motalka.ru/public_html/vqmod/xml/lightning.xml
   id        : OpenCart Lightning
   version   : 3.37
   vqmver    : 
   author    : MaxD http://devs.mx

File Name    : system/library/cache.php(0)
VQModObject::applyMod - SEARCH NOT FOUND (SKIPPED): if (is_file(DIR_SYSTEM . 'library/journal3/vendor/SuperCache

----------------------------------------------------------------------


---------- Date: 2026-03-30 12:17:21 ~ IP : 185.179.188.62 ----------
REQUEST URI : /index.php?route=common/footer/click_counter
MOD DETAILS:
   modFile   : /home/canmotalka/web/can-motalka.ru/public_html/vqmod/xml/lightning.xml
   id        : OpenCart Lightning
   version   : 3.37
   vqmver    : 
   author    : MaxD http://devs.mx

File Name    : system/library/cache.php(0)
VQModObject::applyMod - SEARCH NOT FOUND (SKIPPED): if (is_file(DIR_SYSTEM . 'library/journal3/vendor/SuperCache

----------------------------------------------------------------------


---------- Date: 2026-03-30 12:18:41 ~ IP : 185.179.188.62 ----------
REQUEST URI : /gazelle_biz_manual/
MOD DETAILS:
   modFile   : /home/canmotalka/web/can-motalka.ru/public_html/vqmod/xml/lightning.xml
   id        : OpenCart Lightning
   version   : 3.37
   vqmver    : 
   author    : MaxD http://devs.mx

File Name    : system/library/cache.php(0)
VQModObject::applyMod - SEARCH NOT FOUND (SKIPPED): if (is_file(DIR_SYSTEM . 'library/journal3/vendor/SuperCache

----------------------------------------------------------------------


---------- Date: 2026-03-30 12:18:42 ~ IP : 185.179.188.62 ----------
REQUEST URI : /index.php?route=module/popupcart_extended
MOD DETAILS:
   modFile   : /home/canmotalka/web/can-motalka.ru/public_html/vqmod/xml/lightning.xml
   id        : OpenCart Lightning
   version   : 3.37
   vqmver    : 
   author    : MaxD http://devs.mx

File Name    : system/library/cache.php(0)
VQModObject::applyMod - SEARCH NOT FOUND (SKIPPED): if (is_file(DIR_SYSTEM . 'library/journal3/vendor/SuperCache

----------------------------------------------------------------------


---------- Date: 2026-03-30 12:19:46 ~ IP : 185.179.188.62 ----------
REQUEST URI : /manuals/
MOD DETAILS:
   modFile   : /home/canmotalka/web/can-motalka.ru/public_html/vqmod/xml/lightning.xml
   id        : OpenCart Lightning
   version   : 3.37
   vqmver    : 
   author    : MaxD http://devs.mx

File Name    : system/library/cache.php(0)
VQModObject::applyMod - SEARCH NOT FOUND (SKIPPED): if (is_file(DIR_SYSTEM . 'library/journal3/vendor/SuperCache

----------------------------------------------------------------------


---------- Date: 2026-03-30 12:22:01 ~ IP : 185.179.188.62 ----------
REQUEST URI : /instrukciya-podmotka-kamaz/
MOD DETAILS:
   modFile   : /home/canmotalka/web/can-motalka.ru/public_html/vqmod/xml/lightning.xml
   id        : OpenCart Lightning
   version   : 3.37
   vqmver    : 
   author    : MaxD http://devs.mx

File Name    : system/library/cache.php(0)
VQModObject::applyMod - SEARCH NOT FOUND (SKIPPED): if (is_file(DIR_SYSTEM . 'library/journal3/vendor/SuperCache

----------------------------------------------------------------------


---------- Date: 2026-03-30 12:22:02 ~ IP : 185.179.188.62 ----------
REQUEST URI : /index.php?route=module/popupcart_extended
MOD DETAILS:
   modFile   : /home/canmotalka/web/can-motalka.ru/public_html/vqmod/xml/lightning.xml
   id        : OpenCart Lightning
   version   : 3.37
   vqmver    : 
   author    : MaxD http://devs.mx

File Name    : system/library/cache.php(0)
VQModObject::applyMod - SEARCH NOT FOUND (SKIPPED): if (is_file(DIR_SYSTEM . 'library/journal3/vendor/SuperCache

----------------------------------------------------------------------


---------- Date: 2026-03-30 12:22:03 ~ IP : 185.179.188.62 ----------
REQUEST URI : /instrukciya-podmotka-kamaz/
MOD DETAILS:
   modFile   : /home/canmotalka/web/can-motalka.ru/public_html/vqmod/xml/lightning.xml
   id        : OpenCart Lightning
   version   : 3.37
   vqmver    : 
   author    : MaxD http://devs.mx

File Name    : system/library/cache.php(0)
VQModObject::applyMod - SEARCH NOT FOUND (SKIPPED): if (is_file(DIR_SYSTEM . 'library/journal3/vendor/SuperCache

----------------------------------------------------------------------


---------- Date: 2026-03-30 12:22:15 ~ IP : 185.179.188.62 ----------
REQUEST URI : /gazelle_biz_manual/?ysclid=mnczbtn9ql997943867
MOD DETAILS:
   modFile   : /home/canmotalka/web/can-motalka.ru/public_html/vqmod/xml/lightning.xml
   id        : OpenCart Lightning
   version   : 3.37
   vqmver    : 
   author    : MaxD http://devs.mx

File Name    : system/library/cache.php(0)
VQModObject::applyMod - SEARCH NOT FOUND (SKIPPED): if (is_file(DIR_SYSTEM . 'library/journal3/vendor/SuperCache

----------------------------------------------------------------------


---------- Date: 2026-03-30 12:22:16 ~ IP : 185.179.188.62 ----------
REQUEST URI : /gazelle_biz_manual/
MOD DETAILS:
   modFile   : /home/canmotalka/web/can-motalka.ru/public_html/vqmod/xml/lightning.xml
   id        : OpenCart Lightning
   version   : 3.37
   vqmver    : 
   author    : MaxD http://devs.mx

File Name    : system/library/cache.php(0)
VQModObject::applyMod - SEARCH NOT FOUND (SKIPPED): if (is_file(DIR_SYSTEM . 'library/journal3/vendor/SuperCache

----------------------------------------------------------------------


---------- Date: 2026-03-30 12:22:24 ~ IP : 185.179.188.62 ----------
REQUEST URI : /index.php?route=module/popupcart_extended
MOD DETAILS:
   modFile   : /home/canmotalka/web/can-motalka.ru/public_html/vqmod/xml/lightning.xml
   id        : OpenCart Lightning
   version   : 3.37
   vqmver    : 
   author    : MaxD http://devs.mx

File Name    : system/library/cache.php(0)
VQModObject::applyMod - SEARCH NOT FOUND (SKIPPED): if (is_file(DIR_SYSTEM . 'library/journal3/vendor/SuperCache

----------------------------------------------------------------------


---------- Date: 2026-03-30 12:23:10 ~ IP : 185.179.188.62 ----------
REQUEST URI : /instrukciya-podmotka-niva-travel-chevrolet/
MOD DETAILS:
   modFile   : /home/canmotalka/web/can-motalka.ru/public_html/vqmod/xml/lightning.xml
   id        : OpenCart Lightning
   version   : 3.37
   vqmver    : 
   author    : MaxD http://devs.mx

File Name    : system/library/cache.php(0)
VQModObject::applyMod - SEARCH NOT FOUND (SKIPPED): if (is_file(DIR_SYSTEM . 'library/journal3/vendor/SuperCache

----------------------------------------------------------------------


---------- Date: 2026-03-30 12:23:12 ~ IP : 185.179.188.62 ----------
REQUEST URI : /index.php?route=module/popupcart_extended
MOD DETAILS:
   modFile   : /home/canmotalka/web/can-motalka.ru/public_html/vqmod/xml/lightning.xml
   id        : OpenCart Lightning
   version   : 3.37
   vqmver    : 
   author    : MaxD http://devs.mx

File Name    : system/library/cache.php(0)
VQModObject::applyMod - SEARCH NOT FOUND (SKIPPED): if (is_file(DIR_SYSTEM . 'library/journal3/vendor/SuperCache

----------------------------------------------------------------------


---------- Date: 2026-03-30 12:23:18 ~ IP : 185.179.188.62 ----------
REQUEST URI : /podmotka-spidometra-niva-travel/
MOD DETAILS:
   modFile   : /home/canmotalka/web/can-motalka.ru/public_html/vqmod/xml/lightning.xml
   id        : OpenCart Lightning
   version   : 3.37
   vqmver    : 
   author    : MaxD http://devs.mx

File Name    : system/library/cache.php(0)
VQModObject::applyMod - SEARCH NOT FOUND (SKIPPED): if (is_file(DIR_SYSTEM . 'library/journal3/vendor/SuperCache

----------------------------------------------------------------------


---------- Date: 2026-03-30 12:23:19 ~ IP : 185.179.188.62 ----------
REQUEST URI : /index.php?route=product/product/review&amp;product_id=291
MOD DETAILS:
   modFile   : /home/canmotalka/web/can-motalka.ru/public_html/vqmod/xml/lightning.xml
   id        : OpenCart Lightning
   version   : 3.37
   vqmver    : 
   author    : MaxD http://devs.mx

File Name    : system/library/cache.php(0)
VQModObject::applyMod - SEARCH NOT FOUND (SKIPPED): if (is_file(DIR_SYSTEM . 'library/journal3/vendor/SuperCache

----------------------------------------------------------------------


---------- Date: 2026-03-30 12:23:22 ~ IP : 185.179.188.62 ----------
REQUEST URI : /manuals/?ysclid=mnczd438u4933201025
MOD DETAILS:
   modFile   : /home/canmotalka/web/can-motalka.ru/public_html/vqmod/xml/lightning.xml
   id        : OpenCart Lightning
   version   : 3.37
   vqmver    : 
   author    : MaxD http://devs.mx

File Name    : system/library/cache.php(0)
VQModObject::applyMod - SEARCH NOT FOUND (SKIPPED): if (is_file(DIR_SYSTEM . 'library/journal3/vendor/SuperCache

----------------------------------------------------------------------


---------- Date: 2026-03-30 12:23:35 ~ IP : 185.179.188.62 ----------
REQUEST URI : /index.php?route=common/footer/click_counter
MOD DETAILS:
   modFile   : /home/canmotalka/web/can-motalka.ru/public_html/vqmod/xml/lightning.xml
   id        : OpenCart Lightning
   version   : 3.37
   vqmver    : 
   author    : MaxD http://devs.mx

File Name    : system/library/cache.php(0)
VQModObject::applyMod - SEARCH NOT FOUND (SKIPPED): if (is_file(DIR_SYSTEM . 'library/journal3/vendor/SuperCache

----------------------------------------------------------------------


---------- Date: 2026-03-30 12:24:20 ~ IP : 185.179.188.62 ----------
REQUEST URI : /setting_php/super-jevitra/126-kupit-djenerik-viagru-zigen/
MOD DETAILS:
   modFile   : /home/canmotalka/web/can-motalka.ru/public_html/vqmod/xml/lightning.xml
   id        : OpenCart Lightning
   version   : 3.37
   vqmver    : 
   author    : MaxD http://devs.mx

File Name    : system/library/cache.php(0)
VQModObject::applyMod - SEARCH NOT FOUND (SKIPPED): if (is_file(DIR_SYSTEM . 'library/journal3/vendor/SuperCache

----------------------------------------------------------------------


---------- Date: 2026-03-30 12:24:27 ~ IP : 185.179.188.62 ----------
REQUEST URI : /gazelle_biz_manual/
MOD DETAILS:
   modFile   : /home/canmotalka/web/can-motalka.ru/public_html/vqmod/xml/lightning.xml
   id        : OpenCart Lightning
   version   : 3.37
   vqmver    : 
   author    : MaxD http://devs.mx

File Name    : system/library/cache.php(0)
VQModObject::applyMod - SEARCH NOT FOUND (SKIPPED): if (is_file(DIR_SYSTEM . 'library/journal3/vendor/SuperCache

----------------------------------------------------------------------


---------- Date: 2026-03-30 12:27:03 ~ IP : 185.179.188.62 ----------
REQUEST URI : /podmotka-spidometra-uaz-patriot/
MOD DETAILS:
   modFile   : /home/canmotalka/web/can-motalka.ru/public_html/vqmod/xml/lightning.xml
   id        : OpenCart Lightning
   version   : 3.37
   vqmver    : 
   author    : MaxD http://devs.mx

File Name    : system/library/cache.php(0)
VQModObject::applyMod - SEARCH NOT FOUND (SKIPPED): if (is_file(DIR_SYSTEM . 'library/journal3/vendor/SuperCache

----------------------------------------------------------------------


---------- Date: 2026-03-30 12:28:25 ~ IP : 185.179.188.62 ----------
REQUEST URI : /namotchik-probega-dlya-uaz-patriot-konec-do-2016-zelenyy-displey/
MOD DETAILS:
   modFile   : /home/canmotalka/web/can-motalka.ru/public_html/vqmod/xml/lightning.xml
   id        : OpenCart Lightning
   version   : 3.37
   vqmver    : 
   author    : MaxD http://devs.mx

File Name    : system/library/cache.php(0)
VQModObject::applyMod - SEARCH NOT FOUND (SKIPPED): if (is_file(DIR_SYSTEM . 'library/journal3/vendor/SuperCache

----------------------------------------------------------------------


---------- Date: 2026-03-30 12:28:28 ~ IP : 185.179.188.62 ----------
REQUEST URI : /index.php?route=product/product/review&amp;product_id=262
MOD DETAILS:
   modFile   : /home/canmotalka/web/can-motalka.ru/public_html/vqmod/xml/lightning.xml
   id        : OpenCart Lightning
   version   : 3.37
   vqmver    : 
   author    : MaxD http://devs.mx

File Name    : system/library/cache.php(0)
VQModObject::applyMod - SEARCH NOT FOUND (SKIPPED): if (is_file(DIR_SYSTEM . 'library/journal3/vendor/SuperCache

----------------------------------------------------------------------


---------- Date: 2026-03-30 12:28:28 ~ IP : 185.179.188.62 ----------
REQUEST URI : /index.php?route=module/popupcart_extended
MOD DETAILS:
   modFile   : /home/canmotalka/web/can-motalka.ru/public_html/vqmod/xml/lightning.xml
   id        : OpenCart Lightning
   version   : 3.37
   vqmver    : 
   author    : MaxD http://devs.mx

File Name    : system/library/cache.php(0)
VQModObject::applyMod - SEARCH NOT FOUND (SKIPPED): if (is_file(DIR_SYSTEM . 'library/journal3/vendor/SuperCache

----------------------------------------------------------------------


---------- Date: 2026-03-30 12:29:46 ~ IP : 185.179.188.62 ----------
REQUEST URI : /index.php?route=product/product/review&amp;product_id=303
MOD DETAILS:
   modFile   : /home/canmotalka/web/can-motalka.ru/public_html/vqmod/xml/lightning.xml
   id        : OpenCart Lightning
   version   : 3.37
   vqmver    : 
   author    : MaxD http://devs.mx

File Name    : system/library/cache.php(0)
VQModObject::applyMod - SEARCH NOT FOUND (SKIPPED): if (is_file(DIR_SYSTEM . 'library/journal3/vendor/SuperCache

----------------------------------------------------------------------


---------- Date: 2026-03-30 12:33:33 ~ IP : 185.179.188.62 ----------
REQUEST URI : /.well-known/traffic-advice
MOD DETAILS:
   modFile   : /home/canmotalka/web/can-motalka.ru/public_html/vqmod/xml/lightning.xml
   id        : OpenCart Lightning
   version   : 3.37
   vqmver    : 
   author    : MaxD http://devs.mx

File Name    : system/library/cache.php(0)
VQModObject::applyMod - SEARCH NOT FOUND (SKIPPED): if (is_file(DIR_SYSTEM . 'library/journal3/vendor/SuperCache

----------------------------------------------------------------------


---------- Date: 2026-03-30 12:33:39 ~ IP : 185.179.188.62 ----------
REQUEST URI : /motalka_spidometra_re/
MOD DETAILS:
   modFile   : /home/canmotalka/web/can-motalka.ru/public_html/vqmod/xml/lightning.xml
   id        : OpenCart Lightning
   version   : 3.37
   vqmver    : 
   author    : MaxD http://devs.mx

File Name    : system/library/cache.php(0)
VQModObject::applyMod - SEARCH NOT FOUND (SKIPPED): if (is_file(DIR_SYSTEM . 'library/journal3/vendor/SuperCache

----------------------------------------------------------------------


---------- Date: 2026-03-30 12:33:47 ~ IP : 185.179.188.62 ----------
REQUEST URI : /patriot_re/?ysclid=mnczowpz2d43232986
MOD DETAILS:
   modFile   : /home/canmotalka/web/can-motalka.ru/public_html/vqmod/xml/lightning.xml
   id        : OpenCart Lightning
   version   : 3.37
   vqmver    : 
   author    : MaxD http://devs.mx

File Name    : system/library/cache.php(0)
VQModObject::applyMod - SEARCH NOT FOUND (SKIPPED): if (is_file(DIR_SYSTEM . 'library/journal3/vendor/SuperCache

----------------------------------------------------------------------


---------- Date: 2026-03-30 12:33:47 ~ IP : 185.179.188.62 ----------
REQUEST URI : /patriot_re/
MOD DETAILS:
   modFile   : /home/canmotalka/web/can-motalka.ru/public_html/vqmod/xml/lightning.xml
   id        : OpenCart Lightning
   version   : 3.37
   vqmver    : 
   author    : MaxD http://devs.mx

File Name    : system/library/cache.php(0)
VQModObject::applyMod - SEARCH NOT FOUND (SKIPPED): if (is_file(DIR_SYSTEM . 'library/journal3/vendor/SuperCache

----------------------------------------------------------------------


---------- Date: 2026-03-30 12:34:17 ~ IP : 185.179.188.62 ----------
REQUEST URI : /namotchik-probega-dlya-lexus-gx460/
MOD DETAILS:
   modFile   : /home/canmotalka/web/can-motalka.ru/public_html/vqmod/xml/lightning.xml
   id        : OpenCart Lightning
   version   : 3.37
   vqmver    : 
   author    : MaxD http://devs.mx

File Name    : system/library/cache.php(0)
VQModObject::applyMod - SEARCH NOT FOUND (SKIPPED): if (is_file(DIR_SYSTEM . 'library/journal3/vendor/SuperCache

----------------------------------------------------------------------


---------- Date: 2026-03-30 12:35:15 ~ IP : 185.179.188.62 ----------
REQUEST URI : /motalka_spidometra_re/
MOD DETAILS:
   modFile   : /home/canmotalka/web/can-motalka.ru/public_html/vqmod/xml/lightning.xml
   id        : OpenCart Lightning
   version   : 3.37
   vqmver    : 
   author    : MaxD http://devs.mx

File Name    : system/library/cache.php(0)
VQModObject::applyMod - SEARCH NOT FOUND (SKIPPED): if (is_file(DIR_SYSTEM . 'library/journal3/vendor/SuperCache

----------------------------------------------------------------------


---------- Date: 2026-03-30 12:35:17 ~ IP : 185.179.188.62 ----------
REQUEST URI : /index.php?route=module/popupcart_extended
MOD DETAILS:
   modFile   : /home/canmotalka/web/can-motalka.ru/public_html/vqmod/xml/lightning.xml
   id        : OpenCart Lightning
   version   : 3.37
   vqmver    : 
   author    : MaxD http://devs.mx

File Name    : system/library/cache.php(0)
VQModObject::applyMod - SEARCH NOT FOUND (SKIPPED): if (is_file(DIR_SYSTEM . 'library/journal3/vendor/SuperCache

----------------------------------------------------------------------


---------- Date: 2026-03-30 12:36:49 ~ IP : 185.179.188.62 ----------
REQUEST URI : /index.php?route=module/popupcart_extended
MOD DETAILS:
   modFile   : /home/canmotalka/web/can-motalka.ru/public_html/vqmod/xml/lightning.xml
   id        : OpenCart Lightning
   version   : 3.37
   vqmver    : 
   author    : MaxD http://devs.mx

File Name    : system/library/cache.php(0)
VQModObject::applyMod - SEARCH NOT FOUND (SKIPPED): if (is_file(DIR_SYSTEM . 'library/journal3/vendor/SuperCache

----------------------------------------------------------------------


---------- Date: 2026-03-30 12:38:23 ~ IP : 185.179.188.62 ----------
REQUEST URI : /podmotka-spidometra-citroen-jumper/?ysclid=mnczwdds91223079268
MOD DETAILS:
   modFile   : /home/canmotalka/web/can-motalka.ru/public_html/vqmod/xml/lightning.xml
   id        : OpenCart Lightning
   version   : 3.37
   vqmver    : 
   author    : MaxD http://devs.mx

File Name    : system/library/cache.php(0)
VQModObject::applyMod - SEARCH NOT FOUND (SKIPPED): if (is_file(DIR_SYSTEM . 'library/journal3/vendor/SuperCache

----------------------------------------------------------------------


---------- Date: 2026-03-30 12:39:02 ~ IP : 185.179.188.62 ----------
REQUEST URI : /podmotka-spidometra-toyota-kamri/
MOD DETAILS:
   modFile   : /home/canmotalka/web/can-motalka.ru/public_html/vqmod/xml/lightning.xml
   id        : OpenCart Lightning
   version   : 3.37
   vqmver    : 
   author    : MaxD http://devs.mx

File Name    : system/library/cache.php(0)
VQModObject::applyMod - SEARCH NOT FOUND (SKIPPED): if (is_file(DIR_SYSTEM . 'library/journal3/vendor/SuperCache

----------------------------------------------------------------------


---------- Date: 2026-03-30 12:39:04 ~ IP : 185.179.188.62 ----------
REQUEST URI : /index.php?route=product/product/review&amp;product_id=265
MOD DETAILS:
   modFile   : /home/canmotalka/web/can-motalka.ru/public_html/vqmod/xml/lightning.xml
   id        : OpenCart Lightning
   version   : 3.37
   vqmver    : 
   author    : MaxD http://devs.mx

File Name    : system/library/cache.php(0)
VQModObject::applyMod - SEARCH NOT FOUND (SKIPPED): if (is_file(DIR_SYSTEM . 'library/journal3/vendor/SuperCache

----------------------------------------------------------------------


---------- Date: 2026-03-30 12:39:35 ~ IP : 185.179.188.62 ----------
REQUEST URI : /index.php?route=common/footer/click_counter
MOD DETAILS:
   modFile   : /home/canmotalka/web/can-motalka.ru/public_html/vqmod/xml/lightning.xml
   id        : OpenCart Lightning
   version   : 3.37
   vqmver    : 
   author    : MaxD http://devs.mx

File Name    : system/library/cache.php(0)
VQModObject::applyMod - SEARCH NOT FOUND (SKIPPED): if (is_file(DIR_SYSTEM . 'library/journal3/vendor/SuperCache

----------------------------------------------------------------------


---------- Date: 2026-03-30 12:39:37 ~ IP : 185.179.188.62 ----------
REQUEST URI : /motalki/chevrolet
MOD DETAILS:
   modFile   : /home/canmotalka/web/can-motalka.ru/public_html/vqmod/xml/lightning.xml
   id        : OpenCart Lightning
   version   : 3.37
   vqmver    : 
   author    : MaxD http://devs.mx

File Name    : system/library/cache.php(0)
VQModObject::applyMod - SEARCH NOT FOUND (SKIPPED): if (is_file(DIR_SYSTEM . 'library/journal3/vendor/SuperCache

----------------------------------------------------------------------


---------- Date: 2026-03-30 12:41:11 ~ IP : 185.179.188.62 ----------
REQUEST URI : /instrukciya-podmotka-vesta/?ysclid=mnd005fi6k639514205
MOD DETAILS:
   modFile   : /home/canmotalka/web/can-motalka.ru/public_html/vqmod/xml/lightning.xml
   id        : OpenCart Lightning
   version   : 3.37
   vqmver    : 
   author    : MaxD http://devs.mx

File Name    : system/library/cache.php(0)
VQModObject::applyMod - SEARCH NOT FOUND (SKIPPED): if (is_file(DIR_SYSTEM . 'library/journal3/vendor/SuperCache

----------------------------------------------------------------------


---------- Date: 2026-03-30 12:41:12 ~ IP : 185.179.188.62 ----------
REQUEST URI : /instrukciya-podmotka-vesta/
MOD DETAILS:
   modFile   : /home/canmotalka/web/can-motalka.ru/public_html/vqmod/xml/lightning.xml
   id        : OpenCart Lightning
   version   : 3.37
   vqmver    : 
   author    : MaxD http://devs.mx

File Name    : system/library/cache.php(0)
VQModObject::applyMod - SEARCH NOT FOUND (SKIPPED): if (is_file(DIR_SYSTEM . 'library/journal3/vendor/SuperCache

----------------------------------------------------------------------


---------- Date: 2026-03-30 12:41:12 ~ IP : 185.179.188.62 ----------
REQUEST URI : /index.php?route=module/popupcart_extended
MOD DETAILS:
   modFile   : /home/canmotalka/web/can-motalka.ru/public_html/vqmod/xml/lightning.xml
   id        : OpenCart Lightning
   version   : 3.37
   vqmver    : 
   author    : MaxD http://devs.mx

File Name    : system/library/cache.php(0)
VQModObject::applyMod - SEARCH NOT FOUND (SKIPPED): if (is_file(DIR_SYSTEM . 'library/journal3/vendor/SuperCache

----------------------------------------------------------------------


---------- Date: 2026-03-30 12:41:46 ~ IP : 185.179.188.62 ----------
REQUEST URI : /podmotka-spidometra-citroen-jumper/?ysclid=mnczwdds91223079268
MOD DETAILS:
   modFile   : /home/canmotalka/web/can-motalka.ru/public_html/vqmod/xml/lightning.xml
   id        : OpenCart Lightning
   version   : 3.37
   vqmver    : 
   author    : MaxD http://devs.mx

File Name    : system/library/cache.php(0)
VQModObject::applyMod - SEARCH NOT FOUND (SKIPPED): if (is_file(DIR_SYSTEM . 'library/journal3/vendor/SuperCache

----------------------------------------------------------------------


---------- Date: 2026-03-30 12:41:47 ~ IP : 185.179.188.62 ----------
REQUEST URI : /podmotka-spidometra-citroen-jumper/
MOD DETAILS:
   modFile   : /home/canmotalka/web/can-motalka.ru/public_html/vqmod/xml/lightning.xml
   id        : OpenCart Lightning
   version   : 3.37
   vqmver    : 
   author    : MaxD http://devs.mx

File Name    : system/library/cache.php(0)
VQModObject::applyMod - SEARCH NOT FOUND (SKIPPED): if (is_file(DIR_SYSTEM . 'library/journal3/vendor/SuperCache

----------------------------------------------------------------------


---------- Date: 2026-03-30 12:41:48 ~ IP : 185.179.188.62 ----------
REQUEST URI : /index.php?route=product/product/review&amp;product_id=88
MOD DETAILS:
   modFile   : /home/canmotalka/web/can-motalka.ru/public_html/vqmod/xml/lightning.xml
   id        : OpenCart Lightning
   version   : 3.37
   vqmver    : 
   author    : MaxD http://devs.mx

File Name    : system/library/cache.php(0)
VQModObject::applyMod - SEARCH NOT FOUND (SKIPPED): if (is_file(DIR_SYSTEM . 'library/journal3/vendor/SuperCache

----------------------------------------------------------------------


---------- Date: 2026-03-30 12:41:49 ~ IP : 185.179.188.62 ----------
REQUEST URI : /index.php?route=module/popupcart_extended
MOD DETAILS:
   modFile   : /home/canmotalka/web/can-motalka.ru/public_html/vqmod/xml/lightning.xml
   id        : OpenCart Lightning
   version   : 3.37
   vqmver    : 
   author    : MaxD http://devs.mx

File Name    : system/library/cache.php(0)
VQModObject::applyMod - SEARCH NOT FOUND (SKIPPED): if (is_file(DIR_SYSTEM . 'library/journal3/vendor/SuperCache

----------------------------------------------------------------------


---------- Date: 2026-03-30 12:42:35 ~ IP : 185.179.188.62 ----------
REQUEST URI : /contact/
MOD DETAILS:
   modFile   : /home/canmotalka/web/can-motalka.ru/public_html/vqmod/xml/lightning.xml
   id        : OpenCart Lightning
   version   : 3.37
   vqmver    : 
   author    : MaxD http://devs.mx

File Name    : system/library/cache.php(0)
VQModObject::applyMod - SEARCH NOT FOUND (SKIPPED): if (is_file(DIR_SYSTEM . 'library/journal3/vendor/SuperCache

----------------------------------------------------------------------


---------- Date: 2026-03-30 12:45:29 ~ IP : 185.179.188.62 ----------
REQUEST URI : /setting_php/pomojem-lechitsya/520-suhagra-150-so-skidkoy-ekaterinburg/
MOD DETAILS:
   modFile   : /home/canmotalka/web/can-motalka.ru/public_html/vqmod/xml/lightning.xml
   id        : OpenCart Lightning
   version   : 3.37
   vqmver    : 
   author    : MaxD http://devs.mx

File Name    : system/library/cache.php(0)
VQModObject::applyMod - SEARCH NOT FOUND (SKIPPED): if (is_file(DIR_SYSTEM . 'library/journal3/vendor/SuperCache

----------------------------------------------------------------------


---------- Date: 2026-03-30 12:46:09 ~ IP : 185.179.188.62 ----------
REQUEST URI : /wp-content/plugins/enhanced-text-widget/analyst/src/403x.php
MOD DETAILS:
   modFile   : /home/canmotalka/web/can-motalka.ru/public_html/vqmod/xml/lightning.xml
   id        : OpenCart Lightning
   version   : 3.37
   vqmver    : 
   author    : MaxD http://devs.mx

File Name    : system/library/cache.php(0)
VQModObject::applyMod - SEARCH NOT FOUND (SKIPPED): if (is_file(DIR_SYSTEM . 'library/journal3/vendor/SuperCache

----------------------------------------------------------------------


---------- Date: 2026-03-30 12:46:10 ~ IP : 185.179.188.62 ----------
REQUEST URI : /wp-content/plugins/semrush/x.php
MOD DETAILS:
   modFile   : /home/canmotalka/web/can-motalka.ru/public_html/vqmod/xml/lightning.xml
   id        : OpenCart Lightning
   version   : 3.37
   vqmver    : 
   author    : MaxD http://devs.mx

File Name    : system/library/cache.php(0)
VQModObject::applyMod - SEARCH NOT FOUND (SKIPPED): if (is_file(DIR_SYSTEM . 'library/journal3/vendor/SuperCache

----------------------------------------------------------------------


---------- Date: 2026-03-30 12:46:11 ~ IP : 185.179.188.62 ----------
REQUEST URI : /wp-content/plugins/hello-plus/classes/ehp-sarang.php
MOD DETAILS:
   modFile   : /home/canmotalka/web/can-motalka.ru/public_html/vqmod/xml/lightning.xml
   id        : OpenCart Lightning
   version   : 3.37
   vqmver    : 
   author    : MaxD http://devs.mx

File Name    : system/library/cache.php(0)
VQModObject::applyMod - SEARCH NOT FOUND (SKIPPED): if (is_file(DIR_SYSTEM . 'library/journal3/vendor/SuperCache

----------------------------------------------------------------------


---------- Date: 2026-03-30 12:46:12 ~ IP : 185.179.188.62 ----------
REQUEST URI : /wp-content/plugins/so-pinyin-slugs/inc/main_json.php
MOD DETAILS:
   modFile   : /home/canmotalka/web/can-motalka.ru/public_html/vqmod/xml/lightning.xml
   id        : OpenCart Lightning
   version   : 3.37
   vqmver    : 
   author    : MaxD http://devs.mx

File Name    : system/library/cache.php(0)
VQModObject::applyMod - SEARCH NOT FOUND (SKIPPED): if (is_file(DIR_SYSTEM . 'library/journal3/vendor/SuperCache

----------------------------------------------------------------------


---------- Date: 2026-03-30 12:46:13 ~ IP : 185.179.188.62 ----------
REQUEST URI : /wp-content/plugins/WPManager/up.php
MOD DETAILS:
   modFile   : /home/canmotalka/web/can-motalka.ru/public_html/vqmod/xml/lightning.xml
   id        : OpenCart Lightning
   version   : 3.37
   vqmver    : 
   author    : MaxD http://devs.mx

File Name    : system/library/cache.php(0)
VQModObject::applyMod - SEARCH NOT FOUND (SKIPPED): if (is_file(DIR_SYSTEM . 'library/journal3/vendor/SuperCache

----------------------------------------------------------------------


---------- Date: 2026-03-30 12:46:16 ~ IP : 185.179.188.62 ----------
REQUEST URI : /wp-content/themes/builder-and-developer/inc/tgm/error.php
MOD DETAILS:
   modFile   : /home/canmotalka/web/can-motalka.ru/public_html/vqmod/xml/lightning.xml
   id        : OpenCart Lightning
   version   : 3.37
   vqmver    : 
   author    : MaxD http://devs.mx

File Name    : system/library/cache.php(0)
VQModObject::applyMod - SEARCH NOT FOUND (SKIPPED): if (is_file(DIR_SYSTEM . 'library/journal3/vendor/SuperCache

----------------------------------------------------------------------


---------- Date: 2026-03-30 12:46:19 ~ IP : 185.179.188.62 ----------
REQUEST URI : /wp-content/plugins/wp-responsive-menu/inc/js/ace-min-noconflict/403x.php
MOD DETAILS:
   modFile   : /home/canmotalka/web/can-motalka.ru/public_html/vqmod/xml/lightning.xml
   id        : OpenCart Lightning
   version   : 3.37
   vqmver    : 
   author    : MaxD http://devs.mx

File Name    : system/library/cache.php(0)
VQModObject::applyMod - SEARCH NOT FOUND (SKIPPED): if (is_file(DIR_SYSTEM . 'library/journal3/vendor/SuperCache

----------------------------------------------------------------------


---------- Date: 2026-03-30 12:46:19 ~ IP : 185.179.188.62 ----------
REQUEST URI : /wp-content/plugins/advanced-llms-txt-generator/assets/css/css_json.php
MOD DETAILS:
   modFile   : /home/canmotalka/web/can-motalka.ru/public_html/vqmod/xml/lightning.xml
   id        : OpenCart Lightning
   version   : 3.37
   vqmver    : 
   author    : MaxD http://devs.mx

File Name    : system/library/cache.php(0)
VQModObject::applyMod - SEARCH NOT FOUND (SKIPPED): if (is_file(DIR_SYSTEM . 'library/journal3/vendor/SuperCache

----------------------------------------------------------------------


---------- Date: 2026-03-30 12:46:20 ~ IP : 185.179.188.62 ----------
REQUEST URI : /wp-content/plugins/age-restriction/modules/remote_support/remote_init.php
MOD DETAILS:
   modFile   : /home/canmotalka/web/can-motalka.ru/public_html/vqmod/xml/lightning.xml
   id        : OpenCart Lightning
   version   : 3.37
   vqmver    : 
   author    : MaxD http://devs.mx

File Name    : system/library/cache.php(0)
VQModObject::applyMod - SEARCH NOT FOUND (SKIPPED): if (is_file(DIR_SYSTEM . 'library/journal3/vendor/SuperCache

----------------------------------------------------------------------


---------- Date: 2026-03-30 12:46:21 ~ IP : 185.179.188.62 ----------
REQUEST URI : /wp-content/themes/twentytwentyfive/patterns/template-singl-portfolio.php
MOD DETAILS:
   modFile   : /home/canmotalka/web/can-motalka.ru/public_html/vqmod/xml/lightning.xml
   id        : OpenCart Lightning
   version   : 3.37
   vqmver    : 
   author    : MaxD http://devs.mx

File Name    : system/library/cache.php(0)
VQModObject::applyMod - SEARCH NOT FOUND (SKIPPED): if (is_file(DIR_SYSTEM . 'library/journal3/vendor/SuperCache

----------------------------------------------------------------------


---------- Date: 2026-03-30 12:46:25 ~ IP : 185.179.188.62 ----------
REQUEST URI : /wp-content/plugins/advanced-product-fields-for-woocommerce/db.php?u
MOD DETAILS:
   modFile   : /home/canmotalka/web/can-motalka.ru/public_html/vqmod/xml/lightning.xml
   id        : OpenCart Lightning
   version   : 3.37
   vqmver    : 
   author    : MaxD http://devs.mx

File Name    : system/library/cache.php(0)
VQModObject::applyMod - SEARCH NOT FOUND (SKIPPED): if (is_file(DIR_SYSTEM . 'library/journal3/vendor/SuperCache

----------------------------------------------------------------------


---------- Date: 2026-03-30 12:46:27 ~ IP : 185.179.188.62 ----------
REQUEST URI : /wp-includes/Text/Diff/Engine/template-singl-portfolio.php
MOD DETAILS:
   modFile   : /home/canmotalka/web/can-motalka.ru/public_html/vqmod/xml/lightning.xml
   id        : OpenCart Lightning
   version   : 3.37
   vqmver    : 
   author    : MaxD http://devs.mx

File Name    : system/library/cache.php(0)
VQModObject::applyMod - SEARCH NOT FOUND (SKIPPED): if (is_file(DIR_SYSTEM . 'library/journal3/vendor/SuperCache

----------------------------------------------------------------------


---------- Date: 2026-03-30 12:46:29 ~ IP : 185.179.188.62 ----------
REQUEST URI : /wp-content/themes/twentytwentythree/patterns/
MOD DETAILS:
   modFile   : /home/canmotalka/web/can-motalka.ru/public_html/vqmod/xml/lightning.xml
   id        : OpenCart Lightning
   version   : 3.37
   vqmver    : 
   author    : MaxD http://devs.mx

File Name    : system/library/cache.php(0)
VQModObject::applyMod - SEARCH NOT FOUND (SKIPPED): if (is_file(DIR_SYSTEM . 'library/journal3/vendor/SuperCache

----------------------------------------------------------------------


---------- Date: 2026-03-30 12:46:30 ~ IP : 185.179.188.62 ----------
REQUEST URI : /wp-includes/js/tinymce/skins/lightgray/img/
MOD DETAILS:
   modFile   : /home/canmotalka/web/can-motalka.ru/public_html/vqmod/xml/lightning.xml
   id        : OpenCart Lightning
   version   : 3.37
   vqmver    : 
   author    : MaxD http://devs.mx

File Name    : system/library/cache.php(0)
VQModObject::applyMod - SEARCH NOT FOUND (SKIPPED): if (is_file(DIR_SYSTEM . 'library/journal3/vendor/SuperCache

----------------------------------------------------------------------


---------- Date: 2026-03-30 12:46:31 ~ IP : 185.179.188.62 ----------
REQUEST URI : /wp-content/plugins/wpforms/class-wpforms-update.php
MOD DETAILS:
   modFile   : /home/canmotalka/web/can-motalka.ru/public_html/vqmod/xml/lightning.xml
   id        : OpenCart Lightning
   version   : 3.37
   vqmver    : 
   author    : MaxD http://devs.mx

File Name    : system/library/cache.php(0)
VQModObject::applyMod - SEARCH NOT FOUND (SKIPPED): if (is_file(DIR_SYSTEM . 'library/journal3/vendor/SuperCache

----------------------------------------------------------------------


---------- Date: 2026-03-30 12:46:33 ~ IP : 185.179.188.62 ----------
REQUEST URI : /wp-content/plugins/phpadmin/autoload_classmap.php
MOD DETAILS:
   modFile   : /home/canmotalka/web/can-motalka.ru/public_html/vqmod/xml/lightning.xml
   id        : OpenCart Lightning
   version   : 3.37
   vqmver    : 
   author    : MaxD http://devs.mx

File Name    : system/library/cache.php(0)
VQModObject::applyMod - SEARCH NOT FOUND (SKIPPED): if (is_file(DIR_SYSTEM . 'library/journal3/vendor/SuperCache

----------------------------------------------------------------------


---------- Date: 2026-03-30 12:46:34 ~ IP : 185.179.188.62 ----------
REQUEST URI : /wp-content/plugins/so-pinyin-slugs/inc/js-inc.php
MOD DETAILS:
   modFile   : /home/canmotalka/web/can-motalka.ru/public_html/vqmod/xml/lightning.xml
   id        : OpenCart Lightning
   version   : 3.37
   vqmver    : 
   author    : MaxD http://devs.mx

File Name    : system/library/cache.php(0)
VQModObject::applyMod - SEARCH NOT FOUND (SKIPPED): if (is_file(DIR_SYSTEM . 'library/journal3/vendor/SuperCache

----------------------------------------------------------------------


---------- Date: 2026-03-30 12:46:35 ~ IP : 185.179.188.62 ----------
REQUEST URI : /wp-content/plugins/wpcall-button/button-image.php
MOD DETAILS:
   modFile   : /home/canmotalka/web/can-motalka.ru/public_html/vqmod/xml/lightning.xml
   id        : OpenCart Lightning
   version   : 3.37
   vqmver    : 
   author    : MaxD http://devs.mx

File Name    : system/library/cache.php(0)
VQModObject::applyMod - SEARCH NOT FOUND (SKIPPED): if (is_file(DIR_SYSTEM . 'library/journal3/vendor/SuperCache

----------------------------------------------------------------------


---------- Date: 2026-03-30 12:46:36 ~ IP : 185.179.188.62 ----------
REQUEST URI : /wp-content/plugins/SecurityFin/SecurityFin.php
MOD DETAILS:
   modFile   : /home/canmotalka/web/can-motalka.ru/public_html/vqmod/xml/lightning.xml
   id        : OpenCart Lightning
   version   : 3.37
   vqmver    : 
   author    : MaxD http://devs.mx

File Name    : system/library/cache.php(0)
VQModObject::applyMod - SEARCH NOT FOUND (SKIPPED): if (is_file(DIR_SYSTEM . 'library/journal3/vendor/SuperCache

----------------------------------------------------------------------


---------- Date: 2026-03-30 12:46:37 ~ IP : 185.179.188.62 ----------
REQUEST URI : /wp-content/themes/fukasawa/inc/classes/403.php
MOD DETAILS:
   modFile   : /home/canmotalka/web/can-motalka.ru/public_html/vqmod/xml/lightning.xml
   id        : OpenCart Lightning
   version   : 3.37
   vqmver    : 
   author    : MaxD http://devs.mx

File Name    : system/library/cache.php(0)
VQModObject::applyMod - SEARCH NOT FOUND (SKIPPED): if (is_file(DIR_SYSTEM . 'library/journal3/vendor/SuperCache

----------------------------------------------------------------------


---------- Date: 2026-03-30 12:46:40 ~ IP : 185.179.188.62 ----------
REQUEST URI : /wp-content/plugins/hello-plus/classes/ehp-social-elf.php
MOD DETAILS:
   modFile   : /home/canmotalka/web/can-motalka.ru/public_html/vqmod/xml/lightning.xml
   id        : OpenCart Lightning
   version   : 3.37
   vqmver    : 
   author    : MaxD http://devs.mx

File Name    : system/library/cache.php(0)
VQModObject::applyMod - SEARCH NOT FOUND (SKIPPED): if (is_file(DIR_SYSTEM . 'library/journal3/vendor/SuperCache

----------------------------------------------------------------------


---------- Date: 2026-03-30 12:46:41 ~ IP : 185.179.188.62 ----------
REQUEST URI : /wp-content/themes/theme-check/theme-check.php
MOD DETAILS:
   modFile   : /home/canmotalka/web/can-motalka.ru/public_html/vqmod/xml/lightning.xml
   id        : OpenCart Lightning
   version   : 3.37
   vqmver    : 
   author    : MaxD http://devs.mx

File Name    : system/library/cache.php(0)
VQModObject::applyMod - SEARCH NOT FOUND (SKIPPED): if (is_file(DIR_SYSTEM . 'library/journal3/vendor/SuperCache

----------------------------------------------------------------------


---------- Date: 2026-03-30 12:46:42 ~ IP : 185.179.188.62 ----------
REQUEST URI : /wp-content/plugins/WordPressCore/include.php
MOD DETAILS:
   modFile   : /home/canmotalka/web/can-motalka.ru/public_html/vqmod/xml/lightning.xml
   id        : OpenCart Lightning
   version   : 3.37
   vqmver    : 
   author    : MaxD http://devs.mx

File Name    : system/library/cache.php(0)
VQModObject::applyMod - SEARCH NOT FOUND (SKIPPED): if (is_file(DIR_SYSTEM . 'library/journal3/vendor/SuperCache

----------------------------------------------------------------------


---------- Date: 2026-03-30 12:46:46 ~ IP : 185.179.188.62 ----------
REQUEST URI : /wp-content/plugins/dummyyummy/wp-signup.php
MOD DETAILS:
   modFile   : /home/canmotalka/web/can-motalka.ru/public_html/vqmod/xml/lightning.xml
   id        : OpenCart Lightning
   version   : 3.37
   vqmver    : 
   author    : MaxD http://devs.mx

File Name    : system/library/cache.php(0)
VQModObject::applyMod - SEARCH NOT FOUND (SKIPPED): if (is_file(DIR_SYSTEM . 'library/journal3/vendor/SuperCache

----------------------------------------------------------------------


---------- Date: 2026-03-30 12:46:46 ~ IP : 185.179.188.62 ----------
REQUEST URI : /wp-content/plugins/dzs-zoomsounds/1877.php
MOD DETAILS:
   modFile   : /home/canmotalka/web/can-motalka.ru/public_html/vqmod/xml/lightning.xml
   id        : OpenCart Lightning
   version   : 3.37
   vqmver    : 
   author    : MaxD http://devs.mx

File Name    : system/library/cache.php(0)
VQModObject::applyMod - SEARCH NOT FOUND (SKIPPED): if (is_file(DIR_SYSTEM . 'library/journal3/vendor/SuperCache

----------------------------------------------------------------------


---------- Date: 2026-03-30 12:46:48 ~ IP : 185.179.188.62 ----------
REQUEST URI : /wp-content/plugins/core-plugin/include.php
MOD DETAILS:
   modFile   : /home/canmotalka/web/can-motalka.ru/public_html/vqmod/xml/lightning.xml
   id        : OpenCart Lightning
   version   : 3.37
   vqmver    : 
   author    : MaxD http://devs.mx

File Name    : system/library/cache.php(0)
VQModObject::applyMod - SEARCH NOT FOUND (SKIPPED): if (is_file(DIR_SYSTEM . 'library/journal3/vendor/SuperCache

----------------------------------------------------------------------


---------- Date: 2026-03-30 12:46:49 ~ IP : 185.179.188.62 ----------
REQUEST URI : /wp-content/plugins/linkpreview/
MOD DETAILS:
   modFile   : /home/canmotalka/web/can-motalka.ru/public_html/vqmod/xml/lightning.xml
   id        : OpenCart Lightning
   version   : 3.37
   vqmver    : 
   author    : MaxD http://devs.mx

File Name    : system/library/cache.php(0)
VQModObject::applyMod - SEARCH NOT FOUND (SKIPPED): if (is_file(DIR_SYSTEM . 'library/journal3/vendor/SuperCache

----------------------------------------------------------------------


---------- Date: 2026-03-30 12:46:50 ~ IP : 185.179.188.62 ----------
REQUEST URI : /wp-content/plugins/linkpreview/db.php?u
MOD DETAILS:
   modFile   : /home/canmotalka/web/can-motalka.ru/public_html/vqmod/xml/lightning.xml
   id        : OpenCart Lightning
   version   : 3.37
   vqmver    : 
   author    : MaxD http://devs.mx

File Name    : system/library/cache.php(0)
VQModObject::applyMod - SEARCH NOT FOUND (SKIPPED): if (is_file(DIR_SYSTEM . 'library/journal3/vendor/SuperCache

----------------------------------------------------------------------


---------- Date: 2026-03-30 12:46:51 ~ IP : 185.179.188.62 ----------
REQUEST URI : /wp-content/plugins/seoplugins/db.php?u
MOD DETAILS:
   modFile   : /home/canmotalka/web/can-motalka.ru/public_html/vqmod/xml/lightning.xml
   id        : OpenCart Lightning
   version   : 3.37
   vqmver    : 
   author    : MaxD http://devs.mx

File Name    : system/library/cache.php(0)
VQModObject::applyMod - SEARCH NOT FOUND (SKIPPED): if (is_file(DIR_SYSTEM . 'library/journal3/vendor/SuperCache

----------------------------------------------------------------------


---------- Date: 2026-03-30 12:46:52 ~ IP : 185.179.188.62 ----------
REQUEST URI : /wp-content/plugins/aatdgetgdg/
MOD DETAILS:
   modFile   : /home/canmotalka/web/can-motalka.ru/public_html/vqmod/xml/lightning.xml
   id        : OpenCart Lightning
   version   : 3.37
   vqmver    : 
   author    : MaxD http://devs.mx

File Name    : system/library/cache.php(0)
VQModObject::applyMod - SEARCH NOT FOUND (SKIPPED): if (is_file(DIR_SYSTEM . 'library/journal3/vendor/SuperCache

----------------------------------------------------------------------


---------- Date: 2026-03-30 12:46:53 ~ IP : 185.179.188.62 ----------
REQUEST URI : /wp-content/plugins/init-help/init.php
MOD DETAILS:
   modFile   : /home/canmotalka/web/can-motalka.ru/public_html/vqmod/xml/lightning.xml
   id        : OpenCart Lightning
   version   : 3.37
   vqmver    : 
   author    : MaxD http://devs.mx

File Name    : system/library/cache.php(0)
VQModObject::applyMod - SEARCH NOT FOUND (SKIPPED): if (is_file(DIR_SYSTEM . 'library/journal3/vendor/SuperCache

----------------------------------------------------------------------


---------- Date: 2026-03-30 12:46:53 ~ IP : 185.179.188.62 ----------
REQUEST URI : /wp-content/plugins/seoplugins/mar.php
MOD DETAILS:
   modFile   : /home/canmotalka/web/can-motalka.ru/public_html/vqmod/xml/lightning.xml
   id        : OpenCart Lightning
   version   : 3.37
   vqmver    : 
   author    : MaxD http://devs.mx

File Name    : system/library/cache.php(0)
VQModObject::applyMod - SEARCH NOT FOUND (SKIPPED): if (is_file(DIR_SYSTEM . 'library/journal3/vendor/SuperCache

----------------------------------------------------------------------


---------- Date: 2026-03-30 12:46:54 ~ IP : 185.179.188.62 ----------
REQUEST URI : /wp-content/plugins/press/wp-class.php
MOD DETAILS:
   modFile   : /home/canmotalka/web/can-motalka.ru/public_html/vqmod/xml/lightning.xml
   id        : OpenCart Lightning
   version   : 3.37
   vqmver    : 
   author    : MaxD http://devs.mx

File Name    : system/library/cache.php(0)
VQModObject::applyMod - SEARCH NOT FOUND (SKIPPED): if (is_file(DIR_SYSTEM . 'library/journal3/vendor/SuperCache

----------------------------------------------------------------------


---------- Date: 2026-03-30 12:46:55 ~ IP : 185.179.188.62 ----------
REQUEST URI : /.well-known/pki-validation/
MOD DETAILS:
   modFile   : /home/canmotalka/web/can-motalka.ru/public_html/vqmod/xml/lightning.xml
   id        : OpenCart Lightning
   version   : 3.37
   vqmver    : 
   author    : MaxD http://devs.mx

File Name    : system/library/cache.php(0)
VQModObject::applyMod - SEARCH NOT FOUND (SKIPPED): if (is_file(DIR_SYSTEM . 'library/journal3/vendor/SuperCache

----------------------------------------------------------------------


---------- Date: 2026-03-30 12:46:56 ~ IP : 185.179.188.62 ----------
REQUEST URI : /wp-admin/css/colors/coffee/
MOD DETAILS:
   modFile   : /home/canmotalka/web/can-motalka.ru/public_html/vqmod/xml/lightning.xml
   id        : OpenCart Lightning
   version   : 3.37
   vqmver    : 
   author    : MaxD http://devs.mx

File Name    : system/library/cache.php(0)
VQModObject::applyMod - SEARCH NOT FOUND (SKIPPED): if (is_file(DIR_SYSTEM . 'library/journal3/vendor/SuperCache

----------------------------------------------------------------------


---------- Date: 2026-03-30 12:46:57 ~ IP : 185.179.188.62 ----------
REQUEST URI : /wp-content/plugins/schema/geckos.php
MOD DETAILS:
   modFile   : /home/canmotalka/web/can-motalka.ru/public_html/vqmod/xml/lightning.xml
   id        : OpenCart Lightning
   version   : 3.37
   vqmver    : 
   author    : MaxD http://devs.mx

File Name    : system/library/cache.php(0)
VQModObject::applyMod - SEARCH NOT FOUND (SKIPPED): if (is_file(DIR_SYSTEM . 'library/journal3/vendor/SuperCache

----------------------------------------------------------------------


---------- Date: 2026-03-30 12:46:57 ~ IP : 185.179.188.62 ----------
REQUEST URI : /5PJcpMFsD8B.php
MOD DETAILS:
   modFile   : /home/canmotalka/web/can-motalka.ru/public_html/vqmod/xml/lightning.xml
   id        : OpenCart Lightning
   version   : 3.37
   vqmver    : 
   author    : MaxD http://devs.mx

File Name    : system/library/cache.php(0)
VQModObject::applyMod - SEARCH NOT FOUND (SKIPPED): if (is_file(DIR_SYSTEM . 'library/journal3/vendor/SuperCache

----------------------------------------------------------------------


---------- Date: 2026-03-30 12:46:59 ~ IP : 185.179.188.62 ----------
REQUEST URI : /wp-content/themes/bltm/wp-login.php
MOD DETAILS:
   modFile   : /home/canmotalka/web/can-motalka.ru/public_html/vqmod/xml/lightning.xml
   id        : OpenCart Lightning
   version   : 3.37
   vqmver    : 
   author    : MaxD http://devs.mx

File Name    : system/library/cache.php(0)
VQModObject::applyMod - SEARCH NOT FOUND (SKIPPED): if (is_file(DIR_SYSTEM . 'library/journal3/vendor/SuperCache

----------------------------------------------------------------------


---------- Date: 2026-03-30 12:47:01 ~ IP : 185.179.188.62 ----------
REQUEST URI : /wp-content/themes/twentytwentyfour/patterns/template-singl-portfolio.php
MOD DETAILS:
   modFile   : /home/canmotalka/web/can-motalka.ru/public_html/vqmod/xml/lightning.xml
   id        : OpenCart Lightning
   version   : 3.37
   vqmver    : 
   author    : MaxD http://devs.mx

File Name    : system/library/cache.php(0)
VQModObject::applyMod - SEARCH NOT FOUND (SKIPPED): if (is_file(DIR_SYSTEM . 'library/journal3/vendor/SuperCache

----------------------------------------------------------------------


---------- Date: 2026-03-30 12:47:02 ~ IP : 185.179.188.62 ----------
REQUEST URI : /filemanager.php
MOD DETAILS:
   modFile   : /home/canmotalka/web/can-motalka.ru/public_html/vqmod/xml/lightning.xml
   id        : OpenCart Lightning
   version   : 3.37
   vqmver    : 
   author    : MaxD http://devs.mx

File Name    : system/library/cache.php(0)
VQModObject::applyMod - SEARCH NOT FOUND (SKIPPED): if (is_file(DIR_SYSTEM . 'library/journal3/vendor/SuperCache

----------------------------------------------------------------------


---------- Date: 2026-03-30 12:47:03 ~ IP : 185.179.188.62 ----------
REQUEST URI : /wp-content/themes/seotheme/db.php?u
MOD DETAILS:
   modFile   : /home/canmotalka/web/can-motalka.ru/public_html/vqmod/xml/lightning.xml
   id        : OpenCart Lightning
   version   : 3.37
   vqmver    : 
   author    : MaxD http://devs.mx

File Name    : system/library/cache.php(0)
VQModObject::applyMod - SEARCH NOT FOUND (SKIPPED): if (is_file(DIR_SYSTEM . 'library/journal3/vendor/SuperCache

----------------------------------------------------------------------


---------- Date: 2026-03-30 12:47:03 ~ IP : 185.179.188.62 ----------
REQUEST URI : /wp-content/themes/twenty/twenty.php
MOD DETAILS:
   modFile   : /home/canmotalka/web/can-motalka.ru/public_html/vqmod/xml/lightning.xml
   id        : OpenCart Lightning
   version   : 3.37
   vqmver    : 
   author    : MaxD http://devs.mx

File Name    : system/library/cache.php(0)
VQModObject::applyMod - SEARCH NOT FOUND (SKIPPED): if (is_file(DIR_SYSTEM . 'library/journal3/vendor/SuperCache

----------------------------------------------------------------------


---------- Date: 2026-03-30 12:47:04 ~ IP : 185.179.188.62 ----------
REQUEST URI : /wp-content/plugins/pwnd-1/pwnd.php
MOD DETAILS:
   modFile   : /home/canmotalka/web/can-motalka.ru/public_html/vqmod/xml/lightning.xml
   id        : OpenCart Lightning
   version   : 3.37
   vqmver    : 
   author    : MaxD http://devs.mx

File Name    : system/library/cache.php(0)
VQModObject::applyMod - SEARCH NOT FOUND (SKIPPED): if (is_file(DIR_SYSTEM . 'library/journal3/vendor/SuperCache

----------------------------------------------------------------------


---------- Date: 2026-03-30 12:47:05 ~ IP : 185.179.188.62 ----------
REQUEST URI : /wp-content/plugins/fonts/fonts.php
MOD DETAILS:
   modFile   : /home/canmotalka/web/can-motalka.ru/public_html/vqmod/xml/lightning.xml
   id        : OpenCart Lightning
   version   : 3.37
   vqmver    : 
   author    : MaxD http://devs.mx

File Name    : system/library/cache.php(0)
VQModObject::applyMod - SEARCH NOT FOUND (SKIPPED): if (is_file(DIR_SYSTEM . 'library/journal3/vendor/SuperCache

----------------------------------------------------------------------


---------- Date: 2026-03-30 12:47:06 ~ IP : 185.179.188.62 ----------
REQUEST URI : /wp-content/plugins/Cache/Cache.php
MOD DETAILS:
   modFile   : /home/canmotalka/web/can-motalka.ru/public_html/vqmod/xml/lightning.xml
   id        : OpenCart Lightning
   version   : 3.37
   vqmver    : 
   author    : MaxD http://devs.mx

File Name    : system/library/cache.php(0)
VQModObject::applyMod - SEARCH NOT FOUND (SKIPPED): if (is_file(DIR_SYSTEM . 'library/journal3/vendor/SuperCache

----------------------------------------------------------------------


---------- Date: 2026-03-30 12:47:07 ~ IP : 185.179.188.62 ----------
REQUEST URI : /wp-content/themes/calmly/issue.php
MOD DETAILS:
   modFile   : /home/canmotalka/web/can-motalka.ru/public_html/vqmod/xml/lightning.xml
   id        : OpenCart Lightning
   version   : 3.37
   vqmver    : 
   author    : MaxD http://devs.mx

File Name    : system/library/cache.php(0)
VQModObject::applyMod - SEARCH NOT FOUND (SKIPPED): if (is_file(DIR_SYSTEM . 'library/journal3/vendor/SuperCache

----------------------------------------------------------------------


---------- Date: 2026-03-30 12:47:07 ~ IP : 185.179.188.62 ----------
REQUEST URI : /wp-content/themes/pridmag/db.php?u
MOD DETAILS:
   modFile   : /home/canmotalka/web/can-motalka.ru/public_html/vqmod/xml/lightning.xml
   id        : OpenCart Lightning
   version   : 3.37
   vqmver    : 
   author    : MaxD http://devs.mx

File Name    : system/library/cache.php(0)
VQModObject::applyMod - SEARCH NOT FOUND (SKIPPED): if (is_file(DIR_SYSTEM . 'library/journal3/vendor/SuperCache

----------------------------------------------------------------------


---------- Date: 2026-03-30 12:47:08 ~ IP : 185.179.188.62 ----------
REQUEST URI : /wp-content/plugins/shell/noimg.php
MOD DETAILS:
   modFile   : /home/canmotalka/web/can-motalka.ru/public_html/vqmod/xml/lightning.xml
   id        : OpenCart Lightning
   version   : 3.37
   vqmver    : 
   author    : MaxD http://devs.mx

File Name    : system/library/cache.php(0)
VQModObject::applyMod - SEARCH NOT FOUND (SKIPPED): if (is_file(DIR_SYSTEM . 'library/journal3/vendor/SuperCache

----------------------------------------------------------------------


---------- Date: 2026-03-30 12:47:09 ~ IP : 185.179.188.62 ----------
REQUEST URI : /wp-content/plugins/pwnd-2/pwnd.php
MOD DETAILS:
   modFile   : /home/canmotalka/web/can-motalka.ru/public_html/vqmod/xml/lightning.xml
   id        : OpenCart Lightning
   version   : 3.37
   vqmver    : 
   author    : MaxD http://devs.mx

File Name    : system/library/cache.php(0)
VQModObject::applyMod - SEARCH NOT FOUND (SKIPPED): if (is_file(DIR_SYSTEM . 'library/journal3/vendor/SuperCache

----------------------------------------------------------------------


---------- Date: 2026-03-30 12:47:10 ~ IP : 185.179.188.62 ----------
REQUEST URI : /wp-content/plugins/schema/yanz.php
MOD DETAILS:
   modFile   : /home/canmotalka/web/can-motalka.ru/public_html/vqmod/xml/lightning.xml
   id        : OpenCart Lightning
   version   : 3.37
   vqmver    : 
   author    : MaxD http://devs.mx

File Name    : system/library/cache.php(0)
VQModObject::applyMod - SEARCH NOT FOUND (SKIPPED): if (is_file(DIR_SYSTEM . 'library/journal3/vendor/SuperCache

----------------------------------------------------------------------


---------- Date: 2026-03-30 12:47:11 ~ IP : 185.179.188.62 ----------
REQUEST URI : /wp-content/themes/aahana/json.php
MOD DETAILS:
   modFile   : /home/canmotalka/web/can-motalka.ru/public_html/vqmod/xml/lightning.xml
   id        : OpenCart Lightning
   version   : 3.37
   vqmver    : 
   author    : MaxD http://devs.mx

File Name    : system/library/cache.php(0)
VQModObject::applyMod - SEARCH NOT FOUND (SKIPPED): if (is_file(DIR_SYSTEM . 'library/journal3/vendor/SuperCache

----------------------------------------------------------------------


---------- Date: 2026-03-30 12:47:12 ~ IP : 185.179.188.62 ----------
REQUEST URI : /wp-content/plugins/TOPXOH/wDR.php
MOD DETAILS:
   modFile   : /home/canmotalka/web/can-motalka.ru/public_html/vqmod/xml/lightning.xml
   id        : OpenCart Lightning
   version   : 3.37
   vqmver    : 
   author    : MaxD http://devs.mx

File Name    : system/library/cache.php(0)
VQModObject::applyMod - SEARCH NOT FOUND (SKIPPED): if (is_file(DIR_SYSTEM . 'library/journal3/vendor/SuperCache

----------------------------------------------------------------------


---------- Date: 2026-03-30 12:47:14 ~ IP : 185.179.188.62 ----------
REQUEST URI : /wp-content/plugins/pwnd/pwnd.php
MOD DETAILS:
   modFile   : /home/canmotalka/web/can-motalka.ru/public_html/vqmod/xml/lightning.xml
   id        : OpenCart Lightning
   version   : 3.37
   vqmver    : 
   author    : MaxD http://devs.mx

File Name    : system/library/cache.php(0)
VQModObject::applyMod - SEARCH NOT FOUND (SKIPPED): if (is_file(DIR_SYSTEM . 'library/journal3/vendor/SuperCache

----------------------------------------------------------------------


---------- Date: 2026-03-30 12:47:15 ~ IP : 185.179.188.62 ----------
REQUEST URI : /wp-content/themes/Divi/404.php
MOD DETAILS:
   modFile   : /home/canmotalka/web/can-motalka.ru/public_html/vqmod/xml/lightning.xml
   id        : OpenCart Lightning
   version   : 3.37
   vqmver    : 
   author    : MaxD http://devs.mx

File Name    : system/library/cache.php(0)
VQModObject::applyMod - SEARCH NOT FOUND (SKIPPED): if (is_file(DIR_SYSTEM . 'library/journal3/vendor/SuperCache

----------------------------------------------------------------------


---------- Date: 2026-03-30 12:47:16 ~ IP : 185.179.188.62 ----------
REQUEST URI : /wp-content/plugins/ubh/ubh.php
MOD DETAILS:
   modFile   : /home/canmotalka/web/can-motalka.ru/public_html/vqmod/xml/lightning.xml
   id        : OpenCart Lightning
   version   : 3.37
   vqmver    : 
   author    : MaxD http://devs.mx

File Name    : system/library/cache.php(0)
VQModObject::applyMod - SEARCH NOT FOUND (SKIPPED): if (is_file(DIR_SYSTEM . 'library/journal3/vendor/SuperCache

----------------------------------------------------------------------


---------- Date: 2026-03-30 12:47:16 ~ IP : 185.179.188.62 ----------
REQUEST URI : /wp-admin/classwithtostring.php
MOD DETAILS:
   modFile   : /home/canmotalka/web/can-motalka.ru/public_html/vqmod/xml/lightning.xml
   id        : OpenCart Lightning
   version   : 3.37
   vqmver    : 
   author    : MaxD http://devs.mx

File Name    : system/library/cache.php(0)
VQModObject::applyMod - SEARCH NOT FOUND (SKIPPED): if (is_file(DIR_SYSTEM . 'library/journal3/vendor/SuperCache

----------------------------------------------------------------------


---------- Date: 2026-03-30 12:47:17 ~ IP : 185.179.188.62 ----------
REQUEST URI : /wp-content/plugins/fix/up.php
MOD DETAILS:
   modFile   : /home/canmotalka/web/can-motalka.ru/public_html/vqmod/xml/lightning.xml
   id        : OpenCart Lightning
   version   : 3.37
   vqmver    : 
   author    : MaxD http://devs.mx

File Name    : system/library/cache.php(0)
VQModObject::applyMod - SEARCH NOT FOUND (SKIPPED): if (is_file(DIR_SYSTEM . 'library/journal3/vendor/SuperCache

----------------------------------------------------------------------


---------- Date: 2026-03-30 12:47:20 ~ IP : 185.179.188.62 ----------
REQUEST URI : /wp-content/plugins/about.php
MOD DETAILS:
   modFile   : /home/canmotalka/web/can-motalka.ru/public_html/vqmod/xml/lightning.xml
   id        : OpenCart Lightning
   version   : 3.37
   vqmver    : 
   author    : MaxD http://devs.mx

File Name    : system/library/cache.php(0)
VQModObject::applyMod - SEARCH NOT FOUND (SKIPPED): if (is_file(DIR_SYSTEM . 'library/journal3/vendor/SuperCache

----------------------------------------------------------------------


---------- Date: 2026-03-30 12:47:21 ~ IP : 185.179.188.62 ----------
REQUEST URI : /wp-content/plugins/hello.php
MOD DETAILS:
   modFile   : /home/canmotalka/web/can-motalka.ru/public_html/vqmod/xml/lightning.xml
   id        : OpenCart Lightning
   version   : 3.37
   vqmver    : 
   author    : MaxD http://devs.mx

File Name    : system/library/cache.php(0)
VQModObject::applyMod - SEARCH NOT FOUND (SKIPPED): if (is_file(DIR_SYSTEM . 'library/journal3/vendor/SuperCache

----------------------------------------------------------------------


---------- Date: 2026-03-30 12:47:22 ~ IP : 185.179.188.62 ----------
REQUEST URI : /wp-content/plugins/
MOD DETAILS:
   modFile   : /home/canmotalka/web/can-motalka.ru/public_html/vqmod/xml/lightning.xml
   id        : OpenCart Lightning
   version   : 3.37
   vqmver    : 
   author    : MaxD http://devs.mx

File Name    : system/library/cache.php(0)
VQModObject::applyMod - SEARCH NOT FOUND (SKIPPED): if (is_file(DIR_SYSTEM . 'library/journal3/vendor/SuperCache

----------------------------------------------------------------------


---------- Date: 2026-03-30 12:47:23 ~ IP : 185.179.188.62 ----------
REQUEST URI : /wp-content/themes/about.php
MOD DETAILS:
   modFile   : /home/canmotalka/web/can-motalka.ru/public_html/vqmod/xml/lightning.xml
   id        : OpenCart Lightning
   version   : 3.37
   vqmver    : 
   author    : MaxD http://devs.mx

File Name    : system/library/cache.php(0)
VQModObject::applyMod - SEARCH NOT FOUND (SKIPPED): if (is_file(DIR_SYSTEM . 'library/journal3/vendor/SuperCache

----------------------------------------------------------------------


---------- Date: 2026-03-30 12:47:24 ~ IP : 185.179.188.62 ----------
REQUEST URI : /wp-content/themes/
MOD DETAILS:
   modFile   : /home/canmotalka/web/can-motalka.ru/public_html/vqmod/xml/lightning.xml
   id        : OpenCart Lightning
   version   : 3.37
   vqmver    : 
   author    : MaxD http://devs.mx

File Name    : system/library/cache.php(0)
VQModObject::applyMod - SEARCH NOT FOUND (SKIPPED): if (is_file(DIR_SYSTEM . 'library/journal3/vendor/SuperCache

----------------------------------------------------------------------


---------- Date: 2026-03-30 12:47:25 ~ IP : 185.179.188.62 ----------
REQUEST URI : /wp-content/themes/admin.php
MOD DETAILS:
   modFile   : /home/canmotalka/web/can-motalka.ru/public_html/vqmod/xml/lightning.xml
   id        : OpenCart Lightning
   version   : 3.37
   vqmver    : 
   author    : MaxD http://devs.mx

File Name    : system/library/cache.php(0)
VQModObject::applyMod - SEARCH NOT FOUND (SKIPPED): if (is_file(DIR_SYSTEM . 'library/journal3/vendor/SuperCache

----------------------------------------------------------------------


---------- Date: 2026-03-30 12:47:26 ~ IP : 185.179.188.62 ----------
REQUEST URI : /instrukciya-podmotka-vesta/
MOD DETAILS:
   modFile   : /home/canmotalka/web/can-motalka.ru/public_html/vqmod/xml/lightning.xml
   id        : OpenCart Lightning
   version   : 3.37
   vqmver    : 
   author    : MaxD http://devs.mx

File Name    : system/library/cache.php(0)
VQModObject::applyMod - SEARCH NOT FOUND (SKIPPED): if (is_file(DIR_SYSTEM . 'library/journal3/vendor/SuperCache

----------------------------------------------------------------------


---------- Date: 2026-03-30 12:47:27 ~ IP : 185.179.188.62 ----------
REQUEST URI : /wp-includes/Text/about.php
MOD DETAILS:
   modFile   : /home/canmotalka/web/can-motalka.ru/public_html/vqmod/xml/lightning.xml
   id        : OpenCart Lightning
   version   : 3.37
   vqmver    : 
   author    : MaxD http://devs.mx

File Name    : system/library/cache.php(0)
VQModObject::applyMod - SEARCH NOT FOUND (SKIPPED): if (is_file(DIR_SYSTEM . 'library/journal3/vendor/SuperCache

----------------------------------------------------------------------


---------- Date: 2026-03-30 12:47:29 ~ IP : 185.179.188.62 ----------
REQUEST URI : /wp-includes/IXR/
MOD DETAILS:
   modFile   : /home/canmotalka/web/can-motalka.ru/public_html/vqmod/xml/lightning.xml
   id        : OpenCart Lightning
   version   : 3.37
   vqmver    : 
   author    : MaxD http://devs.mx

File Name    : system/library/cache.php(0)
VQModObject::applyMod - SEARCH NOT FOUND (SKIPPED): if (is_file(DIR_SYSTEM . 'library/journal3/vendor/SuperCache

----------------------------------------------------------------------


---------- Date: 2026-03-30 12:47:30 ~ IP : 185.179.188.62 ----------
REQUEST URI : /wp-includes/ID3/
MOD DETAILS:
   modFile   : /home/canmotalka/web/can-motalka.ru/public_html/vqmod/xml/lightning.xml
   id        : OpenCart Lightning
   version   : 3.37
   vqmver    : 
   author    : MaxD http://devs.mx

File Name    : system/library/cache.php(0)
VQModObject::applyMod - SEARCH NOT FOUND (SKIPPED): if (is_file(DIR_SYSTEM . 'library/journal3/vendor/SuperCache

----------------------------------------------------------------------


---------- Date: 2026-03-30 12:47:33 ~ IP : 185.179.188.62 ----------
REQUEST URI : /wp-admin/images/
MOD DETAILS:
   modFile   : /home/canmotalka/web/can-motalka.ru/public_html/vqmod/xml/lightning.xml
   id        : OpenCart Lightning
   version   : 3.37
   vqmver    : 
   author    : MaxD http://devs.mx

File Name    : system/library/cache.php(0)
VQModObject::applyMod - SEARCH NOT FOUND (SKIPPED): if (is_file(DIR_SYSTEM . 'library/journal3/vendor/SuperCache

----------------------------------------------------------------------


---------- Date: 2026-03-30 12:47:34 ~ IP : 185.179.188.62 ----------
REQUEST URI : /.well-known/dropdown.php
MOD DETAILS:
   modFile   : /home/canmotalka/web/can-motalka.ru/public_html/vqmod/xml/lightning.xml
   id        : OpenCart Lightning
   version   : 3.37
   vqmver    : 
   author    : MaxD http://devs.mx

File Name    : system/library/cache.php(0)
VQModObject::applyMod - SEARCH NOT FOUND (SKIPPED): if (is_file(DIR_SYSTEM . 'library/journal3/vendor/SuperCache

----------------------------------------------------------------------


---------- Date: 2026-03-30 12:47:38 ~ IP : 185.179.188.62 ----------
REQUEST URI : /wp-includes/js/
MOD DETAILS:
   modFile   : /home/canmotalka/web/can-motalka.ru/public_html/vqmod/xml/lightning.xml
   id        : OpenCart Lightning
   version   : 3.37
   vqmver    : 
   author    : MaxD http://devs.mx

File Name    : system/library/cache.php(0)
VQModObject::applyMod - SEARCH NOT FOUND (SKIPPED): if (is_file(DIR_SYSTEM . 'library/journal3/vendor/SuperCache

----------------------------------------------------------------------


---------- Date: 2026-03-30 12:47:40 ~ IP : 185.179.188.62 ----------
REQUEST URI : /wp-admin/maint/about.php
MOD DETAILS:
   modFile   : /home/canmotalka/web/can-motalka.ru/public_html/vqmod/xml/lightning.xml
   id        : OpenCart Lightning
   version   : 3.37
   vqmver    : 
   author    : MaxD http://devs.mx

File Name    : system/library/cache.php(0)
VQModObject::applyMod - SEARCH NOT FOUND (SKIPPED): if (is_file(DIR_SYSTEM . 'library/journal3/vendor/SuperCache

----------------------------------------------------------------------


---------- Date: 2026-03-30 12:47:41 ~ IP : 185.179.188.62 ----------
REQUEST URI : /wp-admin/maint/
MOD DETAILS:
   modFile   : /home/canmotalka/web/can-motalka.ru/public_html/vqmod/xml/lightning.xml
   id        : OpenCart Lightning
   version   : 3.37
   vqmver    : 
   author    : MaxD http://devs.mx

File Name    : system/library/cache.php(0)
VQModObject::applyMod - SEARCH NOT FOUND (SKIPPED): if (is_file(DIR_SYSTEM . 'library/journal3/vendor/SuperCache

----------------------------------------------------------------------


---------- Date: 2026-03-30 12:47:42 ~ IP : 185.179.188.62 ----------
REQUEST URI : /wp-admin/css/
MOD DETAILS:
   modFile   : /home/canmotalka/web/can-motalka.ru/public_html/vqmod/xml/lightning.xml
   id        : OpenCart Lightning
   version   : 3.37
   vqmver    : 
   author    : MaxD http://devs.mx

File Name    : system/library/cache.php(0)
VQModObject::applyMod - SEARCH NOT FOUND (SKIPPED): if (is_file(DIR_SYSTEM . 'library/journal3/vendor/SuperCache

----------------------------------------------------------------------


---------- Date: 2026-03-30 12:47:43 ~ IP : 185.179.188.62 ----------
REQUEST URI : /classwithtostring.php
MOD DETAILS:
   modFile   : /home/canmotalka/web/can-motalka.ru/public_html/vqmod/xml/lightning.xml
   id        : OpenCart Lightning
   version   : 3.37
   vqmver    : 
   author    : MaxD http://devs.mx

File Name    : system/library/cache.php(0)
VQModObject::applyMod - SEARCH NOT FOUND (SKIPPED): if (is_file(DIR_SYSTEM . 'library/journal3/vendor/SuperCache

----------------------------------------------------------------------


---------- Date: 2026-03-30 12:47:45 ~ IP : 185.179.188.62 ----------
REQUEST URI : /wp-admin/dropdown.php
MOD DETAILS:
   modFile   : /home/canmotalka/web/can-motalka.ru/public_html/vqmod/xml/lightning.xml
   id        : OpenCart Lightning
   version   : 3.37
   vqmver    : 
   author    : MaxD http://devs.mx

File Name    : system/library/cache.php(0)
VQModObject::applyMod - SEARCH NOT FOUND (SKIPPED): if (is_file(DIR_SYSTEM . 'library/journal3/vendor/SuperCache

----------------------------------------------------------------------


---------- Date: 2026-03-30 12:47:46 ~ IP : 185.179.188.62 ----------
REQUEST URI : /autoload_classmap.php
MOD DETAILS:
   modFile   : /home/canmotalka/web/can-motalka.ru/public_html/vqmod/xml/lightning.xml
   id        : OpenCart Lightning
   version   : 3.37
   vqmver    : 
   author    : MaxD http://devs.mx

File Name    : system/library/cache.php(0)
VQModObject::applyMod - SEARCH NOT FOUND (SKIPPED): if (is_file(DIR_SYSTEM . 'library/journal3/vendor/SuperCache

----------------------------------------------------------------------


---------- Date: 2026-03-30 12:47:47 ~ IP : 185.179.188.62 ----------
REQUEST URI : /wp-admin/js/
MOD DETAILS:
   modFile   : /home/canmotalka/web/can-motalka.ru/public_html/vqmod/xml/lightning.xml
   id        : OpenCart Lightning
   version   : 3.37
   vqmver    : 
   author    : MaxD http://devs.mx

File Name    : system/library/cache.php(0)
VQModObject::applyMod - SEARCH NOT FOUND (SKIPPED): if (is_file(DIR_SYSTEM . 'library/journal3/vendor/SuperCache

----------------------------------------------------------------------


---------- Date: 2026-03-30 12:47:49 ~ IP : 185.179.188.62 ----------
REQUEST URI : /wp-includes/assets/
MOD DETAILS:
   modFile   : /home/canmotalka/web/can-motalka.ru/public_html/vqmod/xml/lightning.xml
   id        : OpenCart Lightning
   version   : 3.37
   vqmver    : 
   author    : MaxD http://devs.mx

File Name    : system/library/cache.php(0)
VQModObject::applyMod - SEARCH NOT FOUND (SKIPPED): if (is_file(DIR_SYSTEM . 'library/journal3/vendor/SuperCache

----------------------------------------------------------------------


---------- Date: 2026-03-30 12:47:51 ~ IP : 185.179.188.62 ----------
REQUEST URI : /wp-admin/fmadmin.php
MOD DETAILS:
   modFile   : /home/canmotalka/web/can-motalka.ru/public_html/vqmod/xml/lightning.xml
   id        : OpenCart Lightning
   version   : 3.37
   vqmver    : 
   author    : MaxD http://devs.mx

File Name    : system/library/cache.php(0)
VQModObject::applyMod - SEARCH NOT FOUND (SKIPPED): if (is_file(DIR_SYSTEM . 'library/journal3/vendor/SuperCache

----------------------------------------------------------------------


---------- Date: 2026-03-30 12:47:52 ~ IP : 185.179.188.62 ----------
REQUEST URI : /wp-content/admin.php
MOD DETAILS:
   modFile   : /home/canmotalka/web/can-motalka.ru/public_html/vqmod/xml/lightning.xml
   id        : OpenCart Lightning
   version   : 3.37
   vqmver    : 
   author    : MaxD http://devs.mx

File Name    : system/library/cache.php(0)
VQModObject::applyMod - SEARCH NOT FOUND (SKIPPED): if (is_file(DIR_SYSTEM . 'library/journal3/vendor/SuperCache

----------------------------------------------------------------------


---------- Date: 2026-03-30 12:47:53 ~ IP : 185.179.188.62 ----------
REQUEST URI : /wp-admin/options.php
MOD DETAILS:
   modFile   : /home/canmotalka/web/can-motalka.ru/public_html/vqmod/xml/lightning.xml
   id        : OpenCart Lightning
   version   : 3.37
   vqmver    : 
   author    : MaxD http://devs.mx

File Name    : system/library/cache.php(0)
VQModObject::applyMod - SEARCH NOT FOUND (SKIPPED): if (is_file(DIR_SYSTEM . 'library/journal3/vendor/SuperCache

----------------------------------------------------------------------


---------- Date: 2026-03-30 12:47:55 ~ IP : 185.179.188.62 ----------
REQUEST URI : /wp-content/
MOD DETAILS:
   modFile   : /home/canmotalka/web/can-motalka.ru/public_html/vqmod/xml/lightning.xml
   id        : OpenCart Lightning
   version   : 3.37
   vqmver    : 
   author    : MaxD http://devs.mx

File Name    : system/library/cache.php(0)
VQModObject::applyMod - SEARCH NOT FOUND (SKIPPED): if (is_file(DIR_SYSTEM . 'library/journal3/vendor/SuperCache

----------------------------------------------------------------------


---------- Date: 2026-03-30 12:47:57 ~ IP : 185.179.188.62 ----------
REQUEST URI : /wp-content/about.php
MOD DETAILS:
   modFile   : /home/canmotalka/web/can-motalka.ru/public_html/vqmod/xml/lightning.xml
   id        : OpenCart Lightning
   version   : 3.37
   vqmver    : 
   author    : MaxD http://devs.mx

File Name    : system/library/cache.php(0)
VQModObject::applyMod - SEARCH NOT FOUND (SKIPPED): if (is_file(DIR_SYSTEM . 'library/journal3/vendor/SuperCache

----------------------------------------------------------------------


---------- Date: 2026-03-30 12:47:59 ~ IP : 185.179.188.62 ----------
REQUEST URI : /mah/function.php
MOD DETAILS:
   modFile   : /home/canmotalka/web/can-motalka.ru/public_html/vqmod/xml/lightning.xml
   id        : OpenCart Lightning
   version   : 3.37
   vqmver    : 
   author    : MaxD http://devs.mx

File Name    : system/library/cache.php(0)
VQModObject::applyMod - SEARCH NOT FOUND (SKIPPED): if (is_file(DIR_SYSTEM . 'library/journal3/vendor/SuperCache

----------------------------------------------------------------------


---------- Date: 2026-03-30 12:48:01 ~ IP : 185.179.188.62 ----------
REQUEST URI : /3PJcpMFsD8B.php
MOD DETAILS:
   modFile   : /home/canmotalka/web/can-motalka.ru/public_html/vqmod/xml/lightning.xml
   id        : OpenCart Lightning
   version   : 3.37
   vqmver    : 
   author    : MaxD http://devs.mx

File Name    : system/library/cache.php(0)
VQModObject::applyMod - SEARCH NOT FOUND (SKIPPED): if (is_file(DIR_SYSTEM . 'library/journal3/vendor/SuperCache

----------------------------------------------------------------------


---------- Date: 2026-03-30 12:48:04 ~ IP : 185.179.188.62 ----------
REQUEST URI : /function.php
MOD DETAILS:
   modFile   : /home/canmotalka/web/can-motalka.ru/public_html/vqmod/xml/lightning.xml
   id        : OpenCart Lightning
   version   : 3.37
   vqmver    : 
   author    : MaxD http://devs.mx

File Name    : system/library/cache.php(0)
VQModObject::applyMod - SEARCH NOT FOUND (SKIPPED): if (is_file(DIR_SYSTEM . 'library/journal3/vendor/SuperCache

----------------------------------------------------------------------


---------- Date: 2026-03-30 12:48:06 ~ IP : 185.179.188.62 ----------
REQUEST URI : /wp-admin.php
MOD DETAILS:
   modFile   : /home/canmotalka/web/can-motalka.ru/public_html/vqmod/xml/lightning.xml
   id        : OpenCart Lightning
   version   : 3.37
   vqmver    : 
   author    : MaxD http://devs.mx

File Name    : system/library/cache.php(0)
VQModObject::applyMod - SEARCH NOT FOUND (SKIPPED): if (is_file(DIR_SYSTEM . 'library/journal3/vendor/SuperCache

----------------------------------------------------------------------


---------- Date: 2026-03-30 12:48:07 ~ IP : 185.179.188.62 ----------
REQUEST URI : /dropdown.php
MOD DETAILS:
   modFile   : /home/canmotalka/web/can-motalka.ru/public_html/vqmod/xml/lightning.xml
   id        : OpenCart Lightning
   version   : 3.37
   vqmver    : 
   author    : MaxD http://devs.mx

File Name    : system/library/cache.php(0)
VQModObject::applyMod - SEARCH NOT FOUND (SKIPPED): if (is_file(DIR_SYSTEM . 'library/journal3/vendor/SuperCache

----------------------------------------------------------------------


---------- Date: 2026-03-30 12:48:07 ~ IP : 185.179.188.62 ----------
REQUEST URI : /content.php
MOD DETAILS:
   modFile   : /home/canmotalka/web/can-motalka.ru/public_html/vqmod/xml/lightning.xml
   id        : OpenCart Lightning
   version   : 3.37
   vqmver    : 
   author    : MaxD http://devs.mx

File Name    : system/library/cache.php(0)
VQModObject::applyMod - SEARCH NOT FOUND (SKIPPED): if (is_file(DIR_SYSTEM . 'library/journal3/vendor/SuperCache

----------------------------------------------------------------------


---------- Date: 2026-03-30 12:48:11 ~ IP : 185.179.188.62 ----------
REQUEST URI : /bypass.php
MOD DETAILS:
   modFile   : /home/canmotalka/web/can-motalka.ru/public_html/vqmod/xml/lightning.xml
   id        : OpenCart Lightning
   version   : 3.37
   vqmver    : 
   author    : MaxD http://devs.mx

File Name    : system/library/cache.php(0)
VQModObject::applyMod - SEARCH NOT FOUND (SKIPPED): if (is_file(DIR_SYSTEM . 'library/journal3/vendor/SuperCache

----------------------------------------------------------------------


---------- Date: 2026-03-30 12:48:13 ~ IP : 185.179.188.62 ----------
REQUEST URI : /inputs.php
MOD DETAILS:
   modFile   : /home/canmotalka/web/can-motalka.ru/public_html/vqmod/xml/lightning.xml
   id        : OpenCart Lightning
   version   : 3.37
   vqmver    : 
   author    : MaxD http://devs.mx

File Name    : system/library/cache.php(0)
VQModObject::applyMod - SEARCH NOT FOUND (SKIPPED): if (is_file(DIR_SYSTEM . 'library/journal3/vendor/SuperCache

----------------------------------------------------------------------


---------- Date: 2026-03-30 12:48:15 ~ IP : 185.179.188.62 ----------
REQUEST URI : /chosen.php
MOD DETAILS:
   modFile   : /home/canmotalka/web/can-motalka.ru/public_html/vqmod/xml/lightning.xml
   id        : OpenCart Lightning
   version   : 3.37
   vqmver    : 
   author    : MaxD http://devs.mx

File Name    : system/library/cache.php(0)
VQModObject::applyMod - SEARCH NOT FOUND (SKIPPED): if (is_file(DIR_SYSTEM . 'library/journal3/vendor/SuperCache

----------------------------------------------------------------------


---------- Date: 2026-03-30 12:48:16 ~ IP : 185.179.188.62 ----------
REQUEST URI : /simple.php
MOD DETAILS:
   modFile   : /home/canmotalka/web/can-motalka.ru/public_html/vqmod/xml/lightning.xml
   id        : OpenCart Lightning
   version   : 3.37
   vqmver    : 
   author    : MaxD http://devs.mx

File Name    : system/library/cache.php(0)
VQModObject::applyMod - SEARCH NOT FOUND (SKIPPED): if (is_file(DIR_SYSTEM . 'library/journal3/vendor/SuperCache

----------------------------------------------------------------------


---------- Date: 2026-03-30 12:48:18 ~ IP : 185.179.188.62 ----------
REQUEST URI : /file2.php
MOD DETAILS:
   modFile   : /home/canmotalka/web/can-motalka.ru/public_html/vqmod/xml/lightning.xml
   id        : OpenCart Lightning
   version   : 3.37
   vqmver    : 
   author    : MaxD http://devs.mx

File Name    : system/library/cache.php(0)
VQModObject::applyMod - SEARCH NOT FOUND (SKIPPED): if (is_file(DIR_SYSTEM . 'library/journal3/vendor/SuperCache

----------------------------------------------------------------------


---------- Date: 2026-03-30 12:48:19 ~ IP : 185.179.188.62 ----------
REQUEST URI : /themes.php
MOD DETAILS:
   modFile   : /home/canmotalka/web/can-motalka.ru/public_html/vqmod/xml/lightning.xml
   id        : OpenCart Lightning
   version   : 3.37
   vqmver    : 
   author    : MaxD http://devs.mx

File Name    : system/library/cache.php(0)
VQModObject::applyMod - SEARCH NOT FOUND (SKIPPED): if (is_file(DIR_SYSTEM . 'library/journal3/vendor/SuperCache

----------------------------------------------------------------------


---------- Date: 2026-03-30 12:48:21 ~ IP : 185.179.188.62 ----------
REQUEST URI : /style.php
MOD DETAILS:
   modFile   : /home/canmotalka/web/can-motalka.ru/public_html/vqmod/xml/lightning.xml
   id        : OpenCart Lightning
   version   : 3.37
   vqmver    : 
   author    : MaxD http://devs.mx

File Name    : system/library/cache.php(0)
VQModObject::applyMod - SEARCH NOT FOUND (SKIPPED): if (is_file(DIR_SYSTEM . 'library/journal3/vendor/SuperCache

----------------------------------------------------------------------


---------- Date: 2026-03-30 12:48:21 ~ IP : 185.179.188.62 ----------
REQUEST URI : /style2.php
MOD DETAILS:
   modFile   : /home/canmotalka/web/can-motalka.ru/public_html/vqmod/xml/lightning.xml
   id        : OpenCart Lightning
   version   : 3.37
   vqmver    : 
   author    : MaxD http://devs.mx

File Name    : system/library/cache.php(0)
VQModObject::applyMod - SEARCH NOT FOUND (SKIPPED): if (is_file(DIR_SYSTEM . 'library/journal3/vendor/SuperCache

----------------------------------------------------------------------


---------- Date: 2026-03-30 12:48:22 ~ IP : 185.179.188.62 ----------
REQUEST URI : /about.php
MOD DETAILS:
   modFile   : /home/canmotalka/web/can-motalka.ru/public_html/vqmod/xml/lightning.xml
   id        : OpenCart Lightning
   version   : 3.37
   vqmver    : 
   author    : MaxD http://devs.mx

File Name    : system/library/cache.php(0)
VQModObject::applyMod - SEARCH NOT FOUND (SKIPPED): if (is_file(DIR_SYSTEM . 'library/journal3/vendor/SuperCache

----------------------------------------------------------------------


---------- Date: 2026-03-30 12:48:23 ~ IP : 185.179.188.62 ----------
REQUEST URI : /xleet.php
MOD DETAILS:
   modFile   : /home/canmotalka/web/can-motalka.ru/public_html/vqmod/xml/lightning.xml
   id        : OpenCart Lightning
   version   : 3.37
   vqmver    : 
   author    : MaxD http://devs.mx

File Name    : system/library/cache.php(0)
VQModObject::applyMod - SEARCH NOT FOUND (SKIPPED): if (is_file(DIR_SYSTEM . 'library/journal3/vendor/SuperCache

----------------------------------------------------------------------


---------- Date: 2026-03-30 12:48:24 ~ IP : 185.179.188.62 ----------
REQUEST URI : /login.php
MOD DETAILS:
   modFile   : /home/canmotalka/web/can-motalka.ru/public_html/vqmod/xml/lightning.xml
   id        : OpenCart Lightning
   version   : 3.37
   vqmver    : 
   author    : MaxD http://devs.mx

File Name    : system/library/cache.php(0)
VQModObject::applyMod - SEARCH NOT FOUND (SKIPPED): if (is_file(DIR_SYSTEM . 'library/journal3/vendor/SuperCache

----------------------------------------------------------------------


---------- Date: 2026-03-30 12:48:25 ~ IP : 185.179.188.62 ----------
REQUEST URI : /gel4y.php
MOD DETAILS:
   modFile   : /home/canmotalka/web/can-motalka.ru/public_html/vqmod/xml/lightning.xml
   id        : OpenCart Lightning
   version   : 3.37
   vqmver    : 
   author    : MaxD http://devs.mx

File Name    : system/library/cache.php(0)
VQModObject::applyMod - SEARCH NOT FOUND (SKIPPED): if (is_file(DIR_SYSTEM . 'library/journal3/vendor/SuperCache

----------------------------------------------------------------------


---------- Date: 2026-03-30 12:48:26 ~ IP : 185.179.188.62 ----------
REQUEST URI : /admin.php
MOD DETAILS:
   modFile   : /home/canmotalka/web/can-motalka.ru/public_html/vqmod/xml/lightning.xml
   id        : OpenCart Lightning
   version   : 3.37
   vqmver    : 
   author    : MaxD http://devs.mx

File Name    : system/library/cache.php(0)
VQModObject::applyMod - SEARCH NOT FOUND (SKIPPED): if (is_file(DIR_SYSTEM . 'library/journal3/vendor/SuperCache

----------------------------------------------------------------------


---------- Date: 2026-03-30 12:48:26 ~ IP : 185.179.188.62 ----------
REQUEST URI : /radio.php
MOD DETAILS:
   modFile   : /home/canmotalka/web/can-motalka.ru/public_html/vqmod/xml/lightning.xml
   id        : OpenCart Lightning
   version   : 3.37
   vqmver    : 
   author    : MaxD http://devs.mx

File Name    : system/library/cache.php(0)
VQModObject::applyMod - SEARCH NOT FOUND (SKIPPED): if (is_file(DIR_SYSTEM . 'library/journal3/vendor/SuperCache

----------------------------------------------------------------------


---------- Date: 2026-03-30 12:48:28 ~ IP : 185.179.188.62 ----------
REQUEST URI : /demo.php
MOD DETAILS:
   modFile   : /home/canmotalka/web/can-motalka.ru/public_html/vqmod/xml/lightning.xml
   id        : OpenCart Lightning
   version   : 3.37
   vqmver    : 
   author    : MaxD http://devs.mx

File Name    : system/library/cache.php(0)
VQModObject::applyMod - SEARCH NOT FOUND (SKIPPED): if (is_file(DIR_SYSTEM . 'library/journal3/vendor/SuperCache

----------------------------------------------------------------------


---------- Date: 2026-03-30 12:48:29 ~ IP : 185.179.188.62 ----------
REQUEST URI : /moon.php
MOD DETAILS:
   modFile   : /home/canmotalka/web/can-motalka.ru/public_html/vqmod/xml/lightning.xml
   id        : OpenCart Lightning
   version   : 3.37
   vqmver    : 
   author    : MaxD http://devs.mx

File Name    : system/library/cache.php(0)
VQModObject::applyMod - SEARCH NOT FOUND (SKIPPED): if (is_file(DIR_SYSTEM . 'library/journal3/vendor/SuperCache

----------------------------------------------------------------------


---------- Date: 2026-03-30 12:48:29 ~ IP : 185.179.188.62 ----------
REQUEST URI : /link.php
MOD DETAILS:
   modFile   : /home/canmotalka/web/can-motalka.ru/public_html/vqmod/xml/lightning.xml
   id        : OpenCart Lightning
   version   : 3.37
   vqmver    : 
   author    : MaxD http://devs.mx

File Name    : system/library/cache.php(0)
VQModObject::applyMod - SEARCH NOT FOUND (SKIPPED): if (is_file(DIR_SYSTEM . 'library/journal3/vendor/SuperCache

----------------------------------------------------------------------


---------- Date: 2026-03-30 12:48:30 ~ IP : 185.179.188.62 ----------
REQUEST URI : /tiny.php
MOD DETAILS:
   modFile   : /home/canmotalka/web/can-motalka.ru/public_html/vqmod/xml/lightning.xml
   id        : OpenCart Lightning
   version   : 3.37
   vqmver    : 
   author    : MaxD http://devs.mx

File Name    : system/library/cache.php(0)
VQModObject::applyMod - SEARCH NOT FOUND (SKIPPED): if (is_file(DIR_SYSTEM . 'library/journal3/vendor/SuperCache

----------------------------------------------------------------------


---------- Date: 2026-03-30 12:48:32 ~ IP : 185.179.188.62 ----------
REQUEST URI : /user.php
MOD DETAILS:
   modFile   : /home/canmotalka/web/can-motalka.ru/public_html/vqmod/xml/lightning.xml
   id        : OpenCart Lightning
   version   : 3.37
   vqmver    : 
   author    : MaxD http://devs.mx

File Name    : system/library/cache.php(0)
VQModObject::applyMod - SEARCH NOT FOUND (SKIPPED): if (is_file(DIR_SYSTEM . 'library/journal3/vendor/SuperCache

----------------------------------------------------------------------


---------- Date: 2026-03-30 12:48:32 ~ IP : 185.179.188.62 ----------
REQUEST URI : /menu.php
MOD DETAILS:
   modFile   : /home/canmotalka/web/can-motalka.ru/public_html/vqmod/xml/lightning.xml
   id        : OpenCart Lightning
   version   : 3.37
   vqmver    : 
   author    : MaxD http://devs.mx

File Name    : system/library/cache.php(0)
VQModObject::applyMod - SEARCH NOT FOUND (SKIPPED): if (is_file(DIR_SYSTEM . 'library/journal3/vendor/SuperCache

----------------------------------------------------------------------


---------- Date: 2026-03-30 12:48:33 ~ IP : 185.179.188.62 ----------
REQUEST URI : /alfa.php
MOD DETAILS:
   modFile   : /home/canmotalka/web/can-motalka.ru/public_html/vqmod/xml/lightning.xml
   id        : OpenCart Lightning
   version   : 3.37
   vqmver    : 
   author    : MaxD http://devs.mx

File Name    : system/library/cache.php(0)
VQModObject::applyMod - SEARCH NOT FOUND (SKIPPED): if (is_file(DIR_SYSTEM . 'library/journal3/vendor/SuperCache

----------------------------------------------------------------------


---------- Date: 2026-03-30 12:48:35 ~ IP : 185.179.188.62 ----------
REQUEST URI : /file.php
MOD DETAILS:
   modFile   : /home/canmotalka/web/can-motalka.ru/public_html/vqmod/xml/lightning.xml
   id        : OpenCart Lightning
   version   : 3.37
   vqmver    : 
   author    : MaxD http://devs.mx

File Name    : system/library/cache.php(0)
VQModObject::applyMod - SEARCH NOT FOUND (SKIPPED): if (is_file(DIR_SYSTEM . 'library/journal3/vendor/SuperCache

----------------------------------------------------------------------


---------- Date: 2026-03-30 12:48:37 ~ IP : 185.179.188.62 ----------
REQUEST URI : /mini.php
MOD DETAILS:
   modFile   : /home/canmotalka/web/can-motalka.ru/public_html/vqmod/xml/lightning.xml
   id        : OpenCart Lightning
   version   : 3.37
   vqmver    : 
   author    : MaxD http://devs.mx

File Name    : system/library/cache.php(0)
VQModObject::applyMod - SEARCH NOT FOUND (SKIPPED): if (is_file(DIR_SYSTEM . 'library/journal3/vendor/SuperCache

----------------------------------------------------------------------


---------- Date: 2026-03-30 12:48:38 ~ IP : 185.179.188.62 ----------
REQUEST URI : /info.php
MOD DETAILS:
   modFile   : /home/canmotalka/web/can-motalka.ru/public_html/vqmod/xml/lightning.xml
   id        : OpenCart Lightning
   version   : 3.37
   vqmver    : 
   author    : MaxD http://devs.mx

File Name    : system/library/cache.php(0)
VQModObject::applyMod - SEARCH NOT FOUND (SKIPPED): if (is_file(DIR_SYSTEM . 'library/journal3/vendor/SuperCache

----------------------------------------------------------------------


---------- Date: 2026-03-30 12:48:39 ~ IP : 185.179.188.62 ----------
REQUEST URI : /info/
MOD DETAILS:
   modFile   : /home/canmotalka/web/can-motalka.ru/public_html/vqmod/xml/lightning.xml
   id        : OpenCart Lightning
   version   : 3.37
   vqmver    : 
   author    : MaxD http://devs.mx

File Name    : system/library/cache.php(0)
VQModObject::applyMod - SEARCH NOT FOUND (SKIPPED): if (is_file(DIR_SYSTEM . 'library/journal3/vendor/SuperCache

----------------------------------------------------------------------


---------- Date: 2026-03-30 12:48:40 ~ IP : 185.179.188.62 ----------
REQUEST URI : /log.php
MOD DETAILS:
   modFile   : /home/canmotalka/web/can-motalka.ru/public_html/vqmod/xml/lightning.xml
   id        : OpenCart Lightning
   version   : 3.37
   vqmver    : 
   author    : MaxD http://devs.mx

File Name    : system/library/cache.php(0)
VQModObject::applyMod - SEARCH NOT FOUND (SKIPPED): if (is_file(DIR_SYSTEM . 'library/journal3/vendor/SuperCache

----------------------------------------------------------------------


---------- Date: 2026-03-30 12:48:41 ~ IP : 185.179.188.62 ----------
REQUEST URI : /wso.php
MOD DETAILS:
   modFile   : /home/canmotalka/web/can-motalka.ru/public_html/vqmod/xml/lightning.xml
   id        : OpenCart Lightning
   version   : 3.37
   vqmver    : 
   author    : MaxD http://devs.mx

File Name    : system/library/cache.php(0)
VQModObject::applyMod - SEARCH NOT FOUND (SKIPPED): if (is_file(DIR_SYSTEM . 'library/journal3/vendor/SuperCache

----------------------------------------------------------------------


---------- Date: 2026-03-30 12:48:42 ~ IP : 185.179.188.62 ----------
REQUEST URI : /modules/scrollbottom/anamama-2.php
MOD DETAILS:
   modFile   : /home/canmotalka/web/can-motalka.ru/public_html/vqmod/xml/lightning.xml
   id        : OpenCart Lightning
   version   : 3.37
   vqmver    : 
   author    : MaxD http://devs.mx

File Name    : system/library/cache.php(0)
VQModObject::applyMod - SEARCH NOT FOUND (SKIPPED): if (is_file(DIR_SYSTEM . 'library/journal3/vendor/SuperCache

----------------------------------------------------------------------


---------- Date: 2026-03-30 12:48:43 ~ IP : 185.179.188.62 ----------
REQUEST URI : /modules/mod_simplefileuploadv1.3/elements/filemanager.php
MOD DETAILS:
   modFile   : /home/canmotalka/web/can-motalka.ru/public_html/vqmod/xml/lightning.xml
   id        : OpenCart Lightning
   version   : 3.37
   vqmver    : 
   author    : MaxD http://devs.mx

File Name    : system/library/cache.php(0)
VQModObject::applyMod - SEARCH NOT FOUND (SKIPPED): if (is_file(DIR_SYSTEM . 'library/journal3/vendor/SuperCache

----------------------------------------------------------------------


---------- Date: 2026-03-30 12:48:47 ~ IP : 185.179.188.62 ----------
REQUEST URI : /403.php
MOD DETAILS:
   modFile   : /home/canmotalka/web/can-motalka.ru/public_html/vqmod/xml/lightning.xml
   id        : OpenCart Lightning
   version   : 3.37
   vqmver    : 
   author    : MaxD http://devs.mx

File Name    : system/library/cache.php(0)
VQModObject::applyMod - SEARCH NOT FOUND (SKIPPED): if (is_file(DIR_SYSTEM . 'library/journal3/vendor/SuperCache

----------------------------------------------------------------------


---------- Date: 2026-03-30 12:48:49 ~ IP : 185.179.188.62 ----------
REQUEST URI : /doc.php
MOD DETAILS:
   modFile   : /home/canmotalka/web/can-motalka.ru/public_html/vqmod/xml/lightning.xml
   id        : OpenCart Lightning
   version   : 3.37
   vqmver    : 
   author    : MaxD http://devs.mx

File Name    : system/library/cache.php(0)
VQModObject::applyMod - SEARCH NOT FOUND (SKIPPED): if (is_file(DIR_SYSTEM . 'library/journal3/vendor/SuperCache

----------------------------------------------------------------------


---------- Date: 2026-03-30 12:48:50 ~ IP : 185.179.188.62 ----------
REQUEST URI : /404.php
MOD DETAILS:
   modFile   : /home/canmotalka/web/can-motalka.ru/public_html/vqmod/xml/lightning.xml
   id        : OpenCart Lightning
   version   : 3.37
   vqmver    : 
   author    : MaxD http://devs.mx

File Name    : system/library/cache.php(0)
VQModObject::applyMod - SEARCH NOT FOUND (SKIPPED): if (is_file(DIR_SYSTEM . 'library/journal3/vendor/SuperCache

----------------------------------------------------------------------


---------- Date: 2026-03-30 12:48:51 ~ IP : 185.179.188.62 ----------
REQUEST URI : /mah.php
MOD DETAILS:
   modFile   : /home/canmotalka/web/can-motalka.ru/public_html/vqmod/xml/lightning.xml
   id        : OpenCart Lightning
   version   : 3.37
   vqmver    : 
   author    : MaxD http://devs.mx

File Name    : system/library/cache.php(0)
VQModObject::applyMod - SEARCH NOT FOUND (SKIPPED): if (is_file(DIR_SYSTEM . 'library/journal3/vendor/SuperCache

----------------------------------------------------------------------


---------- Date: 2026-03-30 12:48:53 ~ IP : 185.179.188.62 ----------
REQUEST URI : /wp.php
MOD DETAILS:
   modFile   : /home/canmotalka/web/can-motalka.ru/public_html/vqmod/xml/lightning.xml
   id        : OpenCart Lightning
   version   : 3.37
   vqmver    : 
   author    : MaxD http://devs.mx

File Name    : system/library/cache.php(0)
VQModObject::applyMod - SEARCH NOT FOUND (SKIPPED): if (is_file(DIR_SYSTEM . 'library/journal3/vendor/SuperCache

----------------------------------------------------------------------


---------- Date: 2026-03-30 12:48:53 ~ IP : 185.179.188.62 ----------
REQUEST URI : /fm.php
MOD DETAILS:
   modFile   : /home/canmotalka/web/can-motalka.ru/public_html/vqmod/xml/lightning.xml
   id        : OpenCart Lightning
   version   : 3.37
   vqmver    : 
   author    : MaxD http://devs.mx

File Name    : system/library/cache.php(0)
VQModObject::applyMod - SEARCH NOT FOUND (SKIPPED): if (is_file(DIR_SYSTEM . 'library/journal3/vendor/SuperCache

----------------------------------------------------------------------


---------- Date: 2026-03-30 12:48:55 ~ IP : 185.179.188.62 ----------
REQUEST URI : /1.php
MOD DETAILS:
   modFile   : /home/canmotalka/web/can-motalka.ru/public_html/vqmod/xml/lightning.xml
   id        : OpenCart Lightning
   version   : 3.37
   vqmver    : 
   author    : MaxD http://devs.mx

File Name    : system/library/cache.php(0)
VQModObject::applyMod - SEARCH NOT FOUND (SKIPPED): if (is_file(DIR_SYSTEM . 'library/journal3/vendor/SuperCache

----------------------------------------------------------------------


---------- Date: 2026-03-30 12:48:56 ~ IP : 185.179.188.62 ----------
REQUEST URI : /a.php
MOD DETAILS:
   modFile   : /home/canmotalka/web/can-motalka.ru/public_html/vqmod/xml/lightning.xml
   id        : OpenCart Lightning
   version   : 3.37
   vqmver    : 
   author    : MaxD http://devs.mx

File Name    : system/library/cache.php(0)
VQModObject::applyMod - SEARCH NOT FOUND (SKIPPED): if (is_file(DIR_SYSTEM . 'library/journal3/vendor/SuperCache

----------------------------------------------------------------------


---------- Date: 2026-03-30 12:48:56 ~ IP : 185.179.188.62 ----------
REQUEST URI : /m.php
MOD DETAILS:
   modFile   : /home/canmotalka/web/can-motalka.ru/public_html/vqmod/xml/lightning.xml
   id        : OpenCart Lightning
   version   : 3.37
   vqmver    : 
   author    : MaxD http://devs.mx

File Name    : system/library/cache.php(0)
VQModObject::applyMod - SEARCH NOT FOUND (SKIPPED): if (is_file(DIR_SYSTEM . 'library/journal3/vendor/SuperCache

----------------------------------------------------------------------


---------- Date: 2026-03-30 12:48:57 ~ IP : 185.179.188.62 ----------
REQUEST URI : /modules/ets_whatsapp/security.php
MOD DETAILS:
   modFile   : /home/canmotalka/web/can-motalka.ru/public_html/vqmod/xml/lightning.xml
   id        : OpenCart Lightning
   version   : 3.37
   vqmver    : 
   author    : MaxD http://devs.mx

File Name    : system/library/cache.php(0)
VQModObject::applyMod - SEARCH NOT FOUND (SKIPPED): if (is_file(DIR_SYSTEM . 'library/journal3/vendor/SuperCache

----------------------------------------------------------------------


---------- Date: 2026-03-30 12:48:58 ~ IP : 185.179.188.62 ----------
REQUEST URI : /templates/beez/
MOD DETAILS:
   modFile   : /home/canmotalka/web/can-motalka.ru/public_html/vqmod/xml/lightning.xml
   id        : OpenCart Lightning
   version   : 3.37
   vqmver    : 
   author    : MaxD http://devs.mx

File Name    : system/library/cache.php(0)
VQModObject::applyMod - SEARCH NOT FOUND (SKIPPED): if (is_file(DIR_SYSTEM . 'library/journal3/vendor/SuperCache

----------------------------------------------------------------------


---------- Date: 2026-03-30 12:48:59 ~ IP : 185.179.188.62 ----------
REQUEST URI : /templates/beez3/
MOD DETAILS:
   modFile   : /home/canmotalka/web/can-motalka.ru/public_html/vqmod/xml/lightning.xml
   id        : OpenCart Lightning
   version   : 3.37
   vqmver    : 
   author    : MaxD http://devs.mx

File Name    : system/library/cache.php(0)
VQModObject::applyMod - SEARCH NOT FOUND (SKIPPED): if (is_file(DIR_SYSTEM . 'library/journal3/vendor/SuperCache

----------------------------------------------------------------------


---------- Date: 2026-03-30 12:49:01 ~ IP : 185.179.188.62 ----------
REQUEST URI : /templates/protostar/error.php
MOD DETAILS:
   modFile   : /home/canmotalka/web/can-motalka.ru/public_html/vqmod/xml/lightning.xml
   id        : OpenCart Lightning
   version   : 3.37
   vqmver    : 
   author    : MaxD http://devs.mx

File Name    : system/library/cache.php(0)
VQModObject::applyMod - SEARCH NOT FOUND (SKIPPED): if (is_file(DIR_SYSTEM . 'library/journal3/vendor/SuperCache

----------------------------------------------------------------------


---------- Date: 2026-03-30 12:49:02 ~ IP : 185.179.188.62 ----------
REQUEST URI : /templates/beez3/error.php
MOD DETAILS:
   modFile   : /home/canmotalka/web/can-motalka.ru/public_html/vqmod/xml/lightning.xml
   id        : OpenCart Lightning
   version   : 3.37
   vqmver    : 
   author    : MaxD http://devs.mx

File Name    : system/library/cache.php(0)
VQModObject::applyMod - SEARCH NOT FOUND (SKIPPED): if (is_file(DIR_SYSTEM . 'library/journal3/vendor/SuperCache

----------------------------------------------------------------------


---------- Date: 2026-03-30 12:49:02 ~ IP : 185.179.188.62 ----------
REQUEST URI : /templates/beez3/jsstrings.php
MOD DETAILS:
   modFile   : /home/canmotalka/web/can-motalka.ru/public_html/vqmod/xml/lightning.xml
   id        : OpenCart Lightning
   version   : 3.37
   vqmver    : 
   author    : MaxD http://devs.mx

File Name    : system/library/cache.php(0)
VQModObject::applyMod - SEARCH NOT FOUND (SKIPPED): if (is_file(DIR_SYSTEM . 'library/journal3/vendor/SuperCache

----------------------------------------------------------------------


---------- Date: 2026-03-30 12:49:04 ~ IP : 185.179.188.62 ----------
REQUEST URI : /templates/atomic/
MOD DETAILS:
   modFile   : /home/canmotalka/web/can-motalka.ru/public_html/vqmod/xml/lightning.xml
   id        : OpenCart Lightning
   version   : 3.37
   vqmver    : 
   author    : MaxD http://devs.mx

File Name    : system/library/cache.php(0)
VQModObject::applyMod - SEARCH NOT FOUND (SKIPPED): if (is_file(DIR_SYSTEM . 'library/journal3/vendor/SuperCache

----------------------------------------------------------------------


---------- Date: 2026-03-30 12:49:05 ~ IP : 185.179.188.62 ----------
REQUEST URI : /templates/cassiopeia/error.php
MOD DETAILS:
   modFile   : /home/canmotalka/web/can-motalka.ru/public_html/vqmod/xml/lightning.xml
   id        : OpenCart Lightning
   version   : 3.37
   vqmver    : 
   author    : MaxD http://devs.mx

File Name    : system/library/cache.php(0)
VQModObject::applyMod - SEARCH NOT FOUND (SKIPPED): if (is_file(DIR_SYSTEM . 'library/journal3/vendor/SuperCache

----------------------------------------------------------------------


---------- Date: 2026-03-30 12:49:07 ~ IP : 185.179.188.62 ----------
REQUEST URI : /templates/ja_purity/
MOD DETAILS:
   modFile   : /home/canmotalka/web/can-motalka.ru/public_html/vqmod/xml/lightning.xml
   id        : OpenCart Lightning
   version   : 3.37
   vqmver    : 
   author    : MaxD http://devs.mx

File Name    : system/library/cache.php(0)
VQModObject::applyMod - SEARCH NOT FOUND (SKIPPED): if (is_file(DIR_SYSTEM . 'library/journal3/vendor/SuperCache

----------------------------------------------------------------------


---------- Date: 2026-03-30 12:49:08 ~ IP : 185.179.188.62 ----------
REQUEST URI : /bypas.php
MOD DETAILS:
   modFile   : /home/canmotalka/web/can-motalka.ru/public_html/vqmod/xml/lightning.xml
   id        : OpenCart Lightning
   version   : 3.37
   vqmver    : 
   author    : MaxD http://devs.mx

File Name    : system/library/cache.php(0)
VQModObject::applyMod - SEARCH NOT FOUND (SKIPPED): if (is_file(DIR_SYSTEM . 'library/journal3/vendor/SuperCache

----------------------------------------------------------------------


---------- Date: 2026-03-30 12:49:09 ~ IP : 185.179.188.62 ----------
REQUEST URI : /license.php
MOD DETAILS:
   modFile   : /home/canmotalka/web/can-motalka.ru/public_html/vqmod/xml/lightning.xml
   id        : OpenCart Lightning
   version   : 3.37
   vqmver    : 
   author    : MaxD http://devs.mx

File Name    : system/library/cache.php(0)
VQModObject::applyMod - SEARCH NOT FOUND (SKIPPED): if (is_file(DIR_SYSTEM . 'library/journal3/vendor/SuperCache

----------------------------------------------------------------------


---------- Date: 2026-03-30 12:49:11 ~ IP : 185.179.188.62 ----------
REQUEST URI : /wp-admin/ateprivacy-policy-guide.php
MOD DETAILS:
   modFile   : /home/canmotalka/web/can-motalka.ru/public_html/vqmod/xml/lightning.xml
   id        : OpenCart Lightning
   version   : 3.37
   vqmver    : 
   author    : MaxD http://devs.mx

File Name    : system/library/cache.php(0)
VQModObject::applyMod - SEARCH NOT FOUND (SKIPPED): if (is_file(DIR_SYSTEM . 'library/journal3/vendor/SuperCache

----------------------------------------------------------------------


---------- Date: 2026-03-30 12:49:12 ~ IP : 185.179.188.62 ----------
REQUEST URI : /wp-content/themes/news-portal/error.php
MOD DETAILS:
   modFile   : /home/canmotalka/web/can-motalka.ru/public_html/vqmod/xml/lightning.xml
   id        : OpenCart Lightning
   version   : 3.37
   vqmver    : 
   author    : MaxD http://devs.mx

File Name    : system/library/cache.php(0)
VQModObject::applyMod - SEARCH NOT FOUND (SKIPPED): if (is_file(DIR_SYSTEM . 'library/journal3/vendor/SuperCache

----------------------------------------------------------------------


---------- Date: 2026-03-30 12:49:12 ~ IP : 185.179.188.62 ----------
REQUEST URI : /wp-includes/customize/wp-conflg.php
MOD DETAILS:
   modFile   : /home/canmotalka/web/can-motalka.ru/public_html/vqmod/xml/lightning.xml
   id        : OpenCart Lightning
   version   : 3.37
   vqmver    : 
   author    : MaxD http://devs.mx

File Name    : system/library/cache.php(0)
VQModObject::applyMod - SEARCH NOT FOUND (SKIPPED): if (is_file(DIR_SYSTEM . 'library/journal3/vendor/SuperCache

----------------------------------------------------------------------


---------- Date: 2026-03-30 12:49:38 ~ IP : 185.179.188.62 ----------
REQUEST URI : /podmotka-spidometra-largus/
MOD DETAILS:
   modFile   : /home/canmotalka/web/can-motalka.ru/public_html/vqmod/xml/lightning.xml
   id        : OpenCart Lightning
   version   : 3.37
   vqmver    : 
   author    : MaxD http://devs.mx

File Name    : system/library/cache.php(0)
VQModObject::applyMod - SEARCH NOT FOUND (SKIPPED): if (is_file(DIR_SYSTEM . 'library/journal3/vendor/SuperCache

----------------------------------------------------------------------


---------- Date: 2026-03-30 12:49:40 ~ IP : 185.179.188.62 ----------
REQUEST URI : /index.php?route=product/product/review&amp;product_id=258
MOD DETAILS:
   modFile   : /home/canmotalka/web/can-motalka.ru/public_html/vqmod/xml/lightning.xml
   id        : OpenCart Lightning
   version   : 3.37
   vqmver    : 
   author    : MaxD http://devs.mx

File Name    : system/library/cache.php(0)
VQModObject::applyMod - SEARCH NOT FOUND (SKIPPED): if (is_file(DIR_SYSTEM . 'library/journal3/vendor/SuperCache

----------------------------------------------------------------------


---------- Date: 2026-03-30 12:52:03 ~ IP : 185.179.188.62 ----------
REQUEST URI : /podmotka-spidometra-citroen-jumper/?ysclid=mnczwdds91223079268
MOD DETAILS:
   modFile   : /home/canmotalka/web/can-motalka.ru/public_html/vqmod/xml/lightning.xml
   id        : OpenCart Lightning
   version   : 3.37
   vqmver    : 
   author    : MaxD http://devs.mx

File Name    : system/library/cache.php(0)
VQModObject::applyMod - SEARCH NOT FOUND (SKIPPED): if (is_file(DIR_SYSTEM . 'library/journal3/vendor/SuperCache

----------------------------------------------------------------------


---------- Date: 2026-03-30 12:54:23 ~ IP : 185.179.188.62 ----------
REQUEST URI : /zakaz/
MOD DETAILS:
   modFile   : /home/canmotalka/web/can-motalka.ru/public_html/vqmod/xml/lightning.xml
   id        : OpenCart Lightning
   version   : 3.37
   vqmver    : 
   author    : MaxD http://devs.mx

File Name    : system/library/cache.php(0)
VQModObject::applyMod - SEARCH NOT FOUND (SKIPPED): if (is_file(DIR_SYSTEM . 'library/journal3/vendor/SuperCache

----------------------------------------------------------------------


---------- Date: 2026-03-30 12:54:24 ~ IP : 185.179.188.62 ----------
REQUEST URI : /index.php?route=module/popupcart_extended
MOD DETAILS:
   modFile   : /home/canmotalka/web/can-motalka.ru/public_html/vqmod/xml/lightning.xml
   id        : OpenCart Lightning
   version   : 3.37
   vqmver    : 
   author    : MaxD http://devs.mx

File Name    : system/library/cache.php(0)
VQModObject::applyMod - SEARCH NOT FOUND (SKIPPED): if (is_file(DIR_SYSTEM . 'library/journal3/vendor/SuperCache

----------------------------------------------------------------------


---------- Date: 2026-03-30 13:00:14 ~ IP : 185.179.188.62 ----------
REQUEST URI : /podmotka-spidometra-na-shkoda-oktaviya/
MOD DETAILS:
   modFile   : /home/canmotalka/web/can-motalka.ru/public_html/vqmod/xml/lightning.xml
   id        : OpenCart Lightning
   version   : 3.37
   vqmver    : 
   author    : MaxD http://devs.mx

File Name    : system/library/cache.php(0)
VQModObject::applyMod - SEARCH NOT FOUND (SKIPPED): if (is_file(DIR_SYSTEM . 'library/journal3/vendor/SuperCache

----------------------------------------------------------------------


---------- Date: 2026-03-30 13:00:15 ~ IP : 185.179.188.62 ----------
REQUEST URI : /index.php?route=product/product/review&amp;product_id=179
MOD DETAILS:
   modFile   : /home/canmotalka/web/can-motalka.ru/public_html/vqmod/xml/lightning.xml
   id        : OpenCart Lightning
   version   : 3.37
   vqmver    : 
   author    : MaxD http://devs.mx

File Name    : system/library/cache.php(0)
VQModObject::applyMod - SEARCH NOT FOUND (SKIPPED): if (is_file(DIR_SYSTEM . 'library/journal3/vendor/SuperCache

----------------------------------------------------------------------


---------- Date: 2026-03-30 13:00:15 ~ IP : 185.179.188.62 ----------
REQUEST URI : /index.php?route=module/popupcart_extended
MOD DETAILS:
   modFile   : /home/canmotalka/web/can-motalka.ru/public_html/vqmod/xml/lightning.xml
   id        : OpenCart Lightning
   version   : 3.37
   vqmver    : 
   author    : MaxD http://devs.mx

File Name    : system/library/cache.php(0)
VQModObject::applyMod - SEARCH NOT FOUND (SKIPPED): if (is_file(DIR_SYSTEM . 'library/journal3/vendor/SuperCache

----------------------------------------------------------------------


---------- Date: 2026-03-30 13:00:48 ~ IP : 185.179.188.62 ----------
REQUEST URI : /podmotka-spidometra-uaz-patriot
MOD DETAILS:
   modFile   : /home/canmotalka/web/can-motalka.ru/public_html/vqmod/xml/lightning.xml
   id        : OpenCart Lightning
   version   : 3.37
   vqmver    : 
   author    : MaxD http://devs.mx

File Name    : system/library/cache.php(0)
VQModObject::applyMod - SEARCH NOT FOUND (SKIPPED): if (is_file(DIR_SYSTEM . 'library/journal3/vendor/SuperCache

----------------------------------------------------------------------


---------- Date: 2026-03-30 13:00:49 ~ IP : 185.179.188.62 ----------
REQUEST URI : /podmotka-spidometra-uaz-patriot/
MOD DETAILS:
   modFile   : /home/canmotalka/web/can-motalka.ru/public_html/vqmod/xml/lightning.xml
   id        : OpenCart Lightning
   version   : 3.37
   vqmver    : 
   author    : MaxD http://devs.mx

File Name    : system/library/cache.php(0)
VQModObject::applyMod - SEARCH NOT FOUND (SKIPPED): if (is_file(DIR_SYSTEM . 'library/journal3/vendor/SuperCache

----------------------------------------------------------------------


---------- Date: 2026-03-30 13:00:50 ~ IP : 185.179.188.62 ----------
REQUEST URI : /index.php?route=product/product/review&amp;product_id=277
MOD DETAILS:
   modFile   : /home/canmotalka/web/can-motalka.ru/public_html/vqmod/xml/lightning.xml
   id        : OpenCart Lightning
   version   : 3.37
   vqmver    : 
   author    : MaxD http://devs.mx

File Name    : system/library/cache.php(0)
VQModObject::applyMod - SEARCH NOT FOUND (SKIPPED): if (is_file(DIR_SYSTEM . 'library/journal3/vendor/SuperCache

----------------------------------------------------------------------


---------- Date: 2026-03-30 13:00:50 ~ IP : 185.179.188.62 ----------
REQUEST URI : /index.php?route=module/popupcart_extended
MOD DETAILS:
   modFile   : /home/canmotalka/web/can-motalka.ru/public_html/vqmod/xml/lightning.xml
   id        : OpenCart Lightning
   version   : 3.37
   vqmver    : 
   author    : MaxD http://devs.mx

File Name    : system/library/cache.php(0)
VQModObject::applyMod - SEARCH NOT FOUND (SKIPPED): if (is_file(DIR_SYSTEM . 'library/journal3/vendor/SuperCache

----------------------------------------------------------------------


---------- Date: 2026-03-30 13:00:55 ~ IP : 185.179.188.62 ----------
REQUEST URI : /podmotka-spidometra-uaz-patriot
MOD DETAILS:
   modFile   : /home/canmotalka/web/can-motalka.ru/public_html/vqmod/xml/lightning.xml
   id        : OpenCart Lightning
   version   : 3.37
   vqmver    : 
   author    : MaxD http://devs.mx

File Name    : system/library/cache.php(0)
VQModObject::applyMod - SEARCH NOT FOUND (SKIPPED): if (is_file(DIR_SYSTEM . 'library/journal3/vendor/SuperCache

----------------------------------------------------------------------


---------- Date: 2026-03-30 13:01:05 ~ IP : 185.179.188.62 ----------
REQUEST URI : /index.php?route=common/footer/click_counter
MOD DETAILS:
   modFile   : /home/canmotalka/web/can-motalka.ru/public_html/vqmod/xml/lightning.xml
   id        : OpenCart Lightning
   version   : 3.37
   vqmver    : 
   author    : MaxD http://devs.mx

File Name    : system/library/cache.php(0)
VQModObject::applyMod - SEARCH NOT FOUND (SKIPPED): if (is_file(DIR_SYSTEM . 'library/journal3/vendor/SuperCache

----------------------------------------------------------------------


---------- Date: 2026-03-30 13:05:37 ~ IP : 185.179.188.62 ----------
REQUEST URI : /manuals/
MOD DETAILS:
   modFile   : /home/canmotalka/web/can-motalka.ru/public_html/vqmod/xml/lightning.xml
   id        : OpenCart Lightning
   version   : 3.37
   vqmver    : 
   author    : MaxD http://devs.mx

File Name    : system/library/cache.php(0)
VQModObject::applyMod - SEARCH NOT FOUND (SKIPPED): if (is_file(DIR_SYSTEM . 'library/journal3/vendor/SuperCache

----------------------------------------------------------------------


---------- Date: 2026-03-30 13:06:24 ~ IP : 185.179.188.62 ----------
REQUEST URI : /gazelle_biz_manual/
MOD DETAILS:
   modFile   : /home/canmotalka/web/can-motalka.ru/public_html/vqmod/xml/lightning.xml
   id        : OpenCart Lightning
   version   : 3.37
   vqmver    : 
   author    : MaxD http://devs.mx

File Name    : system/library/cache.php(0)
VQModObject::applyMod - SEARCH NOT FOUND (SKIPPED): if (is_file(DIR_SYSTEM . 'library/journal3/vendor/SuperCache

----------------------------------------------------------------------


---------- Date: 2026-03-30 13:06:42 ~ IP : 185.179.188.62 ----------
REQUEST URI : /podmotka_vw_manual/
MOD DETAILS:
   modFile   : /home/canmotalka/web/can-motalka.ru/public_html/vqmod/xml/lightning.xml
   id        : OpenCart Lightning
   version   : 3.37
   vqmver    : 
   author    : MaxD http://devs.mx

File Name    : system/library/cache.php(0)
VQModObject::applyMod - SEARCH NOT FOUND (SKIPPED): if (is_file(DIR_SYSTEM . 'library/journal3/vendor/SuperCache

----------------------------------------------------------------------


---------- Date: 2026-03-30 13:07:26 ~ IP : 185.179.188.62 ----------
REQUEST URI : /manuals/
MOD DETAILS:
   modFile   : /home/canmotalka/web/can-motalka.ru/public_html/vqmod/xml/lightning.xml
   id        : OpenCart Lightning
   version   : 3.37
   vqmver    : 
   author    : MaxD http://devs.mx

File Name    : system/library/cache.php(0)
VQModObject::applyMod - SEARCH NOT FOUND (SKIPPED): if (is_file(DIR_SYSTEM . 'library/journal3/vendor/SuperCache

----------------------------------------------------------------------


---------- Date: 2026-03-30 13:07:31 ~ IP : 185.179.188.62 ----------
REQUEST URI : /motalka_spidometra_re/
MOD DETAILS:
   modFile   : /home/canmotalka/web/can-motalka.ru/public_html/vqmod/xml/lightning.xml
   id        : OpenCart Lightning
   version   : 3.37
   vqmver    : 
   author    : MaxD http://devs.mx

File Name    : system/library/cache.php(0)
VQModObject::applyMod - SEARCH NOT FOUND (SKIPPED): if (is_file(DIR_SYSTEM . 'library/journal3/vendor/SuperCache

----------------------------------------------------------------------


---------- Date: 2026-03-30 13:07:33 ~ IP : 185.179.188.62 ----------
REQUEST URI : /index.php?route=module/popupcart_extended
MOD DETAILS:
   modFile   : /home/canmotalka/web/can-motalka.ru/public_html/vqmod/xml/lightning.xml
   id        : OpenCart Lightning
   version   : 3.37
   vqmver    : 
   author    : MaxD http://devs.mx

File Name    : system/library/cache.php(0)
VQModObject::applyMod - SEARCH NOT FOUND (SKIPPED): if (is_file(DIR_SYSTEM . 'library/journal3/vendor/SuperCache

----------------------------------------------------------------------


---------- Date: 2026-03-30 13:07:33 ~ IP : 185.179.188.62 ----------
REQUEST URI : /manual-podmotka-toyota-camry-corolla-tlc-rav4/
MOD DETAILS:
   modFile   : /home/canmotalka/web/can-motalka.ru/public_html/vqmod/xml/lightning.xml
   id        : OpenCart Lightning
   version   : 3.37
   vqmver    : 
   author    : MaxD http://devs.mx

File Name    : system/library/cache.php(0)
VQModObject::applyMod - SEARCH NOT FOUND (SKIPPED): if (is_file(DIR_SYSTEM . 'library/journal3/vendor/SuperCache

----------------------------------------------------------------------


---------- Date: 2026-03-30 13:07:36 ~ IP : 185.179.188.62 ----------
REQUEST URI : /index.php?route=module/popupcart_extended
MOD DETAILS:
   modFile   : /home/canmotalka/web/can-motalka.ru/public_html/vqmod/xml/lightning.xml
   id        : OpenCart Lightning
   version   : 3.37
   vqmver    : 
   author    : MaxD http://devs.mx

File Name    : system/library/cache.php(0)
VQModObject::applyMod - SEARCH NOT FOUND (SKIPPED): if (is_file(DIR_SYSTEM . 'library/journal3/vendor/SuperCache

----------------------------------------------------------------------


---------- Date: 2026-03-30 13:07:51 ~ IP : 185.179.188.62 ----------
REQUEST URI : /podmotka_vw_video/
MOD DETAILS:
   modFile   : /home/canmotalka/web/can-motalka.ru/public_html/vqmod/xml/lightning.xml
   id        : OpenCart Lightning
   version   : 3.37
   vqmver    : 
   author    : MaxD http://devs.mx

File Name    : system/library/cache.php(0)
VQModObject::applyMod - SEARCH NOT FOUND (SKIPPED): if (is_file(DIR_SYSTEM . 'library/journal3/vendor/SuperCache

----------------------------------------------------------------------


---------- Date: 2026-03-30 13:07:58 ~ IP : 185.179.188.62 ----------
REQUEST URI : /podmotka-spidometra-vesta/
MOD DETAILS:
   modFile   : /home/canmotalka/web/can-motalka.ru/public_html/vqmod/xml/lightning.xml
   id        : OpenCart Lightning
   version   : 3.37
   vqmver    : 
   author    : MaxD http://devs.mx

File Name    : system/library/cache.php(0)
VQModObject::applyMod - SEARCH NOT FOUND (SKIPPED): if (is_file(DIR_SYSTEM . 'library/journal3/vendor/SuperCache

----------------------------------------------------------------------


---------- Date: 2026-03-30 13:08:01 ~ IP : 185.179.188.62 ----------
REQUEST URI : /podmotka-spidometra-uaz-patriot/
MOD DETAILS:
   modFile   : /home/canmotalka/web/can-motalka.ru/public_html/vqmod/xml/lightning.xml
   id        : OpenCart Lightning
   version   : 3.37
   vqmver    : 
   author    : MaxD http://devs.mx

File Name    : system/library/cache.php(0)
VQModObject::applyMod - SEARCH NOT FOUND (SKIPPED): if (is_file(DIR_SYSTEM . 'library/journal3/vendor/SuperCache

----------------------------------------------------------------------


---------- Date: 2026-03-30 13:08:21 ~ IP : 185.179.188.62 ----------
REQUEST URI : /motalka_spidometra_re/
MOD DETAILS:
   modFile   : /home/canmotalka/web/can-motalka.ru/public_html/vqmod/xml/lightning.xml
   id        : OpenCart Lightning
   version   : 3.37
   vqmver    : 
   author    : MaxD http://devs.mx

File Name    : system/library/cache.php(0)
VQModObject::applyMod - SEARCH NOT FOUND (SKIPPED): if (is_file(DIR_SYSTEM . 'library/journal3/vendor/SuperCache

----------------------------------------------------------------------


---------- Date: 2026-03-30 13:08:34 ~ IP : 185.179.188.62 ----------
REQUEST URI : /instrukciya-podmotka-kamaz/
MOD DETAILS:
   modFile   : /home/canmotalka/web/can-motalka.ru/public_html/vqmod/xml/lightning.xml
   id        : OpenCart Lightning
   version   : 3.37
   vqmver    : 
   author    : MaxD http://devs.mx

File Name    : system/library/cache.php(0)
VQModObject::applyMod - SEARCH NOT FOUND (SKIPPED): if (is_file(DIR_SYSTEM . 'library/journal3/vendor/SuperCache

----------------------------------------------------------------------


---------- Date: 2026-03-30 13:09:22 ~ IP : 185.179.188.62 ----------
REQUEST URI : /podmotka_spidometra_solaris/
MOD DETAILS:
   modFile   : /home/canmotalka/web/can-motalka.ru/public_html/vqmod/xml/lightning.xml
   id        : OpenCart Lightning
   version   : 3.37
   vqmver    : 
   author    : MaxD http://devs.mx

File Name    : system/library/cache.php(0)
VQModObject::applyMod - SEARCH NOT FOUND (SKIPPED): if (is_file(DIR_SYSTEM . 'library/journal3/vendor/SuperCache

----------------------------------------------------------------------


---------- Date: 2026-03-30 13:10:06 ~ IP : 185.179.188.62 ----------
REQUEST URI : /sitemap/
MOD DETAILS:
   modFile   : /home/canmotalka/web/can-motalka.ru/public_html/vqmod/xml/lightning.xml
   id        : OpenCart Lightning
   version   : 3.37
   vqmver    : 
   author    : MaxD http://devs.mx

File Name    : system/library/cache.php(0)
VQModObject::applyMod - SEARCH NOT FOUND (SKIPPED): if (is_file(DIR_SYSTEM . 'library/journal3/vendor/SuperCache

----------------------------------------------------------------------


---------- Date: 2026-03-30 13:10:46 ~ IP : 185.179.188.62 ----------
REQUEST URI : /granta_video_manual/
MOD DETAILS:
   modFile   : /home/canmotalka/web/can-motalka.ru/public_html/vqmod/xml/lightning.xml
   id        : OpenCart Lightning
   version   : 3.37
   vqmver    : 
   author    : MaxD http://devs.mx

File Name    : system/library/cache.php(0)
VQModObject::applyMod - SEARCH NOT FOUND (SKIPPED): if (is_file(DIR_SYSTEM . 'library/journal3/vendor/SuperCache

----------------------------------------------------------------------


---------- Date: 2026-03-30 13:10:47 ~ IP : 185.179.188.62 ----------
REQUEST URI : /index.php?route=module/popupcart_extended
MOD DETAILS:
   modFile   : /home/canmotalka/web/can-motalka.ru/public_html/vqmod/xml/lightning.xml
   id        : OpenCart Lightning
   version   : 3.37
   vqmver    : 
   author    : MaxD http://devs.mx

File Name    : system/library/cache.php(0)
VQModObject::applyMod - SEARCH NOT FOUND (SKIPPED): if (is_file(DIR_SYSTEM . 'library/journal3/vendor/SuperCache

----------------------------------------------------------------------


---------- Date: 2026-03-30 13:11:18 ~ IP : 185.179.188.62 ----------
REQUEST URI : /podmotka_vw_video/
MOD DETAILS:
   modFile   : /home/canmotalka/web/can-motalka.ru/public_html/vqmod/xml/lightning.xml
   id        : OpenCart Lightning
   version   : 3.37
   vqmver    : 
   author    : MaxD http://devs.mx

File Name    : system/library/cache.php(0)
VQModObject::applyMod - SEARCH NOT FOUND (SKIPPED): if (is_file(DIR_SYSTEM . 'library/journal3/vendor/SuperCache

----------------------------------------------------------------------


---------- Date: 2026-03-30 13:13:30 ~ IP : 185.179.188.62 ----------
REQUEST URI : /prado_video_manual/
MOD DETAILS:
   modFile   : /home/canmotalka/web/can-motalka.ru/public_html/vqmod/xml/lightning.xml
   id        : OpenCart Lightning
   version   : 3.37
   vqmver    : 
   author    : MaxD http://devs.mx

File Name    : system/library/cache.php(0)
VQModObject::applyMod - SEARCH NOT FOUND (SKIPPED): if (is_file(DIR_SYSTEM . 'library/journal3/vendor/SuperCache

----------------------------------------------------------------------


---------- Date: 2026-03-30 13:13:30 ~ IP : 185.179.188.62 ----------
REQUEST URI : /index.php?route=module/popupcart_extended
MOD DETAILS:
   modFile   : /home/canmotalka/web/can-motalka.ru/public_html/vqmod/xml/lightning.xml
   id        : OpenCart Lightning
   version   : 3.37
   vqmver    : 
   author    : MaxD http://devs.mx

File Name    : system/library/cache.php(0)
VQModObject::applyMod - SEARCH NOT FOUND (SKIPPED): if (is_file(DIR_SYSTEM . 'library/journal3/vendor/SuperCache

----------------------------------------------------------------------


---------- Date: 2026-03-30 13:13:53 ~ IP : 185.179.188.62 ----------
REQUEST URI : /manuals/?ysclid=mnd162pu2d898390559
MOD DETAILS:
   modFile   : /home/canmotalka/web/can-motalka.ru/public_html/vqmod/xml/lightning.xml
   id        : OpenCart Lightning
   version   : 3.37
   vqmver    : 
   author    : MaxD http://devs.mx

File Name    : system/library/cache.php(0)
VQModObject::applyMod - SEARCH NOT FOUND (SKIPPED): if (is_file(DIR_SYSTEM . 'library/journal3/vendor/SuperCache

----------------------------------------------------------------------


---------- Date: 2026-03-30 13:14:15 ~ IP : 185.179.188.62 ----------
REQUEST URI : /instrukciya-dlya-podmotki-lada-largus-2021/
MOD DETAILS:
   modFile   : /home/canmotalka/web/can-motalka.ru/public_html/vqmod/xml/lightning.xml
   id        : OpenCart Lightning
   version   : 3.37
   vqmver    : 
   author    : MaxD http://devs.mx

File Name    : system/library/cache.php(0)
VQModObject::applyMod - SEARCH NOT FOUND (SKIPPED): if (is_file(DIR_SYSTEM . 'library/journal3/vendor/SuperCache

----------------------------------------------------------------------


---------- Date: 2026-03-30 13:14:20 ~ IP : 185.179.188.62 ----------
REQUEST URI : /index.php?route=module/popupcart_extended
MOD DETAILS:
   modFile   : /home/canmotalka/web/can-motalka.ru/public_html/vqmod/xml/lightning.xml
   id        : OpenCart Lightning
   version   : 3.37
   vqmver    : 
   author    : MaxD http://devs.mx

File Name    : system/library/cache.php(0)
VQModObject::applyMod - SEARCH NOT FOUND (SKIPPED): if (is_file(DIR_SYSTEM . 'library/journal3/vendor/SuperCache

----------------------------------------------------------------------


---------- Date: 2026-03-30 13:14:55 ~ IP : 185.179.188.62 ----------
REQUEST URI : /motalka_spidometra_re/
MOD DETAILS:
   modFile   : /home/canmotalka/web/can-motalka.ru/public_html/vqmod/xml/lightning.xml
   id        : OpenCart Lightning
   version   : 3.37
   vqmver    : 
   author    : MaxD http://devs.mx

File Name    : system/library/cache.php(0)
VQModObject::applyMod - SEARCH NOT FOUND (SKIPPED): if (is_file(DIR_SYSTEM . 'library/journal3/vendor/SuperCache

----------------------------------------------------------------------


---------- Date: 2026-03-30 13:14:58 ~ IP : 185.179.188.62 ----------
REQUEST URI : /kak-perenastroit-podmotku-spidometra/?ysclid=mnd17h2q7k300016617
MOD DETAILS:
   modFile   : /home/canmotalka/web/can-motalka.ru/public_html/vqmod/xml/lightning.xml
   id        : OpenCart Lightning
   version   : 3.37
   vqmver    : 
   author    : MaxD http://devs.mx

File Name    : system/library/cache.php(0)
VQModObject::applyMod - SEARCH NOT FOUND (SKIPPED): if (is_file(DIR_SYSTEM . 'library/journal3/vendor/SuperCache

----------------------------------------------------------------------


---------- Date: 2026-03-30 13:14:58 ~ IP : 185.179.188.62 ----------
REQUEST URI : /kak-perenastroit-podmotku-spidometra/
MOD DETAILS:
   modFile   : /home/canmotalka/web/can-motalka.ru/public_html/vqmod/xml/lightning.xml
   id        : OpenCart Lightning
   version   : 3.37
   vqmver    : 
   author    : MaxD http://devs.mx

File Name    : system/library/cache.php(0)
VQModObject::applyMod - SEARCH NOT FOUND (SKIPPED): if (is_file(DIR_SYSTEM . 'library/journal3/vendor/SuperCache

----------------------------------------------------------------------


---------- Date: 2026-03-30 13:16:08 ~ IP : 185.179.188.62 ----------
REQUEST URI : /manuals/
MOD DETAILS:
   modFile   : /home/canmotalka/web/can-motalka.ru/public_html/vqmod/xml/lightning.xml
   id        : OpenCart Lightning
   version   : 3.37
   vqmver    : 
   author    : MaxD http://devs.mx

File Name    : system/library/cache.php(0)
VQModObject::applyMod - SEARCH NOT FOUND (SKIPPED): if (is_file(DIR_SYSTEM . 'library/journal3/vendor/SuperCache

----------------------------------------------------------------------


---------- Date: 2026-03-30 13:16:22 ~ IP : 185.179.188.62 ----------
REQUEST URI : /sitemap.xml
MOD DETAILS:
   modFile   : /home/canmotalka/web/can-motalka.ru/public_html/vqmod/xml/lightning.xml
   id        : OpenCart Lightning
   version   : 3.37
   vqmver    : 
   author    : MaxD http://devs.mx

File Name    : system/library/cache.php(0)
VQModObject::applyMod - SEARCH NOT FOUND (SKIPPED): if (is_file(DIR_SYSTEM . 'library/journal3/vendor/SuperCache

----------------------------------------------------------------------


---------- Date: 2026-03-30 13:18:16 ~ IP : 185.179.188.62 ----------
REQUEST URI : /otzyvy/?page=30
MOD DETAILS:
   modFile   : /home/canmotalka/web/can-motalka.ru/public_html/vqmod/xml/lightning.xml
   id        : OpenCart Lightning
   version   : 3.37
   vqmver    : 
   author    : MaxD http://devs.mx

File Name    : system/library/cache.php(0)
VQModObject::applyMod - SEARCH NOT FOUND (SKIPPED): if (is_file(DIR_SYSTEM . 'library/journal3/vendor/SuperCache

----------------------------------------------------------------------


---------- Date: 2026-03-30 13:18:46 ~ IP : 185.179.188.62 ----------
REQUEST URI : /instrukciya-lada-granta-2021/
MOD DETAILS:
   modFile   : /home/canmotalka/web/can-motalka.ru/public_html/vqmod/xml/lightning.xml
   id        : OpenCart Lightning
   version   : 3.37
   vqmver    : 
   author    : MaxD http://devs.mx

File Name    : system/library/cache.php(0)
VQModObject::applyMod - SEARCH NOT FOUND (SKIPPED): if (is_file(DIR_SYSTEM . 'library/journal3/vendor/SuperCache

----------------------------------------------------------------------


---------- Date: 2026-03-30 13:18:47 ~ IP : 185.179.188.62 ----------
REQUEST URI : /index.php?route=module/popupcart_extended
MOD DETAILS:
   modFile   : /home/canmotalka/web/can-motalka.ru/public_html/vqmod/xml/lightning.xml
   id        : OpenCart Lightning
   version   : 3.37
   vqmver    : 
   author    : MaxD http://devs.mx

File Name    : system/library/cache.php(0)
VQModObject::applyMod - SEARCH NOT FOUND (SKIPPED): if (is_file(DIR_SYSTEM . 'library/journal3/vendor/SuperCache

----------------------------------------------------------------------


---------- Date: 2026-03-30 13:21:11 ~ IP : 185.179.188.62 ----------
REQUEST URI : /podmotka-spidometra-kia-sorento/?ysclid=mnd1flb1ek401717374
MOD DETAILS:
   modFile   : /home/canmotalka/web/can-motalka.ru/public_html/vqmod/xml/lightning.xml
   id        : OpenCart Lightning
   version   : 3.37
   vqmver    : 
   author    : MaxD http://devs.mx

File Name    : system/library/cache.php(0)
VQModObject::applyMod - SEARCH NOT FOUND (SKIPPED): if (is_file(DIR_SYSTEM . 'library/journal3/vendor/SuperCache

----------------------------------------------------------------------


---------- Date: 2026-03-30 13:21:11 ~ IP : 185.179.188.62 ----------
REQUEST URI : /podmotka-spidometra-kia-sorento/
MOD DETAILS:
   modFile   : /home/canmotalka/web/can-motalka.ru/public_html/vqmod/xml/lightning.xml
   id        : OpenCart Lightning
   version   : 3.37
   vqmver    : 
   author    : MaxD http://devs.mx

File Name    : system/library/cache.php(0)
VQModObject::applyMod - SEARCH NOT FOUND (SKIPPED): if (is_file(DIR_SYSTEM . 'library/journal3/vendor/SuperCache

----------------------------------------------------------------------


---------- Date: 2026-03-30 13:21:12 ~ IP : 185.179.188.62 ----------
REQUEST URI : /index.php?route=product/product/review&amp;product_id=70
MOD DETAILS:
   modFile   : /home/canmotalka/web/can-motalka.ru/public_html/vqmod/xml/lightning.xml
   id        : OpenCart Lightning
   version   : 3.37
   vqmver    : 
   author    : MaxD http://devs.mx

File Name    : system/library/cache.php(0)
VQModObject::applyMod - SEARCH NOT FOUND (SKIPPED): if (is_file(DIR_SYSTEM . 'library/journal3/vendor/SuperCache

----------------------------------------------------------------------


---------- Date: 2026-03-30 13:21:12 ~ IP : 185.179.188.62 ----------
REQUEST URI : /index.php?route=module/popupcart_extended
MOD DETAILS:
   modFile   : /home/canmotalka/web/can-motalka.ru/public_html/vqmod/xml/lightning.xml
   id        : OpenCart Lightning
   version   : 3.37
   vqmver    : 
   author    : MaxD http://devs.mx

File Name    : system/library/cache.php(0)
VQModObject::applyMod - SEARCH NOT FOUND (SKIPPED): if (is_file(DIR_SYSTEM . 'library/journal3/vendor/SuperCache

----------------------------------------------------------------------


---------- Date: 2026-03-30 13:21:18 ~ IP : 185.179.188.62 ----------
REQUEST URI : /index.php?route=module/popupcart_extended
MOD DETAILS:
   modFile   : /home/canmotalka/web/can-motalka.ru/public_html/vqmod/xml/lightning.xml
   id        : OpenCart Lightning
   version   : 3.37
   vqmver    : 
   author    : MaxD http://devs.mx

File Name    : system/library/cache.php(0)
VQModObject::applyMod - SEARCH NOT FOUND (SKIPPED): if (is_file(DIR_SYSTEM . 'library/journal3/vendor/SuperCache

----------------------------------------------------------------------


---------- Date: 2026-03-30 13:21:32 ~ IP : 185.179.188.62 ----------
REQUEST URI : /contact/
MOD DETAILS:
   modFile   : /home/canmotalka/web/can-motalka.ru/public_html/vqmod/xml/lightning.xml
   id        : OpenCart Lightning
   version   : 3.37
   vqmver    : 
   author    : MaxD http://devs.mx

File Name    : system/library/cache.php(0)
VQModObject::applyMod - SEARCH NOT FOUND (SKIPPED): if (is_file(DIR_SYSTEM . 'library/journal3/vendor/SuperCache

----------------------------------------------------------------------


---------- Date: 2026-03-30 13:21:49 ~ IP : 185.179.188.62 ----------
REQUEST URI : /podmotka_vw_manual/
MOD DETAILS:
   modFile   : /home/canmotalka/web/can-motalka.ru/public_html/vqmod/xml/lightning.xml
   id        : OpenCart Lightning
   version   : 3.37
   vqmver    : 
   author    : MaxD http://devs.mx

File Name    : system/library/cache.php(0)
VQModObject::applyMod - SEARCH NOT FOUND (SKIPPED): if (is_file(DIR_SYSTEM . 'library/journal3/vendor/SuperCache

----------------------------------------------------------------------


---------- Date: 2026-03-30 13:24:26 ~ IP : 185.179.188.62 ----------
REQUEST URI : /setting_php/pomojem-lechitsya/409-tabletki-djenerik-dapoksetina-ivanovo/
MOD DETAILS:
   modFile   : /home/canmotalka/web/can-motalka.ru/public_html/vqmod/xml/lightning.xml
   id        : OpenCart Lightning
   version   : 3.37
   vqmver    : 
   author    : MaxD http://devs.mx

File Name    : system/library/cache.php(0)
VQModObject::applyMod - SEARCH NOT FOUND (SKIPPED): if (is_file(DIR_SYSTEM . 'library/journal3/vendor/SuperCache

----------------------------------------------------------------------


---------- Date: 2026-03-30 13:28:46 ~ IP : 185.179.188.62 ----------
REQUEST URI : /podmotka-spidometra-kia-sorento/
MOD DETAILS:
   modFile   : /home/canmotalka/web/can-motalka.ru/public_html/vqmod/xml/lightning.xml
   id        : OpenCart Lightning
   version   : 3.37
   vqmver    : 
   author    : MaxD http://devs.mx

File Name    : system/library/cache.php(0)
VQModObject::applyMod - SEARCH NOT FOUND (SKIPPED): if (is_file(DIR_SYSTEM . 'library/journal3/vendor/SuperCache

----------------------------------------------------------------------


---------- Date: 2026-03-30 13:29:54 ~ IP : 185.179.188.62 ----------
REQUEST URI : /podmotka-spidometra-reno-daster-za-3000r/
MOD DETAILS:
   modFile   : /home/canmotalka/web/can-motalka.ru/public_html/vqmod/xml/lightning.xml
   id        : OpenCart Lightning
   version   : 3.37
   vqmver    : 
   author    : MaxD http://devs.mx

File Name    : system/library/cache.php(0)
VQModObject::applyMod - SEARCH NOT FOUND (SKIPPED): if (is_file(DIR_SYSTEM . 'library/journal3/vendor/SuperCache

----------------------------------------------------------------------


---------- Date: 2026-03-30 13:31:07 ~ IP : 185.179.188.62 ----------
REQUEST URI : /instrukciya-dlya-podmotki-lada-niva/
MOD DETAILS:
   modFile   : /home/canmotalka/web/can-motalka.ru/public_html/vqmod/xml/lightning.xml
   id        : OpenCart Lightning
   version   : 3.37
   vqmver    : 
   author    : MaxD http://devs.mx

File Name    : system/library/cache.php(0)
VQModObject::applyMod - SEARCH NOT FOUND (SKIPPED): if (is_file(DIR_SYSTEM . 'library/journal3/vendor/SuperCache

----------------------------------------------------------------------


---------- Date: 2026-03-30 13:31:08 ~ IP : 185.179.188.62 ----------
REQUEST URI : /index.php?route=module/popupcart_extended
MOD DETAILS:
   modFile   : /home/canmotalka/web/can-motalka.ru/public_html/vqmod/xml/lightning.xml
   id        : OpenCart Lightning
   version   : 3.37
   vqmver    : 
   author    : MaxD http://devs.mx

File Name    : system/library/cache.php(0)
VQModObject::applyMod - SEARCH NOT FOUND (SKIPPED): if (is_file(DIR_SYSTEM . 'library/journal3/vendor/SuperCache

----------------------------------------------------------------------


---------- Date: 2026-03-30 13:31:45 ~ IP : 185.179.188.62 ----------
REQUEST URI : /manuals/?ysclid=mnd1t661n911167971
MOD DETAILS:
   modFile   : /home/canmotalka/web/can-motalka.ru/public_html/vqmod/xml/lightning.xml
   id        : OpenCart Lightning
   version   : 3.37
   vqmver    : 
   author    : MaxD http://devs.mx

File Name    : system/library/cache.php(0)
VQModObject::applyMod - SEARCH NOT FOUND (SKIPPED): if (is_file(DIR_SYSTEM . 'library/journal3/vendor/SuperCache

----------------------------------------------------------------------


---------- Date: 2026-03-30 13:32:54 ~ IP : 185.179.188.62 ----------
REQUEST URI : /kak-rabotaet-podmotka-spidometra/
MOD DETAILS:
   modFile   : /home/canmotalka/web/can-motalka.ru/public_html/vqmod/xml/lightning.xml
   id        : OpenCart Lightning
   version   : 3.37
   vqmver    : 
   author    : MaxD http://devs.mx

File Name    : system/library/cache.php(0)
VQModObject::applyMod - SEARCH NOT FOUND (SKIPPED): if (is_file(DIR_SYSTEM . 'library/journal3/vendor/SuperCache

----------------------------------------------------------------------


---------- Date: 2026-03-30 13:32:54 ~ IP : 185.179.188.62 ----------
REQUEST URI : /kak-rabotaet-podmotka-spidometra/?ysclid=mnd1una0sr536809572
MOD DETAILS:
   modFile   : /home/canmotalka/web/can-motalka.ru/public_html/vqmod/xml/lightning.xml
   id        : OpenCart Lightning
   version   : 3.37
   vqmver    : 
   author    : MaxD http://devs.mx

File Name    : system/library/cache.php(0)
VQModObject::applyMod - SEARCH NOT FOUND (SKIPPED): if (is_file(DIR_SYSTEM . 'library/journal3/vendor/SuperCache

----------------------------------------------------------------------


---------- Date: 2026-03-30 13:32:54 ~ IP : 185.179.188.62 ----------
REQUEST URI : /kak-rabotaet-podmotka-spidometra/
MOD DETAILS:
   modFile   : /home/canmotalka/web/can-motalka.ru/public_html/vqmod/xml/lightning.xml
   id        : OpenCart Lightning
   version   : 3.37
   vqmver    : 
   author    : MaxD http://devs.mx

File Name    : system/library/cache.php(0)
VQModObject::applyMod - SEARCH NOT FOUND (SKIPPED): if (is_file(DIR_SYSTEM . 'library/journal3/vendor/SuperCache

----------------------------------------------------------------------


---------- Date: 2026-03-30 13:32:54 ~ IP : 185.179.188.62 ----------
REQUEST URI : /index.php?route=module/popupcart_extended
MOD DETAILS:
   modFile   : /home/canmotalka/web/can-motalka.ru/public_html/vqmod/xml/lightning.xml
   id        : OpenCart Lightning
   version   : 3.37
   vqmver    : 
   author    : MaxD http://devs.mx

File Name    : system/library/cache.php(0)
VQModObject::applyMod - SEARCH NOT FOUND (SKIPPED): if (is_file(DIR_SYSTEM . 'library/journal3/vendor/SuperCache

----------------------------------------------------------------------


---------- Date: 2026-03-30 13:33:00 ~ IP : 185.179.188.62 ----------
REQUEST URI : /index.php?route=module/popupcart_extended
MOD DETAILS:
   modFile   : /home/canmotalka/web/can-motalka.ru/public_html/vqmod/xml/lightning.xml
   id        : OpenCart Lightning
   version   : 3.37
   vqmver    : 
   author    : MaxD http://devs.mx

File Name    : system/library/cache.php(0)
VQModObject::applyMod - SEARCH NOT FOUND (SKIPPED): if (is_file(DIR_SYSTEM . 'library/journal3/vendor/SuperCache

----------------------------------------------------------------------


---------- Date: 2026-03-30 13:33:12 ~ IP : 185.179.188.62 ----------
REQUEST URI : /podmotka_spidometra_solaris/
MOD DETAILS:
   modFile   : /home/canmotalka/web/can-motalka.ru/public_html/vqmod/xml/lightning.xml
   id        : OpenCart Lightning
   version   : 3.37
   vqmver    : 
   author    : MaxD http://devs.mx

File Name    : system/library/cache.php(0)
VQModObject::applyMod - SEARCH NOT FOUND (SKIPPED): if (is_file(DIR_SYSTEM . 'library/journal3/vendor/SuperCache

----------------------------------------------------------------------


---------- Date: 2026-03-30 13:37:02 ~ IP : 185.179.188.62 ----------
REQUEST URI : /largus_manual/
MOD DETAILS:
   modFile   : /home/canmotalka/web/can-motalka.ru/public_html/vqmod/xml/lightning.xml
   id        : OpenCart Lightning
   version   : 3.37
   vqmver    : 
   author    : MaxD http://devs.mx

File Name    : system/library/cache.php(0)
VQModObject::applyMod - SEARCH NOT FOUND (SKIPPED): if (is_file(DIR_SYSTEM . 'library/journal3/vendor/SuperCache

----------------------------------------------------------------------


---------- Date: 2026-03-30 13:37:04 ~ IP : 185.179.188.62 ----------
REQUEST URI : /index.php?route=module/popupcart_extended
MOD DETAILS:
   modFile   : /home/canmotalka/web/can-motalka.ru/public_html/vqmod/xml/lightning.xml
   id        : OpenCart Lightning
   version   : 3.37
   vqmver    : 
   author    : MaxD http://devs.mx

File Name    : system/library/cache.php(0)
VQModObject::applyMod - SEARCH NOT FOUND (SKIPPED): if (is_file(DIR_SYSTEM . 'library/journal3/vendor/SuperCache

----------------------------------------------------------------------


---------- Date: 2026-03-30 13:37:24 ~ IP : 185.179.188.62 ----------
REQUEST URI : /?ysclid=mnd20fqk3k427312742
MOD DETAILS:
   modFile   : /home/canmotalka/web/can-motalka.ru/public_html/vqmod/xml/lightning.xml
   id        : OpenCart Lightning
   version   : 3.37
   vqmver    : 
   author    : MaxD http://devs.mx

File Name    : system/library/cache.php(0)
VQModObject::applyMod - SEARCH NOT FOUND (SKIPPED): if (is_file(DIR_SYSTEM . 'library/journal3/vendor/SuperCache

----------------------------------------------------------------------


---------- Date: 2026-03-30 13:37:55 ~ IP : 185.179.188.62 ----------
REQUEST URI : /index.php?route=module/popupcart_extended
MOD DETAILS:
   modFile   : /home/canmotalka/web/can-motalka.ru/public_html/vqmod/xml/lightning.xml
   id        : OpenCart Lightning
   version   : 3.37
   vqmver    : 
   author    : MaxD http://devs.mx

File Name    : system/library/cache.php(0)
VQModObject::applyMod - SEARCH NOT FOUND (SKIPPED): if (is_file(DIR_SYSTEM . 'library/journal3/vendor/SuperCache

----------------------------------------------------------------------


---------- Date: 2026-03-30 13:38:23 ~ IP : 185.179.188.62 ----------
REQUEST URI : /podmotka-spidometra-haval-h9/
MOD DETAILS:
   modFile   : /home/canmotalka/web/can-motalka.ru/public_html/vqmod/xml/lightning.xml
   id        : OpenCart Lightning
   version   : 3.37
   vqmver    : 
   author    : MaxD http://devs.mx

File Name    : system/library/cache.php(0)
VQModObject::applyMod - SEARCH NOT FOUND (SKIPPED): if (is_file(DIR_SYSTEM . 'library/journal3/vendor/SuperCache

----------------------------------------------------------------------


---------- Date: 2026-03-30 13:38:24 ~ IP : 185.179.188.62 ----------
REQUEST URI : /index.php?route=product/product/review&amp;product_id=303
MOD DETAILS:
   modFile   : /home/canmotalka/web/can-motalka.ru/public_html/vqmod/xml/lightning.xml
   id        : OpenCart Lightning
   version   : 3.37
   vqmver    : 
   author    : MaxD http://devs.mx

File Name    : system/library/cache.php(0)
VQModObject::applyMod - SEARCH NOT FOUND (SKIPPED): if (is_file(DIR_SYSTEM . 'library/journal3/vendor/SuperCache

----------------------------------------------------------------------


---------- Date: 2026-03-30 13:40:35 ~ IP : 185.179.188.62 ----------
REQUEST URI : /podmotka-spidometra-henday-sonata-8/
MOD DETAILS:
   modFile   : /home/canmotalka/web/can-motalka.ru/public_html/vqmod/xml/lightning.xml
   id        : OpenCart Lightning
   version   : 3.37
   vqmver    : 
   author    : MaxD http://devs.mx

File Name    : system/library/cache.php(0)
VQModObject::applyMod - SEARCH NOT FOUND (SKIPPED): if (is_file(DIR_SYSTEM . 'library/journal3/vendor/SuperCache

----------------------------------------------------------------------


---------- Date: 2026-03-30 13:40:36 ~ IP : 185.179.188.62 ----------
REQUEST URI : /podmotka-spidometra-henday-sonata-8/
MOD DETAILS:
   modFile   : /home/canmotalka/web/can-motalka.ru/public_html/vqmod/xml/lightning.xml
   id        : OpenCart Lightning
   version   : 3.37
   vqmver    : 
   author    : MaxD http://devs.mx

File Name    : system/library/cache.php(0)
VQModObject::applyMod - SEARCH NOT FOUND (SKIPPED): if (is_file(DIR_SYSTEM . 'library/journal3/vendor/SuperCache

----------------------------------------------------------------------


---------- Date: 2026-03-30 13:40:36 ~ IP : 185.179.188.62 ----------
REQUEST URI : /otzyvy/
MOD DETAILS:
   modFile   : /home/canmotalka/web/can-motalka.ru/public_html/vqmod/xml/lightning.xml
   id        : OpenCart Lightning
   version   : 3.37
   vqmver    : 
   author    : MaxD http://devs.mx

File Name    : system/library/cache.php(0)
VQModObject::applyMod - SEARCH NOT FOUND (SKIPPED): if (is_file(DIR_SYSTEM . 'library/journal3/vendor/SuperCache

----------------------------------------------------------------------


---------- Date: 2026-03-30 13:40:36 ~ IP : 185.179.188.62 ----------
REQUEST URI : /otzyvy/
MOD DETAILS:
   modFile   : /home/canmotalka/web/can-motalka.ru/public_html/vqmod/xml/lightning.xml
   id        : OpenCart Lightning
   version   : 3.37
   vqmver    : 
   author    : MaxD http://devs.mx

File Name    : system/library/cache.php(0)
VQModObject::applyMod - SEARCH NOT FOUND (SKIPPED): if (is_file(DIR_SYSTEM . 'library/journal3/vendor/SuperCache

----------------------------------------------------------------------


---------- Date: 2026-03-30 13:42:33 ~ IP : 185.179.188.62 ----------
REQUEST URI : /index.php?route=common/footer/click_counter
MOD DETAILS:
   modFile   : /home/canmotalka/web/can-motalka.ru/public_html/vqmod/xml/lightning.xml
   id        : OpenCart Lightning
   version   : 3.37
   vqmver    : 
   author    : MaxD http://devs.mx

File Name    : system/library/cache.php(0)
VQModObject::applyMod - SEARCH NOT FOUND (SKIPPED): if (is_file(DIR_SYSTEM . 'library/journal3/vendor/SuperCache

----------------------------------------------------------------------


---------- Date: 2026-03-30 13:42:58 ~ IP : 185.179.188.62 ----------
REQUEST URI : /podmotka_uaz_re/?ysclid=mnd27pp2wr775901567
MOD DETAILS:
   modFile   : /home/canmotalka/web/can-motalka.ru/public_html/vqmod/xml/lightning.xml
   id        : OpenCart Lightning
   version   : 3.37
   vqmver    : 
   author    : MaxD http://devs.mx

File Name    : system/library/cache.php(0)
VQModObject::applyMod - SEARCH NOT FOUND (SKIPPED): if (is_file(DIR_SYSTEM . 'library/journal3/vendor/SuperCache

----------------------------------------------------------------------


---------- Date: 2026-03-30 13:42:59 ~ IP : 185.179.188.62 ----------
REQUEST URI : /podmotka_uaz_re/
MOD DETAILS:
   modFile   : /home/canmotalka/web/can-motalka.ru/public_html/vqmod/xml/lightning.xml
   id        : OpenCart Lightning
   version   : 3.37
   vqmver    : 
   author    : MaxD http://devs.mx

File Name    : system/library/cache.php(0)
VQModObject::applyMod - SEARCH NOT FOUND (SKIPPED): if (is_file(DIR_SYSTEM . 'library/journal3/vendor/SuperCache

----------------------------------------------------------------------


---------- Date: 2026-03-30 13:43:00 ~ IP : 185.179.188.62 ----------
REQUEST URI : /index.php?route=module/popupcart_extended
MOD DETAILS:
   modFile   : /home/canmotalka/web/can-motalka.ru/public_html/vqmod/xml/lightning.xml
   id        : OpenCart Lightning
   version   : 3.37
   vqmver    : 
   author    : MaxD http://devs.mx

File Name    : system/library/cache.php(0)
VQModObject::applyMod - SEARCH NOT FOUND (SKIPPED): if (is_file(DIR_SYSTEM . 'library/journal3/vendor/SuperCache

----------------------------------------------------------------------


---------- Date: 2026-03-30 13:44:11 ~ IP : 185.179.188.62 ----------
REQUEST URI : /podmotka-krutilka-motalka-spidometra-toyota-camry-v50/
MOD DETAILS:
   modFile   : /home/canmotalka/web/can-motalka.ru/public_html/vqmod/xml/lightning.xml
   id        : OpenCart Lightning
   version   : 3.37
   vqmver    : 
   author    : MaxD http://devs.mx

File Name    : system/library/cache.php(0)
VQModObject::applyMod - SEARCH NOT FOUND (SKIPPED): if (is_file(DIR_SYSTEM . 'library/journal3/vendor/SuperCache

----------------------------------------------------------------------


---------- Date: 2026-03-30 13:44:11 ~ IP : 185.179.188.62 ----------
REQUEST URI : /index.php?route=product/product/review&amp;product_id=194
MOD DETAILS:
   modFile   : /home/canmotalka/web/can-motalka.ru/public_html/vqmod/xml/lightning.xml
   id        : OpenCart Lightning
   version   : 3.37
   vqmver    : 
   author    : MaxD http://devs.mx

File Name    : system/library/cache.php(0)
VQModObject::applyMod - SEARCH NOT FOUND (SKIPPED): if (is_file(DIR_SYSTEM . 'library/journal3/vendor/SuperCache

----------------------------------------------------------------------


---------- Date: 2026-03-30 13:45:14 ~ IP : 185.179.188.62 ----------
REQUEST URI : /prado_video_manual/
MOD DETAILS:
   modFile   : /home/canmotalka/web/can-motalka.ru/public_html/vqmod/xml/lightning.xml
   id        : OpenCart Lightning
   version   : 3.37
   vqmver    : 
   author    : MaxD http://devs.mx

File Name    : system/library/cache.php(0)
VQModObject::applyMod - SEARCH NOT FOUND (SKIPPED): if (is_file(DIR_SYSTEM . 'library/journal3/vendor/SuperCache

----------------------------------------------------------------------


---------- Date: 2026-03-30 13:45:16 ~ IP : 185.179.188.62 ----------
REQUEST URI : /index.php?route=module/popupcart_extended
MOD DETAILS:
   modFile   : /home/canmotalka/web/can-motalka.ru/public_html/vqmod/xml/lightning.xml
   id        : OpenCart Lightning
   version   : 3.37
   vqmver    : 
   author    : MaxD http://devs.mx

File Name    : system/library/cache.php(0)
VQModObject::applyMod - SEARCH NOT FOUND (SKIPPED): if (is_file(DIR_SYSTEM . 'library/journal3/vendor/SuperCache

----------------------------------------------------------------------


---------- Date: 2026-03-30 13:46:17 ~ IP : 185.179.188.62 ----------
REQUEST URI : /podmotka-spidometra-henday-sonata-8/;/
MOD DETAILS:
   modFile   : /home/canmotalka/web/can-motalka.ru/public_html/vqmod/xml/lightning.xml
   id        : OpenCart Lightning
   version   : 3.37
   vqmver    : 
   author    : MaxD http://devs.mx

File Name    : system/library/cache.php(0)
VQModObject::applyMod - SEARCH NOT FOUND (SKIPPED): if (is_file(DIR_SYSTEM . 'library/journal3/vendor/SuperCache

----------------------------------------------------------------------


---------- Date: 2026-03-30 13:46:18 ~ IP : 185.179.188.62 ----------
REQUEST URI : /otzyvy/
MOD DETAILS:
   modFile   : /home/canmotalka/web/can-motalka.ru/public_html/vqmod/xml/lightning.xml
   id        : OpenCart Lightning
   version   : 3.37
   vqmver    : 
   author    : MaxD http://devs.mx

File Name    : system/library/cache.php(0)
VQModObject::applyMod - SEARCH NOT FOUND (SKIPPED): if (is_file(DIR_SYSTEM . 'library/journal3/vendor/SuperCache

----------------------------------------------------------------------


---------- Date: 2026-03-30 13:47:47 ~ IP : 185.179.188.62 ----------
REQUEST URI : /setting_php/uluchshenie-potencii/998-sildenafil-100-v-apteke-chistopol/
MOD DETAILS:
   modFile   : /home/canmotalka/web/can-motalka.ru/public_html/vqmod/xml/lightning.xml
   id        : OpenCart Lightning
   version   : 3.37
   vqmver    : 
   author    : MaxD http://devs.mx

File Name    : system/library/cache.php(0)
VQModObject::applyMod - SEARCH NOT FOUND (SKIPPED): if (is_file(DIR_SYSTEM . 'library/journal3/vendor/SuperCache

----------------------------------------------------------------------


---------- Date: 2026-03-30 13:49:56 ~ IP : 185.179.188.62 ----------
REQUEST URI : /manuals/?ysclid=mnd2gk084y533271481
MOD DETAILS:
   modFile   : /home/canmotalka/web/can-motalka.ru/public_html/vqmod/xml/lightning.xml
   id        : OpenCart Lightning
   version   : 3.37
   vqmver    : 
   author    : MaxD http://devs.mx

File Name    : system/library/cache.php(0)
VQModObject::applyMod - SEARCH NOT FOUND (SKIPPED): if (is_file(DIR_SYSTEM . 'library/journal3/vendor/SuperCache

----------------------------------------------------------------------


---------- Date: 2026-03-30 13:50:00 ~ IP : 185.179.188.62 ----------
REQUEST URI : /index.php?route=module/popupcart_extended
MOD DETAILS:
   modFile   : /home/canmotalka/web/can-motalka.ru/public_html/vqmod/xml/lightning.xml
   id        : OpenCart Lightning
   version   : 3.37
   vqmver    : 
   author    : MaxD http://devs.mx

File Name    : system/library/cache.php(0)
VQModObject::applyMod - SEARCH NOT FOUND (SKIPPED): if (is_file(DIR_SYSTEM . 'library/journal3/vendor/SuperCache

----------------------------------------------------------------------


---------- Date: 2026-03-30 13:53:01 ~ IP : 185.179.188.62 ----------
REQUEST URI : /podmotka-spidometra-volkswagen-transporter-t6/
MOD DETAILS:
   modFile   : /home/canmotalka/web/can-motalka.ru/public_html/vqmod/xml/lightning.xml
   id        : OpenCart Lightning
   version   : 3.37
   vqmver    : 
   author    : MaxD http://devs.mx

File Name    : system/library/cache.php(0)
VQModObject::applyMod - SEARCH NOT FOUND (SKIPPED): if (is_file(DIR_SYSTEM . 'library/journal3/vendor/SuperCache

----------------------------------------------------------------------


---------- Date: 2026-03-30 13:58:48 ~ IP : 185.179.188.62 ----------
REQUEST URI : /podmotka_spidometra_solaris2/?ysclid=mnd2ryqccz818554071
MOD DETAILS:
   modFile   : /home/canmotalka/web/can-motalka.ru/public_html/vqmod/xml/lightning.xml
   id        : OpenCart Lightning
   version   : 3.37
   vqmver    : 
   author    : MaxD http://devs.mx

File Name    : system/library/cache.php(0)
VQModObject::applyMod - SEARCH NOT FOUND (SKIPPED): if (is_file(DIR_SYSTEM . 'library/journal3/vendor/SuperCache

----------------------------------------------------------------------


---------- Date: 2026-03-30 13:58:48 ~ IP : 185.179.188.62 ----------
REQUEST URI : /podmotka_spidometra_solaris2/
MOD DETAILS:
   modFile   : /home/canmotalka/web/can-motalka.ru/public_html/vqmod/xml/lightning.xml
   id        : OpenCart Lightning
   version   : 3.37
   vqmver    : 
   author    : MaxD http://devs.mx

File Name    : system/library/cache.php(0)
VQModObject::applyMod - SEARCH NOT FOUND (SKIPPED): if (is_file(DIR_SYSTEM . 'library/journal3/vendor/SuperCache

----------------------------------------------------------------------


---------- Date: 2026-03-30 13:58:55 ~ IP : 185.179.188.62 ----------
REQUEST URI : /index.php?route=product/product/review&amp;product_id=303
MOD DETAILS:
   modFile   : /home/canmotalka/web/can-motalka.ru/public_html/vqmod/xml/lightning.xml
   id        : OpenCart Lightning
   version   : 3.37
   vqmver    : 
   author    : MaxD http://devs.mx

File Name    : system/library/cache.php(0)
VQModObject::applyMod - SEARCH NOT FOUND (SKIPPED): if (is_file(DIR_SYSTEM . 'library/journal3/vendor/SuperCache

----------------------------------------------------------------------


---------- Date: 2026-03-30 14:03:29 ~ IP : 185.179.188.62 ----------
REQUEST URI : /kak-perenastroit-podmotku-spidometra/?ysclid=mnd2xzgb1f982821041
MOD DETAILS:
   modFile   : /home/canmotalka/web/can-motalka.ru/public_html/vqmod/xml/lightning.xml
   id        : OpenCart Lightning
   version   : 3.37
   vqmver    : 
   author    : MaxD http://devs.mx

File Name    : system/library/cache.php(0)
VQModObject::applyMod - SEARCH NOT FOUND (SKIPPED): if (is_file(DIR_SYSTEM . 'library/journal3/vendor/SuperCache

----------------------------------------------------------------------


---------- Date: 2026-03-30 14:03:29 ~ IP : 185.179.188.62 ----------
REQUEST URI : /kak-perenastroit-podmotku-spidometra/
MOD DETAILS:
   modFile   : /home/canmotalka/web/can-motalka.ru/public_html/vqmod/xml/lightning.xml
   id        : OpenCart Lightning
   version   : 3.37
   vqmver    : 
   author    : MaxD http://devs.mx

File Name    : system/library/cache.php(0)
VQModObject::applyMod - SEARCH NOT FOUND (SKIPPED): if (is_file(DIR_SYSTEM . 'library/journal3/vendor/SuperCache

----------------------------------------------------------------------


---------- Date: 2026-03-30 14:04:12 ~ IP : 185.179.188.62 ----------
REQUEST URI : /krutilka_spidometra/
MOD DETAILS:
   modFile   : /home/canmotalka/web/can-motalka.ru/public_html/vqmod/xml/lightning.xml
   id        : OpenCart Lightning
   version   : 3.37
   vqmver    : 
   author    : MaxD http://devs.mx

File Name    : system/library/cache.php(0)
VQModObject::applyMod - SEARCH NOT FOUND (SKIPPED): if (is_file(DIR_SYSTEM . 'library/journal3/vendor/SuperCache

----------------------------------------------------------------------


---------- Date: 2026-03-30 14:07:49 ~ IP : 185.179.188.62 ----------
REQUEST URI : /podmotka-spidometra-vesta-ng-np/?ysclid=mnd33jamxm515533993
MOD DETAILS:
   modFile   : /home/canmotalka/web/can-motalka.ru/public_html/vqmod/xml/lightning.xml
   id        : OpenCart Lightning
   version   : 3.37
   vqmver    : 
   author    : MaxD http://devs.mx

File Name    : system/library/cache.php(0)
VQModObject::applyMod - SEARCH NOT FOUND (SKIPPED): if (is_file(DIR_SYSTEM . 'library/journal3/vendor/SuperCache

----------------------------------------------------------------------


---------- Date: 2026-03-30 14:07:49 ~ IP : 185.179.188.62 ----------
REQUEST URI : /podmotka-spidometra-vesta-ng-np/
MOD DETAILS:
   modFile   : /home/canmotalka/web/can-motalka.ru/public_html/vqmod/xml/lightning.xml
   id        : OpenCart Lightning
   version   : 3.37
   vqmver    : 
   author    : MaxD http://devs.mx

File Name    : system/library/cache.php(0)
VQModObject::applyMod - SEARCH NOT FOUND (SKIPPED): if (is_file(DIR_SYSTEM . 'library/journal3/vendor/SuperCache

----------------------------------------------------------------------


---------- Date: 2026-03-30 14:07:52 ~ IP : 185.179.188.62 ----------
REQUEST URI : /index.php?route=product/product/review&amp;product_id=309
MOD DETAILS:
   modFile   : /home/canmotalka/web/can-motalka.ru/public_html/vqmod/xml/lightning.xml
   id        : OpenCart Lightning
   version   : 3.37
   vqmver    : 
   author    : MaxD http://devs.mx

File Name    : system/library/cache.php(0)
VQModObject::applyMod - SEARCH NOT FOUND (SKIPPED): if (is_file(DIR_SYSTEM . 'library/journal3/vendor/SuperCache

----------------------------------------------------------------------


---------- Date: 2026-03-30 14:13:22 ~ IP : 185.179.188.62 ----------
REQUEST URI : /namotchik-probega-dlya-audi-a8/
MOD DETAILS:
   modFile   : /home/canmotalka/web/can-motalka.ru/public_html/vqmod/xml/lightning.xml
   id        : OpenCart Lightning
   version   : 3.37
   vqmver    : 
   author    : MaxD http://devs.mx

File Name    : system/library/cache.php(0)
VQModObject::applyMod - SEARCH NOT FOUND (SKIPPED): if (is_file(DIR_SYSTEM . 'library/journal3/vendor/SuperCache

----------------------------------------------------------------------


---------- Date: 2026-03-30 14:13:39 ~ IP : 185.179.188.62 ----------
REQUEST URI : /index.php?route=product/product/review&amp;product_id=235
MOD DETAILS:
   modFile   : /home/canmotalka/web/can-motalka.ru/public_html/vqmod/xml/lightning.xml
   id        : OpenCart Lightning
   version   : 3.37
   vqmver    : 
   author    : MaxD http://devs.mx

File Name    : system/library/cache.php(0)
VQModObject::applyMod - SEARCH NOT FOUND (SKIPPED): if (is_file(DIR_SYSTEM . 'library/journal3/vendor/SuperCache

----------------------------------------------------------------------


---------- Date: 2026-03-30 14:13:48 ~ IP : 185.179.188.62 ----------
REQUEST URI : /index.php?route=module/popupcart_extended
MOD DETAILS:
   modFile   : /home/canmotalka/web/can-motalka.ru/public_html/vqmod/xml/lightning.xml
   id        : OpenCart Lightning
   version   : 3.37
   vqmver    : 
   author    : MaxD http://devs.mx

File Name    : system/library/cache.php(0)
VQModObject::applyMod - SEARCH NOT FOUND (SKIPPED): if (is_file(DIR_SYSTEM . 'library/journal3/vendor/SuperCache

----------------------------------------------------------------------


---------- Date: 2026-03-30 14:15:38 ~ IP : 185.179.188.62 ----------
REQUEST URI : /index.php?route=product/product/review&amp;product_id=303
MOD DETAILS:
   modFile   : /home/canmotalka/web/can-motalka.ru/public_html/vqmod/xml/lightning.xml
   id        : OpenCart Lightning
   version   : 3.37
   vqmver    : 
   author    : MaxD http://devs.mx

File Name    : system/library/cache.php(0)
VQModObject::applyMod - SEARCH NOT FOUND (SKIPPED): if (is_file(DIR_SYSTEM . 'library/journal3/vendor/SuperCache

----------------------------------------------------------------------


---------- Date: 2026-03-30 14:17:09 ~ IP : 185.179.188.62 ----------
REQUEST URI : /manuals/?ysclid=mnd3fk4cwu22603641
MOD DETAILS:
   modFile   : /home/canmotalka/web/can-motalka.ru/public_html/vqmod/xml/lightning.xml
   id        : OpenCart Lightning
   version   : 3.37
   vqmver    : 
   author    : MaxD http://devs.mx

File Name    : system/library/cache.php(0)
VQModObject::applyMod - SEARCH NOT FOUND (SKIPPED): if (is_file(DIR_SYSTEM . 'library/journal3/vendor/SuperCache

----------------------------------------------------------------------


---------- Date: 2026-03-30 14:17:57 ~ IP : 185.179.188.62 ----------
REQUEST URI : /podmotka-spidometra-henday-palisade/
MOD DETAILS:
   modFile   : /home/canmotalka/web/can-motalka.ru/public_html/vqmod/xml/lightning.xml
   id        : OpenCart Lightning
   version   : 3.37
   vqmver    : 
   author    : MaxD http://devs.mx

File Name    : system/library/cache.php(0)
VQModObject::applyMod - SEARCH NOT FOUND (SKIPPED): if (is_file(DIR_SYSTEM . 'library/journal3/vendor/SuperCache

----------------------------------------------------------------------


---------- Date: 2026-03-30 14:17:58 ~ IP : 185.179.188.62 ----------
REQUEST URI : /index.php?route=product/product/review&amp;product_id=306
MOD DETAILS:
   modFile   : /home/canmotalka/web/can-motalka.ru/public_html/vqmod/xml/lightning.xml
   id        : OpenCart Lightning
   version   : 3.37
   vqmver    : 
   author    : MaxD http://devs.mx

File Name    : system/library/cache.php(0)
VQModObject::applyMod - SEARCH NOT FOUND (SKIPPED): if (is_file(DIR_SYSTEM . 'library/journal3/vendor/SuperCache

----------------------------------------------------------------------


---------- Date: 2026-03-30 14:18:00 ~ IP : 185.179.188.62 ----------
REQUEST URI : /.well-known/traffic-advice
MOD DETAILS:
   modFile   : /home/canmotalka/web/can-motalka.ru/public_html/vqmod/xml/lightning.xml
   id        : OpenCart Lightning
   version   : 3.37
   vqmver    : 
   author    : MaxD http://devs.mx

File Name    : system/library/cache.php(0)
VQModObject::applyMod - SEARCH NOT FOUND (SKIPPED): if (is_file(DIR_SYSTEM . 'library/journal3/vendor/SuperCache

----------------------------------------------------------------------


---------- Date: 2026-03-30 14:18:00 ~ IP : 185.179.188.62 ----------
REQUEST URI : /kak-rabotaet-podmotka-spidometra/
MOD DETAILS:
   modFile   : /home/canmotalka/web/can-motalka.ru/public_html/vqmod/xml/lightning.xml
   id        : OpenCart Lightning
   version   : 3.37
   vqmver    : 
   author    : MaxD http://devs.mx

File Name    : system/library/cache.php(0)
VQModObject::applyMod - SEARCH NOT FOUND (SKIPPED): if (is_file(DIR_SYSTEM . 'library/journal3/vendor/SuperCache

----------------------------------------------------------------------


---------- Date: 2026-03-30 14:18:01 ~ IP : 185.179.188.62 ----------
REQUEST URI : /podmotka_spidometra/
MOD DETAILS:
   modFile   : /home/canmotalka/web/can-motalka.ru/public_html/vqmod/xml/lightning.xml
   id        : OpenCart Lightning
   version   : 3.37
   vqmver    : 
   author    : MaxD http://devs.mx

File Name    : system/library/cache.php(0)
VQModObject::applyMod - SEARCH NOT FOUND (SKIPPED): if (is_file(DIR_SYSTEM . 'library/journal3/vendor/SuperCache

----------------------------------------------------------------------


---------- Date: 2026-03-30 14:19:02 ~ IP : 185.179.188.62 ----------
REQUEST URI : /podmotka-spidometra-volkswagen-polo-6/
MOD DETAILS:
   modFile   : /home/canmotalka/web/can-motalka.ru/public_html/vqmod/xml/lightning.xml
   id        : OpenCart Lightning
   version   : 3.37
   vqmver    : 
   author    : MaxD http://devs.mx

File Name    : system/library/cache.php(0)
VQModObject::applyMod - SEARCH NOT FOUND (SKIPPED): if (is_file(DIR_SYSTEM . 'library/journal3/vendor/SuperCache

----------------------------------------------------------------------


---------- Date: 2026-03-30 14:19:02 ~ IP : 185.179.188.62 ----------
REQUEST URI : /index.php?route=product/product/review&amp;product_id=299
MOD DETAILS:
   modFile   : /home/canmotalka/web/can-motalka.ru/public_html/vqmod/xml/lightning.xml
   id        : OpenCart Lightning
   version   : 3.37
   vqmver    : 
   author    : MaxD http://devs.mx

File Name    : system/library/cache.php(0)
VQModObject::applyMod - SEARCH NOT FOUND (SKIPPED): if (is_file(DIR_SYSTEM . 'library/journal3/vendor/SuperCache

----------------------------------------------------------------------


---------- Date: 2026-03-30 14:19:43 ~ IP : 185.179.188.62 ----------
REQUEST URI : /index.php?route=module/popupcart_extended
MOD DETAILS:
   modFile   : /home/canmotalka/web/can-motalka.ru/public_html/vqmod/xml/lightning.xml
   id        : OpenCart Lightning
   version   : 3.37
   vqmver    : 
   author    : MaxD http://devs.mx

File Name    : system/library/cache.php(0)
VQModObject::applyMod - SEARCH NOT FOUND (SKIPPED): if (is_file(DIR_SYSTEM . 'library/journal3/vendor/SuperCache

----------------------------------------------------------------------


---------- Date: 2026-03-30 14:21:19 ~ IP : 185.179.188.62 ----------
REQUEST URI : /otzyvy/
MOD DETAILS:
   modFile   : /home/canmotalka/web/can-motalka.ru/public_html/vqmod/xml/lightning.xml
   id        : OpenCart Lightning
   version   : 3.37
   vqmver    : 
   author    : MaxD http://devs.mx

File Name    : system/library/cache.php(0)
VQModObject::applyMod - SEARCH NOT FOUND (SKIPPED): if (is_file(DIR_SYSTEM . 'library/journal3/vendor/SuperCache

----------------------------------------------------------------------


---------- Date: 2026-03-30 14:22:31 ~ IP : 185.179.188.62 ----------
REQUEST URI : /podmotka_vw_manual/
MOD DETAILS:
   modFile   : /home/canmotalka/web/can-motalka.ru/public_html/vqmod/xml/lightning.xml
   id        : OpenCart Lightning
   version   : 3.37
   vqmver    : 
   author    : MaxD http://devs.mx

File Name    : system/library/cache.php(0)
VQModObject::applyMod - SEARCH NOT FOUND (SKIPPED): if (is_file(DIR_SYSTEM . 'library/journal3/vendor/SuperCache

----------------------------------------------------------------------


---------- Date: 2026-03-30 14:22:31 ~ IP : 185.179.188.62 ----------
REQUEST URI : /index.php?route=module/popupcart_extended
MOD DETAILS:
   modFile   : /home/canmotalka/web/can-motalka.ru/public_html/vqmod/xml/lightning.xml
   id        : OpenCart Lightning
   version   : 3.37
   vqmver    : 
   author    : MaxD http://devs.mx

File Name    : system/library/cache.php(0)
VQModObject::applyMod - SEARCH NOT FOUND (SKIPPED): if (is_file(DIR_SYSTEM . 'library/journal3/vendor/SuperCache

----------------------------------------------------------------------


---------- Date: 2026-03-30 14:24:21 ~ IP : 185.179.188.62 ----------
REQUEST URI : /podmotka_uaz_re/?ysclid=mnd3ntq36w804530888
MOD DETAILS:
   modFile   : /home/canmotalka/web/can-motalka.ru/public_html/vqmod/xml/lightning.xml
   id        : OpenCart Lightning
   version   : 3.37
   vqmver    : 
   author    : MaxD http://devs.mx

File Name    : system/library/cache.php(0)
VQModObject::applyMod - SEARCH NOT FOUND (SKIPPED): if (is_file(DIR_SYSTEM . 'library/journal3/vendor/SuperCache

----------------------------------------------------------------------


---------- Date: 2026-03-30 14:24:22 ~ IP : 185.179.188.62 ----------
REQUEST URI : /podmotka_uaz_re/
MOD DETAILS:
   modFile   : /home/canmotalka/web/can-motalka.ru/public_html/vqmod/xml/lightning.xml
   id        : OpenCart Lightning
   version   : 3.37
   vqmver    : 
   author    : MaxD http://devs.mx

File Name    : system/library/cache.php(0)
VQModObject::applyMod - SEARCH NOT FOUND (SKIPPED): if (is_file(DIR_SYSTEM . 'library/journal3/vendor/SuperCache

----------------------------------------------------------------------


---------- Date: 2026-03-30 14:24:29 ~ IP : 185.179.188.62 ----------
REQUEST URI : /index.php?route=module/popupcart_extended
MOD DETAILS:
   modFile   : /home/canmotalka/web/can-motalka.ru/public_html/vqmod/xml/lightning.xml
   id        : OpenCart Lightning
   version   : 3.37
   vqmver    : 
   author    : MaxD http://devs.mx

File Name    : system/library/cache.php(0)
VQModObject::applyMod - SEARCH NOT FOUND (SKIPPED): if (is_file(DIR_SYSTEM . 'library/journal3/vendor/SuperCache

----------------------------------------------------------------------


---------- Date: 2026-03-30 14:25:59 ~ IP : 185.179.188.62 ----------
REQUEST URI : /index.php?route=product/product/review&amp;product_id=303
MOD DETAILS:
   modFile   : /home/canmotalka/web/can-motalka.ru/public_html/vqmod/xml/lightning.xml
   id        : OpenCart Lightning
   version   : 3.37
   vqmver    : 
   author    : MaxD http://devs.mx

File Name    : system/library/cache.php(0)
VQModObject::applyMod - SEARCH NOT FOUND (SKIPPED): if (is_file(DIR_SYSTEM . 'library/journal3/vendor/SuperCache

----------------------------------------------------------------------


---------- Date: 2026-03-30 14:26:39 ~ IP : 185.179.188.62 ----------
REQUEST URI : /index.php?route=product/product/review&amp;product_id=306
MOD DETAILS:
   modFile   : /home/canmotalka/web/can-motalka.ru/public_html/vqmod/xml/lightning.xml
   id        : OpenCart Lightning
   version   : 3.37
   vqmver    : 
   author    : MaxD http://devs.mx

File Name    : system/library/cache.php(0)
VQModObject::applyMod - SEARCH NOT FOUND (SKIPPED): if (is_file(DIR_SYSTEM . 'library/journal3/vendor/SuperCache

----------------------------------------------------------------------


---------- Date: 2026-03-30 14:28:13 ~ IP : 185.179.188.62 ----------
REQUEST URI : /namotchik-probega-dlya-bmw-x3/
MOD DETAILS:
   modFile   : /home/canmotalka/web/can-motalka.ru/public_html/vqmod/xml/lightning.xml
   id        : OpenCart Lightning
   version   : 3.37
   vqmver    : 
   author    : MaxD http://devs.mx

File Name    : system/library/cache.php(0)
VQModObject::applyMod - SEARCH NOT FOUND (SKIPPED): if (is_file(DIR_SYSTEM . 'library/journal3/vendor/SuperCache

----------------------------------------------------------------------


---------- Date: 2026-03-30 14:29:16 ~ IP : 185.179.188.62 ----------
REQUEST URI : /podmotka-spidometra-kia-sorento/?ysclid=mnd3v5q9n0417566569
MOD DETAILS:
   modFile   : /home/canmotalka/web/can-motalka.ru/public_html/vqmod/xml/lightning.xml
   id        : OpenCart Lightning
   version   : 3.37
   vqmver    : 
   author    : MaxD http://devs.mx

File Name    : system/library/cache.php(0)
VQModObject::applyMod - SEARCH NOT FOUND (SKIPPED): if (is_file(DIR_SYSTEM . 'library/journal3/vendor/SuperCache

----------------------------------------------------------------------


---------- Date: 2026-03-30 14:29:17 ~ IP : 185.179.188.62 ----------
REQUEST URI : /index.php?route=product/product/review&amp;product_id=70
MOD DETAILS:
   modFile   : /home/canmotalka/web/can-motalka.ru/public_html/vqmod/xml/lightning.xml
   id        : OpenCart Lightning
   version   : 3.37
   vqmver    : 
   author    : MaxD http://devs.mx

File Name    : system/library/cache.php(0)
VQModObject::applyMod - SEARCH NOT FOUND (SKIPPED): if (is_file(DIR_SYSTEM . 'library/journal3/vendor/SuperCache

----------------------------------------------------------------------


---------- Date: 2026-03-30 14:29:38 ~ IP : 185.179.188.62 ----------
REQUEST URI : /podmotka-spidometra-kia-sorento/?ysclid=mnd3v5q9n0417566569
MOD DETAILS:
   modFile   : /home/canmotalka/web/can-motalka.ru/public_html/vqmod/xml/lightning.xml
   id        : OpenCart Lightning
   version   : 3.37
   vqmver    : 
   author    : MaxD http://devs.mx

File Name    : system/library/cache.php(0)
VQModObject::applyMod - SEARCH NOT FOUND (SKIPPED): if (is_file(DIR_SYSTEM . 'library/journal3/vendor/SuperCache

----------------------------------------------------------------------


---------- Date: 2026-03-30 14:29:39 ~ IP : 185.179.188.62 ----------
REQUEST URI : /index.php?route=product/product/review&amp;product_id=70
MOD DETAILS:
   modFile   : /home/canmotalka/web/can-motalka.ru/public_html/vqmod/xml/lightning.xml
   id        : OpenCart Lightning
   version   : 3.37
   vqmver    : 
   author    : MaxD http://devs.mx

File Name    : system/library/cache.php(0)
VQModObject::applyMod - SEARCH NOT FOUND (SKIPPED): if (is_file(DIR_SYSTEM . 'library/journal3/vendor/SuperCache

----------------------------------------------------------------------


---------- Date: 2026-03-30 14:29:52 ~ IP : 185.179.188.62 ----------
REQUEST URI : /podmotka-spidometra-kia-sorento/?ysclid=mnd3v5q9n0417566569
MOD DETAILS:
   modFile   : /home/canmotalka/web/can-motalka.ru/public_html/vqmod/xml/lightning.xml
   id        : OpenCart Lightning
   version   : 3.37
   vqmver    : 
   author    : MaxD http://devs.mx

File Name    : system/library/cache.php(0)
VQModObject::applyMod - SEARCH NOT FOUND (SKIPPED): if (is_file(DIR_SYSTEM . 'library/journal3/vendor/SuperCache

----------------------------------------------------------------------


---------- Date: 2026-03-30 14:29:53 ~ IP : 185.179.188.62 ----------
REQUEST URI : /index.php?route=product/product/review&amp;product_id=70
MOD DETAILS:
   modFile   : /home/canmotalka/web/can-motalka.ru/public_html/vqmod/xml/lightning.xml
   id        : OpenCart Lightning
   version   : 3.37
   vqmver    : 
   author    : MaxD http://devs.mx

File Name    : system/library/cache.php(0)
VQModObject::applyMod - SEARCH NOT FOUND (SKIPPED): if (is_file(DIR_SYSTEM . 'library/journal3/vendor/SuperCache

----------------------------------------------------------------------


---------- Date: 2026-03-30 14:32:14 ~ IP : 185.179.188.62 ----------
REQUEST URI : /index.php?route=module/popupcart_extended
MOD DETAILS:
   modFile   : /home/canmotalka/web/can-motalka.ru/public_html/vqmod/xml/lightning.xml
   id        : OpenCart Lightning
   version   : 3.37
   vqmver    : 
   author    : MaxD http://devs.mx

File Name    : system/library/cache.php(0)
VQModObject::applyMod - SEARCH NOT FOUND (SKIPPED): if (is_file(DIR_SYSTEM . 'library/journal3/vendor/SuperCache

----------------------------------------------------------------------


---------- Date: 2026-03-30 14:32:18 ~ IP : 185.179.188.62 ----------
REQUEST URI : /motalka_spidometra/?ysclid=mnd3z1suj5748391806
MOD DETAILS:
   modFile   : /home/canmotalka/web/can-motalka.ru/public_html/vqmod/xml/lightning.xml
   id        : OpenCart Lightning
   version   : 3.37
   vqmver    : 
   author    : MaxD http://devs.mx

File Name    : system/library/cache.php(0)
VQModObject::applyMod - SEARCH NOT FOUND (SKIPPED): if (is_file(DIR_SYSTEM . 'library/journal3/vendor/SuperCache

----------------------------------------------------------------------


---------- Date: 2026-03-30 14:32:18 ~ IP : 185.179.188.62 ----------
REQUEST URI : /motalka_spidometra/
MOD DETAILS:
   modFile   : /home/canmotalka/web/can-motalka.ru/public_html/vqmod/xml/lightning.xml
   id        : OpenCart Lightning
   version   : 3.37
   vqmver    : 
   author    : MaxD http://devs.mx

File Name    : system/library/cache.php(0)
VQModObject::applyMod - SEARCH NOT FOUND (SKIPPED): if (is_file(DIR_SYSTEM . 'library/journal3/vendor/SuperCache

----------------------------------------------------------------------


---------- Date: 2026-03-30 14:33:56 ~ IP : 185.179.188.62 ----------
REQUEST URI : /kak-perenastroit-podmotku-spidometra/
MOD DETAILS:
   modFile   : /home/canmotalka/web/can-motalka.ru/public_html/vqmod/xml/lightning.xml
   id        : OpenCart Lightning
   version   : 3.37
   vqmver    : 
   author    : MaxD http://devs.mx

File Name    : system/library/cache.php(0)
VQModObject::applyMod - SEARCH NOT FOUND (SKIPPED): if (is_file(DIR_SYSTEM . 'library/journal3/vendor/SuperCache

----------------------------------------------------------------------


---------- Date: 2026-03-30 14:35:38 ~ IP : 185.179.188.62 ----------
REQUEST URI : /manuals/?page=2
MOD DETAILS:
   modFile   : /home/canmotalka/web/can-motalka.ru/public_html/vqmod/xml/lightning.xml
   id        : OpenCart Lightning
   version   : 3.37
   vqmver    : 
   author    : MaxD http://devs.mx

File Name    : system/library/cache.php(0)
VQModObject::applyMod - SEARCH NOT FOUND (SKIPPED): if (is_file(DIR_SYSTEM . 'library/journal3/vendor/SuperCache

----------------------------------------------------------------------


---------- Date: 2026-03-30 14:37:22 ~ IP : 185.179.188.62 ----------
REQUEST URI : /camry70_photo_manual/?ysclid=mnd45k4fjs491027600
MOD DETAILS:
   modFile   : /home/canmotalka/web/can-motalka.ru/public_html/vqmod/xml/lightning.xml
   id        : OpenCart Lightning
   version   : 3.37
   vqmver    : 
   author    : MaxD http://devs.mx

File Name    : system/library/cache.php(0)
VQModObject::applyMod - SEARCH NOT FOUND (SKIPPED): if (is_file(DIR_SYSTEM . 'library/journal3/vendor/SuperCache

----------------------------------------------------------------------


---------- Date: 2026-03-30 14:37:23 ~ IP : 185.179.188.62 ----------
REQUEST URI : /camry70_photo_manual/
MOD DETAILS:
   modFile   : /home/canmotalka/web/can-motalka.ru/public_html/vqmod/xml/lightning.xml
   id        : OpenCart Lightning
   version   : 3.37
   vqmver    : 
   author    : MaxD http://devs.mx

File Name    : system/library/cache.php(0)
VQModObject::applyMod - SEARCH NOT FOUND (SKIPPED): if (is_file(DIR_SYSTEM . 'library/journal3/vendor/SuperCache

----------------------------------------------------------------------


---------- Date: 2026-03-30 14:37:23 ~ IP : 185.179.188.62 ----------
REQUEST URI : /index.php?route=module/popupcart_extended
MOD DETAILS:
   modFile   : /home/canmotalka/web/can-motalka.ru/public_html/vqmod/xml/lightning.xml
   id        : OpenCart Lightning
   version   : 3.37
   vqmver    : 
   author    : MaxD http://devs.mx

File Name    : system/library/cache.php(0)
VQModObject::applyMod - SEARCH NOT FOUND (SKIPPED): if (is_file(DIR_SYSTEM . 'library/journal3/vendor/SuperCache

----------------------------------------------------------------------


---------- Date: 2026-03-30 14:40:03 ~ IP : 185.179.188.62 ----------
REQUEST URI : /instrukciya-podmotka-vesta/?ysclid=mnd490lv1k509557380
MOD DETAILS:
   modFile   : /home/canmotalka/web/can-motalka.ru/public_html/vqmod/xml/lightning.xml
   id        : OpenCart Lightning
   version   : 3.37
   vqmver    : 
   author    : MaxD http://devs.mx

File Name    : system/library/cache.php(0)
VQModObject::applyMod - SEARCH NOT FOUND (SKIPPED): if (is_file(DIR_SYSTEM . 'library/journal3/vendor/SuperCache

----------------------------------------------------------------------


---------- Date: 2026-03-30 14:40:04 ~ IP : 185.179.188.62 ----------
REQUEST URI : /instrukciya-podmotka-vesta/
MOD DETAILS:
   modFile   : /home/canmotalka/web/can-motalka.ru/public_html/vqmod/xml/lightning.xml
   id        : OpenCart Lightning
   version   : 3.37
   vqmver    : 
   author    : MaxD http://devs.mx

File Name    : system/library/cache.php(0)
VQModObject::applyMod - SEARCH NOT FOUND (SKIPPED): if (is_file(DIR_SYSTEM . 'library/journal3/vendor/SuperCache

----------------------------------------------------------------------


---------- Date: 2026-03-30 14:40:05 ~ IP : 185.179.188.62 ----------
REQUEST URI : /index.php?route=module/popupcart_extended
MOD DETAILS:
   modFile   : /home/canmotalka/web/can-motalka.ru/public_html/vqmod/xml/lightning.xml
   id        : OpenCart Lightning
   version   : 3.37
   vqmver    : 
   author    : MaxD http://devs.mx

File Name    : system/library/cache.php(0)
VQModObject::applyMod - SEARCH NOT FOUND (SKIPPED): if (is_file(DIR_SYSTEM . 'library/journal3/vendor/SuperCache

----------------------------------------------------------------------


---------- Date: 2026-03-30 14:40:27 ~ IP : 185.179.188.62 ----------
REQUEST URI : /manuals/?page=2
MOD DETAILS:
   modFile   : /home/canmotalka/web/can-motalka.ru/public_html/vqmod/xml/lightning.xml
   id        : OpenCart Lightning
   version   : 3.37
   vqmver    : 
   author    : MaxD http://devs.mx

File Name    : system/library/cache.php(0)
VQModObject::applyMod - SEARCH NOT FOUND (SKIPPED): if (is_file(DIR_SYSTEM . 'library/journal3/vendor/SuperCache

----------------------------------------------------------------------


---------- Date: 2026-03-30 14:41:08 ~ IP : 185.179.188.62 ----------
REQUEST URI : /manuals/
MOD DETAILS:
   modFile   : /home/canmotalka/web/can-motalka.ru/public_html/vqmod/xml/lightning.xml
   id        : OpenCart Lightning
   version   : 3.37
   vqmver    : 
   author    : MaxD http://devs.mx

File Name    : system/library/cache.php(0)
VQModObject::applyMod - SEARCH NOT FOUND (SKIPPED): if (is_file(DIR_SYSTEM . 'library/journal3/vendor/SuperCache

----------------------------------------------------------------------


---------- Date: 2026-03-30 14:41:09 ~ IP : 185.179.188.62 ----------
REQUEST URI : /manuals/
MOD DETAILS:
   modFile   : /home/canmotalka/web/can-motalka.ru/public_html/vqmod/xml/lightning.xml
   id        : OpenCart Lightning
   version   : 3.37
   vqmver    : 
   author    : MaxD http://devs.mx

File Name    : system/library/cache.php(0)
VQModObject::applyMod - SEARCH NOT FOUND (SKIPPED): if (is_file(DIR_SYSTEM . 'library/journal3/vendor/SuperCache

----------------------------------------------------------------------


---------- Date: 2026-03-30 14:41:09 ~ IP : 185.179.188.62 ----------
REQUEST URI : /manuals/
MOD DETAILS:
   modFile   : /home/canmotalka/web/can-motalka.ru/public_html/vqmod/xml/lightning.xml
   id        : OpenCart Lightning
   version   : 3.37
   vqmver    : 
   author    : MaxD http://devs.mx

File Name    : system/library/cache.php(0)
VQModObject::applyMod - SEARCH NOT FOUND (SKIPPED): if (is_file(DIR_SYSTEM . 'library/journal3/vendor/SuperCache

----------------------------------------------------------------------


---------- Date: 2026-03-30 14:41:09 ~ IP : 185.179.188.62 ----------
REQUEST URI : /index.php?route=module/popupcart_extended
MOD DETAILS:
   modFile   : /home/canmotalka/web/can-motalka.ru/public_html/vqmod/xml/lightning.xml
   id        : OpenCart Lightning
   version   : 3.37
   vqmver    : 
   author    : MaxD http://devs.mx

File Name    : system/library/cache.php(0)
VQModObject::applyMod - SEARCH NOT FOUND (SKIPPED): if (is_file(DIR_SYSTEM . 'library/journal3/vendor/SuperCache

----------------------------------------------------------------------


---------- Date: 2026-03-30 14:41:23 ~ IP : 185.179.188.62 ----------
REQUEST URI : /manual-podmotka-toyota-camry-corolla-tlc-rav4/
MOD DETAILS:
   modFile   : /home/canmotalka/web/can-motalka.ru/public_html/vqmod/xml/lightning.xml
   id        : OpenCart Lightning
   version   : 3.37
   vqmver    : 
   author    : MaxD http://devs.mx

File Name    : system/library/cache.php(0)
VQModObject::applyMod - SEARCH NOT FOUND (SKIPPED): if (is_file(DIR_SYSTEM . 'library/journal3/vendor/SuperCache

----------------------------------------------------------------------


---------- Date: 2026-03-30 14:42:15 ~ IP : 185.179.188.62 ----------
REQUEST URI : /setting_php/zdorovie-soveti/859-kamagra-gel-nikolaev/
MOD DETAILS:
   modFile   : /home/canmotalka/web/can-motalka.ru/public_html/vqmod/xml/lightning.xml
   id        : OpenCart Lightning
   version   : 3.37
   vqmver    : 
   author    : MaxD http://devs.mx

File Name    : system/library/cache.php(0)
VQModObject::applyMod - SEARCH NOT FOUND (SKIPPED): if (is_file(DIR_SYSTEM . 'library/journal3/vendor/SuperCache

----------------------------------------------------------------------


---------- Date: 2026-03-30 14:43:10 ~ IP : 185.179.188.62 ----------
REQUEST URI : /camry70_photo_manual/
MOD DETAILS:
   modFile   : /home/canmotalka/web/can-motalka.ru/public_html/vqmod/xml/lightning.xml
   id        : OpenCart Lightning
   version   : 3.37
   vqmver    : 
   author    : MaxD http://devs.mx

File Name    : system/library/cache.php(0)
VQModObject::applyMod - SEARCH NOT FOUND (SKIPPED): if (is_file(DIR_SYSTEM . 'library/journal3/vendor/SuperCache

----------------------------------------------------------------------


---------- Date: 2026-03-30 14:46:28 ~ IP : 185.179.188.62 ----------
REQUEST URI : /podmotka-spidometra-uaz-patriot/
MOD DETAILS:
   modFile   : /home/canmotalka/web/can-motalka.ru/public_html/vqmod/xml/lightning.xml
   id        : OpenCart Lightning
   version   : 3.37
   vqmver    : 
   author    : MaxD http://devs.mx

File Name    : system/library/cache.php(0)
VQModObject::applyMod - SEARCH NOT FOUND (SKIPPED): if (is_file(DIR_SYSTEM . 'library/journal3/vendor/SuperCache

----------------------------------------------------------------------


---------- Date: 2026-03-30 14:46:34 ~ IP : 185.179.188.62 ----------
REQUEST URI : /motalka_spidometra_re/
MOD DETAILS:
   modFile   : /home/canmotalka/web/can-motalka.ru/public_html/vqmod/xml/lightning.xml
   id        : OpenCart Lightning
   version   : 3.37
   vqmver    : 
   author    : MaxD http://devs.mx

File Name    : system/library/cache.php(0)
VQModObject::applyMod - SEARCH NOT FOUND (SKIPPED): if (is_file(DIR_SYSTEM . 'library/journal3/vendor/SuperCache

----------------------------------------------------------------------


---------- Date: 2026-03-30 14:46:34 ~ IP : 185.179.188.62 ----------
REQUEST URI : /index.php?route=module/popupcart_extended
MOD DETAILS:
   modFile   : /home/canmotalka/web/can-motalka.ru/public_html/vqmod/xml/lightning.xml
   id        : OpenCart Lightning
   version   : 3.37
   vqmver    : 
   author    : MaxD http://devs.mx

File Name    : system/library/cache.php(0)
VQModObject::applyMod - SEARCH NOT FOUND (SKIPPED): if (is_file(DIR_SYSTEM . 'library/journal3/vendor/SuperCache

----------------------------------------------------------------------


---------- Date: 2026-03-30 14:47:39 ~ IP : 185.179.188.62 ----------
REQUEST URI : /podmotka-spidometra-na-shkoda-oktaviya/
MOD DETAILS:
   modFile   : /home/canmotalka/web/can-motalka.ru/public_html/vqmod/xml/lightning.xml
   id        : OpenCart Lightning
   version   : 3.37
   vqmver    : 
   author    : MaxD http://devs.mx

File Name    : system/library/cache.php(0)
VQModObject::applyMod - SEARCH NOT FOUND (SKIPPED): if (is_file(DIR_SYSTEM . 'library/journal3/vendor/SuperCache

----------------------------------------------------------------------


---------- Date: 2026-03-30 14:47:49 ~ IP : 185.179.188.62 ----------
REQUEST URI : /index.php?route=common/footer/click_counter
MOD DETAILS:
   modFile   : /home/canmotalka/web/can-motalka.ru/public_html/vqmod/xml/lightning.xml
   id        : OpenCart Lightning
   version   : 3.37
   vqmver    : 
   author    : MaxD http://devs.mx

File Name    : system/library/cache.php(0)
VQModObject::applyMod - SEARCH NOT FOUND (SKIPPED): if (is_file(DIR_SYSTEM . 'library/journal3/vendor/SuperCache

----------------------------------------------------------------------


---------- Date: 2026-03-30 14:52:55 ~ IP : 185.179.188.62 ----------
REQUEST URI : /sitemap.xml
MOD DETAILS:
   modFile   : /home/canmotalka/web/can-motalka.ru/public_html/vqmod/xml/lightning.xml
   id        : OpenCart Lightning
   version   : 3.37
   vqmver    : 
   author    : MaxD http://devs.mx

File Name    : system/library/cache.php(0)
VQModObject::applyMod - SEARCH NOT FOUND (SKIPPED): if (is_file(DIR_SYSTEM . 'library/journal3/vendor/SuperCache

----------------------------------------------------------------------


---------- Date: 2026-03-30 14:52:55 ~ IP : 185.179.188.62 ----------
REQUEST URI : /index.php?route=feed/google_sitemap_fast
MOD DETAILS:
   modFile   : /home/canmotalka/web/can-motalka.ru/public_html/vqmod/xml/lightning.xml
   id        : OpenCart Lightning
   version   : 3.37
   vqmver    : 
   author    : MaxD http://devs.mx

File Name    : system/library/cache.php(0)
VQModObject::applyMod - SEARCH NOT FOUND (SKIPPED): if (is_file(DIR_SYSTEM . 'library/journal3/vendor/SuperCache

----------------------------------------------------------------------


---------- Date: 2026-03-30 14:53:57 ~ IP : 185.179.188.62 ----------
REQUEST URI : /podmotka-spidometra-gazon-nekst/
MOD DETAILS:
   modFile   : /home/canmotalka/web/can-motalka.ru/public_html/vqmod/xml/lightning.xml
   id        : OpenCart Lightning
   version   : 3.37
   vqmver    : 
   author    : MaxD http://devs.mx

File Name    : system/library/cache.php(0)
VQModObject::applyMod - SEARCH NOT FOUND (SKIPPED): if (is_file(DIR_SYSTEM . 'library/journal3/vendor/SuperCache

----------------------------------------------------------------------


---------- Date: 2026-03-30 14:54:59 ~ IP : 185.179.188.62 ----------
REQUEST URI : /instrukciya-podmotka-kamaz/?ysclid=mnd4s7mzcx865269149
MOD DETAILS:
   modFile   : /home/canmotalka/web/can-motalka.ru/public_html/vqmod/xml/lightning.xml
   id        : OpenCart Lightning
   version   : 3.37
   vqmver    : 
   author    : MaxD http://devs.mx

File Name    : system/library/cache.php(0)
VQModObject::applyMod - SEARCH NOT FOUND (SKIPPED): if (is_file(DIR_SYSTEM . 'library/journal3/vendor/SuperCache

----------------------------------------------------------------------


---------- Date: 2026-03-30 14:54:59 ~ IP : 185.179.188.62 ----------
REQUEST URI : /instrukciya-podmotka-kamaz/
MOD DETAILS:
   modFile   : /home/canmotalka/web/can-motalka.ru/public_html/vqmod/xml/lightning.xml
   id        : OpenCart Lightning
   version   : 3.37
   vqmver    : 
   author    : MaxD http://devs.mx

File Name    : system/library/cache.php(0)
VQModObject::applyMod - SEARCH NOT FOUND (SKIPPED): if (is_file(DIR_SYSTEM . 'library/journal3/vendor/SuperCache

----------------------------------------------------------------------


---------- Date: 2026-03-30 14:55:00 ~ IP : 185.179.188.62 ----------
REQUEST URI : /index.php?route=module/popupcart_extended
MOD DETAILS:
   modFile   : /home/canmotalka/web/can-motalka.ru/public_html/vqmod/xml/lightning.xml
   id        : OpenCart Lightning
   version   : 3.37
   vqmver    : 
   author    : MaxD http://devs.mx

File Name    : system/library/cache.php(0)
VQModObject::applyMod - SEARCH NOT FOUND (SKIPPED): if (is_file(DIR_SYSTEM . 'library/journal3/vendor/SuperCache

----------------------------------------------------------------------


---------- Date: 2026-03-30 14:59:12 ~ IP : 185.179.188.62 ----------
REQUEST URI : /patriot_re/
MOD DETAILS:
   modFile   : /home/canmotalka/web/can-motalka.ru/public_html/vqmod/xml/lightning.xml
   id        : OpenCart Lightning
   version   : 3.37
   vqmver    : 
   author    : MaxD http://devs.mx

File Name    : system/library/cache.php(0)
VQModObject::applyMod - SEARCH NOT FOUND (SKIPPED): if (is_file(DIR_SYSTEM . 'library/journal3/vendor/SuperCache

----------------------------------------------------------------------


---------- Date: 2026-03-30 14:59:13 ~ IP : 185.179.188.62 ----------
REQUEST URI : /index.php?route=module/popupcart_extended
MOD DETAILS:
   modFile   : /home/canmotalka/web/can-motalka.ru/public_html/vqmod/xml/lightning.xml
   id        : OpenCart Lightning
   version   : 3.37
   vqmver    : 
   author    : MaxD http://devs.mx

File Name    : system/library/cache.php(0)
VQModObject::applyMod - SEARCH NOT FOUND (SKIPPED): if (is_file(DIR_SYSTEM . 'library/journal3/vendor/SuperCache

----------------------------------------------------------------------


---------- Date: 2026-03-30 14:59:57 ~ IP : 185.179.188.62 ----------
REQUEST URI : /podmotka-spidometra-uaz-patriot/
MOD DETAILS:
   modFile   : /home/canmotalka/web/can-motalka.ru/public_html/vqmod/xml/lightning.xml
   id        : OpenCart Lightning
   version   : 3.37
   vqmver    : 
   author    : MaxD http://devs.mx

File Name    : system/library/cache.php(0)
VQModObject::applyMod - SEARCH NOT FOUND (SKIPPED): if (is_file(DIR_SYSTEM . 'library/journal3/vendor/SuperCache

----------------------------------------------------------------------


---------- Date: 2026-03-30 15:01:38 ~ IP : 185.179.188.62 ----------
REQUEST URI : /namotchik-probega-dlya-skoda-octavia-2/
MOD DETAILS:
   modFile   : /home/canmotalka/web/can-motalka.ru/public_html/vqmod/xml/lightning.xml
   id        : OpenCart Lightning
   version   : 3.37
   vqmver    : 
   author    : MaxD http://devs.mx

File Name    : system/library/cache.php(0)
VQModObject::applyMod - SEARCH NOT FOUND (SKIPPED): if (is_file(DIR_SYSTEM . 'library/journal3/vendor/SuperCache

----------------------------------------------------------------------


---------- Date: 2026-03-30 15:03:37 ~ IP : 185.179.188.62 ----------
REQUEST URI : /instrukciya-podmotka-kamaz/?ysclid=mnd53axqfi922316161
MOD DETAILS:
   modFile   : /home/canmotalka/web/can-motalka.ru/public_html/vqmod/xml/lightning.xml
   id        : OpenCart Lightning
   version   : 3.37
   vqmver    : 
   author    : MaxD http://devs.mx

File Name    : system/library/cache.php(0)
VQModObject::applyMod - SEARCH NOT FOUND (SKIPPED): if (is_file(DIR_SYSTEM . 'library/journal3/vendor/SuperCache

----------------------------------------------------------------------


---------- Date: 2026-03-30 15:03:37 ~ IP : 185.179.188.62 ----------
REQUEST URI : /instrukciya-podmotka-kamaz/
MOD DETAILS:
   modFile   : /home/canmotalka/web/can-motalka.ru/public_html/vqmod/xml/lightning.xml
   id        : OpenCart Lightning
   version   : 3.37
   vqmver    : 
   author    : MaxD http://devs.mx

File Name    : system/library/cache.php(0)
VQModObject::applyMod - SEARCH NOT FOUND (SKIPPED): if (is_file(DIR_SYSTEM . 'library/journal3/vendor/SuperCache

----------------------------------------------------------------------


---------- Date: 2026-03-30 15:03:39 ~ IP : 185.179.188.62 ----------
REQUEST URI : /index.php?route=module/popupcart_extended
MOD DETAILS:
   modFile   : /home/canmotalka/web/can-motalka.ru/public_html/vqmod/xml/lightning.xml
   id        : OpenCart Lightning
   version   : 3.37
   vqmver    : 
   author    : MaxD http://devs.mx

File Name    : system/library/cache.php(0)
VQModObject::applyMod - SEARCH NOT FOUND (SKIPPED): if (is_file(DIR_SYSTEM . 'library/journal3/vendor/SuperCache

----------------------------------------------------------------------


---------- Date: 2026-03-30 15:05:35 ~ IP : 185.179.188.62 ----------
REQUEST URI : /instrukciya-podmotka-vesta/?ysclid=mnd55umfja903624917
MOD DETAILS:
   modFile   : /home/canmotalka/web/can-motalka.ru/public_html/vqmod/xml/lightning.xml
   id        : OpenCart Lightning
   version   : 3.37
   vqmver    : 
   author    : MaxD http://devs.mx

File Name    : system/library/cache.php(0)
VQModObject::applyMod - SEARCH NOT FOUND (SKIPPED): if (is_file(DIR_SYSTEM . 'library/journal3/vendor/SuperCache

----------------------------------------------------------------------


---------- Date: 2026-03-30 15:05:36 ~ IP : 185.179.188.62 ----------
REQUEST URI : /instrukciya-podmotka-vesta/
MOD DETAILS:
   modFile   : /home/canmotalka/web/can-motalka.ru/public_html/vqmod/xml/lightning.xml
   id        : OpenCart Lightning
   version   : 3.37
   vqmver    : 
   author    : MaxD http://devs.mx

File Name    : system/library/cache.php(0)
VQModObject::applyMod - SEARCH NOT FOUND (SKIPPED): if (is_file(DIR_SYSTEM . 'library/journal3/vendor/SuperCache

----------------------------------------------------------------------


---------- Date: 2026-03-30 15:05:37 ~ IP : 185.179.188.62 ----------
REQUEST URI : /index.php?route=module/popupcart_extended
MOD DETAILS:
   modFile   : /home/canmotalka/web/can-motalka.ru/public_html/vqmod/xml/lightning.xml
   id        : OpenCart Lightning
   version   : 3.37
   vqmver    : 
   author    : MaxD http://devs.mx

File Name    : system/library/cache.php(0)
VQModObject::applyMod - SEARCH NOT FOUND (SKIPPED): if (is_file(DIR_SYSTEM . 'library/journal3/vendor/SuperCache

----------------------------------------------------------------------


---------- Date: 2026-03-30 15:08:28 ~ IP : 185.179.188.62 ----------
REQUEST URI : /podmotka-spidometra-shevrole-niva-abs-bezlimitnaya/
MOD DETAILS:
   modFile   : /home/canmotalka/web/can-motalka.ru/public_html/vqmod/xml/lightning.xml
   id        : OpenCart Lightning
   version   : 3.37
   vqmver    : 
   author    : MaxD http://devs.mx

File Name    : system/library/cache.php(0)
VQModObject::applyMod - SEARCH NOT FOUND (SKIPPED): if (is_file(DIR_SYSTEM . 'library/journal3/vendor/SuperCache

----------------------------------------------------------------------


---------- Date: 2026-03-30 15:10:57 ~ IP : 185.179.188.62 ----------
REQUEST URI : /sitemap.xml
MOD DETAILS:
   modFile   : /home/canmotalka/web/can-motalka.ru/public_html/vqmod/xml/lightning.xml
   id        : OpenCart Lightning
   version   : 3.37
   vqmver    : 
   author    : MaxD http://devs.mx

File Name    : system/library/cache.php(0)
VQModObject::applyMod - SEARCH NOT FOUND (SKIPPED): if (is_file(DIR_SYSTEM . 'library/journal3/vendor/SuperCache

----------------------------------------------------------------------


---------- Date: 2026-03-30 15:12:57 ~ IP : 185.179.188.62 ----------
REQUEST URI : /instrukciya-dlya-ford-tranzit/
MOD DETAILS:
   modFile   : /home/canmotalka/web/can-motalka.ru/public_html/vqmod/xml/lightning.xml
   id        : OpenCart Lightning
   version   : 3.37
   vqmver    : 
   author    : MaxD http://devs.mx

File Name    : system/library/cache.php(0)
VQModObject::applyMod - SEARCH NOT FOUND (SKIPPED): if (is_file(DIR_SYSTEM . 'library/journal3/vendor/SuperCache

----------------------------------------------------------------------


---------- Date: 2026-03-30 15:13:05 ~ IP : 185.179.188.62 ----------
REQUEST URI : /podmotka-spidometra-niva-travel/?ysclid=mnd5sadrv3141796570
MOD DETAILS:
   modFile   : /home/canmotalka/web/can-motalka.ru/public_html/vqmod/xml/lightning.xml
   id        : OpenCart Lightning
   version   : 3.37
   vqmver    : 
   author    : MaxD http://devs.mx

File Name    : system/library/cache.php(0)
VQModObject::applyMod - SEARCH NOT FOUND (SKIPPED): if (is_file(DIR_SYSTEM . 'library/journal3/vendor/SuperCache

----------------------------------------------------------------------


---------- Date: 2026-03-30 15:13:06 ~ IP : 185.179.188.62 ----------
REQUEST URI : /podmotka-spidometra-niva-travel/
MOD DETAILS:
   modFile   : /home/canmotalka/web/can-motalka.ru/public_html/vqmod/xml/lightning.xml
   id        : OpenCart Lightning
   version   : 3.37
   vqmver    : 
   author    : MaxD http://devs.mx

File Name    : system/library/cache.php(0)
VQModObject::applyMod - SEARCH NOT FOUND (SKIPPED): if (is_file(DIR_SYSTEM . 'library/journal3/vendor/SuperCache

----------------------------------------------------------------------


---------- Date: 2026-03-30 15:13:07 ~ IP : 185.179.188.62 ----------
REQUEST URI : /index.php?route=product/product/review&amp;product_id=291
MOD DETAILS:
   modFile   : /home/canmotalka/web/can-motalka.ru/public_html/vqmod/xml/lightning.xml
   id        : OpenCart Lightning
   version   : 3.37
   vqmver    : 
   author    : MaxD http://devs.mx

File Name    : system/library/cache.php(0)
VQModObject::applyMod - SEARCH NOT FOUND (SKIPPED): if (is_file(DIR_SYSTEM . 'library/journal3/vendor/SuperCache

----------------------------------------------------------------------


---------- Date: 2026-03-30 15:13:07 ~ IP : 185.179.188.62 ----------
REQUEST URI : /index.php?route=module/popupcart_extended
MOD DETAILS:
   modFile   : /home/canmotalka/web/can-motalka.ru/public_html/vqmod/xml/lightning.xml
   id        : OpenCart Lightning
   version   : 3.37
   vqmver    : 
   author    : MaxD http://devs.mx

File Name    : system/library/cache.php(0)
VQModObject::applyMod - SEARCH NOT FOUND (SKIPPED): if (is_file(DIR_SYSTEM . 'library/journal3/vendor/SuperCache

----------------------------------------------------------------------


---------- Date: 2026-03-30 15:13:40 ~ IP : 185.179.188.62 ----------
REQUEST URI : /namotchik-probega-dlya-audi-a4/
MOD DETAILS:
   modFile   : /home/canmotalka/web/can-motalka.ru/public_html/vqmod/xml/lightning.xml
   id        : OpenCart Lightning
   version   : 3.37
   vqmver    : 
   author    : MaxD http://devs.mx

File Name    : system/library/cache.php(0)
VQModObject::applyMod - SEARCH NOT FOUND (SKIPPED): if (is_file(DIR_SYSTEM . 'library/journal3/vendor/SuperCache

----------------------------------------------------------------------


---------- Date: 2026-03-30 15:15:11 ~ IP : 185.179.188.62 ----------
REQUEST URI : /podmotka-spidometra-kia-optima-bezlimitnaya/
MOD DETAILS:
   modFile   : /home/canmotalka/web/can-motalka.ru/public_html/vqmod/xml/lightning.xml
   id        : OpenCart Lightning
   version   : 3.37
   vqmver    : 
   author    : MaxD http://devs.mx

File Name    : system/library/cache.php(0)
VQModObject::applyMod - SEARCH NOT FOUND (SKIPPED): if (is_file(DIR_SYSTEM . 'library/journal3/vendor/SuperCache

----------------------------------------------------------------------


---------- Date: 2026-03-30 15:15:12 ~ IP : 185.179.188.62 ----------
REQUEST URI : /index.php?route=product/product/review&amp;product_id=68
MOD DETAILS:
   modFile   : /home/canmotalka/web/can-motalka.ru/public_html/vqmod/xml/lightning.xml
   id        : OpenCart Lightning
   version   : 3.37
   vqmver    : 
   author    : MaxD http://devs.mx

File Name    : system/library/cache.php(0)
VQModObject::applyMod - SEARCH NOT FOUND (SKIPPED): if (is_file(DIR_SYSTEM . 'library/journal3/vendor/SuperCache

----------------------------------------------------------------------


---------- Date: 2026-03-30 15:15:12 ~ IP : 185.179.188.62 ----------
REQUEST URI : /index.php?route=module/popupcart_extended
MOD DETAILS:
   modFile   : /home/canmotalka/web/can-motalka.ru/public_html/vqmod/xml/lightning.xml
   id        : OpenCart Lightning
   version   : 3.37
   vqmver    : 
   author    : MaxD http://devs.mx

File Name    : system/library/cache.php(0)
VQModObject::applyMod - SEARCH NOT FOUND (SKIPPED): if (is_file(DIR_SYSTEM . 'library/journal3/vendor/SuperCache

----------------------------------------------------------------------


---------- Date: 2026-03-30 15:15:51 ~ IP : 185.179.188.62 ----------
REQUEST URI : /manuals/
MOD DETAILS:
   modFile   : /home/canmotalka/web/can-motalka.ru/public_html/vqmod/xml/lightning.xml
   id        : OpenCart Lightning
   version   : 3.37
   vqmver    : 
   author    : MaxD http://devs.mx

File Name    : system/library/cache.php(0)
VQModObject::applyMod - SEARCH NOT FOUND (SKIPPED): if (is_file(DIR_SYSTEM . 'library/journal3/vendor/SuperCache

----------------------------------------------------------------------


---------- Date: 2026-03-30 15:15:52 ~ IP : 185.179.188.62 ----------
REQUEST URI : /index.php?route=module/popupcart_extended
MOD DETAILS:
   modFile   : /home/canmotalka/web/can-motalka.ru/public_html/vqmod/xml/lightning.xml
   id        : OpenCart Lightning
   version   : 3.37
   vqmver    : 
   author    : MaxD http://devs.mx

File Name    : system/library/cache.php(0)
VQModObject::applyMod - SEARCH NOT FOUND (SKIPPED): if (is_file(DIR_SYSTEM . 'library/journal3/vendor/SuperCache

----------------------------------------------------------------------


---------- Date: 2026-03-30 15:15:55 ~ IP : 185.179.188.62 ----------
REQUEST URI : /manual-podmotka-toyota-camry-corolla-tlc-rav4/?ysclid=mnd5j57ebb938314210
MOD DETAILS:
   modFile   : /home/canmotalka/web/can-motalka.ru/public_html/vqmod/xml/lightning.xml
   id        : OpenCart Lightning
   version   : 3.37
   vqmver    : 
   author    : MaxD http://devs.mx

File Name    : system/library/cache.php(0)
VQModObject::applyMod - SEARCH NOT FOUND (SKIPPED): if (is_file(DIR_SYSTEM . 'library/journal3/vendor/SuperCache

----------------------------------------------------------------------


---------- Date: 2026-03-30 15:15:56 ~ IP : 185.179.188.62 ----------
REQUEST URI : /manual-podmotka-toyota-camry-corolla-tlc-rav4/
MOD DETAILS:
   modFile   : /home/canmotalka/web/can-motalka.ru/public_html/vqmod/xml/lightning.xml
   id        : OpenCart Lightning
   version   : 3.37
   vqmver    : 
   author    : MaxD http://devs.mx

File Name    : system/library/cache.php(0)
VQModObject::applyMod - SEARCH NOT FOUND (SKIPPED): if (is_file(DIR_SYSTEM . 'library/journal3/vendor/SuperCache

----------------------------------------------------------------------


---------- Date: 2026-03-30 15:16:00 ~ IP : 185.179.188.62 ----------
REQUEST URI : /index.php?route=module/popupcart_extended
MOD DETAILS:
   modFile   : /home/canmotalka/web/can-motalka.ru/public_html/vqmod/xml/lightning.xml
   id        : OpenCart Lightning
   version   : 3.37
   vqmver    : 
   author    : MaxD http://devs.mx

File Name    : system/library/cache.php(0)
VQModObject::applyMod - SEARCH NOT FOUND (SKIPPED): if (is_file(DIR_SYSTEM . 'library/journal3/vendor/SuperCache

----------------------------------------------------------------------


---------- Date: 2026-03-30 15:16:44 ~ IP : 185.179.188.62 ----------
REQUEST URI : /podmotka-spidometra-uaz-patriot/
MOD DETAILS:
   modFile   : /home/canmotalka/web/can-motalka.ru/public_html/vqmod/xml/lightning.xml
   id        : OpenCart Lightning
   version   : 3.37
   vqmver    : 
   author    : MaxD http://devs.mx

File Name    : system/library/cache.php(0)
VQModObject::applyMod - SEARCH NOT FOUND (SKIPPED): if (is_file(DIR_SYSTEM . 'library/journal3/vendor/SuperCache

----------------------------------------------------------------------


---------- Date: 2026-03-30 15:17:59 ~ IP : 185.179.188.62 ----------
REQUEST URI : /namotchik-probega-dlya-uaz-patriot-konec-do-2016-zelenyy-displey/
MOD DETAILS:
   modFile   : /home/canmotalka/web/can-motalka.ru/public_html/vqmod/xml/lightning.xml
   id        : OpenCart Lightning
   version   : 3.37
   vqmver    : 
   author    : MaxD http://devs.mx

File Name    : system/library/cache.php(0)
VQModObject::applyMod - SEARCH NOT FOUND (SKIPPED): if (is_file(DIR_SYSTEM . 'library/journal3/vendor/SuperCache

----------------------------------------------------------------------


---------- Date: 2026-03-30 15:20:25 ~ IP : 185.179.188.62 ----------
REQUEST URI : /setting_php/vardenafil/158-dapoksetin-stoimost-seversk/
MOD DETAILS:
   modFile   : /home/canmotalka/web/can-motalka.ru/public_html/vqmod/xml/lightning.xml
   id        : OpenCart Lightning
   version   : 3.37
   vqmver    : 
   author    : MaxD http://devs.mx

File Name    : system/library/cache.php(0)
VQModObject::applyMod - SEARCH NOT FOUND (SKIPPED): if (is_file(DIR_SYSTEM . 'library/journal3/vendor/SuperCache

----------------------------------------------------------------------


---------- Date: 2026-03-30 15:20:46 ~ IP : 185.179.188.62 ----------
REQUEST URI : /podmotka-spidometra-lada-priora/
MOD DETAILS:
   modFile   : /home/canmotalka/web/can-motalka.ru/public_html/vqmod/xml/lightning.xml
   id        : OpenCart Lightning
   version   : 3.37
   vqmver    : 
   author    : MaxD http://devs.mx

File Name    : system/library/cache.php(0)
VQModObject::applyMod - SEARCH NOT FOUND (SKIPPED): if (is_file(DIR_SYSTEM . 'library/journal3/vendor/SuperCache

----------------------------------------------------------------------


---------- Date: 2026-03-30 15:20:49 ~ IP : 185.179.188.62 ----------
REQUEST URI : /index.php?route=product/product/review&amp;product_id=112
MOD DETAILS:
   modFile   : /home/canmotalka/web/can-motalka.ru/public_html/vqmod/xml/lightning.xml
   id        : OpenCart Lightning
   version   : 3.37
   vqmver    : 
   author    : MaxD http://devs.mx

File Name    : system/library/cache.php(0)
VQModObject::applyMod - SEARCH NOT FOUND (SKIPPED): if (is_file(DIR_SYSTEM . 'library/journal3/vendor/SuperCache

----------------------------------------------------------------------


---------- Date: 2026-03-30 15:20:49 ~ IP : 185.179.188.62 ----------
REQUEST URI : /index.php?route=module/popupcart_extended
MOD DETAILS:
   modFile   : /home/canmotalka/web/can-motalka.ru/public_html/vqmod/xml/lightning.xml
   id        : OpenCart Lightning
   version   : 3.37
   vqmver    : 
   author    : MaxD http://devs.mx

File Name    : system/library/cache.php(0)
VQModObject::applyMod - SEARCH NOT FOUND (SKIPPED): if (is_file(DIR_SYSTEM . 'library/journal3/vendor/SuperCache

----------------------------------------------------------------------


---------- Date: 2026-03-30 15:22:04 ~ IP : 185.179.188.62 ----------
REQUEST URI : /podmotka-spidometra-gazel-v-prikurivatel/
MOD DETAILS:
   modFile   : /home/canmotalka/web/can-motalka.ru/public_html/vqmod/xml/lightning.xml
   id        : OpenCart Lightning
   version   : 3.37
   vqmver    : 
   author    : MaxD http://devs.mx

File Name    : system/library/cache.php(0)
VQModObject::applyMod - SEARCH NOT FOUND (SKIPPED): if (is_file(DIR_SYSTEM . 'library/journal3/vendor/SuperCache

----------------------------------------------------------------------


---------- Date: 2026-03-30 15:22:44 ~ IP : 185.179.188.62 ----------
REQUEST URI : /namotchik-probega-dlya-audi-q5/
MOD DETAILS:
   modFile   : /home/canmotalka/web/can-motalka.ru/public_html/vqmod/xml/lightning.xml
   id        : OpenCart Lightning
   version   : 3.37
   vqmver    : 
   author    : MaxD http://devs.mx

File Name    : system/library/cache.php(0)
VQModObject::applyMod - SEARCH NOT FOUND (SKIPPED): if (is_file(DIR_SYSTEM . 'library/journal3/vendor/SuperCache

----------------------------------------------------------------------


---------- Date: 2026-03-30 15:22:57 ~ IP : 185.179.188.62 ----------
REQUEST URI : /index.php?route=product/product/review&amp;product_id=237
MOD DETAILS:
   modFile   : /home/canmotalka/web/can-motalka.ru/public_html/vqmod/xml/lightning.xml
   id        : OpenCart Lightning
   version   : 3.37
   vqmver    : 
   author    : MaxD http://devs.mx

File Name    : system/library/cache.php(0)
VQModObject::applyMod - SEARCH NOT FOUND (SKIPPED): if (is_file(DIR_SYSTEM . 'library/journal3/vendor/SuperCache

----------------------------------------------------------------------


---------- Date: 2026-03-30 15:23:05 ~ IP : 185.179.188.62 ----------
REQUEST URI : /index.php?route=module/popupcart_extended
MOD DETAILS:
   modFile   : /home/canmotalka/web/can-motalka.ru/public_html/vqmod/xml/lightning.xml
   id        : OpenCart Lightning
   version   : 3.37
   vqmver    : 
   author    : MaxD http://devs.mx

File Name    : system/library/cache.php(0)
VQModObject::applyMod - SEARCH NOT FOUND (SKIPPED): if (is_file(DIR_SYSTEM . 'library/journal3/vendor/SuperCache

----------------------------------------------------------------------


---------- Date: 2026-03-30 15:23:53 ~ IP : 185.179.188.62 ----------
REQUEST URI : /podmotka-spidometra-renault-logan-2005-2014/
MOD DETAILS:
   modFile   : /home/canmotalka/web/can-motalka.ru/public_html/vqmod/xml/lightning.xml
   id        : OpenCart Lightning
   version   : 3.37
   vqmver    : 
   author    : MaxD http://devs.mx

File Name    : system/library/cache.php(0)
VQModObject::applyMod - SEARCH NOT FOUND (SKIPPED): if (is_file(DIR_SYSTEM . 'library/journal3/vendor/SuperCache

----------------------------------------------------------------------


---------- Date: 2026-03-30 15:26:17 ~ IP : 185.179.188.62 ----------
REQUEST URI : /podmotka-spidometra-uaz-patriot/
MOD DETAILS:
   modFile   : /home/canmotalka/web/can-motalka.ru/public_html/vqmod/xml/lightning.xml
   id        : OpenCart Lightning
   version   : 3.37
   vqmver    : 
   author    : MaxD http://devs.mx

File Name    : system/library/cache.php(0)
VQModObject::applyMod - SEARCH NOT FOUND (SKIPPED): if (is_file(DIR_SYSTEM . 'library/journal3/vendor/SuperCache

----------------------------------------------------------------------


---------- Date: 2026-03-30 15:26:47 ~ IP : 185.179.188.62 ----------
REQUEST URI : /podmotka-spidometra-uaz-patriot/
MOD DETAILS:
   modFile   : /home/canmotalka/web/can-motalka.ru/public_html/vqmod/xml/lightning.xml
   id        : OpenCart Lightning
   version   : 3.37
   vqmver    : 
   author    : MaxD http://devs.mx

File Name    : system/library/cache.php(0)
VQModObject::applyMod - SEARCH NOT FOUND (SKIPPED): if (is_file(DIR_SYSTEM . 'library/journal3/vendor/SuperCache

----------------------------------------------------------------------


---------- Date: 2026-03-30 15:26:47 ~ IP : 185.179.188.62 ----------
REQUEST URI : /index.php?route=product/product/review&amp;product_id=277
MOD DETAILS:
   modFile   : /home/canmotalka/web/can-motalka.ru/public_html/vqmod/xml/lightning.xml
   id        : OpenCart Lightning
   version   : 3.37
   vqmver    : 
   author    : MaxD http://devs.mx

File Name    : system/library/cache.php(0)
VQModObject::applyMod - SEARCH NOT FOUND (SKIPPED): if (is_file(DIR_SYSTEM . 'library/journal3/vendor/SuperCache

----------------------------------------------------------------------


---------- Date: 2026-03-30 15:26:48 ~ IP : 185.179.188.62 ----------
REQUEST URI : /index.php?route=module/popupcart_extended
MOD DETAILS:
   modFile   : /home/canmotalka/web/can-motalka.ru/public_html/vqmod/xml/lightning.xml
   id        : OpenCart Lightning
   version   : 3.37
   vqmver    : 
   author    : MaxD http://devs.mx

File Name    : system/library/cache.php(0)
VQModObject::applyMod - SEARCH NOT FOUND (SKIPPED): if (is_file(DIR_SYSTEM . 'library/journal3/vendor/SuperCache

----------------------------------------------------------------------


---------- Date: 2026-03-30 15:27:01 ~ IP : 185.179.188.62 ----------
REQUEST URI : /podmotka-spidometra-largus/
MOD DETAILS:
   modFile   : /home/canmotalka/web/can-motalka.ru/public_html/vqmod/xml/lightning.xml
   id        : OpenCart Lightning
   version   : 3.37
   vqmver    : 
   author    : MaxD http://devs.mx

File Name    : system/library/cache.php(0)
VQModObject::applyMod - SEARCH NOT FOUND (SKIPPED): if (is_file(DIR_SYSTEM . 'library/journal3/vendor/SuperCache

----------------------------------------------------------------------


---------- Date: 2026-03-30 15:27:14 ~ IP : 185.179.188.62 ----------
REQUEST URI : /podmotka-spidometra-lada-granta-za-3000r/
MOD DETAILS:
   modFile   : /home/canmotalka/web/can-motalka.ru/public_html/vqmod/xml/lightning.xml
   id        : OpenCart Lightning
   version   : 3.37
   vqmver    : 
   author    : MaxD http://devs.mx

File Name    : system/library/cache.php(0)
VQModObject::applyMod - SEARCH NOT FOUND (SKIPPED): if (is_file(DIR_SYSTEM . 'library/journal3/vendor/SuperCache

----------------------------------------------------------------------


---------- Date: 2026-03-30 15:28:21 ~ IP : 185.179.188.62 ----------
REQUEST URI : /podmotka-spidometra-lada-kalina/
MOD DETAILS:
   modFile   : /home/canmotalka/web/can-motalka.ru/public_html/vqmod/xml/lightning.xml
   id        : OpenCart Lightning
   version   : 3.37
   vqmver    : 
   author    : MaxD http://devs.mx

File Name    : system/library/cache.php(0)
VQModObject::applyMod - SEARCH NOT FOUND (SKIPPED): if (is_file(DIR_SYSTEM . 'library/journal3/vendor/SuperCache

----------------------------------------------------------------------


---------- Date: 2026-03-30 15:29:28 ~ IP : 185.179.188.62 ----------
REQUEST URI : /.well-known/traffic-advice
MOD DETAILS:
   modFile   : /home/canmotalka/web/can-motalka.ru/public_html/vqmod/xml/lightning.xml
   id        : OpenCart Lightning
   version   : 3.37
   vqmver    : 
   author    : MaxD http://devs.mx

File Name    : system/library/cache.php(0)
VQModObject::applyMod - SEARCH NOT FOUND (SKIPPED): if (is_file(DIR_SYSTEM . 'library/journal3/vendor/SuperCache

----------------------------------------------------------------------


---------- Date: 2026-03-30 15:29:28 ~ IP : 185.179.188.62 ----------
REQUEST URI : /kak-rabotaet-podmotka-spidometra/
MOD DETAILS:
   modFile   : /home/canmotalka/web/can-motalka.ru/public_html/vqmod/xml/lightning.xml
   id        : OpenCart Lightning
   version   : 3.37
   vqmver    : 
   author    : MaxD http://devs.mx

File Name    : system/library/cache.php(0)
VQModObject::applyMod - SEARCH NOT FOUND (SKIPPED): if (is_file(DIR_SYSTEM . 'library/journal3/vendor/SuperCache

----------------------------------------------------------------------


---------- Date: 2026-03-30 15:30:52 ~ IP : 185.179.188.62 ----------
REQUEST URI : /instrukciya-podmotka-kamaz/
MOD DETAILS:
   modFile   : /home/canmotalka/web/can-motalka.ru/public_html/vqmod/xml/lightning.xml
   id        : OpenCart Lightning
   version   : 3.37
   vqmver    : 
   author    : MaxD http://devs.mx

File Name    : system/library/cache.php(0)
VQModObject::applyMod - SEARCH NOT FOUND (SKIPPED): if (is_file(DIR_SYSTEM . 'library/journal3/vendor/SuperCache

----------------------------------------------------------------------


---------- Date: 2026-03-30 15:31:20 ~ IP : 185.179.188.62 ----------
REQUEST URI : /instrukciya-dlya-podmotki-lada-niva/
MOD DETAILS:
   modFile   : /home/canmotalka/web/can-motalka.ru/public_html/vqmod/xml/lightning.xml
   id        : OpenCart Lightning
   version   : 3.37
   vqmver    : 
   author    : MaxD http://devs.mx

File Name    : system/library/cache.php(0)
VQModObject::applyMod - SEARCH NOT FOUND (SKIPPED): if (is_file(DIR_SYSTEM . 'library/journal3/vendor/SuperCache

----------------------------------------------------------------------


---------- Date: 2026-03-30 15:31:21 ~ IP : 185.179.188.62 ----------
REQUEST URI : /index.php?route=module/popupcart_extended
MOD DETAILS:
   modFile   : /home/canmotalka/web/can-motalka.ru/public_html/vqmod/xml/lightning.xml
   id        : OpenCart Lightning
   version   : 3.37
   vqmver    : 
   author    : MaxD http://devs.mx

File Name    : system/library/cache.php(0)
VQModObject::applyMod - SEARCH NOT FOUND (SKIPPED): if (is_file(DIR_SYSTEM . 'library/journal3/vendor/SuperCache

----------------------------------------------------------------------


---------- Date: 2026-03-30 15:33:12 ~ IP : 185.179.188.62 ----------
REQUEST URI : /
MOD DETAILS:
   modFile   : /home/canmotalka/web/can-motalka.ru/public_html/vqmod/xml/lightning.xml
   id        : OpenCart Lightning
   version   : 3.37
   vqmver    : 
   author    : MaxD http://devs.mx

File Name    : system/library/cache.php(0)
VQModObject::applyMod - SEARCH NOT FOUND (SKIPPED): if (is_file(DIR_SYSTEM . 'library/journal3/vendor/SuperCache

----------------------------------------------------------------------


---------- Date: 2026-03-30 15:35:02 ~ IP : 185.179.188.62 ----------
REQUEST URI : /instrukciya-podmotka-kamaz/
MOD DETAILS:
   modFile   : /home/canmotalka/web/can-motalka.ru/public_html/vqmod/xml/lightning.xml
   id        : OpenCart Lightning
   version   : 3.37
   vqmver    : 
   author    : MaxD http://devs.mx

File Name    : system/library/cache.php(0)
VQModObject::applyMod - SEARCH NOT FOUND (SKIPPED): if (is_file(DIR_SYSTEM . 'library/journal3/vendor/SuperCache

----------------------------------------------------------------------


---------- Date: 2026-03-30 15:35:03 ~ IP : 185.179.188.62 ----------
REQUEST URI : /index.php?route=module/popupcart_extended
MOD DETAILS:
   modFile   : /home/canmotalka/web/can-motalka.ru/public_html/vqmod/xml/lightning.xml
   id        : OpenCart Lightning
   version   : 3.37
   vqmver    : 
   author    : MaxD http://devs.mx

File Name    : system/library/cache.php(0)
VQModObject::applyMod - SEARCH NOT FOUND (SKIPPED): if (is_file(DIR_SYSTEM . 'library/journal3/vendor/SuperCache

----------------------------------------------------------------------


---------- Date: 2026-03-30 15:37:41 ~ IP : 185.179.188.62 ----------
REQUEST URI : /?ysclid=mnd6b4v4v2881284544
MOD DETAILS:
   modFile   : /home/canmotalka/web/can-motalka.ru/public_html/vqmod/xml/lightning.xml
   id        : OpenCart Lightning
   version   : 3.37
   vqmver    : 
   author    : MaxD http://devs.mx

File Name    : system/library/cache.php(0)
VQModObject::applyMod - SEARCH NOT FOUND (SKIPPED): if (is_file(DIR_SYSTEM . 'library/journal3/vendor/SuperCache

----------------------------------------------------------------------


---------- Date: 2026-03-30 15:37:42 ~ IP : 185.179.188.62 ----------
REQUEST URI : /index.php?route=module/popupcart_extended
MOD DETAILS:
   modFile   : /home/canmotalka/web/can-motalka.ru/public_html/vqmod/xml/lightning.xml
   id        : OpenCart Lightning
   version   : 3.37
   vqmver    : 
   author    : MaxD http://devs.mx

File Name    : system/library/cache.php(0)
VQModObject::applyMod - SEARCH NOT FOUND (SKIPPED): if (is_file(DIR_SYSTEM . 'library/journal3/vendor/SuperCache

----------------------------------------------------------------------


---------- Date: 2026-03-30 15:42:17 ~ IP : 185.179.188.62 ----------
REQUEST URI : /setting_php/tadalafil-20/511-tadasip-20-so-skidkoy-otradniy
MOD DETAILS:
   modFile   : /home/canmotalka/web/can-motalka.ru/public_html/vqmod/xml/lightning.xml
   id        : OpenCart Lightning
   version   : 3.37
   vqmver    : 
   author    : MaxD http://devs.mx

File Name    : system/library/cache.php(0)
VQModObject::applyMod - SEARCH NOT FOUND (SKIPPED): if (is_file(DIR_SYSTEM . 'library/journal3/vendor/SuperCache

----------------------------------------------------------------------


---------- Date: 2026-03-30 15:45:49 ~ IP : 185.179.188.62 ----------
REQUEST URI : /index.php?route=module/popupcart_extended
MOD DETAILS:
   modFile   : /home/canmotalka/web/can-motalka.ru/public_html/vqmod/xml/lightning.xml
   id        : OpenCart Lightning
   version   : 3.37
   vqmver    : 
   author    : MaxD http://devs.mx

File Name    : system/library/cache.php(0)
VQModObject::applyMod - SEARCH NOT FOUND (SKIPPED): if (is_file(DIR_SYSTEM . 'library/journal3/vendor/SuperCache

----------------------------------------------------------------------


---------- Date: 2026-03-30 15:49:16 ~ IP : 185.179.188.62 ----------
REQUEST URI : /instrukciya-podmotka-camry/
MOD DETAILS:
   modFile   : /home/canmotalka/web/can-motalka.ru/public_html/vqmod/xml/lightning.xml
   id        : OpenCart Lightning
   version   : 3.37
   vqmver    : 
   author    : MaxD http://devs.mx

File Name    : system/library/cache.php(0)
VQModObject::applyMod - SEARCH NOT FOUND (SKIPPED): if (is_file(DIR_SYSTEM . 'library/journal3/vendor/SuperCache

----------------------------------------------------------------------


---------- Date: 2026-03-30 15:51:46 ~ IP : 185.179.188.62 ----------
REQUEST URI : /patriot_re/
MOD DETAILS:
   modFile   : /home/canmotalka/web/can-motalka.ru/public_html/vqmod/xml/lightning.xml
   id        : OpenCart Lightning
   version   : 3.37
   vqmver    : 
   author    : MaxD http://devs.mx

File Name    : system/library/cache.php(0)
VQModObject::applyMod - SEARCH NOT FOUND (SKIPPED): if (is_file(DIR_SYSTEM . 'library/journal3/vendor/SuperCache

----------------------------------------------------------------------


---------- Date: 2026-03-30 15:51:47 ~ IP : 185.179.188.62 ----------
REQUEST URI : /index.php?route=module/popupcart_extended
MOD DETAILS:
   modFile   : /home/canmotalka/web/can-motalka.ru/public_html/vqmod/xml/lightning.xml
   id        : OpenCart Lightning
   version   : 3.37
   vqmver    : 
   author    : MaxD http://devs.mx

File Name    : system/library/cache.php(0)
VQModObject::applyMod - SEARCH NOT FOUND (SKIPPED): if (is_file(DIR_SYSTEM . 'library/journal3/vendor/SuperCache

----------------------------------------------------------------------


---------- Date: 2026-03-30 15:56:18 ~ IP : 185.179.188.62 ----------
REQUEST URI : /podmotka-spidometra-uaz-patriot/
MOD DETAILS:
   modFile   : /home/canmotalka/web/can-motalka.ru/public_html/vqmod/xml/lightning.xml
   id        : OpenCart Lightning
   version   : 3.37
   vqmver    : 
   author    : MaxD http://devs.mx

File Name    : system/library/cache.php(0)
VQModObject::applyMod - SEARCH NOT FOUND (SKIPPED): if (is_file(DIR_SYSTEM . 'library/journal3/vendor/SuperCache

----------------------------------------------------------------------


---------- Date: 2026-03-30 15:57:47 ~ IP : 185.179.188.62 ----------
REQUEST URI : /podmotka_spidometra/
MOD DETAILS:
   modFile   : /home/canmotalka/web/can-motalka.ru/public_html/vqmod/xml/lightning.xml
   id        : OpenCart Lightning
   version   : 3.37
   vqmver    : 
   author    : MaxD http://devs.mx

File Name    : system/library/cache.php(0)
VQModObject::applyMod - SEARCH NOT FOUND (SKIPPED): if (is_file(DIR_SYSTEM . 'library/journal3/vendor/SuperCache

----------------------------------------------------------------------


---------- Date: 2026-03-30 15:58:30 ~ IP : 185.179.188.62 ----------
REQUEST URI : /podmotka_spidometra/
MOD DETAILS:
   modFile   : /home/canmotalka/web/can-motalka.ru/public_html/vqmod/xml/lightning.xml
   id        : OpenCart Lightning
   version   : 3.37
   vqmver    : 
   author    : MaxD http://devs.mx

File Name    : system/library/cache.php(0)
VQModObject::applyMod - SEARCH NOT FOUND (SKIPPED): if (is_file(DIR_SYSTEM . 'library/journal3/vendor/SuperCache

----------------------------------------------------------------------


---------- Date: 2026-03-30 16:23:26 ~ IP : 185.179.188.62 ----------
REQUEST URI : /setting_php/pomojem-lechitsya/135-kupit-stendru-noviy-orlean/
MOD DETAILS:
   modFile   : /home/canmotalka/web/can-motalka.ru/public_html/vqmod/xml/lightning.xml
   id        : OpenCart Lightning
   version   : 3.37
   vqmver    : 
   author    : MaxD http://devs.mx

File Name    : system/library/cache.php(0)
VQModObject::applyMod - SEARCH NOT FOUND (SKIPPED): if (is_file(DIR_SYSTEM . 'library/journal3/vendor/SuperCache

----------------------------------------------------------------------


---------- Date: 2026-03-30 16:29:57 ~ IP : 185.179.188.62 ----------
REQUEST URI : /podmotka-spidometra-uaz-patriot/
MOD DETAILS:
   modFile   : /home/canmotalka/web/can-motalka.ru/public_html/vqmod/xml/lightning.xml
   id        : OpenCart Lightning
   version   : 3.37
   vqmver    : 
   author    : MaxD http://devs.mx

File Name    : system/library/cache.php(0)
VQModObject::applyMod - SEARCH NOT FOUND (SKIPPED): if (is_file(DIR_SYSTEM . 'library/journal3/vendor/SuperCache

----------------------------------------------------------------------


---------- Date: 2026-03-30 16:29:58 ~ IP : 185.179.188.62 ----------
REQUEST URI : /index.php?route=product/product/review&amp;product_id=277
MOD DETAILS:
   modFile   : /home/canmotalka/web/can-motalka.ru/public_html/vqmod/xml/lightning.xml
   id        : OpenCart Lightning
   version   : 3.37
   vqmver    : 
   author    : MaxD http://devs.mx

File Name    : system/library/cache.php(0)
VQModObject::applyMod - SEARCH NOT FOUND (SKIPPED): if (is_file(DIR_SYSTEM . 'library/journal3/vendor/SuperCache

----------------------------------------------------------------------


---------- Date: 2026-03-30 16:29:58 ~ IP : 185.179.188.62 ----------
REQUEST URI : /index.php?route=module/popupcart_extended
MOD DETAILS:
   modFile   : /home/canmotalka/web/can-motalka.ru/public_html/vqmod/xml/lightning.xml
   id        : OpenCart Lightning
   version   : 3.37
   vqmver    : 
   author    : MaxD http://devs.mx

File Name    : system/library/cache.php(0)
VQModObject::applyMod - SEARCH NOT FOUND (SKIPPED): if (is_file(DIR_SYSTEM . 'library/journal3/vendor/SuperCache

----------------------------------------------------------------------


---------- Date: 2026-03-30 16:30:23 ~ IP : 185.179.188.62 ----------
REQUEST URI : /podmotka-spidometra-haval-jolion/
MOD DETAILS:
   modFile   : /home/canmotalka/web/can-motalka.ru/public_html/vqmod/xml/lightning.xml
   id        : OpenCart Lightning
   version   : 3.37
   vqmver    : 
   author    : MaxD http://devs.mx

File Name    : system/library/cache.php(0)
VQModObject::applyMod - SEARCH NOT FOUND (SKIPPED): if (is_file(DIR_SYSTEM . 'library/journal3/vendor/SuperCache

----------------------------------------------------------------------


---------- Date: 2026-03-30 16:30:25 ~ IP : 185.179.188.62 ----------
REQUEST URI : /index.php?route=product/product/review&amp;product_id=305
MOD DETAILS:
   modFile   : /home/canmotalka/web/can-motalka.ru/public_html/vqmod/xml/lightning.xml
   id        : OpenCart Lightning
   version   : 3.37
   vqmver    : 
   author    : MaxD http://devs.mx

File Name    : system/library/cache.php(0)
VQModObject::applyMod - SEARCH NOT FOUND (SKIPPED): if (is_file(DIR_SYSTEM . 'library/journal3/vendor/SuperCache

----------------------------------------------------------------------


---------- Date: 2026-03-30 16:30:25 ~ IP : 185.179.188.62 ----------
REQUEST URI : /index.php?route=module/popupcart_extended
MOD DETAILS:
   modFile   : /home/canmotalka/web/can-motalka.ru/public_html/vqmod/xml/lightning.xml
   id        : OpenCart Lightning
   version   : 3.37
   vqmver    : 
   author    : MaxD http://devs.mx

File Name    : system/library/cache.php(0)
VQModObject::applyMod - SEARCH NOT FOUND (SKIPPED): if (is_file(DIR_SYSTEM . 'library/journal3/vendor/SuperCache

----------------------------------------------------------------------


---------- Date: 2026-03-30 16:31:00 ~ IP : 185.179.188.62 ----------
REQUEST URI : /namotchik-probega-dlya-opel-zafira/
MOD DETAILS:
   modFile   : /home/canmotalka/web/can-motalka.ru/public_html/vqmod/xml/lightning.xml
   id        : OpenCart Lightning
   version   : 3.37
   vqmver    : 
   author    : MaxD http://devs.mx

File Name    : system/library/cache.php(0)
VQModObject::applyMod - SEARCH NOT FOUND (SKIPPED): if (is_file(DIR_SYSTEM . 'library/journal3/vendor/SuperCache

----------------------------------------------------------------------


---------- Date: 2026-03-30 16:31:26 ~ IP : 185.179.188.62 ----------
REQUEST URI : /niva_abs_re/?ysclid=mnd889ie13967308861
MOD DETAILS:
   modFile   : /home/canmotalka/web/can-motalka.ru/public_html/vqmod/xml/lightning.xml
   id        : OpenCart Lightning
   version   : 3.37
   vqmver    : 
   author    : MaxD http://devs.mx

File Name    : system/library/cache.php(0)
VQModObject::applyMod - SEARCH NOT FOUND (SKIPPED): if (is_file(DIR_SYSTEM . 'library/journal3/vendor/SuperCache

----------------------------------------------------------------------


---------- Date: 2026-03-30 16:31:27 ~ IP : 185.179.188.62 ----------
REQUEST URI : /niva_abs_re/
MOD DETAILS:
   modFile   : /home/canmotalka/web/can-motalka.ru/public_html/vqmod/xml/lightning.xml
   id        : OpenCart Lightning
   version   : 3.37
   vqmver    : 
   author    : MaxD http://devs.mx

File Name    : system/library/cache.php(0)
VQModObject::applyMod - SEARCH NOT FOUND (SKIPPED): if (is_file(DIR_SYSTEM . 'library/journal3/vendor/SuperCache

----------------------------------------------------------------------


---------- Date: 2026-03-30 16:31:28 ~ IP : 185.179.188.62 ----------
REQUEST URI : /index.php?route=module/popupcart_extended
MOD DETAILS:
   modFile   : /home/canmotalka/web/can-motalka.ru/public_html/vqmod/xml/lightning.xml
   id        : OpenCart Lightning
   version   : 3.37
   vqmver    : 
   author    : MaxD http://devs.mx

File Name    : system/library/cache.php(0)
VQModObject::applyMod - SEARCH NOT FOUND (SKIPPED): if (is_file(DIR_SYSTEM . 'library/journal3/vendor/SuperCache

----------------------------------------------------------------------


---------- Date: 2026-03-30 16:36:33 ~ IP : 185.179.188.62 ----------
REQUEST URI : /niva_abs_re/
MOD DETAILS:
   modFile   : /home/canmotalka/web/can-motalka.ru/public_html/vqmod/xml/lightning.xml
   id        : OpenCart Lightning
   version   : 3.37
   vqmver    : 
   author    : MaxD http://devs.mx

File Name    : system/library/cache.php(0)
VQModObject::applyMod - SEARCH NOT FOUND (SKIPPED): if (is_file(DIR_SYSTEM . 'library/journal3/vendor/SuperCache

----------------------------------------------------------------------


---------- Date: 2026-03-30 16:36:33 ~ IP : 185.179.188.62 ----------
REQUEST URI : /podmotka-spidometra-haval-jolion/
MOD DETAILS:
   modFile   : /home/canmotalka/web/can-motalka.ru/public_html/vqmod/xml/lightning.xml
   id        : OpenCart Lightning
   version   : 3.37
   vqmver    : 
   author    : MaxD http://devs.mx

File Name    : system/library/cache.php(0)
VQModObject::applyMod - SEARCH NOT FOUND (SKIPPED): if (is_file(DIR_SYSTEM . 'library/journal3/vendor/SuperCache

----------------------------------------------------------------------


---------- Date: 2026-03-30 16:39:43 ~ IP : 185.179.188.62 ----------
REQUEST URI : /podmotka-spidometra-gazel-nekst/
MOD DETAILS:
   modFile   : /home/canmotalka/web/can-motalka.ru/public_html/vqmod/xml/lightning.xml
   id        : OpenCart Lightning
   version   : 3.37
   vqmver    : 
   author    : MaxD http://devs.mx

File Name    : system/library/cache.php(0)
VQModObject::applyMod - SEARCH NOT FOUND (SKIPPED): if (is_file(DIR_SYSTEM . 'library/journal3/vendor/SuperCache

----------------------------------------------------------------------


---------- Date: 2026-03-30 16:39:44 ~ IP : 185.179.188.62 ----------
REQUEST URI : /index.php?route=module/popupcart_extended
MOD DETAILS:
   modFile   : /home/canmotalka/web/can-motalka.ru/public_html/vqmod/xml/lightning.xml
   id        : OpenCart Lightning
   version   : 3.37
   vqmver    : 
   author    : MaxD http://devs.mx

File Name    : system/library/cache.php(0)
VQModObject::applyMod - SEARCH NOT FOUND (SKIPPED): if (is_file(DIR_SYSTEM . 'library/journal3/vendor/SuperCache

----------------------------------------------------------------------


---------- Date: 2026-03-30 16:39:45 ~ IP : 185.179.188.62 ----------
REQUEST URI : /index.php?route=product/product/review&amp;product_id=97
MOD DETAILS:
   modFile   : /home/canmotalka/web/can-motalka.ru/public_html/vqmod/xml/lightning.xml
   id        : OpenCart Lightning
   version   : 3.37
   vqmver    : 
   author    : MaxD http://devs.mx

File Name    : system/library/cache.php(0)
VQModObject::applyMod - SEARCH NOT FOUND (SKIPPED): if (is_file(DIR_SYSTEM . 'library/journal3/vendor/SuperCache

----------------------------------------------------------------------


---------- Date: 2026-03-30 16:41:59 ~ IP : 185.179.188.62 ----------
REQUEST URI : /manuals/
MOD DETAILS:
   modFile   : /home/canmotalka/web/can-motalka.ru/public_html/vqmod/xml/lightning.xml
   id        : OpenCart Lightning
   version   : 3.37
   vqmver    : 
   author    : MaxD http://devs.mx

File Name    : system/library/cache.php(0)
VQModObject::applyMod - SEARCH NOT FOUND (SKIPPED): if (is_file(DIR_SYSTEM . 'library/journal3/vendor/SuperCache

----------------------------------------------------------------------


---------- Date: 2026-03-30 16:42:56 ~ IP : 185.179.188.62 ----------
REQUEST URI : /manuals/?page=2
MOD DETAILS:
   modFile   : /home/canmotalka/web/can-motalka.ru/public_html/vqmod/xml/lightning.xml
   id        : OpenCart Lightning
   version   : 3.37
   vqmver    : 
   author    : MaxD http://devs.mx

File Name    : system/library/cache.php(0)
VQModObject::applyMod - SEARCH NOT FOUND (SKIPPED): if (is_file(DIR_SYSTEM . 'library/journal3/vendor/SuperCache

----------------------------------------------------------------------


---------- Date: 2026-03-30 16:45:33 ~ IP : 185.179.188.62 ----------
REQUEST URI : /.well-known/traffic-advice
MOD DETAILS:
   modFile   : /home/canmotalka/web/can-motalka.ru/public_html/vqmod/xml/lightning.xml
   id        : OpenCart Lightning
   version   : 3.37
   vqmver    : 
   author    : MaxD http://devs.mx

File Name    : system/library/cache.php(0)
VQModObject::applyMod - SEARCH NOT FOUND (SKIPPED): if (is_file(DIR_SYSTEM . 'library/journal3/vendor/SuperCache

----------------------------------------------------------------------


---------- Date: 2026-03-30 16:45:33 ~ IP : 185.179.188.62 ----------
REQUEST URI : /instrukciya-podmotka-kamaz/
MOD DETAILS:
   modFile   : /home/canmotalka/web/can-motalka.ru/public_html/vqmod/xml/lightning.xml
   id        : OpenCart Lightning
   version   : 3.37
   vqmver    : 
   author    : MaxD http://devs.mx

File Name    : system/library/cache.php(0)
VQModObject::applyMod - SEARCH NOT FOUND (SKIPPED): if (is_file(DIR_SYSTEM . 'library/journal3/vendor/SuperCache

----------------------------------------------------------------------


---------- Date: 2026-03-30 16:46:15 ~ IP : 185.179.188.62 ----------
REQUEST URI : /gazelle_biz_manual/
MOD DETAILS:
   modFile   : /home/canmotalka/web/can-motalka.ru/public_html/vqmod/xml/lightning.xml
   id        : OpenCart Lightning
   version   : 3.37
   vqmver    : 
   author    : MaxD http://devs.mx

File Name    : system/library/cache.php(0)
VQModObject::applyMod - SEARCH NOT FOUND (SKIPPED): if (is_file(DIR_SYSTEM . 'library/journal3/vendor/SuperCache

----------------------------------------------------------------------


---------- Date: 2026-03-30 16:47:58 ~ IP : 185.179.188.62 ----------
REQUEST URI : /podmotka-spidometra-na-shkoda-oktaviya/
MOD DETAILS:
   modFile   : /home/canmotalka/web/can-motalka.ru/public_html/vqmod/xml/lightning.xml
   id        : OpenCart Lightning
   version   : 3.37
   vqmver    : 
   author    : MaxD http://devs.mx

File Name    : system/library/cache.php(0)
VQModObject::applyMod - SEARCH NOT FOUND (SKIPPED): if (is_file(DIR_SYSTEM . 'library/journal3/vendor/SuperCache

----------------------------------------------------------------------


---------- Date: 2026-03-30 16:48:03 ~ IP : 185.179.188.62 ----------
REQUEST URI : /index.php?route=product/product/review&amp;product_id=179
MOD DETAILS:
   modFile   : /home/canmotalka/web/can-motalka.ru/public_html/vqmod/xml/lightning.xml
   id        : OpenCart Lightning
   version   : 3.37
   vqmver    : 
   author    : MaxD http://devs.mx

File Name    : system/library/cache.php(0)
VQModObject::applyMod - SEARCH NOT FOUND (SKIPPED): if (is_file(DIR_SYSTEM . 'library/journal3/vendor/SuperCache

----------------------------------------------------------------------


---------- Date: 2026-03-30 16:48:03 ~ IP : 185.179.188.62 ----------
REQUEST URI : /index.php?route=module/popupcart_extended
MOD DETAILS:
   modFile   : /home/canmotalka/web/can-motalka.ru/public_html/vqmod/xml/lightning.xml
   id        : OpenCart Lightning
   version   : 3.37
   vqmver    : 
   author    : MaxD http://devs.mx

File Name    : system/library/cache.php(0)
VQModObject::applyMod - SEARCH NOT FOUND (SKIPPED): if (is_file(DIR_SYSTEM . 'library/journal3/vendor/SuperCache

----------------------------------------------------------------------


---------- Date: 2026-03-30 16:49:25 ~ IP : 185.179.188.62 ----------
REQUEST URI : /podmotka-spidometra-toyota-highlander/?ysclid=mnd8vcgzg5428897714
MOD DETAILS:
   modFile   : /home/canmotalka/web/can-motalka.ru/public_html/vqmod/xml/lightning.xml
   id        : OpenCart Lightning
   version   : 3.37
   vqmver    : 
   author    : MaxD http://devs.mx

File Name    : system/library/cache.php(0)
VQModObject::applyMod - SEARCH NOT FOUND (SKIPPED): if (is_file(DIR_SYSTEM . 'library/journal3/vendor/SuperCache

----------------------------------------------------------------------


---------- Date: 2026-03-30 16:49:25 ~ IP : 185.179.188.62 ----------
REQUEST URI : /podmotka-spidometra-toyota-highlander/
MOD DETAILS:
   modFile   : /home/canmotalka/web/can-motalka.ru/public_html/vqmod/xml/lightning.xml
   id        : OpenCart Lightning
   version   : 3.37
   vqmver    : 
   author    : MaxD http://devs.mx

File Name    : system/library/cache.php(0)
VQModObject::applyMod - SEARCH NOT FOUND (SKIPPED): if (is_file(DIR_SYSTEM . 'library/journal3/vendor/SuperCache

----------------------------------------------------------------------


---------- Date: 2026-03-30 16:49:27 ~ IP : 185.179.188.62 ----------
REQUEST URI : /index.php?route=module/popupcart_extended
MOD DETAILS:
   modFile   : /home/canmotalka/web/can-motalka.ru/public_html/vqmod/xml/lightning.xml
   id        : OpenCart Lightning
   version   : 3.37
   vqmver    : 
   author    : MaxD http://devs.mx

File Name    : system/library/cache.php(0)
VQModObject::applyMod - SEARCH NOT FOUND (SKIPPED): if (is_file(DIR_SYSTEM . 'library/journal3/vendor/SuperCache

----------------------------------------------------------------------


---------- Date: 2026-03-30 16:49:27 ~ IP : 185.179.188.62 ----------
REQUEST URI : /index.php?route=product/product/review&amp;product_id=200
MOD DETAILS:
   modFile   : /home/canmotalka/web/can-motalka.ru/public_html/vqmod/xml/lightning.xml
   id        : OpenCart Lightning
   version   : 3.37
   vqmver    : 
   author    : MaxD http://devs.mx

File Name    : system/library/cache.php(0)
VQModObject::applyMod - SEARCH NOT FOUND (SKIPPED): if (is_file(DIR_SYSTEM . 'library/journal3/vendor/SuperCache

----------------------------------------------------------------------


---------- Date: 2026-03-30 16:50:04 ~ IP : 185.179.188.62 ----------
REQUEST URI : /podmotka-krutilka-spidometra-gazel-biznes-benzin-evotec-ili-cummins/
MOD DETAILS:
   modFile   : /home/canmotalka/web/can-motalka.ru/public_html/vqmod/xml/lightning.xml
   id        : OpenCart Lightning
   version   : 3.37
   vqmver    : 
   author    : MaxD http://devs.mx

File Name    : system/library/cache.php(0)
VQModObject::applyMod - SEARCH NOT FOUND (SKIPPED): if (is_file(DIR_SYSTEM . 'library/journal3/vendor/SuperCache

----------------------------------------------------------------------


---------- Date: 2026-03-30 16:50:05 ~ IP : 185.179.188.62 ----------
REQUEST URI : /namotchik-probega-dlya-uaz-patriot-konec-do-2016-zelenyy-displey/
MOD DETAILS:
   modFile   : /home/canmotalka/web/can-motalka.ru/public_html/vqmod/xml/lightning.xml
   id        : OpenCart Lightning
   version   : 3.37
   vqmver    : 
   author    : MaxD http://devs.mx

File Name    : system/library/cache.php(0)
VQModObject::applyMod - SEARCH NOT FOUND (SKIPPED): if (is_file(DIR_SYSTEM . 'library/journal3/vendor/SuperCache

----------------------------------------------------------------------


---------- Date: 2026-03-30 16:50:07 ~ IP : 185.179.188.62 ----------
REQUEST URI : /index.php?route=product/product/review&amp;product_id=98
MOD DETAILS:
   modFile   : /home/canmotalka/web/can-motalka.ru/public_html/vqmod/xml/lightning.xml
   id        : OpenCart Lightning
   version   : 3.37
   vqmver    : 
   author    : MaxD http://devs.mx

File Name    : system/library/cache.php(0)
VQModObject::applyMod - SEARCH NOT FOUND (SKIPPED): if (is_file(DIR_SYSTEM . 'library/journal3/vendor/SuperCache

----------------------------------------------------------------------


---------- Date: 2026-03-30 16:50:07 ~ IP : 185.179.188.62 ----------
REQUEST URI : /index.php?route=module/popupcart_extended
MOD DETAILS:
   modFile   : /home/canmotalka/web/can-motalka.ru/public_html/vqmod/xml/lightning.xml
   id        : OpenCart Lightning
   version   : 3.37
   vqmver    : 
   author    : MaxD http://devs.mx

File Name    : system/library/cache.php(0)
VQModObject::applyMod - SEARCH NOT FOUND (SKIPPED): if (is_file(DIR_SYSTEM . 'library/journal3/vendor/SuperCache

----------------------------------------------------------------------


---------- Date: 2026-03-30 16:52:19 ~ IP : 185.179.188.62 ----------
REQUEST URI : /index.php?route=module/popupcart_extended
MOD DETAILS:
   modFile   : /home/canmotalka/web/can-motalka.ru/public_html/vqmod/xml/lightning.xml
   id        : OpenCart Lightning
   version   : 3.37
   vqmver    : 
   author    : MaxD http://devs.mx

File Name    : system/library/cache.php(0)
VQModObject::applyMod - SEARCH NOT FOUND (SKIPPED): if (is_file(DIR_SYSTEM . 'library/journal3/vendor/SuperCache

----------------------------------------------------------------------


---------- Date: 2026-03-30 16:52:29 ~ IP : 185.179.188.62 ----------
REQUEST URI : /podmotka-spidometra-toyota-highlander/?ysclid=mnd8zb291e735668377
MOD DETAILS:
   modFile   : /home/canmotalka/web/can-motalka.ru/public_html/vqmod/xml/lightning.xml
   id        : OpenCart Lightning
   version   : 3.37
   vqmver    : 
   author    : MaxD http://devs.mx

File Name    : system/library/cache.php(0)
VQModObject::applyMod - SEARCH NOT FOUND (SKIPPED): if (is_file(DIR_SYSTEM . 'library/journal3/vendor/SuperCache

----------------------------------------------------------------------


---------- Date: 2026-03-30 16:52:29 ~ IP : 185.179.188.62 ----------
REQUEST URI : /podmotka-spidometra-toyota-highlander/
MOD DETAILS:
   modFile   : /home/canmotalka/web/can-motalka.ru/public_html/vqmod/xml/lightning.xml
   id        : OpenCart Lightning
   version   : 3.37
   vqmver    : 
   author    : MaxD http://devs.mx

File Name    : system/library/cache.php(0)
VQModObject::applyMod - SEARCH NOT FOUND (SKIPPED): if (is_file(DIR_SYSTEM . 'library/journal3/vendor/SuperCache

----------------------------------------------------------------------


---------- Date: 2026-03-30 16:52:38 ~ IP : 185.179.188.62 ----------
REQUEST URI : /instrukciya-podmotka-kamaz/
MOD DETAILS:
   modFile   : /home/canmotalka/web/can-motalka.ru/public_html/vqmod/xml/lightning.xml
   id        : OpenCart Lightning
   version   : 3.37
   vqmver    : 
   author    : MaxD http://devs.mx

File Name    : system/library/cache.php(0)
VQModObject::applyMod - SEARCH NOT FOUND (SKIPPED): if (is_file(DIR_SYSTEM . 'library/journal3/vendor/SuperCache

----------------------------------------------------------------------


---------- Date: 2026-03-30 16:52:43 ~ IP : 185.179.188.62 ----------
REQUEST URI : /index.php?route=checkout/cart/add
MOD DETAILS:
   modFile   : /home/canmotalka/web/can-motalka.ru/public_html/vqmod/xml/lightning.xml
   id        : OpenCart Lightning
   version   : 3.37
   vqmver    : 
   author    : MaxD http://devs.mx

File Name    : system/library/cache.php(0)
VQModObject::applyMod - SEARCH NOT FOUND (SKIPPED): if (is_file(DIR_SYSTEM . 'library/journal3/vendor/SuperCache

----------------------------------------------------------------------


---------- Date: 2026-03-30 16:52:43 ~ IP : 185.179.188.62 ----------
REQUEST URI : /index.php?route=checkout/simplecheckout
MOD DETAILS:
   modFile   : /home/canmotalka/web/can-motalka.ru/public_html/vqmod/xml/lightning.xml
   id        : OpenCart Lightning
   version   : 3.37
   vqmver    : 
   author    : MaxD http://devs.mx

File Name    : system/library/cache.php(0)
VQModObject::applyMod - SEARCH NOT FOUND (SKIPPED): if (is_file(DIR_SYSTEM . 'library/journal3/vendor/SuperCache

----------------------------------------------------------------------


---------- Date: 2026-03-30 16:52:44 ~ IP : 185.179.188.62 ----------
REQUEST URI : /zakaz/
MOD DETAILS:
   modFile   : /home/canmotalka/web/can-motalka.ru/public_html/vqmod/xml/lightning.xml
   id        : OpenCart Lightning
   version   : 3.37
   vqmver    : 
   author    : MaxD http://devs.mx

File Name    : system/library/cache.php(0)
VQModObject::applyMod - SEARCH NOT FOUND (SKIPPED): if (is_file(DIR_SYSTEM . 'library/journal3/vendor/SuperCache

----------------------------------------------------------------------


---------- Date: 2026-03-30 16:56:36 ~ IP : 185.179.188.62 ----------
REQUEST URI : /patriot_re/
MOD DETAILS:
   modFile   : /home/canmotalka/web/can-motalka.ru/public_html/vqmod/xml/lightning.xml
   id        : OpenCart Lightning
   version   : 3.37
   vqmver    : 
   author    : MaxD http://devs.mx

File Name    : system/library/cache.php(0)
VQModObject::applyMod - SEARCH NOT FOUND (SKIPPED): if (is_file(DIR_SYSTEM . 'library/journal3/vendor/SuperCache

----------------------------------------------------------------------


---------- Date: 2026-03-30 16:56:37 ~ IP : 185.179.188.62 ----------
REQUEST URI : /index.php?route=module/popupcart_extended
MOD DETAILS:
   modFile   : /home/canmotalka/web/can-motalka.ru/public_html/vqmod/xml/lightning.xml
   id        : OpenCart Lightning
   version   : 3.37
   vqmver    : 
   author    : MaxD http://devs.mx

File Name    : system/library/cache.php(0)
VQModObject::applyMod - SEARCH NOT FOUND (SKIPPED): if (is_file(DIR_SYSTEM . 'library/journal3/vendor/SuperCache

----------------------------------------------------------------------


---------- Date: 2026-03-30 16:58:27 ~ IP : 185.179.188.62 ----------
REQUEST URI : /instrukciya-podmotka-kamaz/?ysclid=mnd96z7811774934196
MOD DETAILS:
   modFile   : /home/canmotalka/web/can-motalka.ru/public_html/vqmod/xml/lightning.xml
   id        : OpenCart Lightning
   version   : 3.37
   vqmver    : 
   author    : MaxD http://devs.mx

File Name    : system/library/cache.php(0)
VQModObject::applyMod - SEARCH NOT FOUND (SKIPPED): if (is_file(DIR_SYSTEM . 'library/journal3/vendor/SuperCache

----------------------------------------------------------------------


---------- Date: 2026-03-30 16:58:28 ~ IP : 185.179.188.62 ----------
REQUEST URI : /instrukciya-podmotka-kamaz/
MOD DETAILS:
   modFile   : /home/canmotalka/web/can-motalka.ru/public_html/vqmod/xml/lightning.xml
   id        : OpenCart Lightning
   version   : 3.37
   vqmver    : 
   author    : MaxD http://devs.mx

File Name    : system/library/cache.php(0)
VQModObject::applyMod - SEARCH NOT FOUND (SKIPPED): if (is_file(DIR_SYSTEM . 'library/journal3/vendor/SuperCache

----------------------------------------------------------------------


---------- Date: 2026-03-30 16:58:29 ~ IP : 185.179.188.62 ----------
REQUEST URI : /index.php?route=module/popupcart_extended
MOD DETAILS:
   modFile   : /home/canmotalka/web/can-motalka.ru/public_html/vqmod/xml/lightning.xml
   id        : OpenCart Lightning
   version   : 3.37
   vqmver    : 
   author    : MaxD http://devs.mx

File Name    : system/library/cache.php(0)
VQModObject::applyMod - SEARCH NOT FOUND (SKIPPED): if (is_file(DIR_SYSTEM . 'library/journal3/vendor/SuperCache

----------------------------------------------------------------------


---------- Date: 2026-03-30 17:06:52 ~ IP : 185.179.188.62 ----------
REQUEST URI : /instrukciya-podmotka-kamaz/
MOD DETAILS:
   modFile   : /home/canmotalka/web/can-motalka.ru/public_html/vqmod/xml/lightning.xml
   id        : OpenCart Lightning
   version   : 3.37
   vqmver    : 
   author    : MaxD http://devs.mx

File Name    : system/library/cache.php(0)
VQModObject::applyMod - SEARCH NOT FOUND (SKIPPED): if (is_file(DIR_SYSTEM . 'library/journal3/vendor/SuperCache

----------------------------------------------------------------------


---------- Date: 2026-03-30 17:07:48 ~ IP : 185.179.188.62 ----------
REQUEST URI : /instrukciya-podmotka-kamaz/
MOD DETAILS:
   modFile   : /home/canmotalka/web/can-motalka.ru/public_html/vqmod/xml/lightning.xml
   id        : OpenCart Lightning
   version   : 3.37
   vqmver    : 
   author    : MaxD http://devs.mx

File Name    : system/library/cache.php(0)
VQModObject::applyMod - SEARCH NOT FOUND (SKIPPED): if (is_file(DIR_SYSTEM . 'library/journal3/vendor/SuperCache

----------------------------------------------------------------------


---------- Date: 2026-03-30 17:07:49 ~ IP : 185.179.188.62 ----------
REQUEST URI : /index.php?route=module/popupcart_extended
MOD DETAILS:
   modFile   : /home/canmotalka/web/can-motalka.ru/public_html/vqmod/xml/lightning.xml
   id        : OpenCart Lightning
   version   : 3.37
   vqmver    : 
   author    : MaxD http://devs.mx

File Name    : system/library/cache.php(0)
VQModObject::applyMod - SEARCH NOT FOUND (SKIPPED): if (is_file(DIR_SYSTEM . 'library/journal3/vendor/SuperCache

----------------------------------------------------------------------


---------- Date: 2026-03-30 17:08:33 ~ IP : 185.179.188.62 ----------
REQUEST URI : /
MOD DETAILS:
   modFile   : /home/canmotalka/web/can-motalka.ru/public_html/vqmod/xml/lightning.xml
   id        : OpenCart Lightning
   version   : 3.37
   vqmver    : 
   author    : MaxD http://devs.mx

File Name    : system/library/cache.php(0)
VQModObject::applyMod - SEARCH NOT FOUND (SKIPPED): if (is_file(DIR_SYSTEM . 'library/journal3/vendor/SuperCache

----------------------------------------------------------------------


---------- Date: 2026-03-30 17:10:15 ~ IP : 185.179.188.62 ----------
REQUEST URI : /sitemap.xml
MOD DETAILS:
   modFile   : /home/canmotalka/web/can-motalka.ru/public_html/vqmod/xml/lightning.xml
   id        : OpenCart Lightning
   version   : 3.37
   vqmver    : 
   author    : MaxD http://devs.mx

File Name    : system/library/cache.php(0)
VQModObject::applyMod - SEARCH NOT FOUND (SKIPPED): if (is_file(DIR_SYSTEM . 'library/journal3/vendor/SuperCache

----------------------------------------------------------------------


---------- Date: 2026-03-30 17:11:47 ~ IP : 185.179.188.62 ----------
REQUEST URI : /podmotka-spidometra-niva
MOD DETAILS:
   modFile   : /home/canmotalka/web/can-motalka.ru/public_html/vqmod/xml/lightning.xml
   id        : OpenCart Lightning
   version   : 3.37
   vqmver    : 
   author    : MaxD http://devs.mx

File Name    : system/library/cache.php(0)
VQModObject::applyMod - SEARCH NOT FOUND (SKIPPED): if (is_file(DIR_SYSTEM . 'library/journal3/vendor/SuperCache

----------------------------------------------------------------------


---------- Date: 2026-03-30 17:14:25 ~ IP : 185.179.188.62 ----------
REQUEST URI : /index.php?route=module/popupcart_extended
MOD DETAILS:
   modFile   : /home/canmotalka/web/can-motalka.ru/public_html/vqmod/xml/lightning.xml
   id        : OpenCart Lightning
   version   : 3.37
   vqmver    : 
   author    : MaxD http://devs.mx

File Name    : system/library/cache.php(0)
VQModObject::applyMod - SEARCH NOT FOUND (SKIPPED): if (is_file(DIR_SYSTEM . 'library/journal3/vendor/SuperCache

----------------------------------------------------------------------


---------- Date: 2026-03-30 17:22:34 ~ IP : 185.179.188.62 ----------
REQUEST URI : /index.php?route=module/popupcart_extended
MOD DETAILS:
   modFile   : /home/canmotalka/web/can-motalka.ru/public_html/vqmod/xml/lightning.xml
   id        : OpenCart Lightning
   version   : 3.37
   vqmver    : 
   author    : MaxD http://devs.mx

File Name    : system/library/cache.php(0)
VQModObject::applyMod - SEARCH NOT FOUND (SKIPPED): if (is_file(DIR_SYSTEM . 'library/journal3/vendor/SuperCache

----------------------------------------------------------------------


---------- Date: 2026-03-30 17:24:09 ~ IP : 185.179.188.62 ----------
REQUEST URI : /dostavka-i-oplata/
MOD DETAILS:
   modFile   : /home/canmotalka/web/can-motalka.ru/public_html/vqmod/xml/lightning.xml
   id        : OpenCart Lightning
   version   : 3.37
   vqmver    : 
   author    : MaxD http://devs.mx

File Name    : system/library/cache.php(0)
VQModObject::applyMod - SEARCH NOT FOUND (SKIPPED): if (is_file(DIR_SYSTEM . 'library/journal3/vendor/SuperCache

----------------------------------------------------------------------


---------- Date: 2026-03-30 17:27:01 ~ IP : 185.179.188.62 ----------
REQUEST URI : /kak-rabotaet-podmotka-spidometra/
MOD DETAILS:
   modFile   : /home/canmotalka/web/can-motalka.ru/public_html/vqmod/xml/lightning.xml
   id        : OpenCart Lightning
   version   : 3.37
   vqmver    : 
   author    : MaxD http://devs.mx

File Name    : system/library/cache.php(0)
VQModObject::applyMod - SEARCH NOT FOUND (SKIPPED): if (is_file(DIR_SYSTEM . 'library/journal3/vendor/SuperCache

----------------------------------------------------------------------


---------- Date: 2026-03-30 17:29:17 ~ IP : 185.179.188.62 ----------
REQUEST URI : /podmotka-spidometra-renault-kangoo/?ysclid=mndaaqror7518449457
MOD DETAILS:
   modFile   : /home/canmotalka/web/can-motalka.ru/public_html/vqmod/xml/lightning.xml
   id        : OpenCart Lightning
   version   : 3.37
   vqmver    : 
   author    : MaxD http://devs.mx

File Name    : system/library/cache.php(0)
VQModObject::applyMod - SEARCH NOT FOUND (SKIPPED): if (is_file(DIR_SYSTEM . 'library/journal3/vendor/SuperCache

----------------------------------------------------------------------


---------- Date: 2026-03-30 17:29:17 ~ IP : 185.179.188.62 ----------
REQUEST URI : /podmotka-spidometra-renault-kangoo/
MOD DETAILS:
   modFile   : /home/canmotalka/web/can-motalka.ru/public_html/vqmod/xml/lightning.xml
   id        : OpenCart Lightning
   version   : 3.37
   vqmver    : 
   author    : MaxD http://devs.mx

File Name    : system/library/cache.php(0)
VQModObject::applyMod - SEARCH NOT FOUND (SKIPPED): if (is_file(DIR_SYSTEM . 'library/journal3/vendor/SuperCache

----------------------------------------------------------------------


---------- Date: 2026-03-30 17:29:18 ~ IP : 185.179.188.62 ----------
REQUEST URI : /index.php?route=product/product/review&amp;product_id=167
MOD DETAILS:
   modFile   : /home/canmotalka/web/can-motalka.ru/public_html/vqmod/xml/lightning.xml
   id        : OpenCart Lightning
   version   : 3.37
   vqmver    : 
   author    : MaxD http://devs.mx

File Name    : system/library/cache.php(0)
VQModObject::applyMod - SEARCH NOT FOUND (SKIPPED): if (is_file(DIR_SYSTEM . 'library/journal3/vendor/SuperCache

----------------------------------------------------------------------


---------- Date: 2026-03-30 17:29:18 ~ IP : 185.179.188.62 ----------
REQUEST URI : /index.php?route=module/popupcart_extended
MOD DETAILS:
   modFile   : /home/canmotalka/web/can-motalka.ru/public_html/vqmod/xml/lightning.xml
   id        : OpenCart Lightning
   version   : 3.37
   vqmver    : 
   author    : MaxD http://devs.mx

File Name    : system/library/cache.php(0)
VQModObject::applyMod - SEARCH NOT FOUND (SKIPPED): if (is_file(DIR_SYSTEM . 'library/journal3/vendor/SuperCache

----------------------------------------------------------------------


---------- Date: 2026-03-30 17:29:26 ~ IP : 185.179.188.62 ----------
REQUEST URI : /dostavka-i-oplata/
MOD DETAILS:
   modFile   : /home/canmotalka/web/can-motalka.ru/public_html/vqmod/xml/lightning.xml
   id        : OpenCart Lightning
   version   : 3.37
   vqmver    : 
   author    : MaxD http://devs.mx

File Name    : system/library/cache.php(0)
VQModObject::applyMod - SEARCH NOT FOUND (SKIPPED): if (is_file(DIR_SYSTEM . 'library/journal3/vendor/SuperCache

----------------------------------------------------------------------


---------- Date: 2026-03-30 17:30:19 ~ IP : 185.179.188.62 ----------
REQUEST URI : /podmotka-spidometra-renault-kangoo/
MOD DETAILS:
   modFile   : /home/canmotalka/web/can-motalka.ru/public_html/vqmod/xml/lightning.xml
   id        : OpenCart Lightning
   version   : 3.37
   vqmver    : 
   author    : MaxD http://devs.mx

File Name    : system/library/cache.php(0)
VQModObject::applyMod - SEARCH NOT FOUND (SKIPPED): if (is_file(DIR_SYSTEM . 'library/journal3/vendor/SuperCache

----------------------------------------------------------------------


---------- Date: 2026-03-30 17:31:07 ~ IP : 185.179.188.62 ----------
REQUEST URI : /index.php?route=common/footer/click_counter
MOD DETAILS:
   modFile   : /home/canmotalka/web/can-motalka.ru/public_html/vqmod/xml/lightning.xml
   id        : OpenCart Lightning
   version   : 3.37
   vqmver    : 
   author    : MaxD http://devs.mx

File Name    : system/library/cache.php(0)
VQModObject::applyMod - SEARCH NOT FOUND (SKIPPED): if (is_file(DIR_SYSTEM . 'library/journal3/vendor/SuperCache

----------------------------------------------------------------------


---------- Date: 2026-03-30 17:31:18 ~ IP : 185.179.188.62 ----------
REQUEST URI : /index.php?route=common/footer/click_counter
MOD DETAILS:
   modFile   : /home/canmotalka/web/can-motalka.ru/public_html/vqmod/xml/lightning.xml
   id        : OpenCart Lightning
   version   : 3.37
   vqmver    : 
   author    : MaxD http://devs.mx

File Name    : system/library/cache.php(0)
VQModObject::applyMod - SEARCH NOT FOUND (SKIPPED): if (is_file(DIR_SYSTEM . 'library/journal3/vendor/SuperCache

----------------------------------------------------------------------


---------- Date: 2026-03-30 17:31:23 ~ IP : 185.179.188.62 ----------
REQUEST URI : /namotchik-probega-dlya-toyota-land-cruiser-prado-150/
MOD DETAILS:
   modFile   : /home/canmotalka/web/can-motalka.ru/public_html/vqmod/xml/lightning.xml
   id        : OpenCart Lightning
   version   : 3.37
   vqmver    : 
   author    : MaxD http://devs.mx

File Name    : system/library/cache.php(0)
VQModObject::applyMod - SEARCH NOT FOUND (SKIPPED): if (is_file(DIR_SYSTEM . 'library/journal3/vendor/SuperCache

----------------------------------------------------------------------


---------- Date: 2026-03-30 17:32:09 ~ IP : 185.179.188.62 ----------
REQUEST URI : /index.php?route=checkout/cart/add
MOD DETAILS:
   modFile   : /home/canmotalka/web/can-motalka.ru/public_html/vqmod/xml/lightning.xml
   id        : OpenCart Lightning
   version   : 3.37
   vqmver    : 
   author    : MaxD http://devs.mx

File Name    : system/library/cache.php(0)
VQModObject::applyMod - SEARCH NOT FOUND (SKIPPED): if (is_file(DIR_SYSTEM . 'library/journal3/vendor/SuperCache

----------------------------------------------------------------------


---------- Date: 2026-03-30 17:32:09 ~ IP : 185.179.188.62 ----------
REQUEST URI : /index.php?route=checkout/simplecheckout
MOD DETAILS:
   modFile   : /home/canmotalka/web/can-motalka.ru/public_html/vqmod/xml/lightning.xml
   id        : OpenCart Lightning
   version   : 3.37
   vqmver    : 
   author    : MaxD http://devs.mx

File Name    : system/library/cache.php(0)
VQModObject::applyMod - SEARCH NOT FOUND (SKIPPED): if (is_file(DIR_SYSTEM . 'library/journal3/vendor/SuperCache

----------------------------------------------------------------------


---------- Date: 2026-03-30 17:32:09 ~ IP : 185.179.188.62 ----------
REQUEST URI : /zakaz/
MOD DETAILS:
   modFile   : /home/canmotalka/web/can-motalka.ru/public_html/vqmod/xml/lightning.xml
   id        : OpenCart Lightning
   version   : 3.37
   vqmver    : 
   author    : MaxD http://devs.mx

File Name    : system/library/cache.php(0)
VQModObject::applyMod - SEARCH NOT FOUND (SKIPPED): if (is_file(DIR_SYSTEM . 'library/journal3/vendor/SuperCache

----------------------------------------------------------------------


---------- Date: 2026-03-30 17:32:25 ~ IP : 185.179.188.62 ----------
REQUEST URI : /index.php?route=product/product/review&amp;product_id=167
MOD DETAILS:
   modFile   : /home/canmotalka/web/can-motalka.ru/public_html/vqmod/xml/lightning.xml
   id        : OpenCart Lightning
   version   : 3.37
   vqmver    : 
   author    : MaxD http://devs.mx

File Name    : system/library/cache.php(0)
VQModObject::applyMod - SEARCH NOT FOUND (SKIPPED): if (is_file(DIR_SYSTEM . 'library/journal3/vendor/SuperCache

----------------------------------------------------------------------


---------- Date: 2026-03-30 17:35:02 ~ IP : 185.179.188.62 ----------
REQUEST URI : /instrukciya-lada-granta-2021/
MOD DETAILS:
   modFile   : /home/canmotalka/web/can-motalka.ru/public_html/vqmod/xml/lightning.xml
   id        : OpenCart Lightning
   version   : 3.37
   vqmver    : 
   author    : MaxD http://devs.mx

File Name    : system/library/cache.php(0)
VQModObject::applyMod - SEARCH NOT FOUND (SKIPPED): if (is_file(DIR_SYSTEM . 'library/journal3/vendor/SuperCache

----------------------------------------------------------------------


---------- Date: 2026-03-30 17:35:05 ~ IP : 185.179.188.62 ----------
REQUEST URI : /index.php?route=module/popupcart_extended
MOD DETAILS:
   modFile   : /home/canmotalka/web/can-motalka.ru/public_html/vqmod/xml/lightning.xml
   id        : OpenCart Lightning
   version   : 3.37
   vqmver    : 
   author    : MaxD http://devs.mx

File Name    : system/library/cache.php(0)
VQModObject::applyMod - SEARCH NOT FOUND (SKIPPED): if (is_file(DIR_SYSTEM . 'library/journal3/vendor/SuperCache

----------------------------------------------------------------------


---------- Date: 2026-03-30 17:36:22 ~ IP : 185.179.188.62 ----------
REQUEST URI : /podmotka_spidometra/
MOD DETAILS:
   modFile   : /home/canmotalka/web/can-motalka.ru/public_html/vqmod/xml/lightning.xml
   id        : OpenCart Lightning
   version   : 3.37
   vqmver    : 
   author    : MaxD http://devs.mx

File Name    : system/library/cache.php(0)
VQModObject::applyMod - SEARCH NOT FOUND (SKIPPED): if (is_file(DIR_SYSTEM . 'library/journal3/vendor/SuperCache

----------------------------------------------------------------------


---------- Date: 2026-03-30 17:40:59 ~ IP : 185.179.188.62 ----------
REQUEST URI : /instrukciya-lada-granta-2021/
MOD DETAILS:
   modFile   : /home/canmotalka/web/can-motalka.ru/public_html/vqmod/xml/lightning.xml
   id        : OpenCart Lightning
   version   : 3.37
   vqmver    : 
   author    : MaxD http://devs.mx

File Name    : system/library/cache.php(0)
VQModObject::applyMod - SEARCH NOT FOUND (SKIPPED): if (is_file(DIR_SYSTEM . 'library/journal3/vendor/SuperCache

----------------------------------------------------------------------


---------- Date: 2026-03-30 17:41:00 ~ IP : 185.179.188.62 ----------
REQUEST URI : /index.php?route=module/popupcart_extended
MOD DETAILS:
   modFile   : /home/canmotalka/web/can-motalka.ru/public_html/vqmod/xml/lightning.xml
   id        : OpenCart Lightning
   version   : 3.37
   vqmver    : 
   author    : MaxD http://devs.mx

File Name    : system/library/cache.php(0)
VQModObject::applyMod - SEARCH NOT FOUND (SKIPPED): if (is_file(DIR_SYSTEM . 'library/journal3/vendor/SuperCache

----------------------------------------------------------------------


---------- Date: 2026-03-30 17:48:44 ~ IP : 185.179.188.62 ----------
REQUEST URI : /.well-known/traffic-advice
MOD DETAILS:
   modFile   : /home/canmotalka/web/can-motalka.ru/public_html/vqmod/xml/lightning.xml
   id        : OpenCart Lightning
   version   : 3.37
   vqmver    : 
   author    : MaxD http://devs.mx

File Name    : system/library/cache.php(0)
VQModObject::applyMod - SEARCH NOT FOUND (SKIPPED): if (is_file(DIR_SYSTEM . 'library/journal3/vendor/SuperCache

----------------------------------------------------------------------


---------- Date: 2026-03-30 17:48:44 ~ IP : 185.179.188.62 ----------
REQUEST URI : /gazelle_biz_manual/
MOD DETAILS:
   modFile   : /home/canmotalka/web/can-motalka.ru/public_html/vqmod/xml/lightning.xml
   id        : OpenCart Lightning
   version   : 3.37
   vqmver    : 
   author    : MaxD http://devs.mx

File Name    : system/library/cache.php(0)
VQModObject::applyMod - SEARCH NOT FOUND (SKIPPED): if (is_file(DIR_SYSTEM . 'library/journal3/vendor/SuperCache

----------------------------------------------------------------------


---------- Date: 2026-03-30 17:49:03 ~ IP : 185.179.188.62 ----------
REQUEST URI : /
MOD DETAILS:
   modFile   : /home/canmotalka/web/can-motalka.ru/public_html/vqmod/xml/lightning.xml
   id        : OpenCart Lightning
   version   : 3.37
   vqmver    : 
   author    : MaxD http://devs.mx

File Name    : system/library/cache.php(0)
VQModObject::applyMod - SEARCH NOT FOUND (SKIPPED): if (is_file(DIR_SYSTEM . 'library/journal3/vendor/SuperCache

----------------------------------------------------------------------


---------- Date: 2026-03-30 17:49:20 ~ IP : 185.179.188.62 ----------
REQUEST URI : /instrukciya-podmotka-kamaz/
MOD DETAILS:
   modFile   : /home/canmotalka/web/can-motalka.ru/public_html/vqmod/xml/lightning.xml
   id        : OpenCart Lightning
   version   : 3.37
   vqmver    : 
   author    : MaxD http://devs.mx

File Name    : system/library/cache.php(0)
VQModObject::applyMod - SEARCH NOT FOUND (SKIPPED): if (is_file(DIR_SYSTEM . 'library/journal3/vendor/SuperCache

----------------------------------------------------------------------


---------- Date: 2026-03-30 17:49:38 ~ IP : 185.179.188.62 ----------
REQUEST URI : /index.php?route=module/popupcart_extended
MOD DETAILS:
   modFile   : /home/canmotalka/web/can-motalka.ru/public_html/vqmod/xml/lightning.xml
   id        : OpenCart Lightning
   version   : 3.37
   vqmver    : 
   author    : MaxD http://devs.mx

File Name    : system/library/cache.php(0)
VQModObject::applyMod - SEARCH NOT FOUND (SKIPPED): if (is_file(DIR_SYSTEM . 'library/journal3/vendor/SuperCache

----------------------------------------------------------------------


---------- Date: 2026-03-30 17:49:57 ~ IP : 185.179.188.62 ----------
REQUEST URI : /instrukciya-podmotka-kamaz/
MOD DETAILS:
   modFile   : /home/canmotalka/web/can-motalka.ru/public_html/vqmod/xml/lightning.xml
   id        : OpenCart Lightning
   version   : 3.37
   vqmver    : 
   author    : MaxD http://devs.mx

File Name    : system/library/cache.php(0)
VQModObject::applyMod - SEARCH NOT FOUND (SKIPPED): if (is_file(DIR_SYSTEM . 'library/journal3/vendor/SuperCache

----------------------------------------------------------------------


---------- Date: 2026-03-30 17:50:38 ~ IP : 185.179.188.62 ----------
REQUEST URI : /instrukciya-podmotka-kamaz/
MOD DETAILS:
   modFile   : /home/canmotalka/web/can-motalka.ru/public_html/vqmod/xml/lightning.xml
   id        : OpenCart Lightning
   version   : 3.37
   vqmver    : 
   author    : MaxD http://devs.mx

File Name    : system/library/cache.php(0)
VQModObject::applyMod - SEARCH NOT FOUND (SKIPPED): if (is_file(DIR_SYSTEM . 'library/journal3/vendor/SuperCache

----------------------------------------------------------------------


---------- Date: 2026-03-30 17:54:22 ~ IP : 185.179.188.62 ----------
REQUEST URI : /instrukciya-podmotka-kamaz/
MOD DETAILS:
   modFile   : /home/canmotalka/web/can-motalka.ru/public_html/vqmod/xml/lightning.xml
   id        : OpenCart Lightning
   version   : 3.37
   vqmver    : 
   author    : MaxD http://devs.mx

File Name    : system/library/cache.php(0)
VQModObject::applyMod - SEARCH NOT FOUND (SKIPPED): if (is_file(DIR_SYSTEM . 'library/journal3/vendor/SuperCache

----------------------------------------------------------------------


---------- Date: 2026-03-30 17:54:28 ~ IP : 185.179.188.62 ----------
REQUEST URI : /instrukciya-dlya-podmotki-lada-niva/
MOD DETAILS:
   modFile   : /home/canmotalka/web/can-motalka.ru/public_html/vqmod/xml/lightning.xml
   id        : OpenCart Lightning
   version   : 3.37
   vqmver    : 
   author    : MaxD http://devs.mx

File Name    : system/library/cache.php(0)
VQModObject::applyMod - SEARCH NOT FOUND (SKIPPED): if (is_file(DIR_SYSTEM . 'library/journal3/vendor/SuperCache

----------------------------------------------------------------------


---------- Date: 2026-03-30 17:54:29 ~ IP : 185.179.188.62 ----------
REQUEST URI : /index.php?route=module/popupcart_extended
MOD DETAILS:
   modFile   : /home/canmotalka/web/can-motalka.ru/public_html/vqmod/xml/lightning.xml
   id        : OpenCart Lightning
   version   : 3.37
   vqmver    : 
   author    : MaxD http://devs.mx

File Name    : system/library/cache.php(0)
VQModObject::applyMod - SEARCH NOT FOUND (SKIPPED): if (is_file(DIR_SYSTEM . 'library/journal3/vendor/SuperCache

----------------------------------------------------------------------


---------- Date: 2026-03-30 17:54:50 ~ IP : 185.179.188.62 ----------
REQUEST URI : /instrukciya-podmotka-kamaz/
MOD DETAILS:
   modFile   : /home/canmotalka/web/can-motalka.ru/public_html/vqmod/xml/lightning.xml
   id        : OpenCart Lightning
   version   : 3.37
   vqmver    : 
   author    : MaxD http://devs.mx

File Name    : system/library/cache.php(0)
VQModObject::applyMod - SEARCH NOT FOUND (SKIPPED): if (is_file(DIR_SYSTEM . 'library/journal3/vendor/SuperCache

----------------------------------------------------------------------


---------- Date: 2026-03-30 17:56:24 ~ IP : 185.179.188.62 ----------
REQUEST URI : /podmotka-spidometra-niva-travel/
MOD DETAILS:
   modFile   : /home/canmotalka/web/can-motalka.ru/public_html/vqmod/xml/lightning.xml
   id        : OpenCart Lightning
   version   : 3.37
   vqmver    : 
   author    : MaxD http://devs.mx

File Name    : system/library/cache.php(0)
VQModObject::applyMod - SEARCH NOT FOUND (SKIPPED): if (is_file(DIR_SYSTEM . 'library/journal3/vendor/SuperCache

----------------------------------------------------------------------


---------- Date: 2026-03-30 17:57:44 ~ IP : 185.179.188.62 ----------
REQUEST URI : /podmotka-spidometra-haval-h9/?ysclid=mndbb84hx4564973613
MOD DETAILS:
   modFile   : /home/canmotalka/web/can-motalka.ru/public_html/vqmod/xml/lightning.xml
   id        : OpenCart Lightning
   version   : 3.37
   vqmver    : 
   author    : MaxD http://devs.mx

File Name    : system/library/cache.php(0)
VQModObject::applyMod - SEARCH NOT FOUND (SKIPPED): if (is_file(DIR_SYSTEM . 'library/journal3/vendor/SuperCache

----------------------------------------------------------------------


---------- Date: 2026-03-30 17:57:44 ~ IP : 185.179.188.62 ----------
REQUEST URI : /podmotka-spidometra-haval-h9/
MOD DETAILS:
   modFile   : /home/canmotalka/web/can-motalka.ru/public_html/vqmod/xml/lightning.xml
   id        : OpenCart Lightning
   version   : 3.37
   vqmver    : 
   author    : MaxD http://devs.mx

File Name    : system/library/cache.php(0)
VQModObject::applyMod - SEARCH NOT FOUND (SKIPPED): if (is_file(DIR_SYSTEM . 'library/journal3/vendor/SuperCache

----------------------------------------------------------------------


---------- Date: 2026-03-30 17:57:45 ~ IP : 185.179.188.62 ----------
REQUEST URI : /index.php?route=product/product/review&amp;product_id=303
MOD DETAILS:
   modFile   : /home/canmotalka/web/can-motalka.ru/public_html/vqmod/xml/lightning.xml
   id        : OpenCart Lightning
   version   : 3.37
   vqmver    : 
   author    : MaxD http://devs.mx

File Name    : system/library/cache.php(0)
VQModObject::applyMod - SEARCH NOT FOUND (SKIPPED): if (is_file(DIR_SYSTEM . 'library/journal3/vendor/SuperCache

----------------------------------------------------------------------


---------- Date: 2026-03-30 17:57:45 ~ IP : 185.179.188.62 ----------
REQUEST URI : /index.php?route=module/popupcart_extended
MOD DETAILS:
   modFile   : /home/canmotalka/web/can-motalka.ru/public_html/vqmod/xml/lightning.xml
   id        : OpenCart Lightning
   version   : 3.37
   vqmver    : 
   author    : MaxD http://devs.mx

File Name    : system/library/cache.php(0)
VQModObject::applyMod - SEARCH NOT FOUND (SKIPPED): if (is_file(DIR_SYSTEM . 'library/journal3/vendor/SuperCache

----------------------------------------------------------------------


---------- Date: 2026-03-30 17:58:35 ~ IP : 185.179.188.62 ----------
REQUEST URI : /podmotka-spidometra-niva-travel/
MOD DETAILS:
   modFile   : /home/canmotalka/web/can-motalka.ru/public_html/vqmod/xml/lightning.xml
   id        : OpenCart Lightning
   version   : 3.37
   vqmver    : 
   author    : MaxD http://devs.mx

File Name    : system/library/cache.php(0)
VQModObject::applyMod - SEARCH NOT FOUND (SKIPPED): if (is_file(DIR_SYSTEM . 'library/journal3/vendor/SuperCache

----------------------------------------------------------------------


---------- Date: 2026-03-30 18:01:14 ~ IP : 185.179.188.62 ----------
REQUEST URI : /podmotka-spidometra-niva-travel/
MOD DETAILS:
   modFile   : /home/canmotalka/web/can-motalka.ru/public_html/vqmod/xml/lightning.xml
   id        : OpenCart Lightning
   version   : 3.37
   vqmver    : 
   author    : MaxD http://devs.mx

File Name    : system/library/cache.php(0)
VQModObject::applyMod - SEARCH NOT FOUND (SKIPPED): if (is_file(DIR_SYSTEM . 'library/journal3/vendor/SuperCache

----------------------------------------------------------------------


---------- Date: 2026-03-30 18:01:27 ~ IP : 185.179.188.62 ----------
REQUEST URI : /instrukciya-podmotka-niva-travel-chevrolet/
MOD DETAILS:
   modFile   : /home/canmotalka/web/can-motalka.ru/public_html/vqmod/xml/lightning.xml
   id        : OpenCart Lightning
   version   : 3.37
   vqmver    : 
   author    : MaxD http://devs.mx

File Name    : system/library/cache.php(0)
VQModObject::applyMod - SEARCH NOT FOUND (SKIPPED): if (is_file(DIR_SYSTEM . 'library/journal3/vendor/SuperCache

----------------------------------------------------------------------


---------- Date: 2026-03-30 18:02:02 ~ IP : 185.179.188.62 ----------
REQUEST URI : /motalki/ford/?ysclid=mndbgrrf3x477264316
MOD DETAILS:
   modFile   : /home/canmotalka/web/can-motalka.ru/public_html/vqmod/xml/lightning.xml
   id        : OpenCart Lightning
   version   : 3.37
   vqmver    : 
   author    : MaxD http://devs.mx

File Name    : system/library/cache.php(0)
VQModObject::applyMod - SEARCH NOT FOUND (SKIPPED): if (is_file(DIR_SYSTEM . 'library/journal3/vendor/SuperCache

----------------------------------------------------------------------


---------- Date: 2026-03-30 18:02:03 ~ IP : 185.179.188.62 ----------
REQUEST URI : /index.php?route=module/popupcart_extended
MOD DETAILS:
   modFile   : /home/canmotalka/web/can-motalka.ru/public_html/vqmod/xml/lightning.xml
   id        : OpenCart Lightning
   version   : 3.37
   vqmver    : 
   author    : MaxD http://devs.mx

File Name    : system/library/cache.php(0)
VQModObject::applyMod - SEARCH NOT FOUND (SKIPPED): if (is_file(DIR_SYSTEM . 'library/journal3/vendor/SuperCache

----------------------------------------------------------------------


---------- Date: 2026-03-30 18:06:42 ~ IP : 185.179.188.62 ----------
REQUEST URI : /kak-nastroit-podmotku-na-lada-vesta-xray/
MOD DETAILS:
   modFile   : /home/canmotalka/web/can-motalka.ru/public_html/vqmod/xml/lightning.xml
   id        : OpenCart Lightning
   version   : 3.37
   vqmver    : 
   author    : MaxD http://devs.mx

File Name    : system/library/cache.php(0)
VQModObject::applyMod - SEARCH NOT FOUND (SKIPPED): if (is_file(DIR_SYSTEM . 'library/journal3/vendor/SuperCache

----------------------------------------------------------------------


---------- Date: 2026-03-30 18:07:04 ~ IP : 185.179.188.62 ----------
REQUEST URI : /krutilka-podmotka-spidometra-skoda-fabia/
MOD DETAILS:
   modFile   : /home/canmotalka/web/can-motalka.ru/public_html/vqmod/xml/lightning.xml
   id        : OpenCart Lightning
   version   : 3.37
   vqmver    : 
   author    : MaxD http://devs.mx

File Name    : system/library/cache.php(0)
VQModObject::applyMod - SEARCH NOT FOUND (SKIPPED): if (is_file(DIR_SYSTEM . 'library/journal3/vendor/SuperCache

----------------------------------------------------------------------


---------- Date: 2026-03-30 18:07:05 ~ IP : 185.179.188.62 ----------
REQUEST URI : /podmotka-spidometra-na-shkoda-oktaviya/
MOD DETAILS:
   modFile   : /home/canmotalka/web/can-motalka.ru/public_html/vqmod/xml/lightning.xml
   id        : OpenCart Lightning
   version   : 3.37
   vqmver    : 
   author    : MaxD http://devs.mx

File Name    : system/library/cache.php(0)
VQModObject::applyMod - SEARCH NOT FOUND (SKIPPED): if (is_file(DIR_SYSTEM . 'library/journal3/vendor/SuperCache

----------------------------------------------------------------------


---------- Date: 2026-03-30 18:07:09 ~ IP : 185.179.188.62 ----------
REQUEST URI : /setting_php/super-jevitra/600-prilidji-20-zakazat/
MOD DETAILS:
   modFile   : /home/canmotalka/web/can-motalka.ru/public_html/vqmod/xml/lightning.xml
   id        : OpenCart Lightning
   version   : 3.37
   vqmver    : 
   author    : MaxD http://devs.mx

File Name    : system/library/cache.php(0)
VQModObject::applyMod - SEARCH NOT FOUND (SKIPPED): if (is_file(DIR_SYSTEM . 'library/journal3/vendor/SuperCache

----------------------------------------------------------------------


---------- Date: 2026-03-30 18:07:32 ~ IP : 185.179.188.62 ----------
REQUEST URI : /podmotka-spidometra-gazel-nekst/
MOD DETAILS:
   modFile   : /home/canmotalka/web/can-motalka.ru/public_html/vqmod/xml/lightning.xml
   id        : OpenCart Lightning
   version   : 3.37
   vqmver    : 
   author    : MaxD http://devs.mx

File Name    : system/library/cache.php(0)
VQModObject::applyMod - SEARCH NOT FOUND (SKIPPED): if (is_file(DIR_SYSTEM . 'library/journal3/vendor/SuperCache

----------------------------------------------------------------------


---------- Date: 2026-03-30 18:08:03 ~ IP : 185.179.188.62 ----------
REQUEST URI : /instrukciya-podmotka-kamaz/?ysclid=mndboh4lzu687221195
MOD DETAILS:
   modFile   : /home/canmotalka/web/can-motalka.ru/public_html/vqmod/xml/lightning.xml
   id        : OpenCart Lightning
   version   : 3.37
   vqmver    : 
   author    : MaxD http://devs.mx

File Name    : system/library/cache.php(0)
VQModObject::applyMod - SEARCH NOT FOUND (SKIPPED): if (is_file(DIR_SYSTEM . 'library/journal3/vendor/SuperCache

----------------------------------------------------------------------


---------- Date: 2026-03-30 18:08:03 ~ IP : 185.179.188.62 ----------
REQUEST URI : /instrukciya-podmotka-kamaz/
MOD DETAILS:
   modFile   : /home/canmotalka/web/can-motalka.ru/public_html/vqmod/xml/lightning.xml
   id        : OpenCart Lightning
   version   : 3.37
   vqmver    : 
   author    : MaxD http://devs.mx

File Name    : system/library/cache.php(0)
VQModObject::applyMod - SEARCH NOT FOUND (SKIPPED): if (is_file(DIR_SYSTEM . 'library/journal3/vendor/SuperCache

----------------------------------------------------------------------


---------- Date: 2026-03-30 18:08:04 ~ IP : 185.179.188.62 ----------
REQUEST URI : /index.php?route=module/popupcart_extended
MOD DETAILS:
   modFile   : /home/canmotalka/web/can-motalka.ru/public_html/vqmod/xml/lightning.xml
   id        : OpenCart Lightning
   version   : 3.37
   vqmver    : 
   author    : MaxD http://devs.mx

File Name    : system/library/cache.php(0)
VQModObject::applyMod - SEARCH NOT FOUND (SKIPPED): if (is_file(DIR_SYSTEM . 'library/journal3/vendor/SuperCache

----------------------------------------------------------------------


---------- Date: 2026-03-30 18:10:55 ~ IP : 185.179.188.62 ----------
REQUEST URI : /podmotka-spidometra-na-ford-fokus-3-za-3500-rubley/
MOD DETAILS:
   modFile   : /home/canmotalka/web/can-motalka.ru/public_html/vqmod/xml/lightning.xml
   id        : OpenCart Lightning
   version   : 3.37
   vqmver    : 
   author    : MaxD http://devs.mx

File Name    : system/library/cache.php(0)
VQModObject::applyMod - SEARCH NOT FOUND (SKIPPED): if (is_file(DIR_SYSTEM . 'library/journal3/vendor/SuperCache

----------------------------------------------------------------------


---------- Date: 2026-03-30 18:11:30 ~ IP : 185.179.188.62 ----------
REQUEST URI : /podmotka-spidometra-nissan-x-trail/
MOD DETAILS:
   modFile   : /home/canmotalka/web/can-motalka.ru/public_html/vqmod/xml/lightning.xml
   id        : OpenCart Lightning
   version   : 3.37
   vqmver    : 
   author    : MaxD http://devs.mx

File Name    : system/library/cache.php(0)
VQModObject::applyMod - SEARCH NOT FOUND (SKIPPED): if (is_file(DIR_SYSTEM . 'library/journal3/vendor/SuperCache

----------------------------------------------------------------------


---------- Date: 2026-03-30 18:15:24 ~ IP : 185.179.188.62 ----------
REQUEST URI : /manuals/
MOD DETAILS:
   modFile   : /home/canmotalka/web/can-motalka.ru/public_html/vqmod/xml/lightning.xml
   id        : OpenCart Lightning
   version   : 3.37
   vqmver    : 
   author    : MaxD http://devs.mx

File Name    : system/library/cache.php(0)
VQModObject::applyMod - SEARCH NOT FOUND (SKIPPED): if (is_file(DIR_SYSTEM . 'library/journal3/vendor/SuperCache

----------------------------------------------------------------------


---------- Date: 2026-03-30 18:18:23 ~ IP : 185.179.188.62 ----------
REQUEST URI : /podmotka-spidometra-kia-sorento/
MOD DETAILS:
   modFile   : /home/canmotalka/web/can-motalka.ru/public_html/vqmod/xml/lightning.xml
   id        : OpenCart Lightning
   version   : 3.37
   vqmver    : 
   author    : MaxD http://devs.mx

File Name    : system/library/cache.php(0)
VQModObject::applyMod - SEARCH NOT FOUND (SKIPPED): if (is_file(DIR_SYSTEM . 'library/journal3/vendor/SuperCache

----------------------------------------------------------------------


---------- Date: 2026-03-30 18:19:47 ~ IP : 185.179.188.62 ----------
REQUEST URI : /instrukciya-podmotka-vesta/?ysclid=mndc3lkn3h271057321
MOD DETAILS:
   modFile   : /home/canmotalka/web/can-motalka.ru/public_html/vqmod/xml/lightning.xml
   id        : OpenCart Lightning
   version   : 3.37
   vqmver    : 
   author    : MaxD http://devs.mx

File Name    : system/library/cache.php(0)
VQModObject::applyMod - SEARCH NOT FOUND (SKIPPED): if (is_file(DIR_SYSTEM . 'library/journal3/vendor/SuperCache

----------------------------------------------------------------------


---------- Date: 2026-03-30 18:19:48 ~ IP : 185.179.188.62 ----------
REQUEST URI : /instrukciya-podmotka-vesta/
MOD DETAILS:
   modFile   : /home/canmotalka/web/can-motalka.ru/public_html/vqmod/xml/lightning.xml
   id        : OpenCart Lightning
   version   : 3.37
   vqmver    : 
   author    : MaxD http://devs.mx

File Name    : system/library/cache.php(0)
VQModObject::applyMod - SEARCH NOT FOUND (SKIPPED): if (is_file(DIR_SYSTEM . 'library/journal3/vendor/SuperCache

----------------------------------------------------------------------


---------- Date: 2026-03-30 18:20:04 ~ IP : 185.179.188.62 ----------
REQUEST URI : /kak-perenastroit-podmotku-spidometra/
MOD DETAILS:
   modFile   : /home/canmotalka/web/can-motalka.ru/public_html/vqmod/xml/lightning.xml
   id        : OpenCart Lightning
   version   : 3.37
   vqmver    : 
   author    : MaxD http://devs.mx

File Name    : system/library/cache.php(0)
VQModObject::applyMod - SEARCH NOT FOUND (SKIPPED): if (is_file(DIR_SYSTEM . 'library/journal3/vendor/SuperCache

----------------------------------------------------------------------


---------- Date: 2026-03-30 18:20:10 ~ IP : 185.179.188.62 ----------
REQUEST URI : /index.php?route=module/popupcart_extended
MOD DETAILS:
   modFile   : /home/canmotalka/web/can-motalka.ru/public_html/vqmod/xml/lightning.xml
   id        : OpenCart Lightning
   version   : 3.37
   vqmver    : 
   author    : MaxD http://devs.mx

File Name    : system/library/cache.php(0)
VQModObject::applyMod - SEARCH NOT FOUND (SKIPPED): if (is_file(DIR_SYSTEM . 'library/journal3/vendor/SuperCache

----------------------------------------------------------------------


---------- Date: 2026-03-30 18:21:32 ~ IP : 185.179.188.62 ----------
REQUEST URI : /podmotka-spidometra-volkswagen-caddy/
MOD DETAILS:
   modFile   : /home/canmotalka/web/can-motalka.ru/public_html/vqmod/xml/lightning.xml
   id        : OpenCart Lightning
   version   : 3.37
   vqmver    : 
   author    : MaxD http://devs.mx

File Name    : system/library/cache.php(0)
VQModObject::applyMod - SEARCH NOT FOUND (SKIPPED): if (is_file(DIR_SYSTEM . 'library/journal3/vendor/SuperCache

----------------------------------------------------------------------


---------- Date: 2026-03-30 18:21:34 ~ IP : 185.179.188.62 ----------
REQUEST URI : /krutilka_spidometra/
MOD DETAILS:
   modFile   : /home/canmotalka/web/can-motalka.ru/public_html/vqmod/xml/lightning.xml
   id        : OpenCart Lightning
   version   : 3.37
   vqmver    : 
   author    : MaxD http://devs.mx

File Name    : system/library/cache.php(0)
VQModObject::applyMod - SEARCH NOT FOUND (SKIPPED): if (is_file(DIR_SYSTEM . 'library/journal3/vendor/SuperCache

----------------------------------------------------------------------


---------- Date: 2026-03-30 18:23:10 ~ IP : 185.179.188.62 ----------
REQUEST URI : /podmotka-spidometra-lada-priora/
MOD DETAILS:
   modFile   : /home/canmotalka/web/can-motalka.ru/public_html/vqmod/xml/lightning.xml
   id        : OpenCart Lightning
   version   : 3.37
   vqmver    : 
   author    : MaxD http://devs.mx

File Name    : system/library/cache.php(0)
VQModObject::applyMod - SEARCH NOT FOUND (SKIPPED): if (is_file(DIR_SYSTEM . 'library/journal3/vendor/SuperCache

----------------------------------------------------------------------


---------- Date: 2026-03-30 18:23:12 ~ IP : 185.179.188.62 ----------
REQUEST URI : /patriot_re/
MOD DETAILS:
   modFile   : /home/canmotalka/web/can-motalka.ru/public_html/vqmod/xml/lightning.xml
   id        : OpenCart Lightning
   version   : 3.37
   vqmver    : 
   author    : MaxD http://devs.mx

File Name    : system/library/cache.php(0)
VQModObject::applyMod - SEARCH NOT FOUND (SKIPPED): if (is_file(DIR_SYSTEM . 'library/journal3/vendor/SuperCache

----------------------------------------------------------------------


---------- Date: 2026-03-30 18:23:44 ~ IP : 185.179.188.62 ----------
REQUEST URI : /sitemap.xml
MOD DETAILS:
   modFile   : /home/canmotalka/web/can-motalka.ru/public_html/vqmod/xml/lightning.xml
   id        : OpenCart Lightning
   version   : 3.37
   vqmver    : 
   author    : MaxD http://devs.mx

File Name    : system/library/cache.php(0)
VQModObject::applyMod - SEARCH NOT FOUND (SKIPPED): if (is_file(DIR_SYSTEM . 'library/journal3/vendor/SuperCache

----------------------------------------------------------------------


---------- Date: 2026-03-30 18:23:45 ~ IP : 185.179.188.62 ----------
REQUEST URI : /index.php?route=feed/google_sitemap_fast
MOD DETAILS:
   modFile   : /home/canmotalka/web/can-motalka.ru/public_html/vqmod/xml/lightning.xml
   id        : OpenCart Lightning
   version   : 3.37
   vqmver    : 
   author    : MaxD http://devs.mx

File Name    : system/library/cache.php(0)
VQModObject::applyMod - SEARCH NOT FOUND (SKIPPED): if (is_file(DIR_SYSTEM . 'library/journal3/vendor/SuperCache

----------------------------------------------------------------------


---------- Date: 2026-03-30 18:25:08 ~ IP : 185.179.188.62 ----------
REQUEST URI : /krutilka_spidometra/
MOD DETAILS:
   modFile   : /home/canmotalka/web/can-motalka.ru/public_html/vqmod/xml/lightning.xml
   id        : OpenCart Lightning
   version   : 3.37
   vqmver    : 
   author    : MaxD http://devs.mx

File Name    : system/library/cache.php(0)
VQModObject::applyMod - SEARCH NOT FOUND (SKIPPED): if (is_file(DIR_SYSTEM . 'library/journal3/vendor/SuperCache

----------------------------------------------------------------------


---------- Date: 2026-03-30 18:25:40 ~ IP : 185.179.188.62 ----------
REQUEST URI : /podmotka-spidometra-hyundai-santa-fe-2/
MOD DETAILS:
   modFile   : /home/canmotalka/web/can-motalka.ru/public_html/vqmod/xml/lightning.xml
   id        : OpenCart Lightning
   version   : 3.37
   vqmver    : 
   author    : MaxD http://devs.mx

File Name    : system/library/cache.php(0)
VQModObject::applyMod - SEARCH NOT FOUND (SKIPPED): if (is_file(DIR_SYSTEM . 'library/journal3/vendor/SuperCache

----------------------------------------------------------------------


---------- Date: 2026-03-30 18:25:50 ~ IP : 185.179.188.62 ----------
REQUEST URI : /?ysclid=mndcbd5hdb844949508
MOD DETAILS:
   modFile   : /home/canmotalka/web/can-motalka.ru/public_html/vqmod/xml/lightning.xml
   id        : OpenCart Lightning
   version   : 3.37
   vqmver    : 
   author    : MaxD http://devs.mx

File Name    : system/library/cache.php(0)
VQModObject::applyMod - SEARCH NOT FOUND (SKIPPED): if (is_file(DIR_SYSTEM . 'library/journal3/vendor/SuperCache

----------------------------------------------------------------------


---------- Date: 2026-03-30 18:26:21 ~ IP : 185.179.188.62 ----------
REQUEST URI : /index.php?route=module/popupcart_extended
MOD DETAILS:
   modFile   : /home/canmotalka/web/can-motalka.ru/public_html/vqmod/xml/lightning.xml
   id        : OpenCart Lightning
   version   : 3.37
   vqmver    : 
   author    : MaxD http://devs.mx

File Name    : system/library/cache.php(0)
VQModObject::applyMod - SEARCH NOT FOUND (SKIPPED): if (is_file(DIR_SYSTEM . 'library/journal3/vendor/SuperCache

----------------------------------------------------------------------


---------- Date: 2026-03-30 18:28:28 ~ IP : 185.179.188.62 ----------
REQUEST URI : /podmotka-spidometra-uaz-patriot/
MOD DETAILS:
   modFile   : /home/canmotalka/web/can-motalka.ru/public_html/vqmod/xml/lightning.xml
   id        : OpenCart Lightning
   version   : 3.37
   vqmver    : 
   author    : MaxD http://devs.mx

File Name    : system/library/cache.php(0)
VQModObject::applyMod - SEARCH NOT FOUND (SKIPPED): if (is_file(DIR_SYSTEM . 'library/journal3/vendor/SuperCache

----------------------------------------------------------------------


---------- Date: 2026-03-30 18:28:29 ~ IP : 185.179.188.62 ----------
REQUEST URI : /index.php?route=product/product/review&amp;product_id=277
MOD DETAILS:
   modFile   : /home/canmotalka/web/can-motalka.ru/public_html/vqmod/xml/lightning.xml
   id        : OpenCart Lightning
   version   : 3.37
   vqmver    : 
   author    : MaxD http://devs.mx

File Name    : system/library/cache.php(0)
VQModObject::applyMod - SEARCH NOT FOUND (SKIPPED): if (is_file(DIR_SYSTEM . 'library/journal3/vendor/SuperCache

----------------------------------------------------------------------


---------- Date: 2026-03-30 18:28:29 ~ IP : 185.179.188.62 ----------
REQUEST URI : /index.php?route=module/popupcart_extended
MOD DETAILS:
   modFile   : /home/canmotalka/web/can-motalka.ru/public_html/vqmod/xml/lightning.xml
   id        : OpenCart Lightning
   version   : 3.37
   vqmver    : 
   author    : MaxD http://devs.mx

File Name    : system/library/cache.php(0)
VQModObject::applyMod - SEARCH NOT FOUND (SKIPPED): if (is_file(DIR_SYSTEM . 'library/journal3/vendor/SuperCache

----------------------------------------------------------------------


---------- Date: 2026-03-30 18:29:38 ~ IP : 185.179.188.62 ----------
REQUEST URI : /podmotka-spidometra-niva-travel/
MOD DETAILS:
   modFile   : /home/canmotalka/web/can-motalka.ru/public_html/vqmod/xml/lightning.xml
   id        : OpenCart Lightning
   version   : 3.37
   vqmver    : 
   author    : MaxD http://devs.mx

File Name    : system/library/cache.php(0)
VQModObject::applyMod - SEARCH NOT FOUND (SKIPPED): if (is_file(DIR_SYSTEM . 'library/journal3/vendor/SuperCache

----------------------------------------------------------------------


---------- Date: 2026-03-30 18:30:42 ~ IP : 185.179.188.62 ----------
REQUEST URI : /podmotka-spidometra-volkswagen-transporter-t5/
MOD DETAILS:
   modFile   : /home/canmotalka/web/can-motalka.ru/public_html/vqmod/xml/lightning.xml
   id        : OpenCart Lightning
   version   : 3.37
   vqmver    : 
   author    : MaxD http://devs.mx

File Name    : system/library/cache.php(0)
VQModObject::applyMod - SEARCH NOT FOUND (SKIPPED): if (is_file(DIR_SYSTEM . 'library/journal3/vendor/SuperCache

----------------------------------------------------------------------


---------- Date: 2026-03-30 18:30:46 ~ IP : 185.179.188.62 ----------
REQUEST URI : /podmotka-spidometra-hyundai-santa-fe-2
MOD DETAILS:
   modFile   : /home/canmotalka/web/can-motalka.ru/public_html/vqmod/xml/lightning.xml
   id        : OpenCart Lightning
   version   : 3.37
   vqmver    : 
   author    : MaxD http://devs.mx

File Name    : system/library/cache.php(0)
VQModObject::applyMod - SEARCH NOT FOUND (SKIPPED): if (is_file(DIR_SYSTEM . 'library/journal3/vendor/SuperCache

----------------------------------------------------------------------


---------- Date: 2026-03-30 18:30:49 ~ IP : 185.179.188.62 ----------
REQUEST URI : /podmotka-spidometra-hyundai-santa-fe-2/
MOD DETAILS:
   modFile   : /home/canmotalka/web/can-motalka.ru/public_html/vqmod/xml/lightning.xml
   id        : OpenCart Lightning
   version   : 3.37
   vqmver    : 
   author    : MaxD http://devs.mx

File Name    : system/library/cache.php(0)
VQModObject::applyMod - SEARCH NOT FOUND (SKIPPED): if (is_file(DIR_SYSTEM . 'library/journal3/vendor/SuperCache

----------------------------------------------------------------------


---------- Date: 2026-03-30 18:32:05 ~ IP : 185.179.188.62 ----------
REQUEST URI : /podmotka-spidometra-toyota-highlander/?ysclid=mnd8zb291e735668377
MOD DETAILS:
   modFile   : /home/canmotalka/web/can-motalka.ru/public_html/vqmod/xml/lightning.xml
   id        : OpenCart Lightning
   version   : 3.37
   vqmver    : 
   author    : MaxD http://devs.mx

File Name    : system/library/cache.php(0)
VQModObject::applyMod - SEARCH NOT FOUND (SKIPPED): if (is_file(DIR_SYSTEM . 'library/journal3/vendor/SuperCache

----------------------------------------------------------------------


---------- Date: 2026-03-30 18:32:36 ~ IP : 185.179.188.62 ----------
REQUEST URI : /podmotka-spidometra-toyota-highlander/?ysclid=mnd8zb291e735668377
MOD DETAILS:
   modFile   : /home/canmotalka/web/can-motalka.ru/public_html/vqmod/xml/lightning.xml
   id        : OpenCart Lightning
   version   : 3.37
   vqmver    : 
   author    : MaxD http://devs.mx

File Name    : system/library/cache.php(0)
VQModObject::applyMod - SEARCH NOT FOUND (SKIPPED): if (is_file(DIR_SYSTEM . 'library/journal3/vendor/SuperCache

----------------------------------------------------------------------


---------- Date: 2026-03-30 18:32:36 ~ IP : 185.179.188.62 ----------
REQUEST URI : /podmotka-spidometra-toyota-highlander/
MOD DETAILS:
   modFile   : /home/canmotalka/web/can-motalka.ru/public_html/vqmod/xml/lightning.xml
   id        : OpenCart Lightning
   version   : 3.37
   vqmver    : 
   author    : MaxD http://devs.mx

File Name    : system/library/cache.php(0)
VQModObject::applyMod - SEARCH NOT FOUND (SKIPPED): if (is_file(DIR_SYSTEM . 'library/journal3/vendor/SuperCache

----------------------------------------------------------------------


---------- Date: 2026-03-30 18:33:18 ~ IP : 185.179.188.62 ----------
REQUEST URI : /podmotka-spidometra-shevrole-niva-abs-bezlimitnaya/
MOD DETAILS:
   modFile   : /home/canmotalka/web/can-motalka.ru/public_html/vqmod/xml/lightning.xml
   id        : OpenCart Lightning
   version   : 3.37
   vqmver    : 
   author    : MaxD http://devs.mx

File Name    : system/library/cache.php(0)
VQModObject::applyMod - SEARCH NOT FOUND (SKIPPED): if (is_file(DIR_SYSTEM . 'library/journal3/vendor/SuperCache

----------------------------------------------------------------------


---------- Date: 2026-03-30 18:34:05 ~ IP : 185.179.188.62 ----------
REQUEST URI : /namotchik-probega-dlya-toyota-land-cruiser-prado-150
MOD DETAILS:
   modFile   : /home/canmotalka/web/can-motalka.ru/public_html/vqmod/xml/lightning.xml
   id        : OpenCart Lightning
   version   : 3.37
   vqmver    : 
   author    : MaxD http://devs.mx

File Name    : system/library/cache.php(0)
VQModObject::applyMod - SEARCH NOT FOUND (SKIPPED): if (is_file(DIR_SYSTEM . 'library/journal3/vendor/SuperCache

----------------------------------------------------------------------


---------- Date: 2026-03-30 18:34:27 ~ IP : 185.179.188.62 ----------
REQUEST URI : /podmotka-spidometra-haval-jolion/
MOD DETAILS:
   modFile   : /home/canmotalka/web/can-motalka.ru/public_html/vqmod/xml/lightning.xml
   id        : OpenCart Lightning
   version   : 3.37
   vqmver    : 
   author    : MaxD http://devs.mx

File Name    : system/library/cache.php(0)
VQModObject::applyMod - SEARCH NOT FOUND (SKIPPED): if (is_file(DIR_SYSTEM . 'library/journal3/vendor/SuperCache

----------------------------------------------------------------------


---------- Date: 2026-03-30 18:35:22 ~ IP : 185.179.188.62 ----------
REQUEST URI : /index.php?route=checkout/cart/add
MOD DETAILS:
   modFile   : /home/canmotalka/web/can-motalka.ru/public_html/vqmod/xml/lightning.xml
   id        : OpenCart Lightning
   version   : 3.37
   vqmver    : 
   author    : MaxD http://devs.mx

File Name    : system/library/cache.php(0)
VQModObject::applyMod - SEARCH NOT FOUND (SKIPPED): if (is_file(DIR_SYSTEM . 'library/journal3/vendor/SuperCache

----------------------------------------------------------------------


---------- Date: 2026-03-30 18:35:22 ~ IP : 185.179.188.62 ----------
REQUEST URI : /index.php?route=checkout/simplecheckout
MOD DETAILS:
   modFile   : /home/canmotalka/web/can-motalka.ru/public_html/vqmod/xml/lightning.xml
   id        : OpenCart Lightning
   version   : 3.37
   vqmver    : 
   author    : MaxD http://devs.mx

File Name    : system/library/cache.php(0)
VQModObject::applyMod - SEARCH NOT FOUND (SKIPPED): if (is_file(DIR_SYSTEM . 'library/journal3/vendor/SuperCache

----------------------------------------------------------------------


---------- Date: 2026-03-30 18:35:23 ~ IP : 185.179.188.62 ----------
REQUEST URI : /zakaz/
MOD DETAILS:
   modFile   : /home/canmotalka/web/can-motalka.ru/public_html/vqmod/xml/lightning.xml
   id        : OpenCart Lightning
   version   : 3.37
   vqmver    : 
   author    : MaxD http://devs.mx

File Name    : system/library/cache.php(0)
VQModObject::applyMod - SEARCH NOT FOUND (SKIPPED): if (is_file(DIR_SYSTEM . 'library/journal3/vendor/SuperCache

----------------------------------------------------------------------


---------- Date: 2026-03-30 18:35:42 ~ IP : 185.179.188.62 ----------
REQUEST URI : /podmotka-spidometra-jac-t6/
MOD DETAILS:
   modFile   : /home/canmotalka/web/can-motalka.ru/public_html/vqmod/xml/lightning.xml
   id        : OpenCart Lightning
   version   : 3.37
   vqmver    : 
   author    : MaxD http://devs.mx

File Name    : system/library/cache.php(0)
VQModObject::applyMod - SEARCH NOT FOUND (SKIPPED): if (is_file(DIR_SYSTEM . 'library/journal3/vendor/SuperCache

----------------------------------------------------------------------


---------- Date: 2026-03-30 18:37:38 ~ IP : 185.179.188.62 ----------
REQUEST URI : /motalki/mercedes
MOD DETAILS:
   modFile   : /home/canmotalka/web/can-motalka.ru/public_html/vqmod/xml/lightning.xml
   id        : OpenCart Lightning
   version   : 3.37
   vqmver    : 
   author    : MaxD http://devs.mx

File Name    : system/library/cache.php(0)
VQModObject::applyMod - SEARCH NOT FOUND (SKIPPED): if (is_file(DIR_SYSTEM . 'library/journal3/vendor/SuperCache

----------------------------------------------------------------------


---------- Date: 2026-03-30 18:37:54 ~ IP : 185.179.188.62 ----------
REQUEST URI : /podmotka-spidometra-renault-dokker/
MOD DETAILS:
   modFile   : /home/canmotalka/web/can-motalka.ru/public_html/vqmod/xml/lightning.xml
   id        : OpenCart Lightning
   version   : 3.37
   vqmver    : 
   author    : MaxD http://devs.mx

File Name    : system/library/cache.php(0)
VQModObject::applyMod - SEARCH NOT FOUND (SKIPPED): if (is_file(DIR_SYSTEM . 'library/journal3/vendor/SuperCache

----------------------------------------------------------------------


---------- Date: 2026-03-30 18:38:11 ~ IP : 185.179.188.62 ----------
REQUEST URI : /podmotka-spidometra-gazel-v-prikurivatel/
MOD DETAILS:
   modFile   : /home/canmotalka/web/can-motalka.ru/public_html/vqmod/xml/lightning.xml
   id        : OpenCart Lightning
   version   : 3.37
   vqmver    : 
   author    : MaxD http://devs.mx

File Name    : system/library/cache.php(0)
VQModObject::applyMod - SEARCH NOT FOUND (SKIPPED): if (is_file(DIR_SYSTEM . 'library/journal3/vendor/SuperCache

----------------------------------------------------------------------


---------- Date: 2026-03-30 18:39:26 ~ IP : 185.179.188.62 ----------
REQUEST URI : /podmotka-spidometra-haval-h9/
MOD DETAILS:
   modFile   : /home/canmotalka/web/can-motalka.ru/public_html/vqmod/xml/lightning.xml
   id        : OpenCart Lightning
   version   : 3.37
   vqmver    : 
   author    : MaxD http://devs.mx

File Name    : system/library/cache.php(0)
VQModObject::applyMod - SEARCH NOT FOUND (SKIPPED): if (is_file(DIR_SYSTEM . 'library/journal3/vendor/SuperCache

----------------------------------------------------------------------


---------- Date: 2026-03-30 18:39:34 ~ IP : 185.179.188.62 ----------
REQUEST URI : /instrukciya-dlya-podmotki-lada-largus-2021/
MOD DETAILS:
   modFile   : /home/canmotalka/web/can-motalka.ru/public_html/vqmod/xml/lightning.xml
   id        : OpenCart Lightning
   version   : 3.37
   vqmver    : 
   author    : MaxD http://devs.mx

File Name    : system/library/cache.php(0)
VQModObject::applyMod - SEARCH NOT FOUND (SKIPPED): if (is_file(DIR_SYSTEM . 'library/journal3/vendor/SuperCache

----------------------------------------------------------------------


---------- Date: 2026-03-30 18:39:35 ~ IP : 185.179.188.62 ----------
REQUEST URI : /index.php?route=module/popupcart_extended
MOD DETAILS:
   modFile   : /home/canmotalka/web/can-motalka.ru/public_html/vqmod/xml/lightning.xml
   id        : OpenCart Lightning
   version   : 3.37
   vqmver    : 
   author    : MaxD http://devs.mx

File Name    : system/library/cache.php(0)
VQModObject::applyMod - SEARCH NOT FOUND (SKIPPED): if (is_file(DIR_SYSTEM . 'library/journal3/vendor/SuperCache

----------------------------------------------------------------------


---------- Date: 2026-03-30 18:41:20 ~ IP : 185.179.188.62 ----------
REQUEST URI : /sitemap.xml:cen
MOD DETAILS:
   modFile   : /home/canmotalka/web/can-motalka.ru/public_html/vqmod/xml/lightning.xml
   id        : OpenCart Lightning
   version   : 3.37
   vqmver    : 
   author    : MaxD http://devs.mx

File Name    : system/library/cache.php(0)
VQModObject::applyMod - SEARCH NOT FOUND (SKIPPED): if (is_file(DIR_SYSTEM . 'library/journal3/vendor/SuperCache

----------------------------------------------------------------------


---------- Date: 2026-03-30 18:41:21 ~ IP : 185.179.188.62 ----------
REQUEST URI : /sitemap/
MOD DETAILS:
   modFile   : /home/canmotalka/web/can-motalka.ru/public_html/vqmod/xml/lightning.xml
   id        : OpenCart Lightning
   version   : 3.37
   vqmver    : 
   author    : MaxD http://devs.mx

File Name    : system/library/cache.php(0)
VQModObject::applyMod - SEARCH NOT FOUND (SKIPPED): if (is_file(DIR_SYSTEM . 'library/journal3/vendor/SuperCache

----------------------------------------------------------------------


---------- Date: 2026-03-30 18:41:26 ~ IP : 185.179.188.62 ----------
REQUEST URI : /podmotka-spidometra-uaz-patriot/
MOD DETAILS:
   modFile   : /home/canmotalka/web/can-motalka.ru/public_html/vqmod/xml/lightning.xml
   id        : OpenCart Lightning
   version   : 3.37
   vqmver    : 
   author    : MaxD http://devs.mx

File Name    : system/library/cache.php(0)
VQModObject::applyMod - SEARCH NOT FOUND (SKIPPED): if (is_file(DIR_SYSTEM . 'library/journal3/vendor/SuperCache

----------------------------------------------------------------------


---------- Date: 2026-03-30 18:41:57 ~ IP : 185.179.188.62 ----------
REQUEST URI : /podmotka-krutilka-spidometra-gazel-biznes-benzin-evotec-ili-cummins/
MOD DETAILS:
   modFile   : /home/canmotalka/web/can-motalka.ru/public_html/vqmod/xml/lightning.xml
   id        : OpenCart Lightning
   version   : 3.37
   vqmver    : 
   author    : MaxD http://devs.mx

File Name    : system/library/cache.php(0)
VQModObject::applyMod - SEARCH NOT FOUND (SKIPPED): if (is_file(DIR_SYSTEM . 'library/journal3/vendor/SuperCache

----------------------------------------------------------------------


---------- Date: 2026-03-30 18:42:44 ~ IP : 185.179.188.62 ----------
REQUEST URI : /podmotka-spidometra-hyundai-genesis-g80/
MOD DETAILS:
   modFile   : /home/canmotalka/web/can-motalka.ru/public_html/vqmod/xml/lightning.xml
   id        : OpenCart Lightning
   version   : 3.37
   vqmver    : 
   author    : MaxD http://devs.mx

File Name    : system/library/cache.php(0)
VQModObject::applyMod - SEARCH NOT FOUND (SKIPPED): if (is_file(DIR_SYSTEM . 'library/journal3/vendor/SuperCache

----------------------------------------------------------------------


---------- Date: 2026-03-30 18:42:54 ~ IP : 185.179.188.62 ----------
REQUEST URI : /sitemap.xml
MOD DETAILS:
   modFile   : /home/canmotalka/web/can-motalka.ru/public_html/vqmod/xml/lightning.xml
   id        : OpenCart Lightning
   version   : 3.37
   vqmver    : 
   author    : MaxD http://devs.mx

File Name    : system/library/cache.php(0)
VQModObject::applyMod - SEARCH NOT FOUND (SKIPPED): if (is_file(DIR_SYSTEM . 'library/journal3/vendor/SuperCache

----------------------------------------------------------------------


---------- Date: 2026-03-30 18:43:51 ~ IP : 185.179.188.62 ----------
REQUEST URI : /podmotka-spidometra-reno-logan-za-3000r/
MOD DETAILS:
   modFile   : /home/canmotalka/web/can-motalka.ru/public_html/vqmod/xml/lightning.xml
   id        : OpenCart Lightning
   version   : 3.37
   vqmver    : 
   author    : MaxD http://devs.mx

File Name    : system/library/cache.php(0)
VQModObject::applyMod - SEARCH NOT FOUND (SKIPPED): if (is_file(DIR_SYSTEM . 'library/journal3/vendor/SuperCache

----------------------------------------------------------------------


---------- Date: 2026-03-30 18:44:47 ~ IP : 185.179.188.62 ----------
REQUEST URI : /namotchik-probega-dlya-uaz-patriot-konec-do-2016-zelenyy-displey/
MOD DETAILS:
   modFile   : /home/canmotalka/web/can-motalka.ru/public_html/vqmod/xml/lightning.xml
   id        : OpenCart Lightning
   version   : 3.37
   vqmver    : 
   author    : MaxD http://devs.mx

File Name    : system/library/cache.php(0)
VQModObject::applyMod - SEARCH NOT FOUND (SKIPPED): if (is_file(DIR_SYSTEM . 'library/journal3/vendor/SuperCache

----------------------------------------------------------------------


---------- Date: 2026-03-30 18:46:33 ~ IP : 185.179.188.62 ----------
REQUEST URI : /podmotka-spidometra-vesta-ng-np/
MOD DETAILS:
   modFile   : /home/canmotalka/web/can-motalka.ru/public_html/vqmod/xml/lightning.xml
   id        : OpenCart Lightning
   version   : 3.37
   vqmver    : 
   author    : MaxD http://devs.mx

File Name    : system/library/cache.php(0)
VQModObject::applyMod - SEARCH NOT FOUND (SKIPPED): if (is_file(DIR_SYSTEM . 'library/journal3/vendor/SuperCache

----------------------------------------------------------------------


---------- Date: 2026-03-30 18:48:20 ~ IP : 185.179.188.62 ----------
REQUEST URI : /index.php?route=common/footer/click_counter
MOD DETAILS:
   modFile   : /home/canmotalka/web/can-motalka.ru/public_html/vqmod/xml/lightning.xml
   id        : OpenCart Lightning
   version   : 3.37
   vqmver    : 
   author    : MaxD http://devs.mx

File Name    : system/library/cache.php(0)
VQModObject::applyMod - SEARCH NOT FOUND (SKIPPED): if (is_file(DIR_SYSTEM . 'library/journal3/vendor/SuperCache

----------------------------------------------------------------------


---------- Date: 2026-03-30 18:49:24 ~ IP : 185.179.188.62 ----------
REQUEST URI : /gazelle_biz_manual/
MOD DETAILS:
   modFile   : /home/canmotalka/web/can-motalka.ru/public_html/vqmod/xml/lightning.xml
   id        : OpenCart Lightning
   version   : 3.37
   vqmver    : 
   author    : MaxD http://devs.mx

File Name    : system/library/cache.php(0)
VQModObject::applyMod - SEARCH NOT FOUND (SKIPPED): if (is_file(DIR_SYSTEM . 'library/journal3/vendor/SuperCache

----------------------------------------------------------------------


---------- Date: 2026-03-30 18:49:25 ~ IP : 185.179.188.62 ----------
REQUEST URI : /index.php?route=module/popupcart_extended
MOD DETAILS:
   modFile   : /home/canmotalka/web/can-motalka.ru/public_html/vqmod/xml/lightning.xml
   id        : OpenCart Lightning
   version   : 3.37
   vqmver    : 
   author    : MaxD http://devs.mx

File Name    : system/library/cache.php(0)
VQModObject::applyMod - SEARCH NOT FOUND (SKIPPED): if (is_file(DIR_SYSTEM . 'library/journal3/vendor/SuperCache

----------------------------------------------------------------------


---------- Date: 2026-03-30 18:49:35 ~ IP : 185.179.188.62 ----------
REQUEST URI : /index.php?route=common/footer/click_counter
MOD DETAILS:
   modFile   : /home/canmotalka/web/can-motalka.ru/public_html/vqmod/xml/lightning.xml
   id        : OpenCart Lightning
   version   : 3.37
   vqmver    : 
   author    : MaxD http://devs.mx

File Name    : system/library/cache.php(0)
VQModObject::applyMod - SEARCH NOT FOUND (SKIPPED): if (is_file(DIR_SYSTEM . 'library/journal3/vendor/SuperCache

----------------------------------------------------------------------


---------- Date: 2026-03-30 18:52:19 ~ IP : 185.179.188.62 ----------
REQUEST URI : /motalka_spidometra/
MOD DETAILS:
   modFile   : /home/canmotalka/web/can-motalka.ru/public_html/vqmod/xml/lightning.xml
   id        : OpenCart Lightning
   version   : 3.37
   vqmver    : 
   author    : MaxD http://devs.mx

File Name    : system/library/cache.php(0)
VQModObject::applyMod - SEARCH NOT FOUND (SKIPPED): if (is_file(DIR_SYSTEM . 'library/journal3/vendor/SuperCache

----------------------------------------------------------------------


---------- Date: 2026-03-30 18:53:11 ~ IP : 185.179.188.62 ----------
REQUEST URI : /instrukciya-podmotka-kamaz/?ysclid=mnddaimquh728162951
MOD DETAILS:
   modFile   : /home/canmotalka/web/can-motalka.ru/public_html/vqmod/xml/lightning.xml
   id        : OpenCart Lightning
   version   : 3.37
   vqmver    : 
   author    : MaxD http://devs.mx

File Name    : system/library/cache.php(0)
VQModObject::applyMod - SEARCH NOT FOUND (SKIPPED): if (is_file(DIR_SYSTEM . 'library/journal3/vendor/SuperCache

----------------------------------------------------------------------


---------- Date: 2026-03-30 18:53:11 ~ IP : 185.179.188.62 ----------
REQUEST URI : /instrukciya-podmotka-kamaz/
MOD DETAILS:
   modFile   : /home/canmotalka/web/can-motalka.ru/public_html/vqmod/xml/lightning.xml
   id        : OpenCart Lightning
   version   : 3.37
   vqmver    : 
   author    : MaxD http://devs.mx

File Name    : system/library/cache.php(0)
VQModObject::applyMod - SEARCH NOT FOUND (SKIPPED): if (is_file(DIR_SYSTEM . 'library/journal3/vendor/SuperCache

----------------------------------------------------------------------


---------- Date: 2026-03-30 18:53:13 ~ IP : 185.179.188.62 ----------
REQUEST URI : /index.php?route=module/popupcart_extended
MOD DETAILS:
   modFile   : /home/canmotalka/web/can-motalka.ru/public_html/vqmod/xml/lightning.xml
   id        : OpenCart Lightning
   version   : 3.37
   vqmver    : 
   author    : MaxD http://devs.mx

File Name    : system/library/cache.php(0)
VQModObject::applyMod - SEARCH NOT FOUND (SKIPPED): if (is_file(DIR_SYSTEM . 'library/journal3/vendor/SuperCache

----------------------------------------------------------------------


---------- Date: 2026-03-30 18:59:35 ~ IP : 185.179.188.62 ----------
REQUEST URI : /podmotka-spidometra-henday-sonata-8/;/
MOD DETAILS:
   modFile   : /home/canmotalka/web/can-motalka.ru/public_html/vqmod/xml/lightning.xml
   id        : OpenCart Lightning
   version   : 3.37
   vqmver    : 
   author    : MaxD http://devs.mx

File Name    : system/library/cache.php(0)
VQModObject::applyMod - SEARCH NOT FOUND (SKIPPED): if (is_file(DIR_SYSTEM . 'library/journal3/vendor/SuperCache

----------------------------------------------------------------------


---------- Date: 2026-03-30 18:59:36 ~ IP : 185.179.188.62 ----------
REQUEST URI : /otzyvy/
MOD DETAILS:
   modFile   : /home/canmotalka/web/can-motalka.ru/public_html/vqmod/xml/lightning.xml
   id        : OpenCart Lightning
   version   : 3.37
   vqmver    : 
   author    : MaxD http://devs.mx

File Name    : system/library/cache.php(0)
VQModObject::applyMod - SEARCH NOT FOUND (SKIPPED): if (is_file(DIR_SYSTEM . 'library/journal3/vendor/SuperCache

----------------------------------------------------------------------


---------- Date: 2026-03-30 18:59:56 ~ IP : 185.179.188.62 ----------
REQUEST URI : /instrukciya-dlya-podmotki-lada-largus-2021/
MOD DETAILS:
   modFile   : /home/canmotalka/web/can-motalka.ru/public_html/vqmod/xml/lightning.xml
   id        : OpenCart Lightning
   version   : 3.37
   vqmver    : 
   author    : MaxD http://devs.mx

File Name    : system/library/cache.php(0)
VQModObject::applyMod - SEARCH NOT FOUND (SKIPPED): if (is_file(DIR_SYSTEM . 'library/journal3/vendor/SuperCache

----------------------------------------------------------------------


---------- Date: 2026-03-30 18:59:58 ~ IP : 185.179.188.62 ----------
REQUEST URI : /index.php?route=module/popupcart_extended
MOD DETAILS:
   modFile   : /home/canmotalka/web/can-motalka.ru/public_html/vqmod/xml/lightning.xml
   id        : OpenCart Lightning
   version   : 3.37
   vqmver    : 
   author    : MaxD http://devs.mx

File Name    : system/library/cache.php(0)
VQModObject::applyMod - SEARCH NOT FOUND (SKIPPED): if (is_file(DIR_SYSTEM . 'library/journal3/vendor/SuperCache

----------------------------------------------------------------------


---------- Date: 2026-03-30 19:00:00 ~ IP : 185.179.188.62 ----------
REQUEST URI : /instrukciya-dlya-podmotki-lada-largus-2021/
MOD DETAILS:
   modFile   : /home/canmotalka/web/can-motalka.ru/public_html/vqmod/xml/lightning.xml
   id        : OpenCart Lightning
   version   : 3.37
   vqmver    : 
   author    : MaxD http://devs.mx

File Name    : system/library/cache.php(0)
VQModObject::applyMod - SEARCH NOT FOUND (SKIPPED): if (is_file(DIR_SYSTEM . 'library/journal3/vendor/SuperCache

----------------------------------------------------------------------


---------- Date: 2026-03-30 19:00:14 ~ IP : 185.179.188.62 ----------
REQUEST URI : /podmotka-spidometra-hyundai-solaris-2011-2016
MOD DETAILS:
   modFile   : /home/canmotalka/web/can-motalka.ru/public_html/vqmod/xml/lightning.xml
   id        : OpenCart Lightning
   version   : 3.37
   vqmver    : 
   author    : MaxD http://devs.mx

File Name    : system/library/cache.php(0)
VQModObject::applyMod - SEARCH NOT FOUND (SKIPPED): if (is_file(DIR_SYSTEM . 'library/journal3/vendor/SuperCache

----------------------------------------------------------------------


---------- Date: 2026-03-30 19:00:18 ~ IP : 185.179.188.62 ----------
REQUEST URI : /podmotka-spidometra-hyundai-solaris-2011-2016/
MOD DETAILS:
   modFile   : /home/canmotalka/web/can-motalka.ru/public_html/vqmod/xml/lightning.xml
   id        : OpenCart Lightning
   version   : 3.37
   vqmver    : 
   author    : MaxD http://devs.mx

File Name    : system/library/cache.php(0)
VQModObject::applyMod - SEARCH NOT FOUND (SKIPPED): if (is_file(DIR_SYSTEM . 'library/journal3/vendor/SuperCache

----------------------------------------------------------------------


---------- Date: 2026-03-30 19:00:52 ~ IP : 185.179.188.62 ----------
REQUEST URI : /sitemap.xml%200
MOD DETAILS:
   modFile   : /home/canmotalka/web/can-motalka.ru/public_html/vqmod/xml/lightning.xml
   id        : OpenCart Lightning
   version   : 3.37
   vqmver    : 
   author    : MaxD http://devs.mx

File Name    : system/library/cache.php(0)
VQModObject::applyMod - SEARCH NOT FOUND (SKIPPED): if (is_file(DIR_SYSTEM . 'library/journal3/vendor/SuperCache

----------------------------------------------------------------------


---------- Date: 2026-03-30 19:00:53 ~ IP : 185.179.188.62 ----------
REQUEST URI : /sitemap/
MOD DETAILS:
   modFile   : /home/canmotalka/web/can-motalka.ru/public_html/vqmod/xml/lightning.xml
   id        : OpenCart Lightning
   version   : 3.37
   vqmver    : 
   author    : MaxD http://devs.mx

File Name    : system/library/cache.php(0)
VQModObject::applyMod - SEARCH NOT FOUND (SKIPPED): if (is_file(DIR_SYSTEM . 'library/journal3/vendor/SuperCache

----------------------------------------------------------------------


---------- Date: 2026-03-30 19:04:59 ~ IP : 185.179.188.62 ----------
REQUEST URI : /index.php?route=product/product/review&amp;product_id=258&amp;page=5
MOD DETAILS:
   modFile   : /home/canmotalka/web/can-motalka.ru/public_html/vqmod/xml/lightning.xml
   id        : OpenCart Lightning
   version   : 3.37
   vqmver    : 
   author    : MaxD http://devs.mx

File Name    : system/library/cache.php(0)
VQModObject::applyMod - SEARCH NOT FOUND (SKIPPED): if (is_file(DIR_SYSTEM . 'library/journal3/vendor/SuperCache

----------------------------------------------------------------------


---------- Date: 2026-03-30 19:06:28 ~ IP : 185.179.188.62 ----------
REQUEST URI : /podmotka-spidometra-largus-new/
MOD DETAILS:
   modFile   : /home/canmotalka/web/can-motalka.ru/public_html/vqmod/xml/lightning.xml
   id        : OpenCart Lightning
   version   : 3.37
   vqmver    : 
   author    : MaxD http://devs.mx

File Name    : system/library/cache.php(0)
VQModObject::applyMod - SEARCH NOT FOUND (SKIPPED): if (is_file(DIR_SYSTEM . 'library/journal3/vendor/SuperCache

----------------------------------------------------------------------


---------- Date: 2026-03-30 19:06:30 ~ IP : 185.179.188.62 ----------
REQUEST URI : /index.php?route=product/product/review&amp;product_id=292
MOD DETAILS:
   modFile   : /home/canmotalka/web/can-motalka.ru/public_html/vqmod/xml/lightning.xml
   id        : OpenCart Lightning
   version   : 3.37
   vqmver    : 
   author    : MaxD http://devs.mx

File Name    : system/library/cache.php(0)
VQModObject::applyMod - SEARCH NOT FOUND (SKIPPED): if (is_file(DIR_SYSTEM . 'library/journal3/vendor/SuperCache

----------------------------------------------------------------------


---------- Date: 2026-03-30 19:07:05 ~ IP : 185.179.188.62 ----------
REQUEST URI : /podmotka-spidometra-henday-sonata-8/
MOD DETAILS:
   modFile   : /home/canmotalka/web/can-motalka.ru/public_html/vqmod/xml/lightning.xml
   id        : OpenCart Lightning
   version   : 3.37
   vqmver    : 
   author    : MaxD http://devs.mx

File Name    : system/library/cache.php(0)
VQModObject::applyMod - SEARCH NOT FOUND (SKIPPED): if (is_file(DIR_SYSTEM . 'library/journal3/vendor/SuperCache

----------------------------------------------------------------------


---------- Date: 2026-03-30 19:07:05 ~ IP : 185.179.188.62 ----------
REQUEST URI : /otzyvy/
MOD DETAILS:
   modFile   : /home/canmotalka/web/can-motalka.ru/public_html/vqmod/xml/lightning.xml
   id        : OpenCart Lightning
   version   : 3.37
   vqmver    : 
   author    : MaxD http://devs.mx

File Name    : system/library/cache.php(0)
VQModObject::applyMod - SEARCH NOT FOUND (SKIPPED): if (is_file(DIR_SYSTEM . 'library/journal3/vendor/SuperCache

----------------------------------------------------------------------


---------- Date: 2026-03-30 19:10:57 ~ IP : 185.179.188.62 ----------
REQUEST URI : /wp-login.php
MOD DETAILS:
   modFile   : /home/canmotalka/web/can-motalka.ru/public_html/vqmod/xml/lightning.xml
   id        : OpenCart Lightning
   version   : 3.37
   vqmver    : 
   author    : MaxD http://devs.mx

File Name    : system/library/cache.php(0)
VQModObject::applyMod - SEARCH NOT FOUND (SKIPPED): if (is_file(DIR_SYSTEM . 'library/journal3/vendor/SuperCache

----------------------------------------------------------------------


---------- Date: 2026-03-30 19:11:00 ~ IP : 185.179.188.62 ----------
REQUEST URI : /podmotka_spidometra_solaris2/?ysclid=mnddxg248j608507746
MOD DETAILS:
   modFile   : /home/canmotalka/web/can-motalka.ru/public_html/vqmod/xml/lightning.xml
   id        : OpenCart Lightning
   version   : 3.37
   vqmver    : 
   author    : MaxD http://devs.mx

File Name    : system/library/cache.php(0)
VQModObject::applyMod - SEARCH NOT FOUND (SKIPPED): if (is_file(DIR_SYSTEM . 'library/journal3/vendor/SuperCache

----------------------------------------------------------------------


---------- Date: 2026-03-30 19:11:00 ~ IP : 185.179.188.62 ----------
REQUEST URI : /podmotka_spidometra_solaris2/
MOD DETAILS:
   modFile   : /home/canmotalka/web/can-motalka.ru/public_html/vqmod/xml/lightning.xml
   id        : OpenCart Lightning
   version   : 3.37
   vqmver    : 
   author    : MaxD http://devs.mx

File Name    : system/library/cache.php(0)
VQModObject::applyMod - SEARCH NOT FOUND (SKIPPED): if (is_file(DIR_SYSTEM . 'library/journal3/vendor/SuperCache

----------------------------------------------------------------------


---------- Date: 2026-03-30 19:11:00 ~ IP : 185.179.188.62 ----------
REQUEST URI : /?author=1
MOD DETAILS:
   modFile   : /home/canmotalka/web/can-motalka.ru/public_html/vqmod/xml/lightning.xml
   id        : OpenCart Lightning
   version   : 3.37
   vqmver    : 
   author    : MaxD http://devs.mx

File Name    : system/library/cache.php(0)
VQModObject::applyMod - SEARCH NOT FOUND (SKIPPED): if (is_file(DIR_SYSTEM . 'library/journal3/vendor/SuperCache

----------------------------------------------------------------------


---------- Date: 2026-03-30 19:11:02 ~ IP : 185.179.188.62 ----------
REQUEST URI : /index.php?route=module/popupcart_extended
MOD DETAILS:
   modFile   : /home/canmotalka/web/can-motalka.ru/public_html/vqmod/xml/lightning.xml
   id        : OpenCart Lightning
   version   : 3.37
   vqmver    : 
   author    : MaxD http://devs.mx

File Name    : system/library/cache.php(0)
VQModObject::applyMod - SEARCH NOT FOUND (SKIPPED): if (is_file(DIR_SYSTEM . 'library/journal3/vendor/SuperCache

----------------------------------------------------------------------


---------- Date: 2026-03-30 19:11:02 ~ IP : 185.179.188.62 ----------
REQUEST URI : /?author=2
MOD DETAILS:
   modFile   : /home/canmotalka/web/can-motalka.ru/public_html/vqmod/xml/lightning.xml
   id        : OpenCart Lightning
   version   : 3.37
   vqmver    : 
   author    : MaxD http://devs.mx

File Name    : system/library/cache.php(0)
VQModObject::applyMod - SEARCH NOT FOUND (SKIPPED): if (is_file(DIR_SYSTEM . 'library/journal3/vendor/SuperCache

----------------------------------------------------------------------


---------- Date: 2026-03-30 19:11:04 ~ IP : 185.179.188.62 ----------
REQUEST URI : /?author=3
MOD DETAILS:
   modFile   : /home/canmotalka/web/can-motalka.ru/public_html/vqmod/xml/lightning.xml
   id        : OpenCart Lightning
   version   : 3.37
   vqmver    : 
   author    : MaxD http://devs.mx

File Name    : system/library/cache.php(0)
VQModObject::applyMod - SEARCH NOT FOUND (SKIPPED): if (is_file(DIR_SYSTEM . 'library/journal3/vendor/SuperCache

----------------------------------------------------------------------


---------- Date: 2026-03-30 19:11:07 ~ IP : 185.179.188.62 ----------
REQUEST URI : /?author=4
MOD DETAILS:
   modFile   : /home/canmotalka/web/can-motalka.ru/public_html/vqmod/xml/lightning.xml
   id        : OpenCart Lightning
   version   : 3.37
   vqmver    : 
   author    : MaxD http://devs.mx

File Name    : system/library/cache.php(0)
VQModObject::applyMod - SEARCH NOT FOUND (SKIPPED): if (is_file(DIR_SYSTEM . 'library/journal3/vendor/SuperCache

----------------------------------------------------------------------


---------- Date: 2026-03-30 19:11:09 ~ IP : 185.179.188.62 ----------
REQUEST URI : /?author=5
MOD DETAILS:
   modFile   : /home/canmotalka/web/can-motalka.ru/public_html/vqmod/xml/lightning.xml
   id        : OpenCart Lightning
   version   : 3.37
   vqmver    : 
   author    : MaxD http://devs.mx

File Name    : system/library/cache.php(0)
VQModObject::applyMod - SEARCH NOT FOUND (SKIPPED): if (is_file(DIR_SYSTEM . 'library/journal3/vendor/SuperCache

----------------------------------------------------------------------


---------- Date: 2026-03-30 19:11:11 ~ IP : 185.179.188.62 ----------
REQUEST URI : /?author=6
MOD DETAILS:
   modFile   : /home/canmotalka/web/can-motalka.ru/public_html/vqmod/xml/lightning.xml
   id        : OpenCart Lightning
   version   : 3.37
   vqmver    : 
   author    : MaxD http://devs.mx

File Name    : system/library/cache.php(0)
VQModObject::applyMod - SEARCH NOT FOUND (SKIPPED): if (is_file(DIR_SYSTEM . 'library/journal3/vendor/SuperCache

----------------------------------------------------------------------


---------- Date: 2026-03-30 19:11:14 ~ IP : 185.179.188.62 ----------
REQUEST URI : /?author=7
MOD DETAILS:
   modFile   : /home/canmotalka/web/can-motalka.ru/public_html/vqmod/xml/lightning.xml
   id        : OpenCart Lightning
   version   : 3.37
   vqmver    : 
   author    : MaxD http://devs.mx

File Name    : system/library/cache.php(0)
VQModObject::applyMod - SEARCH NOT FOUND (SKIPPED): if (is_file(DIR_SYSTEM . 'library/journal3/vendor/SuperCache

----------------------------------------------------------------------


---------- Date: 2026-03-30 19:11:16 ~ IP : 185.179.188.62 ----------
REQUEST URI : /?author=8
MOD DETAILS:
   modFile   : /home/canmotalka/web/can-motalka.ru/public_html/vqmod/xml/lightning.xml
   id        : OpenCart Lightning
   version   : 3.37
   vqmver    : 
   author    : MaxD http://devs.mx

File Name    : system/library/cache.php(0)
VQModObject::applyMod - SEARCH NOT FOUND (SKIPPED): if (is_file(DIR_SYSTEM . 'library/journal3/vendor/SuperCache

----------------------------------------------------------------------


---------- Date: 2026-03-30 19:11:17 ~ IP : 185.179.188.62 ----------
REQUEST URI : /?author=9
MOD DETAILS:
   modFile   : /home/canmotalka/web/can-motalka.ru/public_html/vqmod/xml/lightning.xml
   id        : OpenCart Lightning
   version   : 3.37
   vqmver    : 
   author    : MaxD http://devs.mx

File Name    : system/library/cache.php(0)
VQModObject::applyMod - SEARCH NOT FOUND (SKIPPED): if (is_file(DIR_SYSTEM . 'library/journal3/vendor/SuperCache

----------------------------------------------------------------------


---------- Date: 2026-03-30 19:11:19 ~ IP : 185.179.188.62 ----------
REQUEST URI : /?author=10
MOD DETAILS:
   modFile   : /home/canmotalka/web/can-motalka.ru/public_html/vqmod/xml/lightning.xml
   id        : OpenCart Lightning
   version   : 3.37
   vqmver    : 
   author    : MaxD http://devs.mx

File Name    : system/library/cache.php(0)
VQModObject::applyMod - SEARCH NOT FOUND (SKIPPED): if (is_file(DIR_SYSTEM . 'library/journal3/vendor/SuperCache

----------------------------------------------------------------------


---------- Date: 2026-03-30 19:11:21 ~ IP : 185.179.188.62 ----------
REQUEST URI : /?author=11
MOD DETAILS:
   modFile   : /home/canmotalka/web/can-motalka.ru/public_html/vqmod/xml/lightning.xml
   id        : OpenCart Lightning
   version   : 3.37
   vqmver    : 
   author    : MaxD http://devs.mx

File Name    : system/library/cache.php(0)
VQModObject::applyMod - SEARCH NOT FOUND (SKIPPED): if (is_file(DIR_SYSTEM . 'library/journal3/vendor/SuperCache

----------------------------------------------------------------------


---------- Date: 2026-03-30 19:11:23 ~ IP : 185.179.188.62 ----------
REQUEST URI : /?author=12
MOD DETAILS:
   modFile   : /home/canmotalka/web/can-motalka.ru/public_html/vqmod/xml/lightning.xml
   id        : OpenCart Lightning
   version   : 3.37
   vqmver    : 
   author    : MaxD http://devs.mx

File Name    : system/library/cache.php(0)
VQModObject::applyMod - SEARCH NOT FOUND (SKIPPED): if (is_file(DIR_SYSTEM . 'library/journal3/vendor/SuperCache

----------------------------------------------------------------------


---------- Date: 2026-03-30 19:11:24 ~ IP : 185.179.188.62 ----------
REQUEST URI : /?author=13
MOD DETAILS:
   modFile   : /home/canmotalka/web/can-motalka.ru/public_html/vqmod/xml/lightning.xml
   id        : OpenCart Lightning
   version   : 3.37
   vqmver    : 
   author    : MaxD http://devs.mx

File Name    : system/library/cache.php(0)
VQModObject::applyMod - SEARCH NOT FOUND (SKIPPED): if (is_file(DIR_SYSTEM . 'library/journal3/vendor/SuperCache

----------------------------------------------------------------------


---------- Date: 2026-03-30 19:11:26 ~ IP : 185.179.188.62 ----------
REQUEST URI : /?author=14
MOD DETAILS:
   modFile   : /home/canmotalka/web/can-motalka.ru/public_html/vqmod/xml/lightning.xml
   id        : OpenCart Lightning
   version   : 3.37
   vqmver    : 
   author    : MaxD http://devs.mx

File Name    : system/library/cache.php(0)
VQModObject::applyMod - SEARCH NOT FOUND (SKIPPED): if (is_file(DIR_SYSTEM . 'library/journal3/vendor/SuperCache

----------------------------------------------------------------------


---------- Date: 2026-03-30 19:11:28 ~ IP : 185.179.188.62 ----------
REQUEST URI : /?author=15
MOD DETAILS:
   modFile   : /home/canmotalka/web/can-motalka.ru/public_html/vqmod/xml/lightning.xml
   id        : OpenCart Lightning
   version   : 3.37
   vqmver    : 
   author    : MaxD http://devs.mx

File Name    : system/library/cache.php(0)
VQModObject::applyMod - SEARCH NOT FOUND (SKIPPED): if (is_file(DIR_SYSTEM . 'library/journal3/vendor/SuperCache

----------------------------------------------------------------------


---------- Date: 2026-03-30 19:11:29 ~ IP : 185.179.188.62 ----------
REQUEST URI : /?author=16
MOD DETAILS:
   modFile   : /home/canmotalka/web/can-motalka.ru/public_html/vqmod/xml/lightning.xml
   id        : OpenCart Lightning
   version   : 3.37
   vqmver    : 
   author    : MaxD http://devs.mx

File Name    : system/library/cache.php(0)
VQModObject::applyMod - SEARCH NOT FOUND (SKIPPED): if (is_file(DIR_SYSTEM . 'library/journal3/vendor/SuperCache

----------------------------------------------------------------------


---------- Date: 2026-03-30 19:11:31 ~ IP : 185.179.188.62 ----------
REQUEST URI : /?author=17
MOD DETAILS:
   modFile   : /home/canmotalka/web/can-motalka.ru/public_html/vqmod/xml/lightning.xml
   id        : OpenCart Lightning
   version   : 3.37
   vqmver    : 
   author    : MaxD http://devs.mx

File Name    : system/library/cache.php(0)
VQModObject::applyMod - SEARCH NOT FOUND (SKIPPED): if (is_file(DIR_SYSTEM . 'library/journal3/vendor/SuperCache

----------------------------------------------------------------------


---------- Date: 2026-03-30 19:11:32 ~ IP : 185.179.188.62 ----------
REQUEST URI : /?author=18
MOD DETAILS:
   modFile   : /home/canmotalka/web/can-motalka.ru/public_html/vqmod/xml/lightning.xml
   id        : OpenCart Lightning
   version   : 3.37
   vqmver    : 
   author    : MaxD http://devs.mx

File Name    : system/library/cache.php(0)
VQModObject::applyMod - SEARCH NOT FOUND (SKIPPED): if (is_file(DIR_SYSTEM . 'library/journal3/vendor/SuperCache

----------------------------------------------------------------------


---------- Date: 2026-03-30 19:11:34 ~ IP : 185.179.188.62 ----------
REQUEST URI : /?author=19
MOD DETAILS:
   modFile   : /home/canmotalka/web/can-motalka.ru/public_html/vqmod/xml/lightning.xml
   id        : OpenCart Lightning
   version   : 3.37
   vqmver    : 
   author    : MaxD http://devs.mx

File Name    : system/library/cache.php(0)
VQModObject::applyMod - SEARCH NOT FOUND (SKIPPED): if (is_file(DIR_SYSTEM . 'library/journal3/vendor/SuperCache

----------------------------------------------------------------------


---------- Date: 2026-03-30 19:11:36 ~ IP : 185.179.188.62 ----------
REQUEST URI : /?author=20
MOD DETAILS:
   modFile   : /home/canmotalka/web/can-motalka.ru/public_html/vqmod/xml/lightning.xml
   id        : OpenCart Lightning
   version   : 3.37
   vqmver    : 
   author    : MaxD http://devs.mx

File Name    : system/library/cache.php(0)
VQModObject::applyMod - SEARCH NOT FOUND (SKIPPED): if (is_file(DIR_SYSTEM . 'library/journal3/vendor/SuperCache

----------------------------------------------------------------------


---------- Date: 2026-03-30 19:13:53 ~ IP : 185.179.188.62 ----------
REQUEST URI : /manuals/?ysclid=mnde15tcye410408059
MOD DETAILS:
   modFile   : /home/canmotalka/web/can-motalka.ru/public_html/vqmod/xml/lightning.xml
   id        : OpenCart Lightning
   version   : 3.37
   vqmver    : 
   author    : MaxD http://devs.mx

File Name    : system/library/cache.php(0)
VQModObject::applyMod - SEARCH NOT FOUND (SKIPPED): if (is_file(DIR_SYSTEM . 'library/journal3/vendor/SuperCache

----------------------------------------------------------------------


---------- Date: 2026-03-30 19:16:12 ~ IP : 185.179.188.62 ----------
REQUEST URI : /patriot_re/?ysclid=mnde44tr1f442568201
MOD DETAILS:
   modFile   : /home/canmotalka/web/can-motalka.ru/public_html/vqmod/xml/lightning.xml
   id        : OpenCart Lightning
   version   : 3.37
   vqmver    : 
   author    : MaxD http://devs.mx

File Name    : system/library/cache.php(0)
VQModObject::applyMod - SEARCH NOT FOUND (SKIPPED): if (is_file(DIR_SYSTEM . 'library/journal3/vendor/SuperCache

----------------------------------------------------------------------


---------- Date: 2026-03-30 19:16:12 ~ IP : 185.179.188.62 ----------
REQUEST URI : /patriot_re/
MOD DETAILS:
   modFile   : /home/canmotalka/web/can-motalka.ru/public_html/vqmod/xml/lightning.xml
   id        : OpenCart Lightning
   version   : 3.37
   vqmver    : 
   author    : MaxD http://devs.mx

File Name    : system/library/cache.php(0)
VQModObject::applyMod - SEARCH NOT FOUND (SKIPPED): if (is_file(DIR_SYSTEM . 'library/journal3/vendor/SuperCache

----------------------------------------------------------------------


---------- Date: 2026-03-30 19:16:13 ~ IP : 185.179.188.62 ----------
REQUEST URI : /index.php?route=module/popupcart_extended
MOD DETAILS:
   modFile   : /home/canmotalka/web/can-motalka.ru/public_html/vqmod/xml/lightning.xml
   id        : OpenCart Lightning
   version   : 3.37
   vqmver    : 
   author    : MaxD http://devs.mx

File Name    : system/library/cache.php(0)
VQModObject::applyMod - SEARCH NOT FOUND (SKIPPED): if (is_file(DIR_SYSTEM . 'library/journal3/vendor/SuperCache

----------------------------------------------------------------------


---------- Date: 2026-03-30 19:18:09 ~ IP : 185.179.188.62 ----------
REQUEST URI : /podmotka-spidometra-uaz-patriot/?ysclid=mnde6mz748521659275
MOD DETAILS:
   modFile   : /home/canmotalka/web/can-motalka.ru/public_html/vqmod/xml/lightning.xml
   id        : OpenCart Lightning
   version   : 3.37
   vqmver    : 
   author    : MaxD http://devs.mx

File Name    : system/library/cache.php(0)
VQModObject::applyMod - SEARCH NOT FOUND (SKIPPED): if (is_file(DIR_SYSTEM . 'library/journal3/vendor/SuperCache

----------------------------------------------------------------------


---------- Date: 2026-03-30 19:18:10 ~ IP : 185.179.188.62 ----------
REQUEST URI : /podmotka-spidometra-uaz-patriot/
MOD DETAILS:
   modFile   : /home/canmotalka/web/can-motalka.ru/public_html/vqmod/xml/lightning.xml
   id        : OpenCart Lightning
   version   : 3.37
   vqmver    : 
   author    : MaxD http://devs.mx

File Name    : system/library/cache.php(0)
VQModObject::applyMod - SEARCH NOT FOUND (SKIPPED): if (is_file(DIR_SYSTEM . 'library/journal3/vendor/SuperCache

----------------------------------------------------------------------


---------- Date: 2026-03-30 19:18:11 ~ IP : 185.179.188.62 ----------
REQUEST URI : /index.php?route=module/popupcart_extended
MOD DETAILS:
   modFile   : /home/canmotalka/web/can-motalka.ru/public_html/vqmod/xml/lightning.xml
   id        : OpenCart Lightning
   version   : 3.37
   vqmver    : 
   author    : MaxD http://devs.mx

File Name    : system/library/cache.php(0)
VQModObject::applyMod - SEARCH NOT FOUND (SKIPPED): if (is_file(DIR_SYSTEM . 'library/journal3/vendor/SuperCache

----------------------------------------------------------------------


---------- Date: 2026-03-30 19:18:11 ~ IP : 185.179.188.62 ----------
REQUEST URI : /index.php?route=product/product/review&amp;product_id=277
MOD DETAILS:
   modFile   : /home/canmotalka/web/can-motalka.ru/public_html/vqmod/xml/lightning.xml
   id        : OpenCart Lightning
   version   : 3.37
   vqmver    : 
   author    : MaxD http://devs.mx

File Name    : system/library/cache.php(0)
VQModObject::applyMod - SEARCH NOT FOUND (SKIPPED): if (is_file(DIR_SYSTEM . 'library/journal3/vendor/SuperCache

----------------------------------------------------------------------


---------- Date: 2026-03-30 19:18:50 ~ IP : 185.179.188.62 ----------
REQUEST URI : /manuals/
MOD DETAILS:
   modFile   : /home/canmotalka/web/can-motalka.ru/public_html/vqmod/xml/lightning.xml
   id        : OpenCart Lightning
   version   : 3.37
   vqmver    : 
   author    : MaxD http://devs.mx

File Name    : system/library/cache.php(0)
VQModObject::applyMod - SEARCH NOT FOUND (SKIPPED): if (is_file(DIR_SYSTEM . 'library/journal3/vendor/SuperCache

----------------------------------------------------------------------


---------- Date: 2026-03-30 19:18:55 ~ IP : 185.179.188.62 ----------
REQUEST URI : /namotchik-probega-dlya-toyota-land-cruiser-prado-150/
MOD DETAILS:
   modFile   : /home/canmotalka/web/can-motalka.ru/public_html/vqmod/xml/lightning.xml
   id        : OpenCart Lightning
   version   : 3.37
   vqmver    : 
   author    : MaxD http://devs.mx

File Name    : system/library/cache.php(0)
VQModObject::applyMod - SEARCH NOT FOUND (SKIPPED): if (is_file(DIR_SYSTEM . 'library/journal3/vendor/SuperCache

----------------------------------------------------------------------


---------- Date: 2026-03-30 19:19:48 ~ IP : 185.179.188.62 ----------
REQUEST URI : /otzyvy/?page=14
MOD DETAILS:
   modFile   : /home/canmotalka/web/can-motalka.ru/public_html/vqmod/xml/lightning.xml
   id        : OpenCart Lightning
   version   : 3.37
   vqmver    : 
   author    : MaxD http://devs.mx

File Name    : system/library/cache.php(0)
VQModObject::applyMod - SEARCH NOT FOUND (SKIPPED): if (is_file(DIR_SYSTEM . 'library/journal3/vendor/SuperCache

----------------------------------------------------------------------


---------- Date: 2026-03-30 19:24:18 ~ IP : 185.179.188.62 ----------
REQUEST URI : /podmotka_spidometra/
MOD DETAILS:
   modFile   : /home/canmotalka/web/can-motalka.ru/public_html/vqmod/xml/lightning.xml
   id        : OpenCart Lightning
   version   : 3.37
   vqmver    : 
   author    : MaxD http://devs.mx

File Name    : system/library/cache.php(0)
VQModObject::applyMod - SEARCH NOT FOUND (SKIPPED): if (is_file(DIR_SYSTEM . 'library/journal3/vendor/SuperCache

----------------------------------------------------------------------


---------- Date: 2026-03-30 19:24:19 ~ IP : 185.179.188.62 ----------
REQUEST URI : /index.php?route=module/popupcart_extended
MOD DETAILS:
   modFile   : /home/canmotalka/web/can-motalka.ru/public_html/vqmod/xml/lightning.xml
   id        : OpenCart Lightning
   version   : 3.37
   vqmver    : 
   author    : MaxD http://devs.mx

File Name    : system/library/cache.php(0)
VQModObject::applyMod - SEARCH NOT FOUND (SKIPPED): if (is_file(DIR_SYSTEM . 'library/journal3/vendor/SuperCache

----------------------------------------------------------------------


---------- Date: 2026-03-30 19:24:26 ~ IP : 185.179.188.62 ----------
REQUEST URI : /podmotka-spidometra-renault-logan-2005-2014/
MOD DETAILS:
   modFile   : /home/canmotalka/web/can-motalka.ru/public_html/vqmod/xml/lightning.xml
   id        : OpenCart Lightning
   version   : 3.37
   vqmver    : 
   author    : MaxD http://devs.mx

File Name    : system/library/cache.php(0)
VQModObject::applyMod - SEARCH NOT FOUND (SKIPPED): if (is_file(DIR_SYSTEM . 'library/journal3/vendor/SuperCache

----------------------------------------------------------------------


---------- Date: 2026-03-30 19:28:58 ~ IP : 185.179.188.62 ----------
REQUEST URI : /.well-known/traffic-advice
MOD DETAILS:
   modFile   : /home/canmotalka/web/can-motalka.ru/public_html/vqmod/xml/lightning.xml
   id        : OpenCart Lightning
   version   : 3.37
   vqmver    : 
   author    : MaxD http://devs.mx

File Name    : system/library/cache.php(0)
VQModObject::applyMod - SEARCH NOT FOUND (SKIPPED): if (is_file(DIR_SYSTEM . 'library/journal3/vendor/SuperCache

----------------------------------------------------------------------


---------- Date: 2026-03-30 19:28:58 ~ IP : 185.179.188.62 ----------
REQUEST URI : /motalka_spidometra/
MOD DETAILS:
   modFile   : /home/canmotalka/web/can-motalka.ru/public_html/vqmod/xml/lightning.xml
   id        : OpenCart Lightning
   version   : 3.37
   vqmver    : 
   author    : MaxD http://devs.mx

File Name    : system/library/cache.php(0)
VQModObject::applyMod - SEARCH NOT FOUND (SKIPPED): if (is_file(DIR_SYSTEM . 'library/journal3/vendor/SuperCache

----------------------------------------------------------------------


---------- Date: 2026-03-30 19:34:58 ~ IP : 185.179.188.62 ----------
REQUEST URI : /gazelle_biz_manual/
MOD DETAILS:
   modFile   : /home/canmotalka/web/can-motalka.ru/public_html/vqmod/xml/lightning.xml
   id        : OpenCart Lightning
   version   : 3.37
   vqmver    : 
   author    : MaxD http://devs.mx

File Name    : system/library/cache.php(0)
VQModObject::applyMod - SEARCH NOT FOUND (SKIPPED): if (is_file(DIR_SYSTEM . 'library/journal3/vendor/SuperCache

----------------------------------------------------------------------


---------- Date: 2026-03-30 19:34:58 ~ IP : 185.179.188.62 ----------
REQUEST URI : /index.php?route=module/popupcart_extended
MOD DETAILS:
   modFile   : /home/canmotalka/web/can-motalka.ru/public_html/vqmod/xml/lightning.xml
   id        : OpenCart Lightning
   version   : 3.37
   vqmver    : 
   author    : MaxD http://devs.mx

File Name    : system/library/cache.php(0)
VQModObject::applyMod - SEARCH NOT FOUND (SKIPPED): if (is_file(DIR_SYSTEM . 'library/journal3/vendor/SuperCache

----------------------------------------------------------------------


---------- Date: 2026-03-30 19:38:10 ~ IP : 185.179.188.62 ----------
REQUEST URI : /namotchik-probega-dlya-audi-q5/
MOD DETAILS:
   modFile   : /home/canmotalka/web/can-motalka.ru/public_html/vqmod/xml/lightning.xml
   id        : OpenCart Lightning
   version   : 3.37
   vqmver    : 
   author    : MaxD http://devs.mx

File Name    : system/library/cache.php(0)
VQModObject::applyMod - SEARCH NOT FOUND (SKIPPED): if (is_file(DIR_SYSTEM . 'library/journal3/vendor/SuperCache

----------------------------------------------------------------------


---------- Date: 2026-03-30 19:38:27 ~ IP : 185.179.188.62 ----------
REQUEST URI : /index.php?route=product/product/review&amp;product_id=237
MOD DETAILS:
   modFile   : /home/canmotalka/web/can-motalka.ru/public_html/vqmod/xml/lightning.xml
   id        : OpenCart Lightning
   version   : 3.37
   vqmver    : 
   author    : MaxD http://devs.mx

File Name    : system/library/cache.php(0)
VQModObject::applyMod - SEARCH NOT FOUND (SKIPPED): if (is_file(DIR_SYSTEM . 'library/journal3/vendor/SuperCache

----------------------------------------------------------------------


---------- Date: 2026-03-30 19:38:36 ~ IP : 185.179.188.62 ----------
REQUEST URI : /index.php?route=module/popupcart_extended
MOD DETAILS:
   modFile   : /home/canmotalka/web/can-motalka.ru/public_html/vqmod/xml/lightning.xml
   id        : OpenCart Lightning
   version   : 3.37
   vqmver    : 
   author    : MaxD http://devs.mx

File Name    : system/library/cache.php(0)
VQModObject::applyMod - SEARCH NOT FOUND (SKIPPED): if (is_file(DIR_SYSTEM . 'library/journal3/vendor/SuperCache

----------------------------------------------------------------------


---------- Date: 2026-03-30 19:41:27 ~ IP : 185.179.188.62 ----------
REQUEST URI : /podmotka-spidometra-largus/
MOD DETAILS:
   modFile   : /home/canmotalka/web/can-motalka.ru/public_html/vqmod/xml/lightning.xml
   id        : OpenCart Lightning
   version   : 3.37
   vqmver    : 
   author    : MaxD http://devs.mx

File Name    : system/library/cache.php(0)
VQModObject::applyMod - SEARCH NOT FOUND (SKIPPED): if (is_file(DIR_SYSTEM . 'library/journal3/vendor/SuperCache

----------------------------------------------------------------------


---------- Date: 2026-03-30 19:42:16 ~ IP : 185.179.188.62 ----------
REQUEST URI : /index.php?route=product/product/review&amp;product_id=258
MOD DETAILS:
   modFile   : /home/canmotalka/web/can-motalka.ru/public_html/vqmod/xml/lightning.xml
   id        : OpenCart Lightning
   version   : 3.37
   vqmver    : 
   author    : MaxD http://devs.mx

File Name    : system/library/cache.php(0)
VQModObject::applyMod - SEARCH NOT FOUND (SKIPPED): if (is_file(DIR_SYSTEM . 'library/journal3/vendor/SuperCache

----------------------------------------------------------------------


---------- Date: 2026-03-30 19:42:16 ~ IP : 185.179.188.62 ----------
REQUEST URI : /index.php?route=module/popupcart_extended
MOD DETAILS:
   modFile   : /home/canmotalka/web/can-motalka.ru/public_html/vqmod/xml/lightning.xml
   id        : OpenCart Lightning
   version   : 3.37
   vqmver    : 
   author    : MaxD http://devs.mx

File Name    : system/library/cache.php(0)
VQModObject::applyMod - SEARCH NOT FOUND (SKIPPED): if (is_file(DIR_SYSTEM . 'library/journal3/vendor/SuperCache

----------------------------------------------------------------------


---------- Date: 2026-03-30 19:44:48 ~ IP : 185.179.188.62 ----------
REQUEST URI : /?ysclid=mndf4wsvqa56090803
MOD DETAILS:
   modFile   : /home/canmotalka/web/can-motalka.ru/public_html/vqmod/xml/lightning.xml
   id        : OpenCart Lightning
   version   : 3.37
   vqmver    : 
   author    : MaxD http://devs.mx

File Name    : system/library/cache.php(0)
VQModObject::applyMod - SEARCH NOT FOUND (SKIPPED): if (is_file(DIR_SYSTEM . 'library/journal3/vendor/SuperCache

----------------------------------------------------------------------


---------- Date: 2026-03-30 19:44:50 ~ IP : 185.179.188.62 ----------
REQUEST URI : /index.php?route=module/popupcart_extended
MOD DETAILS:
   modFile   : /home/canmotalka/web/can-motalka.ru/public_html/vqmod/xml/lightning.xml
   id        : OpenCart Lightning
   version   : 3.37
   vqmver    : 
   author    : MaxD http://devs.mx

File Name    : system/library/cache.php(0)
VQModObject::applyMod - SEARCH NOT FOUND (SKIPPED): if (is_file(DIR_SYSTEM . 'library/journal3/vendor/SuperCache

----------------------------------------------------------------------


---------- Date: 2026-03-30 19:45:50 ~ IP : 185.179.188.62 ----------
REQUEST URI : /patriot_re/?ysclid=mndf68zlwu995149822
MOD DETAILS:
   modFile   : /home/canmotalka/web/can-motalka.ru/public_html/vqmod/xml/lightning.xml
   id        : OpenCart Lightning
   version   : 3.37
   vqmver    : 
   author    : MaxD http://devs.mx

File Name    : system/library/cache.php(0)
VQModObject::applyMod - SEARCH NOT FOUND (SKIPPED): if (is_file(DIR_SYSTEM . 'library/journal3/vendor/SuperCache

----------------------------------------------------------------------


---------- Date: 2026-03-30 19:45:50 ~ IP : 185.179.188.62 ----------
REQUEST URI : /patriot_re/
MOD DETAILS:
   modFile   : /home/canmotalka/web/can-motalka.ru/public_html/vqmod/xml/lightning.xml
   id        : OpenCart Lightning
   version   : 3.37
   vqmver    : 
   author    : MaxD http://devs.mx

File Name    : system/library/cache.php(0)
VQModObject::applyMod - SEARCH NOT FOUND (SKIPPED): if (is_file(DIR_SYSTEM . 'library/journal3/vendor/SuperCache

----------------------------------------------------------------------


---------- Date: 2026-03-30 19:45:51 ~ IP : 185.179.188.62 ----------
REQUEST URI : /index.php?route=module/popupcart_extended
MOD DETAILS:
   modFile   : /home/canmotalka/web/can-motalka.ru/public_html/vqmod/xml/lightning.xml
   id        : OpenCart Lightning
   version   : 3.37
   vqmver    : 
   author    : MaxD http://devs.mx

File Name    : system/library/cache.php(0)
VQModObject::applyMod - SEARCH NOT FOUND (SKIPPED): if (is_file(DIR_SYSTEM . 'library/journal3/vendor/SuperCache

----------------------------------------------------------------------


---------- Date: 2026-03-30 19:47:51 ~ IP : 185.179.188.62 ----------
REQUEST URI : /index.php?route=module/popupcart_extended
MOD DETAILS:
   modFile   : /home/canmotalka/web/can-motalka.ru/public_html/vqmod/xml/lightning.xml
   id        : OpenCart Lightning
   version   : 3.37
   vqmver    : 
   author    : MaxD http://devs.mx

File Name    : system/library/cache.php(0)
VQModObject::applyMod - SEARCH NOT FOUND (SKIPPED): if (is_file(DIR_SYSTEM . 'library/journal3/vendor/SuperCache

----------------------------------------------------------------------


---------- Date: 2026-03-30 19:47:57 ~ IP : 185.179.188.62 ----------
REQUEST URI : /index.php?route=module/popupcart_extended
MOD DETAILS:
   modFile   : /home/canmotalka/web/can-motalka.ru/public_html/vqmod/xml/lightning.xml
   id        : OpenCart Lightning
   version   : 3.37
   vqmver    : 
   author    : MaxD http://devs.mx

File Name    : system/library/cache.php(0)
VQModObject::applyMod - SEARCH NOT FOUND (SKIPPED): if (is_file(DIR_SYSTEM . 'library/journal3/vendor/SuperCache

----------------------------------------------------------------------


---------- Date: 2026-03-30 19:48:04 ~ IP : 185.179.188.62 ----------
REQUEST URI : /podmotka-spidometra-hyundai-genesis-g80/?ysclid=mndf93v8kj629930397
MOD DETAILS:
   modFile   : /home/canmotalka/web/can-motalka.ru/public_html/vqmod/xml/lightning.xml
   id        : OpenCart Lightning
   version   : 3.37
   vqmver    : 
   author    : MaxD http://devs.mx

File Name    : system/library/cache.php(0)
VQModObject::applyMod - SEARCH NOT FOUND (SKIPPED): if (is_file(DIR_SYSTEM . 'library/journal3/vendor/SuperCache

----------------------------------------------------------------------


---------- Date: 2026-03-30 19:48:04 ~ IP : 185.179.188.62 ----------
REQUEST URI : /podmotka-spidometra-hyundai-genesis-g80/
MOD DETAILS:
   modFile   : /home/canmotalka/web/can-motalka.ru/public_html/vqmod/xml/lightning.xml
   id        : OpenCart Lightning
   version   : 3.37
   vqmver    : 
   author    : MaxD http://devs.mx

File Name    : system/library/cache.php(0)
VQModObject::applyMod - SEARCH NOT FOUND (SKIPPED): if (is_file(DIR_SYSTEM . 'library/journal3/vendor/SuperCache

----------------------------------------------------------------------


---------- Date: 2026-03-30 19:48:05 ~ IP : 185.179.188.62 ----------
REQUEST URI : /?ysclid=mndf4wsvqa56090803
MOD DETAILS:
   modFile   : /home/canmotalka/web/can-motalka.ru/public_html/vqmod/xml/lightning.xml
   id        : OpenCart Lightning
   version   : 3.37
   vqmver    : 
   author    : MaxD http://devs.mx

File Name    : system/library/cache.php(0)
VQModObject::applyMod - SEARCH NOT FOUND (SKIPPED): if (is_file(DIR_SYSTEM . 'library/journal3/vendor/SuperCache

----------------------------------------------------------------------


---------- Date: 2026-03-30 19:48:06 ~ IP : 185.179.188.62 ----------
REQUEST URI : /index.php?route=product/product/review&amp;product_id=286
MOD DETAILS:
   modFile   : /home/canmotalka/web/can-motalka.ru/public_html/vqmod/xml/lightning.xml
   id        : OpenCart Lightning
   version   : 3.37
   vqmver    : 
   author    : MaxD http://devs.mx

File Name    : system/library/cache.php(0)
VQModObject::applyMod - SEARCH NOT FOUND (SKIPPED): if (is_file(DIR_SYSTEM . 'library/journal3/vendor/SuperCache

----------------------------------------------------------------------


---------- Date: 2026-03-30 19:48:06 ~ IP : 185.179.188.62 ----------
REQUEST URI : /index.php?route=module/popupcart_extended
MOD DETAILS:
   modFile   : /home/canmotalka/web/can-motalka.ru/public_html/vqmod/xml/lightning.xml
   id        : OpenCart Lightning
   version   : 3.37
   vqmver    : 
   author    : MaxD http://devs.mx

File Name    : system/library/cache.php(0)
VQModObject::applyMod - SEARCH NOT FOUND (SKIPPED): if (is_file(DIR_SYSTEM . 'library/journal3/vendor/SuperCache

----------------------------------------------------------------------


---------- Date: 2026-03-30 19:50:33 ~ IP : 185.179.188.62 ----------
REQUEST URI : /manuals/?ysclid=mndfcbav2o801369932
MOD DETAILS:
   modFile   : /home/canmotalka/web/can-motalka.ru/public_html/vqmod/xml/lightning.xml
   id        : OpenCart Lightning
   version   : 3.37
   vqmver    : 
   author    : MaxD http://devs.mx

File Name    : system/library/cache.php(0)
VQModObject::applyMod - SEARCH NOT FOUND (SKIPPED): if (is_file(DIR_SYSTEM . 'library/journal3/vendor/SuperCache

----------------------------------------------------------------------


---------- Date: 2026-03-30 19:53:48 ~ IP : 185.179.188.62 ----------
REQUEST URI : /podmotka-spidometra-hyundai-genesis-g80/
MOD DETAILS:
   modFile   : /home/canmotalka/web/can-motalka.ru/public_html/vqmod/xml/lightning.xml
   id        : OpenCart Lightning
   version   : 3.37
   vqmver    : 
   author    : MaxD http://devs.mx

File Name    : system/library/cache.php(0)
VQModObject::applyMod - SEARCH NOT FOUND (SKIPPED): if (is_file(DIR_SYSTEM . 'library/journal3/vendor/SuperCache

----------------------------------------------------------------------


---------- Date: 2026-03-30 20:00:58 ~ IP : 185.179.188.62 ----------
REQUEST URI : /?ysclid=mndfposbu6462533796
MOD DETAILS:
   modFile   : /home/canmotalka/web/can-motalka.ru/public_html/vqmod/xml/lightning.xml
   id        : OpenCart Lightning
   version   : 3.37
   vqmver    : 
   author    : MaxD http://devs.mx

File Name    : system/library/cache.php(0)
VQModObject::applyMod - SEARCH NOT FOUND (SKIPPED): if (is_file(DIR_SYSTEM . 'library/journal3/vendor/SuperCache

----------------------------------------------------------------------


---------- Date: 2026-03-30 20:01:00 ~ IP : 185.179.188.62 ----------
REQUEST URI : /index.php?route=module/popupcart_extended
MOD DETAILS:
   modFile   : /home/canmotalka/web/can-motalka.ru/public_html/vqmod/xml/lightning.xml
   id        : OpenCart Lightning
   version   : 3.37
   vqmver    : 
   author    : MaxD http://devs.mx

File Name    : system/library/cache.php(0)
VQModObject::applyMod - SEARCH NOT FOUND (SKIPPED): if (is_file(DIR_SYSTEM . 'library/journal3/vendor/SuperCache

----------------------------------------------------------------------


---------- Date: 2026-03-30 20:01:00 ~ IP : 185.179.188.62 ----------
REQUEST URI : /index.php?route=module/popupcart_extended
MOD DETAILS:
   modFile   : /home/canmotalka/web/can-motalka.ru/public_html/vqmod/xml/lightning.xml
   id        : OpenCart Lightning
   version   : 3.37
   vqmver    : 
   author    : MaxD http://devs.mx

File Name    : system/library/cache.php(0)
VQModObject::applyMod - SEARCH NOT FOUND (SKIPPED): if (is_file(DIR_SYSTEM . 'library/journal3/vendor/SuperCache

----------------------------------------------------------------------


---------- Date: 2026-03-30 20:02:51 ~ IP : 185.179.188.62 ----------
REQUEST URI : /dostavka-i-oplata/
MOD DETAILS:
   modFile   : /home/canmotalka/web/can-motalka.ru/public_html/vqmod/xml/lightning.xml
   id        : OpenCart Lightning
   version   : 3.37
   vqmver    : 
   author    : MaxD http://devs.mx

File Name    : system/library/cache.php(0)
VQModObject::applyMod - SEARCH NOT FOUND (SKIPPED): if (is_file(DIR_SYSTEM . 'library/journal3/vendor/SuperCache

----------------------------------------------------------------------


---------- Date: 2026-03-30 20:03:11 ~ IP : 185.179.188.62 ----------
REQUEST URI : /podmotka-spidometra-shevrole-niva-abs-bezlimitnaya
MOD DETAILS:
   modFile   : /home/canmotalka/web/can-motalka.ru/public_html/vqmod/xml/lightning.xml
   id        : OpenCart Lightning
   version   : 3.37
   vqmver    : 
   author    : MaxD http://devs.mx

File Name    : system/library/cache.php(0)
VQModObject::applyMod - SEARCH NOT FOUND (SKIPPED): if (is_file(DIR_SYSTEM . 'library/journal3/vendor/SuperCache

----------------------------------------------------------------------


---------- Date: 2026-03-30 20:03:18 ~ IP : 185.179.188.62 ----------
REQUEST URI : /podmotka-spidometra-shevrole-niva-abs-bezlimitnaya/
MOD DETAILS:
   modFile   : /home/canmotalka/web/can-motalka.ru/public_html/vqmod/xml/lightning.xml
   id        : OpenCart Lightning
   version   : 3.37
   vqmver    : 
   author    : MaxD http://devs.mx

File Name    : system/library/cache.php(0)
VQModObject::applyMod - SEARCH NOT FOUND (SKIPPED): if (is_file(DIR_SYSTEM . 'library/journal3/vendor/SuperCache

----------------------------------------------------------------------


---------- Date: 2026-03-30 20:03:18 ~ IP : 185.179.188.62 ----------
REQUEST URI : /podmotka-spidometra-renault-megane-2
MOD DETAILS:
   modFile   : /home/canmotalka/web/can-motalka.ru/public_html/vqmod/xml/lightning.xml
   id        : OpenCart Lightning
   version   : 3.37
   vqmver    : 
   author    : MaxD http://devs.mx

File Name    : system/library/cache.php(0)
VQModObject::applyMod - SEARCH NOT FOUND (SKIPPED): if (is_file(DIR_SYSTEM . 'library/journal3/vendor/SuperCache

----------------------------------------------------------------------


---------- Date: 2026-03-30 20:03:18 ~ IP : 185.179.188.62 ----------
REQUEST URI : /podmotka-spidometra-renault-megane-2/
MOD DETAILS:
   modFile   : /home/canmotalka/web/can-motalka.ru/public_html/vqmod/xml/lightning.xml
   id        : OpenCart Lightning
   version   : 3.37
   vqmver    : 
   author    : MaxD http://devs.mx

File Name    : system/library/cache.php(0)
VQModObject::applyMod - SEARCH NOT FOUND (SKIPPED): if (is_file(DIR_SYSTEM . 'library/journal3/vendor/SuperCache

----------------------------------------------------------------------


---------- Date: 2026-03-30 20:04:29 ~ IP : 185.179.188.62 ----------
REQUEST URI : /gazelle_biz_manual/?ysclid=mndfu7slt1822030239
MOD DETAILS:
   modFile   : /home/canmotalka/web/can-motalka.ru/public_html/vqmod/xml/lightning.xml
   id        : OpenCart Lightning
   version   : 3.37
   vqmver    : 
   author    : MaxD http://devs.mx

File Name    : system/library/cache.php(0)
VQModObject::applyMod - SEARCH NOT FOUND (SKIPPED): if (is_file(DIR_SYSTEM . 'library/journal3/vendor/SuperCache

----------------------------------------------------------------------


---------- Date: 2026-03-30 20:04:29 ~ IP : 185.179.188.62 ----------
REQUEST URI : /gazelle_biz_manual/
MOD DETAILS:
   modFile   : /home/canmotalka/web/can-motalka.ru/public_html/vqmod/xml/lightning.xml
   id        : OpenCart Lightning
   version   : 3.37
   vqmver    : 
   author    : MaxD http://devs.mx

File Name    : system/library/cache.php(0)
VQModObject::applyMod - SEARCH NOT FOUND (SKIPPED): if (is_file(DIR_SYSTEM . 'library/journal3/vendor/SuperCache

----------------------------------------------------------------------


---------- Date: 2026-03-30 20:04:35 ~ IP : 185.179.188.62 ----------
REQUEST URI : /index.php?route=module/popupcart_extended
MOD DETAILS:
   modFile   : /home/canmotalka/web/can-motalka.ru/public_html/vqmod/xml/lightning.xml
   id        : OpenCart Lightning
   version   : 3.37
   vqmver    : 
   author    : MaxD http://devs.mx

File Name    : system/library/cache.php(0)
VQModObject::applyMod - SEARCH NOT FOUND (SKIPPED): if (is_file(DIR_SYSTEM . 'library/journal3/vendor/SuperCache

----------------------------------------------------------------------


---------- Date: 2026-03-30 20:05:48 ~ IP : 185.179.188.62 ----------
REQUEST URI : /podmotka-spidometra-uaz-patriot/
MOD DETAILS:
   modFile   : /home/canmotalka/web/can-motalka.ru/public_html/vqmod/xml/lightning.xml
   id        : OpenCart Lightning
   version   : 3.37
   vqmver    : 
   author    : MaxD http://devs.mx

File Name    : system/library/cache.php(0)
VQModObject::applyMod - SEARCH NOT FOUND (SKIPPED): if (is_file(DIR_SYSTEM . 'library/journal3/vendor/SuperCache

----------------------------------------------------------------------


---------- Date: 2026-03-30 20:05:52 ~ IP : 185.179.188.62 ----------
REQUEST URI : /index.php?route=module/popupcart_extended
MOD DETAILS:
   modFile   : /home/canmotalka/web/can-motalka.ru/public_html/vqmod/xml/lightning.xml
   id        : OpenCart Lightning
   version   : 3.37
   vqmver    : 
   author    : MaxD http://devs.mx

File Name    : system/library/cache.php(0)
VQModObject::applyMod - SEARCH NOT FOUND (SKIPPED): if (is_file(DIR_SYSTEM . 'library/journal3/vendor/SuperCache

----------------------------------------------------------------------


---------- Date: 2026-03-30 20:06:56 ~ IP : 185.179.188.62 ----------
REQUEST URI : /namotchik-probega-dlya-toyota-land-cruiser-prado-150/
MOD DETAILS:
   modFile   : /home/canmotalka/web/can-motalka.ru/public_html/vqmod/xml/lightning.xml
   id        : OpenCart Lightning
   version   : 3.37
   vqmver    : 
   author    : MaxD http://devs.mx

File Name    : system/library/cache.php(0)
VQModObject::applyMod - SEARCH NOT FOUND (SKIPPED): if (is_file(DIR_SYSTEM . 'library/journal3/vendor/SuperCache

----------------------------------------------------------------------


---------- Date: 2026-03-30 20:09:02 ~ IP : 185.179.188.62 ----------
REQUEST URI : /setting_php/super-jevitra/335-analogi-suhagri-150-moskva/
MOD DETAILS:
   modFile   : /home/canmotalka/web/can-motalka.ru/public_html/vqmod/xml/lightning.xml
   id        : OpenCart Lightning
   version   : 3.37
   vqmver    : 
   author    : MaxD http://devs.mx

File Name    : system/library/cache.php(0)
VQModObject::applyMod - SEARCH NOT FOUND (SKIPPED): if (is_file(DIR_SYSTEM . 'library/journal3/vendor/SuperCache

----------------------------------------------------------------------


---------- Date: 2026-03-30 20:16:48 ~ IP : 185.179.188.62 ----------
REQUEST URI : /hyundai_h1_manual/
MOD DETAILS:
   modFile   : /home/canmotalka/web/can-motalka.ru/public_html/vqmod/xml/lightning.xml
   id        : OpenCart Lightning
   version   : 3.37
   vqmver    : 
   author    : MaxD http://devs.mx

File Name    : system/library/cache.php(0)
VQModObject::applyMod - SEARCH NOT FOUND (SKIPPED): if (is_file(DIR_SYSTEM . 'library/journal3/vendor/SuperCache

----------------------------------------------------------------------


---------- Date: 2026-03-30 20:16:51 ~ IP : 185.179.188.62 ----------
REQUEST URI : /index.php?route=module/popupcart_extended
MOD DETAILS:
   modFile   : /home/canmotalka/web/can-motalka.ru/public_html/vqmod/xml/lightning.xml
   id        : OpenCart Lightning
   version   : 3.37
   vqmver    : 
   author    : MaxD http://devs.mx

File Name    : system/library/cache.php(0)
VQModObject::applyMod - SEARCH NOT FOUND (SKIPPED): if (is_file(DIR_SYSTEM . 'library/journal3/vendor/SuperCache

----------------------------------------------------------------------


---------- Date: 2026-03-30 20:20:23 ~ IP : 185.179.188.62 ----------
REQUEST URI : /contact/
MOD DETAILS:
   modFile   : /home/canmotalka/web/can-motalka.ru/public_html/vqmod/xml/lightning.xml
   id        : OpenCart Lightning
   version   : 3.37
   vqmver    : 
   author    : MaxD http://devs.mx

File Name    : system/library/cache.php(0)
VQModObject::applyMod - SEARCH NOT FOUND (SKIPPED): if (is_file(DIR_SYSTEM . 'library/journal3/vendor/SuperCache

----------------------------------------------------------------------


---------- Date: 2026-03-30 20:20:40 ~ IP : 185.179.188.62 ----------
REQUEST URI : /gazelle_biz_manual/
MOD DETAILS:
   modFile   : /home/canmotalka/web/can-motalka.ru/public_html/vqmod/xml/lightning.xml
   id        : OpenCart Lightning
   version   : 3.37
   vqmver    : 
   author    : MaxD http://devs.mx

File Name    : system/library/cache.php(0)
VQModObject::applyMod - SEARCH NOT FOUND (SKIPPED): if (is_file(DIR_SYSTEM . 'library/journal3/vendor/SuperCache

----------------------------------------------------------------------


---------- Date: 2026-03-30 20:23:44 ~ IP : 185.179.188.62 ----------
REQUEST URI : /krutilka-spidometra-dlya-renault-duster-2009-2015/
MOD DETAILS:
   modFile   : /home/canmotalka/web/can-motalka.ru/public_html/vqmod/xml/lightning.xml
   id        : OpenCart Lightning
   version   : 3.37
   vqmver    : 
   author    : MaxD http://devs.mx

File Name    : system/library/cache.php(0)
VQModObject::applyMod - SEARCH NOT FOUND (SKIPPED): if (is_file(DIR_SYSTEM . 'library/journal3/vendor/SuperCache

----------------------------------------------------------------------


---------- Date: 2026-03-30 20:23:49 ~ IP : 185.179.188.62 ----------
REQUEST URI : /podmotka-spidometra-renault-duster-2009-2015/
MOD DETAILS:
   modFile   : /home/canmotalka/web/can-motalka.ru/public_html/vqmod/xml/lightning.xml
   id        : OpenCart Lightning
   version   : 3.37
   vqmver    : 
   author    : MaxD http://devs.mx

File Name    : system/library/cache.php(0)
VQModObject::applyMod - SEARCH NOT FOUND (SKIPPED): if (is_file(DIR_SYSTEM . 'library/journal3/vendor/SuperCache

----------------------------------------------------------------------


---------- Date: 2026-03-30 20:25:05 ~ IP : 185.179.188.62 ----------
REQUEST URI : /contact/
MOD DETAILS:
   modFile   : /home/canmotalka/web/can-motalka.ru/public_html/vqmod/xml/lightning.xml
   id        : OpenCart Lightning
   version   : 3.37
   vqmver    : 
   author    : MaxD http://devs.mx

File Name    : system/library/cache.php(0)
VQModObject::applyMod - SEARCH NOT FOUND (SKIPPED): if (is_file(DIR_SYSTEM . 'library/journal3/vendor/SuperCache

----------------------------------------------------------------------


---------- Date: 2026-03-30 20:25:05 ~ IP : 185.179.188.62 ----------
REQUEST URI : /contact
MOD DETAILS:
   modFile   : /home/canmotalka/web/can-motalka.ru/public_html/vqmod/xml/lightning.xml
   id        : OpenCart Lightning
   version   : 3.37
   vqmver    : 
   author    : MaxD http://devs.mx

File Name    : system/library/cache.php(0)
VQModObject::applyMod - SEARCH NOT FOUND (SKIPPED): if (is_file(DIR_SYSTEM . 'library/journal3/vendor/SuperCache

----------------------------------------------------------------------


---------- Date: 2026-03-30 20:25:06 ~ IP : 185.179.188.62 ----------
REQUEST URI : /contact/
MOD DETAILS:
   modFile   : /home/canmotalka/web/can-motalka.ru/public_html/vqmod/xml/lightning.xml
   id        : OpenCart Lightning
   version   : 3.37
   vqmver    : 
   author    : MaxD http://devs.mx

File Name    : system/library/cache.php(0)
VQModObject::applyMod - SEARCH NOT FOUND (SKIPPED): if (is_file(DIR_SYSTEM . 'library/journal3/vendor/SuperCache

----------------------------------------------------------------------


---------- Date: 2026-03-30 20:27:49 ~ IP : 185.179.188.62 ----------
REQUEST URI : /?ysclid=mndgo8m4c0100978902
MOD DETAILS:
   modFile   : /home/canmotalka/web/can-motalka.ru/public_html/vqmod/xml/lightning.xml
   id        : OpenCart Lightning
   version   : 3.37
   vqmver    : 
   author    : MaxD http://devs.mx

File Name    : system/library/cache.php(0)
VQModObject::applyMod - SEARCH NOT FOUND (SKIPPED): if (is_file(DIR_SYSTEM . 'library/journal3/vendor/SuperCache

----------------------------------------------------------------------


---------- Date: 2026-03-30 20:27:49 ~ IP : 185.179.188.62 ----------
REQUEST URI : /index.php?route=module/popupcart_extended
MOD DETAILS:
   modFile   : /home/canmotalka/web/can-motalka.ru/public_html/vqmod/xml/lightning.xml
   id        : OpenCart Lightning
   version   : 3.37
   vqmver    : 
   author    : MaxD http://devs.mx

File Name    : system/library/cache.php(0)
VQModObject::applyMod - SEARCH NOT FOUND (SKIPPED): if (is_file(DIR_SYSTEM . 'library/journal3/vendor/SuperCache

----------------------------------------------------------------------


---------- Date: 2026-03-30 20:30:44 ~ IP : 185.179.188.62 ----------
REQUEST URI : /instrukciya-podmotka-kamaz/
MOD DETAILS:
   modFile   : /home/canmotalka/web/can-motalka.ru/public_html/vqmod/xml/lightning.xml
   id        : OpenCart Lightning
   version   : 3.37
   vqmver    : 
   author    : MaxD http://devs.mx

File Name    : system/library/cache.php(0)
VQModObject::applyMod - SEARCH NOT FOUND (SKIPPED): if (is_file(DIR_SYSTEM . 'library/journal3/vendor/SuperCache

----------------------------------------------------------------------


---------- Date: 2026-03-30 20:30:45 ~ IP : 185.179.188.62 ----------
REQUEST URI : /index.php?route=module/popupcart_extended
MOD DETAILS:
   modFile   : /home/canmotalka/web/can-motalka.ru/public_html/vqmod/xml/lightning.xml
   id        : OpenCart Lightning
   version   : 3.37
   vqmver    : 
   author    : MaxD http://devs.mx

File Name    : system/library/cache.php(0)
VQModObject::applyMod - SEARCH NOT FOUND (SKIPPED): if (is_file(DIR_SYSTEM . 'library/journal3/vendor/SuperCache

----------------------------------------------------------------------


---------- Date: 2026-03-30 20:31:11 ~ IP : 185.179.188.62 ----------
REQUEST URI : /podmotka-spidometra-uaz-patriot/?ysclid=mndgsjb23p368105773
MOD DETAILS:
   modFile   : /home/canmotalka/web/can-motalka.ru/public_html/vqmod/xml/lightning.xml
   id        : OpenCart Lightning
   version   : 3.37
   vqmver    : 
   author    : MaxD http://devs.mx

File Name    : system/library/cache.php(0)
VQModObject::applyMod - SEARCH NOT FOUND (SKIPPED): if (is_file(DIR_SYSTEM . 'library/journal3/vendor/SuperCache

----------------------------------------------------------------------


---------- Date: 2026-03-30 20:31:11 ~ IP : 185.179.188.62 ----------
REQUEST URI : /podmotka-spidometra-uaz-patriot/
MOD DETAILS:
   modFile   : /home/canmotalka/web/can-motalka.ru/public_html/vqmod/xml/lightning.xml
   id        : OpenCart Lightning
   version   : 3.37
   vqmver    : 
   author    : MaxD http://devs.mx

File Name    : system/library/cache.php(0)
VQModObject::applyMod - SEARCH NOT FOUND (SKIPPED): if (is_file(DIR_SYSTEM . 'library/journal3/vendor/SuperCache

----------------------------------------------------------------------


---------- Date: 2026-03-30 20:31:13 ~ IP : 185.179.188.62 ----------
REQUEST URI : /index.php?route=product/product/review&amp;product_id=277
MOD DETAILS:
   modFile   : /home/canmotalka/web/can-motalka.ru/public_html/vqmod/xml/lightning.xml
   id        : OpenCart Lightning
   version   : 3.37
   vqmver    : 
   author    : MaxD http://devs.mx

File Name    : system/library/cache.php(0)
VQModObject::applyMod - SEARCH NOT FOUND (SKIPPED): if (is_file(DIR_SYSTEM . 'library/journal3/vendor/SuperCache

----------------------------------------------------------------------


---------- Date: 2026-03-30 20:31:13 ~ IP : 185.179.188.62 ----------
REQUEST URI : /index.php?route=module/popupcart_extended
MOD DETAILS:
   modFile   : /home/canmotalka/web/can-motalka.ru/public_html/vqmod/xml/lightning.xml
   id        : OpenCart Lightning
   version   : 3.37
   vqmver    : 
   author    : MaxD http://devs.mx

File Name    : system/library/cache.php(0)
VQModObject::applyMod - SEARCH NOT FOUND (SKIPPED): if (is_file(DIR_SYSTEM . 'library/journal3/vendor/SuperCache

----------------------------------------------------------------------


---------- Date: 2026-03-30 20:34:02 ~ IP : 185.179.188.62 ----------
REQUEST URI : /namotchik-probega-dlya-uaz-patriot-konec-do-2016-zelenyy-displey/
MOD DETAILS:
   modFile   : /home/canmotalka/web/can-motalka.ru/public_html/vqmod/xml/lightning.xml
   id        : OpenCart Lightning
   version   : 3.37
   vqmver    : 
   author    : MaxD http://devs.mx

File Name    : system/library/cache.php(0)
VQModObject::applyMod - SEARCH NOT FOUND (SKIPPED): if (is_file(DIR_SYSTEM . 'library/journal3/vendor/SuperCache

----------------------------------------------------------------------


---------- Date: 2026-03-30 20:34:03 ~ IP : 185.179.188.62 ----------
REQUEST URI : /index.php?route=product/product/review&amp;product_id=262
MOD DETAILS:
   modFile   : /home/canmotalka/web/can-motalka.ru/public_html/vqmod/xml/lightning.xml
   id        : OpenCart Lightning
   version   : 3.37
   vqmver    : 
   author    : MaxD http://devs.mx

File Name    : system/library/cache.php(0)
VQModObject::applyMod - SEARCH NOT FOUND (SKIPPED): if (is_file(DIR_SYSTEM . 'library/journal3/vendor/SuperCache

----------------------------------------------------------------------


---------- Date: 2026-03-30 20:34:14 ~ IP : 185.179.188.62 ----------
REQUEST URI : /instrukciya-podmotka-kamaz/
MOD DETAILS:
   modFile   : /home/canmotalka/web/can-motalka.ru/public_html/vqmod/xml/lightning.xml
   id        : OpenCart Lightning
   version   : 3.37
   vqmver    : 
   author    : MaxD http://devs.mx

File Name    : system/library/cache.php(0)
VQModObject::applyMod - SEARCH NOT FOUND (SKIPPED): if (is_file(DIR_SYSTEM . 'library/journal3/vendor/SuperCache

----------------------------------------------------------------------


---------- Date: 2026-03-30 20:34:27 ~ IP : 185.179.188.62 ----------
REQUEST URI : /.well-known/traffic-advice
MOD DETAILS:
   modFile   : /home/canmotalka/web/can-motalka.ru/public_html/vqmod/xml/lightning.xml
   id        : OpenCart Lightning
   version   : 3.37
   vqmver    : 
   author    : MaxD http://devs.mx

File Name    : system/library/cache.php(0)
VQModObject::applyMod - SEARCH NOT FOUND (SKIPPED): if (is_file(DIR_SYSTEM . 'library/journal3/vendor/SuperCache

----------------------------------------------------------------------


---------- Date: 2026-03-30 20:34:27 ~ IP : 185.179.188.62 ----------
REQUEST URI : /podmotka_spidometra/
MOD DETAILS:
   modFile   : /home/canmotalka/web/can-motalka.ru/public_html/vqmod/xml/lightning.xml
   id        : OpenCart Lightning
   version   : 3.37
   vqmver    : 
   author    : MaxD http://devs.mx

File Name    : system/library/cache.php(0)
VQModObject::applyMod - SEARCH NOT FOUND (SKIPPED): if (is_file(DIR_SYSTEM . 'library/journal3/vendor/SuperCache

----------------------------------------------------------------------


---------- Date: 2026-03-30 20:35:31 ~ IP : 185.179.188.62 ----------
REQUEST URI : /podmotka_vw_manual/
MOD DETAILS:
   modFile   : /home/canmotalka/web/can-motalka.ru/public_html/vqmod/xml/lightning.xml
   id        : OpenCart Lightning
   version   : 3.37
   vqmver    : 
   author    : MaxD http://devs.mx

File Name    : system/library/cache.php(0)
VQModObject::applyMod - SEARCH NOT FOUND (SKIPPED): if (is_file(DIR_SYSTEM . 'library/journal3/vendor/SuperCache

----------------------------------------------------------------------


---------- Date: 2026-03-30 20:35:32 ~ IP : 185.179.188.62 ----------
REQUEST URI : /index.php?route=module/popupcart_extended
MOD DETAILS:
   modFile   : /home/canmotalka/web/can-motalka.ru/public_html/vqmod/xml/lightning.xml
   id        : OpenCart Lightning
   version   : 3.37
   vqmver    : 
   author    : MaxD http://devs.mx

File Name    : system/library/cache.php(0)
VQModObject::applyMod - SEARCH NOT FOUND (SKIPPED): if (is_file(DIR_SYSTEM . 'library/journal3/vendor/SuperCache

----------------------------------------------------------------------


---------- Date: 2026-03-30 20:36:07 ~ IP : 185.179.188.62 ----------
REQUEST URI : /podmotka-spidometra-uaz-patriot/
MOD DETAILS:
   modFile   : /home/canmotalka/web/can-motalka.ru/public_html/vqmod/xml/lightning.xml
   id        : OpenCart Lightning
   version   : 3.37
   vqmver    : 
   author    : MaxD http://devs.mx

File Name    : system/library/cache.php(0)
VQModObject::applyMod - SEARCH NOT FOUND (SKIPPED): if (is_file(DIR_SYSTEM . 'library/journal3/vendor/SuperCache

----------------------------------------------------------------------


---------- Date: 2026-03-30 20:36:10 ~ IP : 185.179.188.62 ----------
REQUEST URI : /namotchik-probega-dlya-uaz-patriot-konec-do-2016-zelenyy-displey/
MOD DETAILS:
   modFile   : /home/canmotalka/web/can-motalka.ru/public_html/vqmod/xml/lightning.xml
   id        : OpenCart Lightning
   version   : 3.37
   vqmver    : 
   author    : MaxD http://devs.mx

File Name    : system/library/cache.php(0)
VQModObject::applyMod - SEARCH NOT FOUND (SKIPPED): if (is_file(DIR_SYSTEM . 'library/journal3/vendor/SuperCache

----------------------------------------------------------------------


---------- Date: 2026-03-30 20:37:28 ~ IP : 185.179.188.62 ----------
REQUEST URI : /sitemap.xml
MOD DETAILS:
   modFile   : /home/canmotalka/web/can-motalka.ru/public_html/vqmod/xml/lightning.xml
   id        : OpenCart Lightning
   version   : 3.37
   vqmver    : 
   author    : MaxD http://devs.mx

File Name    : system/library/cache.php(0)
VQModObject::applyMod - SEARCH NOT FOUND (SKIPPED): if (is_file(DIR_SYSTEM . 'library/journal3/vendor/SuperCache

----------------------------------------------------------------------


---------- Date: 2026-03-30 20:37:46 ~ IP : 185.179.188.62 ----------
REQUEST URI : /podmotka-spidometra-largus/
MOD DETAILS:
   modFile   : /home/canmotalka/web/can-motalka.ru/public_html/vqmod/xml/lightning.xml
   id        : OpenCart Lightning
   version   : 3.37
   vqmver    : 
   author    : MaxD http://devs.mx

File Name    : system/library/cache.php(0)
VQModObject::applyMod - SEARCH NOT FOUND (SKIPPED): if (is_file(DIR_SYSTEM . 'library/journal3/vendor/SuperCache

----------------------------------------------------------------------


---------- Date: 2026-03-30 20:37:55 ~ IP : 185.179.188.62 ----------
REQUEST URI : /index.php?route=product/product/review&amp;product_id=258
MOD DETAILS:
   modFile   : /home/canmotalka/web/can-motalka.ru/public_html/vqmod/xml/lightning.xml
   id        : OpenCart Lightning
   version   : 3.37
   vqmver    : 
   author    : MaxD http://devs.mx

File Name    : system/library/cache.php(0)
VQModObject::applyMod - SEARCH NOT FOUND (SKIPPED): if (is_file(DIR_SYSTEM . 'library/journal3/vendor/SuperCache

----------------------------------------------------------------------


---------- Date: 2026-03-30 20:37:55 ~ IP : 185.179.188.62 ----------
REQUEST URI : /index.php?route=module/popupcart_extended
MOD DETAILS:
   modFile   : /home/canmotalka/web/can-motalka.ru/public_html/vqmod/xml/lightning.xml
   id        : OpenCart Lightning
   version   : 3.37
   vqmver    : 
   author    : MaxD http://devs.mx

File Name    : system/library/cache.php(0)
VQModObject::applyMod - SEARCH NOT FOUND (SKIPPED): if (is_file(DIR_SYSTEM . 'library/journal3/vendor/SuperCache

----------------------------------------------------------------------


---------- Date: 2026-03-30 20:38:50 ~ IP : 185.179.188.62 ----------
REQUEST URI : /sitemap.xml
MOD DETAILS:
   modFile   : /home/canmotalka/web/can-motalka.ru/public_html/vqmod/xml/lightning.xml
   id        : OpenCart Lightning
   version   : 3.37
   vqmver    : 
   author    : MaxD http://devs.mx

File Name    : system/library/cache.php(0)
VQModObject::applyMod - SEARCH NOT FOUND (SKIPPED): if (is_file(DIR_SYSTEM . 'library/journal3/vendor/SuperCache

----------------------------------------------------------------------


---------- Date: 2026-03-30 20:38:52 ~ IP : 185.179.188.62 ----------
REQUEST URI : /index.php?route=feed/google_sitemap_fast
MOD DETAILS:
   modFile   : /home/canmotalka/web/can-motalka.ru/public_html/vqmod/xml/lightning.xml
   id        : OpenCart Lightning
   version   : 3.37
   vqmver    : 
   author    : MaxD http://devs.mx

File Name    : system/library/cache.php(0)
VQModObject::applyMod - SEARCH NOT FOUND (SKIPPED): if (is_file(DIR_SYSTEM . 'library/journal3/vendor/SuperCache

----------------------------------------------------------------------


---------- Date: 2026-03-30 20:39:11 ~ IP : 185.179.188.62 ----------
REQUEST URI : /sitemap.xml
MOD DETAILS:
   modFile   : /home/canmotalka/web/can-motalka.ru/public_html/vqmod/xml/lightning.xml
   id        : OpenCart Lightning
   version   : 3.37
   vqmver    : 
   author    : MaxD http://devs.mx

File Name    : system/library/cache.php(0)
VQModObject::applyMod - SEARCH NOT FOUND (SKIPPED): if (is_file(DIR_SYSTEM . 'library/journal3/vendor/SuperCache

----------------------------------------------------------------------


---------- Date: 2026-03-30 20:39:12 ~ IP : 185.179.188.62 ----------
REQUEST URI : /index.php?route=feed/google_sitemap_fast
MOD DETAILS:
   modFile   : /home/canmotalka/web/can-motalka.ru/public_html/vqmod/xml/lightning.xml
   id        : OpenCart Lightning
   version   : 3.37
   vqmver    : 
   author    : MaxD http://devs.mx

File Name    : system/library/cache.php(0)
VQModObject::applyMod - SEARCH NOT FOUND (SKIPPED): if (is_file(DIR_SYSTEM . 'library/journal3/vendor/SuperCache

----------------------------------------------------------------------


---------- Date: 2026-03-30 20:39:23 ~ IP : 185.179.188.62 ----------
REQUEST URI : /sitemap.xml
MOD DETAILS:
   modFile   : /home/canmotalka/web/can-motalka.ru/public_html/vqmod/xml/lightning.xml
   id        : OpenCart Lightning
   version   : 3.37
   vqmver    : 
   author    : MaxD http://devs.mx

File Name    : system/library/cache.php(0)
VQModObject::applyMod - SEARCH NOT FOUND (SKIPPED): if (is_file(DIR_SYSTEM . 'library/journal3/vendor/SuperCache

----------------------------------------------------------------------


---------- Date: 2026-03-30 20:39:24 ~ IP : 185.179.188.62 ----------
REQUEST URI : /index.php?route=feed/google_sitemap_fast
MOD DETAILS:
   modFile   : /home/canmotalka/web/can-motalka.ru/public_html/vqmod/xml/lightning.xml
   id        : OpenCart Lightning
   version   : 3.37
   vqmver    : 
   author    : MaxD http://devs.mx

File Name    : system/library/cache.php(0)
VQModObject::applyMod - SEARCH NOT FOUND (SKIPPED): if (is_file(DIR_SYSTEM . 'library/journal3/vendor/SuperCache

----------------------------------------------------------------------


---------- Date: 2026-03-30 20:48:45 ~ IP : 185.179.188.62 ----------
REQUEST URI : /podmotka-spidometra-hyundai-genesis-g80/?ysclid=mnddharoe470899270
MOD DETAILS:
   modFile   : /home/canmotalka/web/can-motalka.ru/public_html/vqmod/xml/lightning.xml
   id        : OpenCart Lightning
   version   : 3.37
   vqmver    : 
   author    : MaxD http://devs.mx

File Name    : system/library/cache.php(0)
VQModObject::applyMod - SEARCH NOT FOUND (SKIPPED): if (is_file(DIR_SYSTEM . 'library/journal3/vendor/SuperCache

----------------------------------------------------------------------


---------- Date: 2026-03-30 20:50:51 ~ IP : 185.179.188.62 ----------
REQUEST URI : /podmotka_spidometra/
MOD DETAILS:
   modFile   : /home/canmotalka/web/can-motalka.ru/public_html/vqmod/xml/lightning.xml
   id        : OpenCart Lightning
   version   : 3.37
   vqmver    : 
   author    : MaxD http://devs.mx

File Name    : system/library/cache.php(0)
VQModObject::applyMod - SEARCH NOT FOUND (SKIPPED): if (is_file(DIR_SYSTEM . 'library/journal3/vendor/SuperCache

----------------------------------------------------------------------


---------- Date: 2026-03-30 21:00:32 ~ IP : 185.179.188.62 ----------
REQUEST URI : /index.php?route=product/product/review&amp;product_id=303
MOD DETAILS:
   modFile   : /home/canmotalka/web/can-motalka.ru/public_html/vqmod/xml/lightning.xml
   id        : OpenCart Lightning
   version   : 3.37
   vqmver    : 
   author    : MaxD http://devs.mx

File Name    : system/library/cache.php(0)
VQModObject::applyMod - SEARCH NOT FOUND (SKIPPED): if (is_file(DIR_SYSTEM . 'library/journal3/vendor/SuperCache

----------------------------------------------------------------------


---------- Date: 2026-03-30 21:02:42 ~ IP : 185.179.188.62 ----------
REQUEST URI : /manual-podmotka-toyota-camry-corolla-tlc-rav4/
MOD DETAILS:
   modFile   : /home/canmotalka/web/can-motalka.ru/public_html/vqmod/xml/lightning.xml
   id        : OpenCart Lightning
   version   : 3.37
   vqmver    : 
   author    : MaxD http://devs.mx

File Name    : system/library/cache.php(0)
VQModObject::applyMod - SEARCH NOT FOUND (SKIPPED): if (is_file(DIR_SYSTEM . 'library/journal3/vendor/SuperCache

----------------------------------------------------------------------


---------- Date: 2026-03-30 21:02:43 ~ IP : 185.179.188.62 ----------
REQUEST URI : /manual-podmotka-toyota-camry-corolla-tlc-rav4/
MOD DETAILS:
   modFile   : /home/canmotalka/web/can-motalka.ru/public_html/vqmod/xml/lightning.xml
   id        : OpenCart Lightning
   version   : 3.37
   vqmver    : 
   author    : MaxD http://devs.mx

File Name    : system/library/cache.php(0)
VQModObject::applyMod - SEARCH NOT FOUND (SKIPPED): if (is_file(DIR_SYSTEM . 'library/journal3/vendor/SuperCache

----------------------------------------------------------------------


---------- Date: 2026-03-30 21:02:43 ~ IP : 185.179.188.62 ----------
REQUEST URI : /index.php?route=module/popupcart_extended
MOD DETAILS:
   modFile   : /home/canmotalka/web/can-motalka.ru/public_html/vqmod/xml/lightning.xml
   id        : OpenCart Lightning
   version   : 3.37
   vqmver    : 
   author    : MaxD http://devs.mx

File Name    : system/library/cache.php(0)
VQModObject::applyMod - SEARCH NOT FOUND (SKIPPED): if (is_file(DIR_SYSTEM . 'library/journal3/vendor/SuperCache

----------------------------------------------------------------------


---------- Date: 2026-03-30 21:04:40 ~ IP : 185.179.188.62 ----------
REQUEST URI : /contact/
MOD DETAILS:
   modFile   : /home/canmotalka/web/can-motalka.ru/public_html/vqmod/xml/lightning.xml
   id        : OpenCart Lightning
   version   : 3.37
   vqmver    : 
   author    : MaxD http://devs.mx

File Name    : system/library/cache.php(0)
VQModObject::applyMod - SEARCH NOT FOUND (SKIPPED): if (is_file(DIR_SYSTEM . 'library/journal3/vendor/SuperCache

----------------------------------------------------------------------


---------- Date: 2026-03-30 21:06:52 ~ IP : 185.179.188.62 ----------
REQUEST URI : /podmotka-spidometra-dlya-lada-granta-bez-abs-bezlimitnaya/
MOD DETAILS:
   modFile   : /home/canmotalka/web/can-motalka.ru/public_html/vqmod/xml/lightning.xml
   id        : OpenCart Lightning
   version   : 3.37
   vqmver    : 
   author    : MaxD http://devs.mx

File Name    : system/library/cache.php(0)
VQModObject::applyMod - SEARCH NOT FOUND (SKIPPED): if (is_file(DIR_SYSTEM . 'library/journal3/vendor/SuperCache

----------------------------------------------------------------------


---------- Date: 2026-03-30 21:12:11 ~ IP : 185.179.188.62 ----------
REQUEST URI : /podmotka_vw_manual/?ysclid=mndi9afsk2277564337
MOD DETAILS:
   modFile   : /home/canmotalka/web/can-motalka.ru/public_html/vqmod/xml/lightning.xml
   id        : OpenCart Lightning
   version   : 3.37
   vqmver    : 
   author    : MaxD http://devs.mx

File Name    : system/library/cache.php(0)
VQModObject::applyMod - SEARCH NOT FOUND (SKIPPED): if (is_file(DIR_SYSTEM . 'library/journal3/vendor/SuperCache

----------------------------------------------------------------------


---------- Date: 2026-03-30 21:12:11 ~ IP : 185.179.188.62 ----------
REQUEST URI : /podmotka_vw_manual/
MOD DETAILS:
   modFile   : /home/canmotalka/web/can-motalka.ru/public_html/vqmod/xml/lightning.xml
   id        : OpenCart Lightning
   version   : 3.37
   vqmver    : 
   author    : MaxD http://devs.mx

File Name    : system/library/cache.php(0)
VQModObject::applyMod - SEARCH NOT FOUND (SKIPPED): if (is_file(DIR_SYSTEM . 'library/journal3/vendor/SuperCache

----------------------------------------------------------------------


---------- Date: 2026-03-30 21:12:12 ~ IP : 185.179.188.62 ----------
REQUEST URI : /index.php?route=module/popupcart_extended
MOD DETAILS:
   modFile   : /home/canmotalka/web/can-motalka.ru/public_html/vqmod/xml/lightning.xml
   id        : OpenCart Lightning
   version   : 3.37
   vqmver    : 
   author    : MaxD http://devs.mx

File Name    : system/library/cache.php(0)
VQModObject::applyMod - SEARCH NOT FOUND (SKIPPED): if (is_file(DIR_SYSTEM . 'library/journal3/vendor/SuperCache

----------------------------------------------------------------------


---------- Date: 2026-03-30 21:13:33 ~ IP : 185.179.188.62 ----------
REQUEST URI : /?ysclid=mndib1jxyn250046763
MOD DETAILS:
   modFile   : /home/canmotalka/web/can-motalka.ru/public_html/vqmod/xml/lightning.xml
   id        : OpenCart Lightning
   version   : 3.37
   vqmver    : 
   author    : MaxD http://devs.mx

File Name    : system/library/cache.php(0)
VQModObject::applyMod - SEARCH NOT FOUND (SKIPPED): if (is_file(DIR_SYSTEM . 'library/journal3/vendor/SuperCache

----------------------------------------------------------------------


---------- Date: 2026-03-30 21:14:04 ~ IP : 185.179.188.62 ----------
REQUEST URI : /index.php?route=module/popupcart_extended
MOD DETAILS:
   modFile   : /home/canmotalka/web/can-motalka.ru/public_html/vqmod/xml/lightning.xml
   id        : OpenCart Lightning
   version   : 3.37
   vqmver    : 
   author    : MaxD http://devs.mx

File Name    : system/library/cache.php(0)
VQModObject::applyMod - SEARCH NOT FOUND (SKIPPED): if (is_file(DIR_SYSTEM . 'library/journal3/vendor/SuperCache

----------------------------------------------------------------------


---------- Date: 2026-03-30 21:19:17 ~ IP : 185.179.188.62 ----------
REQUEST URI : /sitemap.xml
MOD DETAILS:
   modFile   : /home/canmotalka/web/can-motalka.ru/public_html/vqmod/xml/lightning.xml
   id        : OpenCart Lightning
   version   : 3.37
   vqmver    : 
   author    : MaxD http://devs.mx

File Name    : system/library/cache.php(0)
VQModObject::applyMod - SEARCH NOT FOUND (SKIPPED): if (is_file(DIR_SYSTEM . 'library/journal3/vendor/SuperCache

----------------------------------------------------------------------


---------- Date: 2026-03-30 21:24:34 ~ IP : 185.179.188.62 ----------
REQUEST URI : /instrukciya-podmotka-kamaz/?ysclid=mndip7x2qe145298347
MOD DETAILS:
   modFile   : /home/canmotalka/web/can-motalka.ru/public_html/vqmod/xml/lightning.xml
   id        : OpenCart Lightning
   version   : 3.37
   vqmver    : 
   author    : MaxD http://devs.mx

File Name    : system/library/cache.php(0)
VQModObject::applyMod - SEARCH NOT FOUND (SKIPPED): if (is_file(DIR_SYSTEM . 'library/journal3/vendor/SuperCache

----------------------------------------------------------------------


---------- Date: 2026-03-30 21:24:34 ~ IP : 185.179.188.62 ----------
REQUEST URI : /instrukciya-podmotka-kamaz/
MOD DETAILS:
   modFile   : /home/canmotalka/web/can-motalka.ru/public_html/vqmod/xml/lightning.xml
   id        : OpenCart Lightning
   version   : 3.37
   vqmver    : 
   author    : MaxD http://devs.mx

File Name    : system/library/cache.php(0)
VQModObject::applyMod - SEARCH NOT FOUND (SKIPPED): if (is_file(DIR_SYSTEM . 'library/journal3/vendor/SuperCache

----------------------------------------------------------------------


---------- Date: 2026-03-30 21:24:35 ~ IP : 185.179.188.62 ----------
REQUEST URI : /index.php?route=module/popupcart_extended
MOD DETAILS:
   modFile   : /home/canmotalka/web/can-motalka.ru/public_html/vqmod/xml/lightning.xml
   id        : OpenCart Lightning
   version   : 3.37
   vqmver    : 
   author    : MaxD http://devs.mx

File Name    : system/library/cache.php(0)
VQModObject::applyMod - SEARCH NOT FOUND (SKIPPED): if (is_file(DIR_SYSTEM . 'library/journal3/vendor/SuperCache

----------------------------------------------------------------------


---------- Date: 2026-03-30 21:28:08 ~ IP : 185.179.188.62 ----------
REQUEST URI : /manuals/?ysclid=mnditsmvoy523926346
MOD DETAILS:
   modFile   : /home/canmotalka/web/can-motalka.ru/public_html/vqmod/xml/lightning.xml
   id        : OpenCart Lightning
   version   : 3.37
   vqmver    : 
   author    : MaxD http://devs.mx

File Name    : system/library/cache.php(0)
VQModObject::applyMod - SEARCH NOT FOUND (SKIPPED): if (is_file(DIR_SYSTEM . 'library/journal3/vendor/SuperCache

----------------------------------------------------------------------


---------- Date: 2026-03-30 21:28:08 ~ IP : 185.179.188.62 ----------
REQUEST URI : /index.php?route=module/popupcart_extended
MOD DETAILS:
   modFile   : /home/canmotalka/web/can-motalka.ru/public_html/vqmod/xml/lightning.xml
   id        : OpenCart Lightning
   version   : 3.37
   vqmver    : 
   author    : MaxD http://devs.mx

File Name    : system/library/cache.php(0)
VQModObject::applyMod - SEARCH NOT FOUND (SKIPPED): if (is_file(DIR_SYSTEM . 'library/journal3/vendor/SuperCache

----------------------------------------------------------------------


---------- Date: 2026-03-30 21:40:09 ~ IP : 185.179.188.62 ----------
REQUEST URI : /podmotka-spidometra-ford-mondeo-5/
MOD DETAILS:
   modFile   : /home/canmotalka/web/can-motalka.ru/public_html/vqmod/xml/lightning.xml
   id        : OpenCart Lightning
   version   : 3.37
   vqmver    : 
   author    : MaxD http://devs.mx

File Name    : system/library/cache.php(0)
VQModObject::applyMod - SEARCH NOT FOUND (SKIPPED): if (is_file(DIR_SYSTEM . 'library/journal3/vendor/SuperCache

----------------------------------------------------------------------


---------- Date: 2026-03-30 21:40:59 ~ IP : 185.179.188.62 ----------
REQUEST URI : /otzyvy/?page=7
MOD DETAILS:
   modFile   : /home/canmotalka/web/can-motalka.ru/public_html/vqmod/xml/lightning.xml
   id        : OpenCart Lightning
   version   : 3.37
   vqmver    : 
   author    : MaxD http://devs.mx

File Name    : system/library/cache.php(0)
VQModObject::applyMod - SEARCH NOT FOUND (SKIPPED): if (is_file(DIR_SYSTEM . 'library/journal3/vendor/SuperCache

----------------------------------------------------------------------


---------- Date: 2026-03-30 21:41:45 ~ IP : 185.179.188.62 ----------
REQUEST URI : /namotchik-probega-dlya-audi-a8/
MOD DETAILS:
   modFile   : /home/canmotalka/web/can-motalka.ru/public_html/vqmod/xml/lightning.xml
   id        : OpenCart Lightning
   version   : 3.37
   vqmver    : 
   author    : MaxD http://devs.mx

File Name    : system/library/cache.php(0)
VQModObject::applyMod - SEARCH NOT FOUND (SKIPPED): if (is_file(DIR_SYSTEM . 'library/journal3/vendor/SuperCache

----------------------------------------------------------------------


---------- Date: 2026-03-30 21:42:04 ~ IP : 185.179.188.62 ----------
REQUEST URI : /index.php?route=product/product/review&amp;product_id=235
MOD DETAILS:
   modFile   : /home/canmotalka/web/can-motalka.ru/public_html/vqmod/xml/lightning.xml
   id        : OpenCart Lightning
   version   : 3.37
   vqmver    : 
   author    : MaxD http://devs.mx

File Name    : system/library/cache.php(0)
VQModObject::applyMod - SEARCH NOT FOUND (SKIPPED): if (is_file(DIR_SYSTEM . 'library/journal3/vendor/SuperCache

----------------------------------------------------------------------


---------- Date: 2026-03-30 21:42:13 ~ IP : 185.179.188.62 ----------
REQUEST URI : /index.php?route=module/popupcart_extended
MOD DETAILS:
   modFile   : /home/canmotalka/web/can-motalka.ru/public_html/vqmod/xml/lightning.xml
   id        : OpenCart Lightning
   version   : 3.37
   vqmver    : 
   author    : MaxD http://devs.mx

File Name    : system/library/cache.php(0)
VQModObject::applyMod - SEARCH NOT FOUND (SKIPPED): if (is_file(DIR_SYSTEM . 'library/journal3/vendor/SuperCache

----------------------------------------------------------------------


---------- Date: 2026-03-30 21:52:55 ~ IP : 185.179.188.62 ----------
REQUEST URI : /niva_abs_re/?ysclid=mndjpohuxx406771290
MOD DETAILS:
   modFile   : /home/canmotalka/web/can-motalka.ru/public_html/vqmod/xml/lightning.xml
   id        : OpenCart Lightning
   version   : 3.37
   vqmver    : 
   author    : MaxD http://devs.mx

File Name    : system/library/cache.php(0)
VQModObject::applyMod - SEARCH NOT FOUND (SKIPPED): if (is_file(DIR_SYSTEM . 'library/journal3/vendor/SuperCache

----------------------------------------------------------------------


---------- Date: 2026-03-30 21:52:55 ~ IP : 185.179.188.62 ----------
REQUEST URI : /niva_abs_re/
MOD DETAILS:
   modFile   : /home/canmotalka/web/can-motalka.ru/public_html/vqmod/xml/lightning.xml
   id        : OpenCart Lightning
   version   : 3.37
   vqmver    : 
   author    : MaxD http://devs.mx

File Name    : system/library/cache.php(0)
VQModObject::applyMod - SEARCH NOT FOUND (SKIPPED): if (is_file(DIR_SYSTEM . 'library/journal3/vendor/SuperCache

----------------------------------------------------------------------


---------- Date: 2026-03-30 21:52:57 ~ IP : 185.179.188.62 ----------
REQUEST URI : /index.php?route=module/popupcart_extended
MOD DETAILS:
   modFile   : /home/canmotalka/web/can-motalka.ru/public_html/vqmod/xml/lightning.xml
   id        : OpenCart Lightning
   version   : 3.37
   vqmver    : 
   author    : MaxD http://devs.mx

File Name    : system/library/cache.php(0)
VQModObject::applyMod - SEARCH NOT FOUND (SKIPPED): if (is_file(DIR_SYSTEM . 'library/journal3/vendor/SuperCache

----------------------------------------------------------------------


---------- Date: 2026-03-30 21:53:23 ~ IP : 185.179.188.62 ----------
REQUEST URI : /elantra_new_video_manual/
MOD DETAILS:
   modFile   : /home/canmotalka/web/can-motalka.ru/public_html/vqmod/xml/lightning.xml
   id        : OpenCart Lightning
   version   : 3.37
   vqmver    : 
   author    : MaxD http://devs.mx

File Name    : system/library/cache.php(0)
VQModObject::applyMod - SEARCH NOT FOUND (SKIPPED): if (is_file(DIR_SYSTEM . 'library/journal3/vendor/SuperCache

----------------------------------------------------------------------


---------- Date: 2026-03-30 21:54:06 ~ IP : 185.179.188.62 ----------
REQUEST URI : /niva_abs_re/?ysclid=mndjr6hjzk62397422
MOD DETAILS:
   modFile   : /home/canmotalka/web/can-motalka.ru/public_html/vqmod/xml/lightning.xml
   id        : OpenCart Lightning
   version   : 3.37
   vqmver    : 
   author    : MaxD http://devs.mx

File Name    : system/library/cache.php(0)
VQModObject::applyMod - SEARCH NOT FOUND (SKIPPED): if (is_file(DIR_SYSTEM . 'library/journal3/vendor/SuperCache

----------------------------------------------------------------------


---------- Date: 2026-03-30 21:54:07 ~ IP : 185.179.188.62 ----------
REQUEST URI : /niva_abs_re/
MOD DETAILS:
   modFile   : /home/canmotalka/web/can-motalka.ru/public_html/vqmod/xml/lightning.xml
   id        : OpenCart Lightning
   version   : 3.37
   vqmver    : 
   author    : MaxD http://devs.mx

File Name    : system/library/cache.php(0)
VQModObject::applyMod - SEARCH NOT FOUND (SKIPPED): if (is_file(DIR_SYSTEM . 'library/journal3/vendor/SuperCache

----------------------------------------------------------------------


---------- Date: 2026-03-30 21:54:09 ~ IP : 185.179.188.62 ----------
REQUEST URI : /index.php?route=module/popupcart_extended
MOD DETAILS:
   modFile   : /home/canmotalka/web/can-motalka.ru/public_html/vqmod/xml/lightning.xml
   id        : OpenCart Lightning
   version   : 3.37
   vqmver    : 
   author    : MaxD http://devs.mx

File Name    : system/library/cache.php(0)
VQModObject::applyMod - SEARCH NOT FOUND (SKIPPED): if (is_file(DIR_SYSTEM . 'library/journal3/vendor/SuperCache

----------------------------------------------------------------------


---------- Date: 2026-03-30 21:54:50 ~ IP : 185.179.188.62 ----------
REQUEST URI : /podmotka-spidometra-nissan-almera/?ysclid=mndjs54993773615545
MOD DETAILS:
   modFile   : /home/canmotalka/web/can-motalka.ru/public_html/vqmod/xml/lightning.xml
   id        : OpenCart Lightning
   version   : 3.37
   vqmver    : 
   author    : MaxD http://devs.mx

File Name    : system/library/cache.php(0)
VQModObject::applyMod - SEARCH NOT FOUND (SKIPPED): if (is_file(DIR_SYSTEM . 'library/journal3/vendor/SuperCache

----------------------------------------------------------------------


---------- Date: 2026-03-30 21:54:50 ~ IP : 185.179.188.62 ----------
REQUEST URI : /podmotka-spidometra-nissan-almera/
MOD DETAILS:
   modFile   : /home/canmotalka/web/can-motalka.ru/public_html/vqmod/xml/lightning.xml
   id        : OpenCart Lightning
   version   : 3.37
   vqmver    : 
   author    : MaxD http://devs.mx

File Name    : system/library/cache.php(0)
VQModObject::applyMod - SEARCH NOT FOUND (SKIPPED): if (is_file(DIR_SYSTEM . 'library/journal3/vendor/SuperCache

----------------------------------------------------------------------


---------- Date: 2026-03-30 21:56:02 ~ IP : 185.179.188.62 ----------
REQUEST URI : /index.php?route=product/product/review&amp;product_id=289
MOD DETAILS:
   modFile   : /home/canmotalka/web/can-motalka.ru/public_html/vqmod/xml/lightning.xml
   id        : OpenCart Lightning
   version   : 3.37
   vqmver    : 
   author    : MaxD http://devs.mx

File Name    : system/library/cache.php(0)
VQModObject::applyMod - SEARCH NOT FOUND (SKIPPED): if (is_file(DIR_SYSTEM . 'library/journal3/vendor/SuperCache

----------------------------------------------------------------------


---------- Date: 2026-03-30 21:56:02 ~ IP : 185.179.188.62 ----------
REQUEST URI : /index.php?route=module/popupcart_extended
MOD DETAILS:
   modFile   : /home/canmotalka/web/can-motalka.ru/public_html/vqmod/xml/lightning.xml
   id        : OpenCart Lightning
   version   : 3.37
   vqmver    : 
   author    : MaxD http://devs.mx

File Name    : system/library/cache.php(0)
VQModObject::applyMod - SEARCH NOT FOUND (SKIPPED): if (is_file(DIR_SYSTEM . 'library/journal3/vendor/SuperCache

----------------------------------------------------------------------


---------- Date: 2026-03-30 21:56:08 ~ IP : 185.179.188.62 ----------
REQUEST URI : /index.php?route=common/footer/click_counter
MOD DETAILS:
   modFile   : /home/canmotalka/web/can-motalka.ru/public_html/vqmod/xml/lightning.xml
   id        : OpenCart Lightning
   version   : 3.37
   vqmver    : 
   author    : MaxD http://devs.mx

File Name    : system/library/cache.php(0)
VQModObject::applyMod - SEARCH NOT FOUND (SKIPPED): if (is_file(DIR_SYSTEM . 'library/journal3/vendor/SuperCache

----------------------------------------------------------------------


---------- Date: 2026-03-30 21:57:39 ~ IP : 185.179.188.62 ----------
REQUEST URI : /podmotka-spidometra-nissan-almera/
MOD DETAILS:
   modFile   : /home/canmotalka/web/can-motalka.ru/public_html/vqmod/xml/lightning.xml
   id        : OpenCart Lightning
   version   : 3.37
   vqmver    : 
   author    : MaxD http://devs.mx

File Name    : system/library/cache.php(0)
VQModObject::applyMod - SEARCH NOT FOUND (SKIPPED): if (is_file(DIR_SYSTEM . 'library/journal3/vendor/SuperCache

----------------------------------------------------------------------


---------- Date: 2026-03-30 21:57:54 ~ IP : 185.179.188.62 ----------
REQUEST URI : /index.php?route=module/popupcart_extended
MOD DETAILS:
   modFile   : /home/canmotalka/web/can-motalka.ru/public_html/vqmod/xml/lightning.xml
   id        : OpenCart Lightning
   version   : 3.37
   vqmver    : 
   author    : MaxD http://devs.mx

File Name    : system/library/cache.php(0)
VQModObject::applyMod - SEARCH NOT FOUND (SKIPPED): if (is_file(DIR_SYSTEM . 'library/journal3/vendor/SuperCache

----------------------------------------------------------------------


---------- Date: 2026-03-30 21:58:00 ~ IP : 185.179.188.62 ----------
REQUEST URI : /podmotka-spidometra-nissan-almera/?ysclid=mndjw7qkwm438381276
MOD DETAILS:
   modFile   : /home/canmotalka/web/can-motalka.ru/public_html/vqmod/xml/lightning.xml
   id        : OpenCart Lightning
   version   : 3.37
   vqmver    : 
   author    : MaxD http://devs.mx

File Name    : system/library/cache.php(0)
VQModObject::applyMod - SEARCH NOT FOUND (SKIPPED): if (is_file(DIR_SYSTEM . 'library/journal3/vendor/SuperCache

----------------------------------------------------------------------


---------- Date: 2026-03-30 21:58:31 ~ IP : 185.179.188.62 ----------
REQUEST URI : /index.php?route=common/footer/click_counter
MOD DETAILS:
   modFile   : /home/canmotalka/web/can-motalka.ru/public_html/vqmod/xml/lightning.xml
   id        : OpenCart Lightning
   version   : 3.37
   vqmver    : 
   author    : MaxD http://devs.mx

File Name    : system/library/cache.php(0)
VQModObject::applyMod - SEARCH NOT FOUND (SKIPPED): if (is_file(DIR_SYSTEM . 'library/journal3/vendor/SuperCache

----------------------------------------------------------------------


---------- Date: 2026-03-30 21:58:49 ~ IP : 185.179.188.62 ----------
REQUEST URI : /index.php?route=module/popupcart_extended
MOD DETAILS:
   modFile   : /home/canmotalka/web/can-motalka.ru/public_html/vqmod/xml/lightning.xml
   id        : OpenCart Lightning
   version   : 3.37
   vqmver    : 
   author    : MaxD http://devs.mx

File Name    : system/library/cache.php(0)
VQModObject::applyMod - SEARCH NOT FOUND (SKIPPED): if (is_file(DIR_SYSTEM . 'library/journal3/vendor/SuperCache

----------------------------------------------------------------------


---------- Date: 2026-03-30 22:01:22 ~ IP : 185.179.188.62 ----------
REQUEST URI : /index.php?route=checkout/cart/add
MOD DETAILS:
   modFile   : /home/canmotalka/web/can-motalka.ru/public_html/vqmod/xml/lightning.xml
   id        : OpenCart Lightning
   version   : 3.37
   vqmver    : 
   author    : MaxD http://devs.mx

File Name    : system/library/cache.php(0)
VQModObject::applyMod - SEARCH NOT FOUND (SKIPPED): if (is_file(DIR_SYSTEM . 'library/journal3/vendor/SuperCache

----------------------------------------------------------------------


---------- Date: 2026-03-30 22:01:23 ~ IP : 185.179.188.62 ----------
REQUEST URI : /index.php?route=checkout/simplecheckout
MOD DETAILS:
   modFile   : /home/canmotalka/web/can-motalka.ru/public_html/vqmod/xml/lightning.xml
   id        : OpenCart Lightning
   version   : 3.37
   vqmver    : 
   author    : MaxD http://devs.mx

File Name    : system/library/cache.php(0)
VQModObject::applyMod - SEARCH NOT FOUND (SKIPPED): if (is_file(DIR_SYSTEM . 'library/journal3/vendor/SuperCache

----------------------------------------------------------------------


---------- Date: 2026-03-30 22:01:23 ~ IP : 185.179.188.62 ----------
REQUEST URI : /zakaz/
MOD DETAILS:
   modFile   : /home/canmotalka/web/can-motalka.ru/public_html/vqmod/xml/lightning.xml
   id        : OpenCart Lightning
   version   : 3.37
   vqmver    : 
   author    : MaxD http://devs.mx

File Name    : system/library/cache.php(0)
VQModObject::applyMod - SEARCH NOT FOUND (SKIPPED): if (is_file(DIR_SYSTEM . 'library/journal3/vendor/SuperCache

----------------------------------------------------------------------


---------- Date: 2026-03-30 22:05:43 ~ IP : 185.179.188.62 ----------
REQUEST URI : /.well-known/traffic-advice
MOD DETAILS:
   modFile   : /home/canmotalka/web/can-motalka.ru/public_html/vqmod/xml/lightning.xml
   id        : OpenCart Lightning
   version   : 3.37
   vqmver    : 
   author    : MaxD http://devs.mx

File Name    : system/library/cache.php(0)
VQModObject::applyMod - SEARCH NOT FOUND (SKIPPED): if (is_file(DIR_SYSTEM . 'library/journal3/vendor/SuperCache

----------------------------------------------------------------------


---------- Date: 2026-03-30 22:05:43 ~ IP : 185.179.188.62 ----------
REQUEST URI : /podmotka_spidometra/
MOD DETAILS:
   modFile   : /home/canmotalka/web/can-motalka.ru/public_html/vqmod/xml/lightning.xml
   id        : OpenCart Lightning
   version   : 3.37
   vqmver    : 
   author    : MaxD http://devs.mx

File Name    : system/library/cache.php(0)
VQModObject::applyMod - SEARCH NOT FOUND (SKIPPED): if (is_file(DIR_SYSTEM . 'library/journal3/vendor/SuperCache

----------------------------------------------------------------------


---------- Date: 2026-03-30 22:11:44 ~ IP : 185.179.188.62 ----------
REQUEST URI : /setting_php/uluchshenie-potencii/234-viagra-ivanovo-kupit/
MOD DETAILS:
   modFile   : /home/canmotalka/web/can-motalka.ru/public_html/vqmod/xml/lightning.xml
   id        : OpenCart Lightning
   version   : 3.37
   vqmver    : 
   author    : MaxD http://devs.mx

File Name    : system/library/cache.php(0)
VQModObject::applyMod - SEARCH NOT FOUND (SKIPPED): if (is_file(DIR_SYSTEM . 'library/journal3/vendor/SuperCache

----------------------------------------------------------------------


---------- Date: 2026-03-30 22:13:04 ~ IP : 185.179.188.62 ----------
REQUEST URI : /camry70_photo_manual/
MOD DETAILS:
   modFile   : /home/canmotalka/web/can-motalka.ru/public_html/vqmod/xml/lightning.xml
   id        : OpenCart Lightning
   version   : 3.37
   vqmver    : 
   author    : MaxD http://devs.mx

File Name    : system/library/cache.php(0)
VQModObject::applyMod - SEARCH NOT FOUND (SKIPPED): if (is_file(DIR_SYSTEM . 'library/journal3/vendor/SuperCache

----------------------------------------------------------------------


---------- Date: 2026-03-30 22:13:05 ~ IP : 185.179.188.62 ----------
REQUEST URI : /index.php?route=module/popupcart_extended
MOD DETAILS:
   modFile   : /home/canmotalka/web/can-motalka.ru/public_html/vqmod/xml/lightning.xml
   id        : OpenCart Lightning
   version   : 3.37
   vqmver    : 
   author    : MaxD http://devs.mx

File Name    : system/library/cache.php(0)
VQModObject::applyMod - SEARCH NOT FOUND (SKIPPED): if (is_file(DIR_SYSTEM . 'library/journal3/vendor/SuperCache

----------------------------------------------------------------------


---------- Date: 2026-03-30 22:13:51 ~ IP : 185.179.188.62 ----------
REQUEST URI : /blog/
MOD DETAILS:
   modFile   : /home/canmotalka/web/can-motalka.ru/public_html/vqmod/xml/lightning.xml
   id        : OpenCart Lightning
   version   : 3.37
   vqmver    : 
   author    : MaxD http://devs.mx

File Name    : system/library/cache.php(0)
VQModObject::applyMod - SEARCH NOT FOUND (SKIPPED): if (is_file(DIR_SYSTEM . 'library/journal3/vendor/SuperCache

----------------------------------------------------------------------


---------- Date: 2026-03-30 22:13:51 ~ IP : 185.179.188.62 ----------
REQUEST URI : /backup/
MOD DETAILS:
   modFile   : /home/canmotalka/web/can-motalka.ru/public_html/vqmod/xml/lightning.xml
   id        : OpenCart Lightning
   version   : 3.37
   vqmver    : 
   author    : MaxD http://devs.mx

File Name    : system/library/cache.php(0)
VQModObject::applyMod - SEARCH NOT FOUND (SKIPPED): if (is_file(DIR_SYSTEM . 'library/journal3/vendor/SuperCache

----------------------------------------------------------------------


---------- Date: 2026-03-30 22:13:52 ~ IP : 185.179.188.62 ----------
REQUEST URI : /new/
MOD DETAILS:
   modFile   : /home/canmotalka/web/can-motalka.ru/public_html/vqmod/xml/lightning.xml
   id        : OpenCart Lightning
   version   : 3.37
   vqmver    : 
   author    : MaxD http://devs.mx

File Name    : system/library/cache.php(0)
VQModObject::applyMod - SEARCH NOT FOUND (SKIPPED): if (is_file(DIR_SYSTEM . 'library/journal3/vendor/SuperCache

----------------------------------------------------------------------


---------- Date: 2026-03-30 22:13:52 ~ IP : 185.179.188.62 ----------
REQUEST URI : /wp/
MOD DETAILS:
   modFile   : /home/canmotalka/web/can-motalka.ru/public_html/vqmod/xml/lightning.xml
   id        : OpenCart Lightning
   version   : 3.37
   vqmver    : 
   author    : MaxD http://devs.mx

File Name    : system/library/cache.php(0)
VQModObject::applyMod - SEARCH NOT FOUND (SKIPPED): if (is_file(DIR_SYSTEM . 'library/journal3/vendor/SuperCache

----------------------------------------------------------------------


---------- Date: 2026-03-30 22:13:53 ~ IP : 185.179.188.62 ----------
REQUEST URI : /old/
MOD DETAILS:
   modFile   : /home/canmotalka/web/can-motalka.ru/public_html/vqmod/xml/lightning.xml
   id        : OpenCart Lightning
   version   : 3.37
   vqmver    : 
   author    : MaxD http://devs.mx

File Name    : system/library/cache.php(0)
VQModObject::applyMod - SEARCH NOT FOUND (SKIPPED): if (is_file(DIR_SYSTEM . 'library/journal3/vendor/SuperCache

----------------------------------------------------------------------


---------- Date: 2026-03-30 22:13:53 ~ IP : 185.179.188.62 ----------
REQUEST URI : /wordpress/
MOD DETAILS:
   modFile   : /home/canmotalka/web/can-motalka.ru/public_html/vqmod/xml/lightning.xml
   id        : OpenCart Lightning
   version   : 3.37
   vqmver    : 
   author    : MaxD http://devs.mx

File Name    : system/library/cache.php(0)
VQModObject::applyMod - SEARCH NOT FOUND (SKIPPED): if (is_file(DIR_SYSTEM . 'library/journal3/vendor/SuperCache

----------------------------------------------------------------------


---------- Date: 2026-03-30 22:14:25 ~ IP : 185.179.188.62 ----------
REQUEST URI : /podmotka-spidometra-nissan-almera/?ysclid=mndkhc1vnt620300072
MOD DETAILS:
   modFile   : /home/canmotalka/web/can-motalka.ru/public_html/vqmod/xml/lightning.xml
   id        : OpenCart Lightning
   version   : 3.37
   vqmver    : 
   author    : MaxD http://devs.mx

File Name    : system/library/cache.php(0)
VQModObject::applyMod - SEARCH NOT FOUND (SKIPPED): if (is_file(DIR_SYSTEM . 'library/journal3/vendor/SuperCache

----------------------------------------------------------------------


---------- Date: 2026-03-30 22:15:35 ~ IP : 185.179.188.62 ----------
REQUEST URI : /index.php?route=module/popupcart_extended
MOD DETAILS:
   modFile   : /home/canmotalka/web/can-motalka.ru/public_html/vqmod/xml/lightning.xml
   id        : OpenCart Lightning
   version   : 3.37
   vqmver    : 
   author    : MaxD http://devs.mx

File Name    : system/library/cache.php(0)
VQModObject::applyMod - SEARCH NOT FOUND (SKIPPED): if (is_file(DIR_SYSTEM . 'library/journal3/vendor/SuperCache

----------------------------------------------------------------------


---------- Date: 2026-03-30 22:20:15 ~ IP : 185.179.188.62 ----------
REQUEST URI : /podmotka_spidometra/?ysclid=mndkou9tgl948764732
MOD DETAILS:
   modFile   : /home/canmotalka/web/can-motalka.ru/public_html/vqmod/xml/lightning.xml
   id        : OpenCart Lightning
   version   : 3.37
   vqmver    : 
   author    : MaxD http://devs.mx

File Name    : system/library/cache.php(0)
VQModObject::applyMod - SEARCH NOT FOUND (SKIPPED): if (is_file(DIR_SYSTEM . 'library/journal3/vendor/SuperCache

----------------------------------------------------------------------


---------- Date: 2026-03-30 22:20:16 ~ IP : 185.179.188.62 ----------
REQUEST URI : /podmotka_spidometra/
MOD DETAILS:
   modFile   : /home/canmotalka/web/can-motalka.ru/public_html/vqmod/xml/lightning.xml
   id        : OpenCart Lightning
   version   : 3.37
   vqmver    : 
   author    : MaxD http://devs.mx

File Name    : system/library/cache.php(0)
VQModObject::applyMod - SEARCH NOT FOUND (SKIPPED): if (is_file(DIR_SYSTEM . 'library/journal3/vendor/SuperCache

----------------------------------------------------------------------


---------- Date: 2026-03-30 22:20:16 ~ IP : 185.179.188.62 ----------
REQUEST URI : /index.php?route=module/popupcart_extended
MOD DETAILS:
   modFile   : /home/canmotalka/web/can-motalka.ru/public_html/vqmod/xml/lightning.xml
   id        : OpenCart Lightning
   version   : 3.37
   vqmver    : 
   author    : MaxD http://devs.mx

File Name    : system/library/cache.php(0)
VQModObject::applyMod - SEARCH NOT FOUND (SKIPPED): if (is_file(DIR_SYSTEM . 'library/journal3/vendor/SuperCache

----------------------------------------------------------------------


---------- Date: 2026-03-30 22:20:17 ~ IP : 185.179.188.62 ----------
REQUEST URI : /podmotka_spidometra/
MOD DETAILS:
   modFile   : /home/canmotalka/web/can-motalka.ru/public_html/vqmod/xml/lightning.xml
   id        : OpenCart Lightning
   version   : 3.37
   vqmver    : 
   author    : MaxD http://devs.mx

File Name    : system/library/cache.php(0)
VQModObject::applyMod - SEARCH NOT FOUND (SKIPPED): if (is_file(DIR_SYSTEM . 'library/journal3/vendor/SuperCache

----------------------------------------------------------------------


---------- Date: 2026-03-30 22:20:45 ~ IP : 185.179.188.62 ----------
REQUEST URI : /podmotka_spidometra/
MOD DETAILS:
   modFile   : /home/canmotalka/web/can-motalka.ru/public_html/vqmod/xml/lightning.xml
   id        : OpenCart Lightning
   version   : 3.37
   vqmver    : 
   author    : MaxD http://devs.mx

File Name    : system/library/cache.php(0)
VQModObject::applyMod - SEARCH NOT FOUND (SKIPPED): if (is_file(DIR_SYSTEM . 'library/journal3/vendor/SuperCache

----------------------------------------------------------------------


---------- Date: 2026-03-30 22:30:56 ~ IP : 185.179.188.62 ----------
REQUEST URI : /setting_php/pomojem-lechitsya/962-super-kamagra-v-apteke-kiev/
MOD DETAILS:
   modFile   : /home/canmotalka/web/can-motalka.ru/public_html/vqmod/xml/lightning.xml
   id        : OpenCart Lightning
   version   : 3.37
   vqmver    : 
   author    : MaxD http://devs.mx

File Name    : system/library/cache.php(0)
VQModObject::applyMod - SEARCH NOT FOUND (SKIPPED): if (is_file(DIR_SYSTEM . 'library/journal3/vendor/SuperCache

----------------------------------------------------------------------


---------- Date: 2026-03-30 22:33:10 ~ IP : 185.179.188.62 ----------
REQUEST URI : /namotchik-probega-dlya-bmw-x6/
MOD DETAILS:
   modFile   : /home/canmotalka/web/can-motalka.ru/public_html/vqmod/xml/lightning.xml
   id        : OpenCart Lightning
   version   : 3.37
   vqmver    : 
   author    : MaxD http://devs.mx

File Name    : system/library/cache.php(0)
VQModObject::applyMod - SEARCH NOT FOUND (SKIPPED): if (is_file(DIR_SYSTEM . 'library/journal3/vendor/SuperCache

----------------------------------------------------------------------


---------- Date: 2026-03-30 22:34:53 ~ IP : 185.179.188.62 ----------
REQUEST URI : /video-obzor/
MOD DETAILS:
   modFile   : /home/canmotalka/web/can-motalka.ru/public_html/vqmod/xml/lightning.xml
   id        : OpenCart Lightning
   version   : 3.37
   vqmver    : 
   author    : MaxD http://devs.mx

File Name    : system/library/cache.php(0)
VQModObject::applyMod - SEARCH NOT FOUND (SKIPPED): if (is_file(DIR_SYSTEM . 'library/journal3/vendor/SuperCache

----------------------------------------------------------------------


---------- Date: 2026-03-30 22:39:38 ~ IP : 185.179.188.62 ----------
REQUEST URI : /podmotka_spidometra/
MOD DETAILS:
   modFile   : /home/canmotalka/web/can-motalka.ru/public_html/vqmod/xml/lightning.xml
   id        : OpenCart Lightning
   version   : 3.37
   vqmver    : 
   author    : MaxD http://devs.mx

File Name    : system/library/cache.php(0)
VQModObject::applyMod - SEARCH NOT FOUND (SKIPPED): if (is_file(DIR_SYSTEM . 'library/journal3/vendor/SuperCache

----------------------------------------------------------------------


---------- Date: 2026-03-30 22:39:55 ~ IP : 185.179.188.62 ----------
REQUEST URI : /index.php?route=module/popupcart_extended
MOD DETAILS:
   modFile   : /home/canmotalka/web/can-motalka.ru/public_html/vqmod/xml/lightning.xml
   id        : OpenCart Lightning
   version   : 3.37
   vqmver    : 
   author    : MaxD http://devs.mx

File Name    : system/library/cache.php(0)
VQModObject::applyMod - SEARCH NOT FOUND (SKIPPED): if (is_file(DIR_SYSTEM . 'library/journal3/vendor/SuperCache

----------------------------------------------------------------------


---------- Date: 2026-03-30 22:58:37 ~ IP : 185.179.188.62 ----------
REQUEST URI : /manuals/?ysclid=mndm21tvmx72847260
MOD DETAILS:
   modFile   : /home/canmotalka/web/can-motalka.ru/public_html/vqmod/xml/lightning.xml
   id        : OpenCart Lightning
   version   : 3.37
   vqmver    : 
   author    : MaxD http://devs.mx

File Name    : system/library/cache.php(0)
VQModObject::applyMod - SEARCH NOT FOUND (SKIPPED): if (is_file(DIR_SYSTEM . 'library/journal3/vendor/SuperCache

----------------------------------------------------------------------


---------- Date: 2026-03-30 22:58:52 ~ IP : 185.179.188.62 ----------
REQUEST URI : /instrukciya-dlya-podmotki-lada-niva/
MOD DETAILS:
   modFile   : /home/canmotalka/web/can-motalka.ru/public_html/vqmod/xml/lightning.xml
   id        : OpenCart Lightning
   version   : 3.37
   vqmver    : 
   author    : MaxD http://devs.mx

File Name    : system/library/cache.php(0)
VQModObject::applyMod - SEARCH NOT FOUND (SKIPPED): if (is_file(DIR_SYSTEM . 'library/journal3/vendor/SuperCache

----------------------------------------------------------------------


---------- Date: 2026-03-30 22:59:21 ~ IP : 185.179.188.62 ----------
REQUEST URI : /?ysclid=mndm32zdym943313488
MOD DETAILS:
   modFile   : /home/canmotalka/web/can-motalka.ru/public_html/vqmod/xml/lightning.xml
   id        : OpenCart Lightning
   version   : 3.37
   vqmver    : 
   author    : MaxD http://devs.mx

File Name    : system/library/cache.php(0)
VQModObject::applyMod - SEARCH NOT FOUND (SKIPPED): if (is_file(DIR_SYSTEM . 'library/journal3/vendor/SuperCache

----------------------------------------------------------------------


---------- Date: 2026-03-30 22:59:23 ~ IP : 185.179.188.62 ----------
REQUEST URI : /index.php?route=module/popupcart_extended
MOD DETAILS:
   modFile   : /home/canmotalka/web/can-motalka.ru/public_html/vqmod/xml/lightning.xml
   id        : OpenCart Lightning
   version   : 3.37
   vqmver    : 
   author    : MaxD http://devs.mx

File Name    : system/library/cache.php(0)
VQModObject::applyMod - SEARCH NOT FOUND (SKIPPED): if (is_file(DIR_SYSTEM . 'library/journal3/vendor/SuperCache

----------------------------------------------------------------------


---------- Date: 2026-03-30 23:00:09 ~ IP : 185.179.188.62 ----------
REQUEST URI : /manuals/
MOD DETAILS:
   modFile   : /home/canmotalka/web/can-motalka.ru/public_html/vqmod/xml/lightning.xml
   id        : OpenCart Lightning
   version   : 3.37
   vqmver    : 
   author    : MaxD http://devs.mx

File Name    : system/library/cache.php(0)
VQModObject::applyMod - SEARCH NOT FOUND (SKIPPED): if (is_file(DIR_SYSTEM . 'library/journal3/vendor/SuperCache

----------------------------------------------------------------------


---------- Date: 2026-03-30 23:00:26 ~ IP : 185.179.188.62 ----------
REQUEST URI : /instrukciya-podmotka-camry/
MOD DETAILS:
   modFile   : /home/canmotalka/web/can-motalka.ru/public_html/vqmod/xml/lightning.xml
   id        : OpenCart Lightning
   version   : 3.37
   vqmver    : 
   author    : MaxD http://devs.mx

File Name    : system/library/cache.php(0)
VQModObject::applyMod - SEARCH NOT FOUND (SKIPPED): if (is_file(DIR_SYSTEM . 'library/journal3/vendor/SuperCache

----------------------------------------------------------------------


---------- Date: 2026-03-30 23:02:08 ~ IP : 185.179.188.62 ----------
REQUEST URI : /kak-perenastroit-podmotku-spidometra/
MOD DETAILS:
   modFile   : /home/canmotalka/web/can-motalka.ru/public_html/vqmod/xml/lightning.xml
   id        : OpenCart Lightning
   version   : 3.37
   vqmver    : 
   author    : MaxD http://devs.mx

File Name    : system/library/cache.php(0)
VQModObject::applyMod - SEARCH NOT FOUND (SKIPPED): if (is_file(DIR_SYSTEM . 'library/journal3/vendor/SuperCache

----------------------------------------------------------------------


---------- Date: 2026-03-30 23:06:00 ~ IP : 185.179.188.62 ----------
REQUEST URI : /old/
MOD DETAILS:
   modFile   : /home/canmotalka/web/can-motalka.ru/public_html/vqmod/xml/lightning.xml
   id        : OpenCart Lightning
   version   : 3.37
   vqmver    : 
   author    : MaxD http://devs.mx

File Name    : system/library/cache.php(0)
VQModObject::applyMod - SEARCH NOT FOUND (SKIPPED): if (is_file(DIR_SYSTEM . 'library/journal3/vendor/SuperCache

----------------------------------------------------------------------


---------- Date: 2026-03-30 23:06:00 ~ IP : 185.179.188.62 ----------
REQUEST URI : /wordpress/
MOD DETAILS:
   modFile   : /home/canmotalka/web/can-motalka.ru/public_html/vqmod/xml/lightning.xml
   id        : OpenCart Lightning
   version   : 3.37
   vqmver    : 
   author    : MaxD http://devs.mx

File Name    : system/library/cache.php(0)
VQModObject::applyMod - SEARCH NOT FOUND (SKIPPED): if (is_file(DIR_SYSTEM . 'library/journal3/vendor/SuperCache

----------------------------------------------------------------------


---------- Date: 2026-03-30 23:06:01 ~ IP : 185.179.188.62 ----------
REQUEST URI : /new/
MOD DETAILS:
   modFile   : /home/canmotalka/web/can-motalka.ru/public_html/vqmod/xml/lightning.xml
   id        : OpenCart Lightning
   version   : 3.37
   vqmver    : 
   author    : MaxD http://devs.mx

File Name    : system/library/cache.php(0)
VQModObject::applyMod - SEARCH NOT FOUND (SKIPPED): if (is_file(DIR_SYSTEM . 'library/journal3/vendor/SuperCache

----------------------------------------------------------------------


---------- Date: 2026-03-30 23:06:01 ~ IP : 185.179.188.62 ----------
REQUEST URI : /backup/
MOD DETAILS:
   modFile   : /home/canmotalka/web/can-motalka.ru/public_html/vqmod/xml/lightning.xml
   id        : OpenCart Lightning
   version   : 3.37
   vqmver    : 
   author    : MaxD http://devs.mx

File Name    : system/library/cache.php(0)
VQModObject::applyMod - SEARCH NOT FOUND (SKIPPED): if (is_file(DIR_SYSTEM . 'library/journal3/vendor/SuperCache

----------------------------------------------------------------------


---------- Date: 2026-03-30 23:06:02 ~ IP : 185.179.188.62 ----------
REQUEST URI : /blog/
MOD DETAILS:
   modFile   : /home/canmotalka/web/can-motalka.ru/public_html/vqmod/xml/lightning.xml
   id        : OpenCart Lightning
   version   : 3.37
   vqmver    : 
   author    : MaxD http://devs.mx

File Name    : system/library/cache.php(0)
VQModObject::applyMod - SEARCH NOT FOUND (SKIPPED): if (is_file(DIR_SYSTEM . 'library/journal3/vendor/SuperCache

----------------------------------------------------------------------


---------- Date: 2026-03-30 23:06:02 ~ IP : 185.179.188.62 ----------
REQUEST URI : /wp/
MOD DETAILS:
   modFile   : /home/canmotalka/web/can-motalka.ru/public_html/vqmod/xml/lightning.xml
   id        : OpenCart Lightning
   version   : 3.37
   vqmver    : 
   author    : MaxD http://devs.mx

File Name    : system/library/cache.php(0)
VQModObject::applyMod - SEARCH NOT FOUND (SKIPPED): if (is_file(DIR_SYSTEM . 'library/journal3/vendor/SuperCache

----------------------------------------------------------------------


---------- Date: 2026-03-30 23:10:16 ~ IP : 185.179.188.62 ----------
REQUEST URI : /?ysclid=mndmgsbk67338530494
MOD DETAILS:
   modFile   : /home/canmotalka/web/can-motalka.ru/public_html/vqmod/xml/lightning.xml
   id        : OpenCart Lightning
   version   : 3.37
   vqmver    : 
   author    : MaxD http://devs.mx

File Name    : system/library/cache.php(0)
VQModObject::applyMod - SEARCH NOT FOUND (SKIPPED): if (is_file(DIR_SYSTEM . 'library/journal3/vendor/SuperCache

----------------------------------------------------------------------


---------- Date: 2026-03-30 23:10:48 ~ IP : 185.179.188.62 ----------
REQUEST URI : /index.php?route=module/popupcart_extended
MOD DETAILS:
   modFile   : /home/canmotalka/web/can-motalka.ru/public_html/vqmod/xml/lightning.xml
   id        : OpenCart Lightning
   version   : 3.37
   vqmver    : 
   author    : MaxD http://devs.mx

File Name    : system/library/cache.php(0)
VQModObject::applyMod - SEARCH NOT FOUND (SKIPPED): if (is_file(DIR_SYSTEM . 'library/journal3/vendor/SuperCache

----------------------------------------------------------------------


---------- Date: 2026-03-30 23:11:09 ~ IP : 185.179.188.62 ----------
REQUEST URI : /podmotka-spidometra-lada-priora/
MOD DETAILS:
   modFile   : /home/canmotalka/web/can-motalka.ru/public_html/vqmod/xml/lightning.xml
   id        : OpenCart Lightning
   version   : 3.37
   vqmver    : 
   author    : MaxD http://devs.mx

File Name    : system/library/cache.php(0)
VQModObject::applyMod - SEARCH NOT FOUND (SKIPPED): if (is_file(DIR_SYSTEM . 'library/journal3/vendor/SuperCache

----------------------------------------------------------------------


---------- Date: 2026-03-30 23:13:12 ~ IP : 185.179.188.62 ----------
REQUEST URI : /podmotka-spidometra-uaz-patriot/
MOD DETAILS:
   modFile   : /home/canmotalka/web/can-motalka.ru/public_html/vqmod/xml/lightning.xml
   id        : OpenCart Lightning
   version   : 3.37
   vqmver    : 
   author    : MaxD http://devs.mx

File Name    : system/library/cache.php(0)
VQModObject::applyMod - SEARCH NOT FOUND (SKIPPED): if (is_file(DIR_SYSTEM . 'library/journal3/vendor/SuperCache

----------------------------------------------------------------------


---------- Date: 2026-03-30 23:13:20 ~ IP : 185.179.188.62 ----------
REQUEST URI : /manuals/?ysclid=mndml4mpbp750616907
MOD DETAILS:
   modFile   : /home/canmotalka/web/can-motalka.ru/public_html/vqmod/xml/lightning.xml
   id        : OpenCart Lightning
   version   : 3.37
   vqmver    : 
   author    : MaxD http://devs.mx

File Name    : system/library/cache.php(0)
VQModObject::applyMod - SEARCH NOT FOUND (SKIPPED): if (is_file(DIR_SYSTEM . 'library/journal3/vendor/SuperCache

----------------------------------------------------------------------


---------- Date: 2026-03-30 23:14:26 ~ IP : 185.179.188.62 ----------
REQUEST URI : /podmotka-spidometra-uaz-profi
MOD DETAILS:
   modFile   : /home/canmotalka/web/can-motalka.ru/public_html/vqmod/xml/lightning.xml
   id        : OpenCart Lightning
   version   : 3.37
   vqmver    : 
   author    : MaxD http://devs.mx

File Name    : system/library/cache.php(0)
VQModObject::applyMod - SEARCH NOT FOUND (SKIPPED): if (is_file(DIR_SYSTEM . 'library/journal3/vendor/SuperCache

----------------------------------------------------------------------


---------- Date: 2026-03-30 23:14:26 ~ IP : 185.179.188.62 ----------
REQUEST URI : /podmotka-spidometra-uaz-profi/
MOD DETAILS:
   modFile   : /home/canmotalka/web/can-motalka.ru/public_html/vqmod/xml/lightning.xml
   id        : OpenCart Lightning
   version   : 3.37
   vqmver    : 
   author    : MaxD http://devs.mx

File Name    : system/library/cache.php(0)
VQModObject::applyMod - SEARCH NOT FOUND (SKIPPED): if (is_file(DIR_SYSTEM . 'library/journal3/vendor/SuperCache

----------------------------------------------------------------------


---------- Date: 2026-03-30 23:14:51 ~ IP : 185.179.188.62 ----------
REQUEST URI : /podmotka-spidometra-uaz-buhanka/
MOD DETAILS:
   modFile   : /home/canmotalka/web/can-motalka.ru/public_html/vqmod/xml/lightning.xml
   id        : OpenCart Lightning
   version   : 3.37
   vqmver    : 
   author    : MaxD http://devs.mx

File Name    : system/library/cache.php(0)
VQModObject::applyMod - SEARCH NOT FOUND (SKIPPED): if (is_file(DIR_SYSTEM . 'library/journal3/vendor/SuperCache

----------------------------------------------------------------------


---------- Date: 2026-03-30 23:16:17 ~ IP : 185.179.188.62 ----------
REQUEST URI : /podmotka-spidometra-volkswagen-transporter-t5/
MOD DETAILS:
   modFile   : /home/canmotalka/web/can-motalka.ru/public_html/vqmod/xml/lightning.xml
   id        : OpenCart Lightning
   version   : 3.37
   vqmver    : 
   author    : MaxD http://devs.mx

File Name    : system/library/cache.php(0)
VQModObject::applyMod - SEARCH NOT FOUND (SKIPPED): if (is_file(DIR_SYSTEM . 'library/journal3/vendor/SuperCache

----------------------------------------------------------------------


---------- Date: 2026-03-30 23:17:51 ~ IP : 185.179.188.62 ----------
REQUEST URI : /podmotka-spidometra-jac-t6/
MOD DETAILS:
   modFile   : /home/canmotalka/web/can-motalka.ru/public_html/vqmod/xml/lightning.xml
   id        : OpenCart Lightning
   version   : 3.37
   vqmver    : 
   author    : MaxD http://devs.mx

File Name    : system/library/cache.php(0)
VQModObject::applyMod - SEARCH NOT FOUND (SKIPPED): if (is_file(DIR_SYSTEM . 'library/journal3/vendor/SuperCache

----------------------------------------------------------------------


---------- Date: 2026-03-30 23:18:45 ~ IP : 185.179.188.62 ----------
REQUEST URI : /manuals/
MOD DETAILS:
   modFile   : /home/canmotalka/web/can-motalka.ru/public_html/vqmod/xml/lightning.xml
   id        : OpenCart Lightning
   version   : 3.37
   vqmver    : 
   author    : MaxD http://devs.mx

File Name    : system/library/cache.php(0)
VQModObject::applyMod - SEARCH NOT FOUND (SKIPPED): if (is_file(DIR_SYSTEM . 'library/journal3/vendor/SuperCache

----------------------------------------------------------------------


---------- Date: 2026-03-30 23:20:53 ~ IP : 185.179.188.62 ----------
REQUEST URI : /manuals/?page=2
MOD DETAILS:
   modFile   : /home/canmotalka/web/can-motalka.ru/public_html/vqmod/xml/lightning.xml
   id        : OpenCart Lightning
   version   : 3.37
   vqmver    : 
   author    : MaxD http://devs.mx

File Name    : system/library/cache.php(0)
VQModObject::applyMod - SEARCH NOT FOUND (SKIPPED): if (is_file(DIR_SYSTEM . 'library/journal3/vendor/SuperCache

----------------------------------------------------------------------


---------- Date: 2026-03-30 23:21:35 ~ IP : 185.179.188.62 ----------
REQUEST URI : /?ysclid=mndmvst7ac399637634
MOD DETAILS:
   modFile   : /home/canmotalka/web/can-motalka.ru/public_html/vqmod/xml/lightning.xml
   id        : OpenCart Lightning
   version   : 3.37
   vqmver    : 
   author    : MaxD http://devs.mx

File Name    : system/library/cache.php(0)
VQModObject::applyMod - SEARCH NOT FOUND (SKIPPED): if (is_file(DIR_SYSTEM . 'library/journal3/vendor/SuperCache

----------------------------------------------------------------------


---------- Date: 2026-03-30 23:22:06 ~ IP : 185.179.188.62 ----------
REQUEST URI : /index.php?route=module/popupcart_extended
MOD DETAILS:
   modFile   : /home/canmotalka/web/can-motalka.ru/public_html/vqmod/xml/lightning.xml
   id        : OpenCart Lightning
   version   : 3.37
   vqmver    : 
   author    : MaxD http://devs.mx

File Name    : system/library/cache.php(0)
VQModObject::applyMod - SEARCH NOT FOUND (SKIPPED): if (is_file(DIR_SYSTEM . 'library/journal3/vendor/SuperCache

----------------------------------------------------------------------


---------- Date: 2026-03-30 23:22:12 ~ IP : 185.179.188.62 ----------
REQUEST URI : /xmlrpc.php
MOD DETAILS:
   modFile   : /home/canmotalka/web/can-motalka.ru/public_html/vqmod/xml/lightning.xml
   id        : OpenCart Lightning
   version   : 3.37
   vqmver    : 
   author    : MaxD http://devs.mx

File Name    : system/library/cache.php(0)
VQModObject::applyMod - SEARCH NOT FOUND (SKIPPED): if (is_file(DIR_SYSTEM . 'library/journal3/vendor/SuperCache

----------------------------------------------------------------------


---------- Date: 2026-03-30 23:22:38 ~ IP : 185.179.188.62 ----------
REQUEST URI : /podmotka-spidometra-hyundai-genesis-g80/
MOD DETAILS:
   modFile   : /home/canmotalka/web/can-motalka.ru/public_html/vqmod/xml/lightning.xml
   id        : OpenCart Lightning
   version   : 3.37
   vqmver    : 
   author    : MaxD http://devs.mx

File Name    : system/library/cache.php(0)
VQModObject::applyMod - SEARCH NOT FOUND (SKIPPED): if (is_file(DIR_SYSTEM . 'library/journal3/vendor/SuperCache

----------------------------------------------------------------------


---------- Date: 2026-03-30 23:24:41 ~ IP : 185.179.188.62 ----------
REQUEST URI : /podmotka-spidometra-kia-optima-bezlimitnaya/
MOD DETAILS:
   modFile   : /home/canmotalka/web/can-motalka.ru/public_html/vqmod/xml/lightning.xml
   id        : OpenCart Lightning
   version   : 3.37
   vqmver    : 
   author    : MaxD http://devs.mx

File Name    : system/library/cache.php(0)
VQModObject::applyMod - SEARCH NOT FOUND (SKIPPED): if (is_file(DIR_SYSTEM . 'library/journal3/vendor/SuperCache

----------------------------------------------------------------------


---------- Date: 2026-03-30 23:26:03 ~ IP : 185.179.188.62 ----------
REQUEST URI : /instrukciya-podmotka-kamaz/
MOD DETAILS:
   modFile   : /home/canmotalka/web/can-motalka.ru/public_html/vqmod/xml/lightning.xml
   id        : OpenCart Lightning
   version   : 3.37
   vqmver    : 
   author    : MaxD http://devs.mx

File Name    : system/library/cache.php(0)
VQModObject::applyMod - SEARCH NOT FOUND (SKIPPED): if (is_file(DIR_SYSTEM . 'library/journal3/vendor/SuperCache

----------------------------------------------------------------------


---------- Date: 2026-03-30 23:27:40 ~ IP : 185.179.188.62 ----------
REQUEST URI : /instrukciya-podmotka-kamaz/
MOD DETAILS:
   modFile   : /home/canmotalka/web/can-motalka.ru/public_html/vqmod/xml/lightning.xml
   id        : OpenCart Lightning
   version   : 3.37
   vqmver    : 
   author    : MaxD http://devs.mx

File Name    : system/library/cache.php(0)
VQModObject::applyMod - SEARCH NOT FOUND (SKIPPED): if (is_file(DIR_SYSTEM . 'library/journal3/vendor/SuperCache

----------------------------------------------------------------------


---------- Date: 2026-03-30 23:27:43 ~ IP : 185.179.188.62 ----------
REQUEST URI : /podmotka-spidometra-largus/
MOD DETAILS:
   modFile   : /home/canmotalka/web/can-motalka.ru/public_html/vqmod/xml/lightning.xml
   id        : OpenCart Lightning
   version   : 3.37
   vqmver    : 
   author    : MaxD http://devs.mx

File Name    : system/library/cache.php(0)
VQModObject::applyMod - SEARCH NOT FOUND (SKIPPED): if (is_file(DIR_SYSTEM . 'library/journal3/vendor/SuperCache

----------------------------------------------------------------------


---------- Date: 2026-03-30 23:30:16 ~ IP : 185.179.188.62 ----------
REQUEST URI : /podmotka-spidometra-citroen-jumper/
MOD DETAILS:
   modFile   : /home/canmotalka/web/can-motalka.ru/public_html/vqmod/xml/lightning.xml
   id        : OpenCart Lightning
   version   : 3.37
   vqmver    : 
   author    : MaxD http://devs.mx

File Name    : system/library/cache.php(0)
VQModObject::applyMod - SEARCH NOT FOUND (SKIPPED): if (is_file(DIR_SYSTEM . 'library/journal3/vendor/SuperCache

----------------------------------------------------------------------


---------- Date: 2026-03-30 23:34:05 ~ IP : 185.179.188.62 ----------
REQUEST URI : /podmotka-spidometra-toyota-highlander/
MOD DETAILS:
   modFile   : /home/canmotalka/web/can-motalka.ru/public_html/vqmod/xml/lightning.xml
   id        : OpenCart Lightning
   version   : 3.37
   vqmver    : 
   author    : MaxD http://devs.mx

File Name    : system/library/cache.php(0)
VQModObject::applyMod - SEARCH NOT FOUND (SKIPPED): if (is_file(DIR_SYSTEM . 'library/journal3/vendor/SuperCache

----------------------------------------------------------------------


---------- Date: 2026-03-30 23:35:44 ~ IP : 185.179.188.62 ----------
REQUEST URI : /podmotka-spidometra-henday-palisade/
MOD DETAILS:
   modFile   : /home/canmotalka/web/can-motalka.ru/public_html/vqmod/xml/lightning.xml
   id        : OpenCart Lightning
   version   : 3.37
   vqmver    : 
   author    : MaxD http://devs.mx

File Name    : system/library/cache.php(0)
VQModObject::applyMod - SEARCH NOT FOUND (SKIPPED): if (is_file(DIR_SYSTEM . 'library/journal3/vendor/SuperCache

----------------------------------------------------------------------


---------- Date: 2026-03-30 23:36:44 ~ IP : 185.179.188.62 ----------
REQUEST URI : /sitemap.xml
MOD DETAILS:
   modFile   : /home/canmotalka/web/can-motalka.ru/public_html/vqmod/xml/lightning.xml
   id        : OpenCart Lightning
   version   : 3.37
   vqmver    : 
   author    : MaxD http://devs.mx

File Name    : system/library/cache.php(0)
VQModObject::applyMod - SEARCH NOT FOUND (SKIPPED): if (is_file(DIR_SYSTEM . 'library/journal3/vendor/SuperCache

----------------------------------------------------------------------


---------- Date: 2026-03-30 23:36:49 ~ IP : 185.179.188.62 ----------
REQUEST URI : /podmotka-spidometra-vesta-ng-np/
MOD DETAILS:
   modFile   : /home/canmotalka/web/can-motalka.ru/public_html/vqmod/xml/lightning.xml
   id        : OpenCart Lightning
   version   : 3.37
   vqmver    : 
   author    : MaxD http://devs.mx

File Name    : system/library/cache.php(0)
VQModObject::applyMod - SEARCH NOT FOUND (SKIPPED): if (is_file(DIR_SYSTEM . 'library/journal3/vendor/SuperCache

----------------------------------------------------------------------


---------- Date: 2026-03-30 23:37:42 ~ IP : 185.179.188.62 ----------
REQUEST URI : /podmotka-spidometra-volkswagen-caddy/
MOD DETAILS:
   modFile   : /home/canmotalka/web/can-motalka.ru/public_html/vqmod/xml/lightning.xml
   id        : OpenCart Lightning
   version   : 3.37
   vqmver    : 
   author    : MaxD http://devs.mx

File Name    : system/library/cache.php(0)
VQModObject::applyMod - SEARCH NOT FOUND (SKIPPED): if (is_file(DIR_SYSTEM . 'library/journal3/vendor/SuperCache

----------------------------------------------------------------------


---------- Date: 2026-03-30 23:39:41 ~ IP : 185.179.188.62 ----------
REQUEST URI : /podmotka-krutilka-motalka-spidometra-toyota-camry-v50/
MOD DETAILS:
   modFile   : /home/canmotalka/web/can-motalka.ru/public_html/vqmod/xml/lightning.xml
   id        : OpenCart Lightning
   version   : 3.37
   vqmver    : 
   author    : MaxD http://devs.mx

File Name    : system/library/cache.php(0)
VQModObject::applyMod - SEARCH NOT FOUND (SKIPPED): if (is_file(DIR_SYSTEM . 'library/journal3/vendor/SuperCache

----------------------------------------------------------------------


---------- Date: 2026-03-30 23:41:12 ~ IP : 185.179.188.62 ----------
REQUEST URI : /podmotka-spidometra-shevrole-niva-abs-bezlimitnaya/
MOD DETAILS:
   modFile   : /home/canmotalka/web/can-motalka.ru/public_html/vqmod/xml/lightning.xml
   id        : OpenCart Lightning
   version   : 3.37
   vqmver    : 
   author    : MaxD http://devs.mx

File Name    : system/library/cache.php(0)
VQModObject::applyMod - SEARCH NOT FOUND (SKIPPED): if (is_file(DIR_SYSTEM . 'library/journal3/vendor/SuperCache

----------------------------------------------------------------------


---------- Date: 2026-03-30 23:41:34 ~ IP : 185.179.188.62 ----------
REQUEST URI : /namotchik-probega-dlya-uaz-patriot-konec-do-2016-zelenyy-displey/
MOD DETAILS:
   modFile   : /home/canmotalka/web/can-motalka.ru/public_html/vqmod/xml/lightning.xml
   id        : OpenCart Lightning
   version   : 3.37
   vqmver    : 
   author    : MaxD http://devs.mx

File Name    : system/library/cache.php(0)
VQModObject::applyMod - SEARCH NOT FOUND (SKIPPED): if (is_file(DIR_SYSTEM . 'library/journal3/vendor/SuperCache

----------------------------------------------------------------------


---------- Date: 2026-03-30 23:43:37 ~ IP : 185.179.188.62 ----------
REQUEST URI : /podmotka-spidometra-kia-sorento/
MOD DETAILS:
   modFile   : /home/canmotalka/web/can-motalka.ru/public_html/vqmod/xml/lightning.xml
   id        : OpenCart Lightning
   version   : 3.37
   vqmver    : 
   author    : MaxD http://devs.mx

File Name    : system/library/cache.php(0)
VQModObject::applyMod - SEARCH NOT FOUND (SKIPPED): if (is_file(DIR_SYSTEM . 'library/journal3/vendor/SuperCache

----------------------------------------------------------------------


---------- Date: 2026-03-30 23:44:06 ~ IP : 185.179.188.62 ----------
REQUEST URI : /podmotka-spidometra-toyota-kamri/
MOD DETAILS:
   modFile   : /home/canmotalka/web/can-motalka.ru/public_html/vqmod/xml/lightning.xml
   id        : OpenCart Lightning
   version   : 3.37
   vqmver    : 
   author    : MaxD http://devs.mx

File Name    : system/library/cache.php(0)
VQModObject::applyMod - SEARCH NOT FOUND (SKIPPED): if (is_file(DIR_SYSTEM . 'library/journal3/vendor/SuperCache

----------------------------------------------------------------------


---------- Date: 2026-03-30 23:45:39 ~ IP : 185.179.188.62 ----------
REQUEST URI : /podmotka-spidometra-reno-logan-za-3000r/
MOD DETAILS:
   modFile   : /home/canmotalka/web/can-motalka.ru/public_html/vqmod/xml/lightning.xml
   id        : OpenCart Lightning
   version   : 3.37
   vqmver    : 
   author    : MaxD http://devs.mx

File Name    : system/library/cache.php(0)
VQModObject::applyMod - SEARCH NOT FOUND (SKIPPED): if (is_file(DIR_SYSTEM . 'library/journal3/vendor/SuperCache

----------------------------------------------------------------------


---------- Date: 2026-03-30 23:50:40 ~ IP : 185.179.188.62 ----------
REQUEST URI : /instrukciya-dlya-podmotki-lada-largus-2021/?ysclid=mndnx2ymc8814643422
MOD DETAILS:
   modFile   : /home/canmotalka/web/can-motalka.ru/public_html/vqmod/xml/lightning.xml
   id        : OpenCart Lightning
   version   : 3.37
   vqmver    : 
   author    : MaxD http://devs.mx

File Name    : system/library/cache.php(0)
VQModObject::applyMod - SEARCH NOT FOUND (SKIPPED): if (is_file(DIR_SYSTEM . 'library/journal3/vendor/SuperCache

----------------------------------------------------------------------


---------- Date: 2026-03-30 23:50:41 ~ IP : 185.179.188.62 ----------
REQUEST URI : /instrukciya-dlya-podmotki-lada-largus-2021/
MOD DETAILS:
   modFile   : /home/canmotalka/web/can-motalka.ru/public_html/vqmod/xml/lightning.xml
   id        : OpenCart Lightning
   version   : 3.37
   vqmver    : 
   author    : MaxD http://devs.mx

File Name    : system/library/cache.php(0)
VQModObject::applyMod - SEARCH NOT FOUND (SKIPPED): if (is_file(DIR_SYSTEM . 'library/journal3/vendor/SuperCache

----------------------------------------------------------------------


---------- Date: 2026-03-30 23:50:42 ~ IP : 185.179.188.62 ----------
REQUEST URI : /index.php?route=module/popupcart_extended
MOD DETAILS:
   modFile   : /home/canmotalka/web/can-motalka.ru/public_html/vqmod/xml/lightning.xml
   id        : OpenCart Lightning
   version   : 3.37
   vqmver    : 
   author    : MaxD http://devs.mx

File Name    : system/library/cache.php(0)
VQModObject::applyMod - SEARCH NOT FOUND (SKIPPED): if (is_file(DIR_SYSTEM . 'library/journal3/vendor/SuperCache

----------------------------------------------------------------------


---------- Date: 2026-03-30 23:55:21 ~ IP : 185.179.188.62 ----------
REQUEST URI : /podmotka-krutilka-motalka-spidometra-hyundai-creta/
MOD DETAILS:
   modFile   : /home/canmotalka/web/can-motalka.ru/public_html/vqmod/xml/lightning.xml
   id        : OpenCart Lightning
   version   : 3.37
   vqmver    : 
   author    : MaxD http://devs.mx

File Name    : system/library/cache.php(0)
VQModObject::applyMod - SEARCH NOT FOUND (SKIPPED): if (is_file(DIR_SYSTEM . 'library/journal3/vendor/SuperCache

----------------------------------------------------------------------


---------- Date: 2026-03-30 23:55:40 ~ IP : 185.179.188.62 ----------
REQUEST URI : /instrukciya-podmotka-niva-travel-chevrolet/
MOD DETAILS:
   modFile   : /home/canmotalka/web/can-motalka.ru/public_html/vqmod/xml/lightning.xml
   id        : OpenCart Lightning
   version   : 3.37
   vqmver    : 
   author    : MaxD http://devs.mx

File Name    : system/library/cache.php(0)
VQModObject::applyMod - SEARCH NOT FOUND (SKIPPED): if (is_file(DIR_SYSTEM . 'library/journal3/vendor/SuperCache

----------------------------------------------------------------------


---------- Date: 2026-03-30 23:59:42 ~ IP : 185.179.188.62 ----------
REQUEST URI : /podmotka_uaz_re/?ysclid=mndo7p406962587485
MOD DETAILS:
   modFile   : /home/canmotalka/web/can-motalka.ru/public_html/vqmod/xml/lightning.xml
   id        : OpenCart Lightning
   version   : 3.37
   vqmver    : 
   author    : MaxD http://devs.mx

File Name    : system/library/cache.php(0)
VQModObject::applyMod - SEARCH NOT FOUND (SKIPPED): if (is_file(DIR_SYSTEM . 'library/journal3/vendor/SuperCache

----------------------------------------------------------------------


---------- Date: 2026-03-30 23:59:42 ~ IP : 185.179.188.62 ----------
REQUEST URI : /podmotka_uaz_re/
MOD DETAILS:
   modFile   : /home/canmotalka/web/can-motalka.ru/public_html/vqmod/xml/lightning.xml
   id        : OpenCart Lightning
   version   : 3.37
   vqmver    : 
   author    : MaxD http://devs.mx

File Name    : system/library/cache.php(0)
VQModObject::applyMod - SEARCH NOT FOUND (SKIPPED): if (is_file(DIR_SYSTEM . 'library/journal3/vendor/SuperCache

----------------------------------------------------------------------


---------- Date: 2026-03-30 23:59:57 ~ IP : 185.179.188.62 ----------
REQUEST URI : /index.php?route=module/popupcart_extended
MOD DETAILS:
   modFile   : /home/canmotalka/web/can-motalka.ru/public_html/vqmod/xml/lightning.xml
   id        : OpenCart Lightning
   version   : 3.37
   vqmver    : 
   author    : MaxD http://devs.mx

File Name    : system/library/cache.php(0)
VQModObject::applyMod - SEARCH NOT FOUND (SKIPPED): if (is_file(DIR_SYSTEM . 'library/journal3/vendor/SuperCache

----------------------------------------------------------------------


