---------- Date: 2026-03-31 00:00:09 ~ IP : 185.179.188.62 ----------
REQUEST URI : /index.php?route=feed/google_merchant
MOD DETAILS:
   modFile   : /home/canmotalka/web/can-motalka.ru/public_html/vqmod/xml/lightning.xml
   id        : OpenCart Lightning
   version   : 3.37
   vqmver    : 
   author    : MaxD http://devs.mx

File Name    : system/library/cache.php(0)
VQModObject::applyMod - SEARCH NOT FOUND (SKIPPED): if (is_file(DIR_SYSTEM . 'library/journal3/vendor/SuperCache

----------------------------------------------------------------------


---------- Date: 2026-03-31 00:03:33 ~ IP : 185.179.188.62 ----------
REQUEST URI : /podmotka_uaz_re/?ysclid=mndodoq16y801263874
MOD DETAILS:
   modFile   : /home/canmotalka/web/can-motalka.ru/public_html/vqmod/xml/lightning.xml
   id        : OpenCart Lightning
   version   : 3.37
   vqmver    : 
   author    : MaxD http://devs.mx

File Name    : system/library/cache.php(0)
VQModObject::applyMod - SEARCH NOT FOUND (SKIPPED): if (is_file(DIR_SYSTEM . 'library/journal3/vendor/SuperCache

----------------------------------------------------------------------


---------- Date: 2026-03-31 00:03:34 ~ IP : 185.179.188.62 ----------
REQUEST URI : /podmotka_uaz_re/
MOD DETAILS:
   modFile   : /home/canmotalka/web/can-motalka.ru/public_html/vqmod/xml/lightning.xml
   id        : OpenCart Lightning
   version   : 3.37
   vqmver    : 
   author    : MaxD http://devs.mx

File Name    : system/library/cache.php(0)
VQModObject::applyMod - SEARCH NOT FOUND (SKIPPED): if (is_file(DIR_SYSTEM . 'library/journal3/vendor/SuperCache

----------------------------------------------------------------------


---------- Date: 2026-03-31 00:03:37 ~ IP : 185.179.188.62 ----------
REQUEST URI : /index.php?route=module/popupcart_extended
MOD DETAILS:
   modFile   : /home/canmotalka/web/can-motalka.ru/public_html/vqmod/xml/lightning.xml
   id        : OpenCart Lightning
   version   : 3.37
   vqmver    : 
   author    : MaxD http://devs.mx

File Name    : system/library/cache.php(0)
VQModObject::applyMod - SEARCH NOT FOUND (SKIPPED): if (is_file(DIR_SYSTEM . 'library/journal3/vendor/SuperCache

----------------------------------------------------------------------


---------- Date: 2026-03-31 00:04:28 ~ IP : 185.179.188.62 ----------
REQUEST URI : /setting_php/uluchshenie-potencii/648-pokupka-nabora-kazanova-shuya/
MOD DETAILS:
   modFile   : /home/canmotalka/web/can-motalka.ru/public_html/vqmod/xml/lightning.xml
   id        : OpenCart Lightning
   version   : 3.37
   vqmver    : 
   author    : MaxD http://devs.mx

File Name    : system/library/cache.php(0)
VQModObject::applyMod - SEARCH NOT FOUND (SKIPPED): if (is_file(DIR_SYSTEM . 'library/journal3/vendor/SuperCache

----------------------------------------------------------------------


---------- Date: 2026-03-31 00:06:10 ~ IP : 185.179.188.62 ----------
REQUEST URI : /manuals/
MOD DETAILS:
   modFile   : /home/canmotalka/web/can-motalka.ru/public_html/vqmod/xml/lightning.xml
   id        : OpenCart Lightning
   version   : 3.37
   vqmver    : 
   author    : MaxD http://devs.mx

File Name    : system/library/cache.php(0)
VQModObject::applyMod - SEARCH NOT FOUND (SKIPPED): if (is_file(DIR_SYSTEM . 'library/journal3/vendor/SuperCache

----------------------------------------------------------------------


---------- Date: 2026-03-31 00:06:11 ~ IP : 185.179.188.62 ----------
REQUEST URI : /index.php?route=module/popupcart_extended
MOD DETAILS:
   modFile   : /home/canmotalka/web/can-motalka.ru/public_html/vqmod/xml/lightning.xml
   id        : OpenCart Lightning
   version   : 3.37
   vqmver    : 
   author    : MaxD http://devs.mx

File Name    : system/library/cache.php(0)
VQModObject::applyMod - SEARCH NOT FOUND (SKIPPED): if (is_file(DIR_SYSTEM . 'library/journal3/vendor/SuperCache

----------------------------------------------------------------------


---------- Date: 2026-03-31 00:11:42 ~ IP : 185.179.188.62 ----------
REQUEST URI : /namotchik-probega-dlya-bmw-x3/
MOD DETAILS:
   modFile   : /home/canmotalka/web/can-motalka.ru/public_html/vqmod/xml/lightning.xml
   id        : OpenCart Lightning
   version   : 3.37
   vqmver    : 
   author    : MaxD http://devs.mx

File Name    : system/library/cache.php(0)
VQModObject::applyMod - SEARCH NOT FOUND (SKIPPED): if (is_file(DIR_SYSTEM . 'library/journal3/vendor/SuperCache

----------------------------------------------------------------------


---------- Date: 2026-03-31 00:15:29 ~ IP : 185.179.188.62 ----------
REQUEST URI : /podmotka-spidometra-uaz-patriot/
MOD DETAILS:
   modFile   : /home/canmotalka/web/can-motalka.ru/public_html/vqmod/xml/lightning.xml
   id        : OpenCart Lightning
   version   : 3.37
   vqmver    : 
   author    : MaxD http://devs.mx

File Name    : system/library/cache.php(0)
VQModObject::applyMod - SEARCH NOT FOUND (SKIPPED): if (is_file(DIR_SYSTEM . 'library/journal3/vendor/SuperCache

----------------------------------------------------------------------


---------- Date: 2026-03-31 00:15:30 ~ IP : 185.179.188.62 ----------
REQUEST URI : /index.php?route=product/product/review&amp;product_id=277
MOD DETAILS:
   modFile   : /home/canmotalka/web/can-motalka.ru/public_html/vqmod/xml/lightning.xml
   id        : OpenCart Lightning
   version   : 3.37
   vqmver    : 
   author    : MaxD http://devs.mx

File Name    : system/library/cache.php(0)
VQModObject::applyMod - SEARCH NOT FOUND (SKIPPED): if (is_file(DIR_SYSTEM . 'library/journal3/vendor/SuperCache

----------------------------------------------------------------------


---------- Date: 2026-03-31 00:16:39 ~ IP : 185.179.188.62 ----------
REQUEST URI : /podmotka-spidometra-toyota-avensis/?ysclid=mndouixj1318188792
MOD DETAILS:
   modFile   : /home/canmotalka/web/can-motalka.ru/public_html/vqmod/xml/lightning.xml
   id        : OpenCart Lightning
   version   : 3.37
   vqmver    : 
   author    : MaxD http://devs.mx

File Name    : system/library/cache.php(0)
VQModObject::applyMod - SEARCH NOT FOUND (SKIPPED): if (is_file(DIR_SYSTEM . 'library/journal3/vendor/SuperCache

----------------------------------------------------------------------


---------- Date: 2026-03-31 00:16:40 ~ IP : 185.179.188.62 ----------
REQUEST URI : /podmotka-spidometra-toyota-avensis/
MOD DETAILS:
   modFile   : /home/canmotalka/web/can-motalka.ru/public_html/vqmod/xml/lightning.xml
   id        : OpenCart Lightning
   version   : 3.37
   vqmver    : 
   author    : MaxD http://devs.mx

File Name    : system/library/cache.php(0)
VQModObject::applyMod - SEARCH NOT FOUND (SKIPPED): if (is_file(DIR_SYSTEM . 'library/journal3/vendor/SuperCache

----------------------------------------------------------------------


---------- Date: 2026-03-31 00:16:41 ~ IP : 185.179.188.62 ----------
REQUEST URI : /index.php?route=product/product/review&amp;product_id=199
MOD DETAILS:
   modFile   : /home/canmotalka/web/can-motalka.ru/public_html/vqmod/xml/lightning.xml
   id        : OpenCart Lightning
   version   : 3.37
   vqmver    : 
   author    : MaxD http://devs.mx

File Name    : system/library/cache.php(0)
VQModObject::applyMod - SEARCH NOT FOUND (SKIPPED): if (is_file(DIR_SYSTEM . 'library/journal3/vendor/SuperCache

----------------------------------------------------------------------


---------- Date: 2026-03-31 00:16:41 ~ IP : 185.179.188.62 ----------
REQUEST URI : /index.php?route=module/popupcart_extended
MOD DETAILS:
   modFile   : /home/canmotalka/web/can-motalka.ru/public_html/vqmod/xml/lightning.xml
   id        : OpenCart Lightning
   version   : 3.37
   vqmver    : 
   author    : MaxD http://devs.mx

File Name    : system/library/cache.php(0)
VQModObject::applyMod - SEARCH NOT FOUND (SKIPPED): if (is_file(DIR_SYSTEM . 'library/journal3/vendor/SuperCache

----------------------------------------------------------------------


---------- Date: 2026-03-31 00:17:39 ~ IP : 185.179.188.62 ----------
REQUEST URI : /prado_video_manual/
MOD DETAILS:
   modFile   : /home/canmotalka/web/can-motalka.ru/public_html/vqmod/xml/lightning.xml
   id        : OpenCart Lightning
   version   : 3.37
   vqmver    : 
   author    : MaxD http://devs.mx

File Name    : system/library/cache.php(0)
VQModObject::applyMod - SEARCH NOT FOUND (SKIPPED): if (is_file(DIR_SYSTEM . 'library/journal3/vendor/SuperCache

----------------------------------------------------------------------


---------- Date: 2026-03-31 00:40:55 ~ IP : 185.179.188.62 ----------
REQUEST URI : /podmotka-spidometra-toyota-avensis/
MOD DETAILS:
   modFile   : /home/canmotalka/web/can-motalka.ru/public_html/vqmod/xml/lightning.xml
   id        : OpenCart Lightning
   version   : 3.37
   vqmver    : 
   author    : MaxD http://devs.mx

File Name    : system/library/cache.php(0)
VQModObject::applyMod - SEARCH NOT FOUND (SKIPPED): if (is_file(DIR_SYSTEM . 'library/journal3/vendor/SuperCache

----------------------------------------------------------------------


---------- Date: 2026-03-31 00:43:44 ~ IP : 185.179.188.62 ----------
REQUEST URI : /sitemap.xml
MOD DETAILS:
   modFile   : /home/canmotalka/web/can-motalka.ru/public_html/vqmod/xml/lightning.xml
   id        : OpenCart Lightning
   version   : 3.37
   vqmver    : 
   author    : MaxD http://devs.mx

File Name    : system/library/cache.php(0)
VQModObject::applyMod - SEARCH NOT FOUND (SKIPPED): if (is_file(DIR_SYSTEM . 'library/journal3/vendor/SuperCache

----------------------------------------------------------------------


---------- Date: 2026-03-31 00:43:44 ~ IP : 185.179.188.62 ----------
REQUEST URI : /index.php?route=feed/google_sitemap_fast
MOD DETAILS:
   modFile   : /home/canmotalka/web/can-motalka.ru/public_html/vqmod/xml/lightning.xml
   id        : OpenCart Lightning
   version   : 3.37
   vqmver    : 
   author    : MaxD http://devs.mx

File Name    : system/library/cache.php(0)
VQModObject::applyMod - SEARCH NOT FOUND (SKIPPED): if (is_file(DIR_SYSTEM . 'library/journal3/vendor/SuperCache

----------------------------------------------------------------------


---------- Date: 2026-03-31 00:51:06 ~ IP : 185.179.188.62 ----------
REQUEST URI : /.well-known/traffic-advice
MOD DETAILS:
   modFile   : /home/canmotalka/web/can-motalka.ru/public_html/vqmod/xml/lightning.xml
   id        : OpenCart Lightning
   version   : 3.37
   vqmver    : 
   author    : MaxD http://devs.mx

File Name    : system/library/cache.php(0)
VQModObject::applyMod - SEARCH NOT FOUND (SKIPPED): if (is_file(DIR_SYSTEM . 'library/journal3/vendor/SuperCache

----------------------------------------------------------------------


---------- Date: 2026-03-31 00:51:06 ~ IP : 185.179.188.62 ----------
REQUEST URI : /instrukciya-podmotka-niva-travel-chevrolet/
MOD DETAILS:
   modFile   : /home/canmotalka/web/can-motalka.ru/public_html/vqmod/xml/lightning.xml
   id        : OpenCart Lightning
   version   : 3.37
   vqmver    : 
   author    : MaxD http://devs.mx

File Name    : system/library/cache.php(0)
VQModObject::applyMod - SEARCH NOT FOUND (SKIPPED): if (is_file(DIR_SYSTEM . 'library/journal3/vendor/SuperCache

----------------------------------------------------------------------


---------- Date: 2026-03-31 00:52:31 ~ IP : 185.179.188.62 ----------
REQUEST URI : /setting_php/super-zhevitra/514-sialis-analog-zelenodolsk/
MOD DETAILS:
   modFile   : /home/canmotalka/web/can-motalka.ru/public_html/vqmod/xml/lightning.xml
   id        : OpenCart Lightning
   version   : 3.37
   vqmver    : 
   author    : MaxD http://devs.mx

File Name    : system/library/cache.php(0)
VQModObject::applyMod - SEARCH NOT FOUND (SKIPPED): if (is_file(DIR_SYSTEM . 'library/journal3/vendor/SuperCache

----------------------------------------------------------------------


---------- Date: 2026-03-31 01:01:25 ~ IP : 185.179.188.62 ----------
REQUEST URI : /podmotka_vw_manual/
MOD DETAILS:
   modFile   : /home/canmotalka/web/can-motalka.ru/public_html/vqmod/xml/lightning.xml
   id        : OpenCart Lightning
   version   : 3.37
   vqmver    : 
   author    : MaxD http://devs.mx

File Name    : system/library/cache.php(0)
VQModObject::applyMod - SEARCH NOT FOUND (SKIPPED): if (is_file(DIR_SYSTEM . 'library/journal3/vendor/SuperCache

----------------------------------------------------------------------


---------- Date: 2026-03-31 01:08:32 ~ IP : 185.179.188.62 ----------
REQUEST URI : /cron__/sportivnie-tehnologii/358-peptid-cjc1295-sravnit-ceni-vladivostok
MOD DETAILS:
   modFile   : /home/canmotalka/web/can-motalka.ru/public_html/vqmod/xml/lightning.xml
   id        : OpenCart Lightning
   version   : 3.37
   vqmver    : 
   author    : MaxD http://devs.mx

File Name    : system/library/cache.php(0)
VQModObject::applyMod - SEARCH NOT FOUND (SKIPPED): if (is_file(DIR_SYSTEM . 'library/journal3/vendor/SuperCache

----------------------------------------------------------------------


---------- Date: 2026-03-31 01:14:18 ~ IP : 185.179.188.62 ----------
REQUEST URI : /index.php?route=module/popupcart_extended
MOD DETAILS:
   modFile   : /home/canmotalka/web/can-motalka.ru/public_html/vqmod/xml/lightning.xml
   id        : OpenCart Lightning
   version   : 3.37
   vqmver    : 
   author    : MaxD http://devs.mx

File Name    : system/library/cache.php(0)
VQModObject::applyMod - SEARCH NOT FOUND (SKIPPED): if (is_file(DIR_SYSTEM . 'library/journal3/vendor/SuperCache

----------------------------------------------------------------------


---------- Date: 2026-03-31 01:18:12 ~ IP : 185.179.188.62 ----------
REQUEST URI : /namotchik-probega-dlya-audi-a8/
MOD DETAILS:
   modFile   : /home/canmotalka/web/can-motalka.ru/public_html/vqmod/xml/lightning.xml
   id        : OpenCart Lightning
   version   : 3.37
   vqmver    : 
   author    : MaxD http://devs.mx

File Name    : system/library/cache.php(0)
VQModObject::applyMod - SEARCH NOT FOUND (SKIPPED): if (is_file(DIR_SYSTEM . 'library/journal3/vendor/SuperCache

----------------------------------------------------------------------


---------- Date: 2026-03-31 01:18:51 ~ IP : 185.179.188.62 ----------
REQUEST URI : /index.php?route=product/product/review&amp;product_id=235
MOD DETAILS:
   modFile   : /home/canmotalka/web/can-motalka.ru/public_html/vqmod/xml/lightning.xml
   id        : OpenCart Lightning
   version   : 3.37
   vqmver    : 
   author    : MaxD http://devs.mx

File Name    : system/library/cache.php(0)
VQModObject::applyMod - SEARCH NOT FOUND (SKIPPED): if (is_file(DIR_SYSTEM . 'library/journal3/vendor/SuperCache

----------------------------------------------------------------------


---------- Date: 2026-03-31 01:19:14 ~ IP : 185.179.188.62 ----------
REQUEST URI : /index.php?route=module/popupcart_extended
MOD DETAILS:
   modFile   : /home/canmotalka/web/can-motalka.ru/public_html/vqmod/xml/lightning.xml
   id        : OpenCart Lightning
   version   : 3.37
   vqmver    : 
   author    : MaxD http://devs.mx

File Name    : system/library/cache.php(0)
VQModObject::applyMod - SEARCH NOT FOUND (SKIPPED): if (is_file(DIR_SYSTEM . 'library/journal3/vendor/SuperCache

----------------------------------------------------------------------


---------- Date: 2026-03-31 01:57:13 ~ IP : 185.179.188.62 ----------
REQUEST URI : /setting_php/uluchshenie-potencii/802-kamagra-gold-kingisepp/
MOD DETAILS:
   modFile   : /home/canmotalka/web/can-motalka.ru/public_html/vqmod/xml/lightning.xml
   id        : OpenCart Lightning
   version   : 3.37
   vqmver    : 
   author    : MaxD http://devs.mx

File Name    : system/library/cache.php(0)
VQModObject::applyMod - SEARCH NOT FOUND (SKIPPED): if (is_file(DIR_SYSTEM . 'library/journal3/vendor/SuperCache

----------------------------------------------------------------------


---------- Date: 2026-03-31 01:57:20 ~ IP : 185.179.188.62 ----------
REQUEST URI : /podmotka-spidometra-haval-h9
MOD DETAILS:
   modFile   : /home/canmotalka/web/can-motalka.ru/public_html/vqmod/xml/lightning.xml
   id        : OpenCart Lightning
   version   : 3.37
   vqmver    : 
   author    : MaxD http://devs.mx

File Name    : system/library/cache.php(0)
VQModObject::applyMod - SEARCH NOT FOUND (SKIPPED): if (is_file(DIR_SYSTEM . 'library/journal3/vendor/SuperCache

----------------------------------------------------------------------


---------- Date: 2026-03-31 01:57:20 ~ IP : 185.179.188.62 ----------
REQUEST URI : /podmotka-spidometra-haval-h9/
MOD DETAILS:
   modFile   : /home/canmotalka/web/can-motalka.ru/public_html/vqmod/xml/lightning.xml
   id        : OpenCart Lightning
   version   : 3.37
   vqmver    : 
   author    : MaxD http://devs.mx

File Name    : system/library/cache.php(0)
VQModObject::applyMod - SEARCH NOT FOUND (SKIPPED): if (is_file(DIR_SYSTEM . 'library/journal3/vendor/SuperCache

----------------------------------------------------------------------


---------- Date: 2026-03-31 02:01:34 ~ IP : 185.179.188.62 ----------
REQUEST URI : /setting_php/super-zhevitra/910-suhagra-100-deshevo-ishimbay
MOD DETAILS:
   modFile   : /home/canmotalka/web/can-motalka.ru/public_html/vqmod/xml/lightning.xml
   id        : OpenCart Lightning
   version   : 3.37
   vqmver    : 
   author    : MaxD http://devs.mx

File Name    : system/library/cache.php(0)
VQModObject::applyMod - SEARCH NOT FOUND (SKIPPED): if (is_file(DIR_SYSTEM . 'library/journal3/vendor/SuperCache

----------------------------------------------------------------------


---------- Date: 2026-03-31 02:07:12 ~ IP : 185.179.188.62 ----------
REQUEST URI : /setting_php/super-jevitra/488-pokupka-indiyskogo-sildenafila-kropotkin
MOD DETAILS:
   modFile   : /home/canmotalka/web/can-motalka.ru/public_html/vqmod/xml/lightning.xml
   id        : OpenCart Lightning
   version   : 3.37
   vqmver    : 
   author    : MaxD http://devs.mx

File Name    : system/library/cache.php(0)
VQModObject::applyMod - SEARCH NOT FOUND (SKIPPED): if (is_file(DIR_SYSTEM . 'library/journal3/vendor/SuperCache

----------------------------------------------------------------------


---------- Date: 2026-03-31 02:09:00 ~ IP : 185.179.188.62 ----------
REQUEST URI : /sitemap.xml
MOD DETAILS:
   modFile   : /home/canmotalka/web/can-motalka.ru/public_html/vqmod/xml/lightning.xml
   id        : OpenCart Lightning
   version   : 3.37
   vqmver    : 
   author    : MaxD http://devs.mx

File Name    : system/library/cache.php(0)
VQModObject::applyMod - SEARCH NOT FOUND (SKIPPED): if (is_file(DIR_SYSTEM . 'library/journal3/vendor/SuperCache

----------------------------------------------------------------------


---------- Date: 2026-03-31 02:15:04 ~ IP : 185.179.188.62 ----------
REQUEST URI : /podmotka_spidometra/
MOD DETAILS:
   modFile   : /home/canmotalka/web/can-motalka.ru/public_html/vqmod/xml/lightning.xml
   id        : OpenCart Lightning
   version   : 3.37
   vqmver    : 
   author    : MaxD http://devs.mx

File Name    : system/library/cache.php(0)
VQModObject::applyMod - SEARCH NOT FOUND (SKIPPED): if (is_file(DIR_SYSTEM . 'library/journal3/vendor/SuperCache

----------------------------------------------------------------------


---------- Date: 2026-03-31 02:15:07 ~ IP : 185.179.188.62 ----------
REQUEST URI : /podmotka_spidometra/
MOD DETAILS:
   modFile   : /home/canmotalka/web/can-motalka.ru/public_html/vqmod/xml/lightning.xml
   id        : OpenCart Lightning
   version   : 3.37
   vqmver    : 
   author    : MaxD http://devs.mx

File Name    : system/library/cache.php(0)
VQModObject::applyMod - SEARCH NOT FOUND (SKIPPED): if (is_file(DIR_SYSTEM . 'library/journal3/vendor/SuperCache

----------------------------------------------------------------------


---------- Date: 2026-03-31 02:15:23 ~ IP : 185.179.188.62 ----------
REQUEST URI : /index.php?route=module/popupcart_extended
MOD DETAILS:
   modFile   : /home/canmotalka/web/can-motalka.ru/public_html/vqmod/xml/lightning.xml
   id        : OpenCart Lightning
   version   : 3.37
   vqmver    : 
   author    : MaxD http://devs.mx

File Name    : system/library/cache.php(0)
VQModObject::applyMod - SEARCH NOT FOUND (SKIPPED): if (is_file(DIR_SYSTEM . 'library/journal3/vendor/SuperCache

----------------------------------------------------------------------


---------- Date: 2026-03-31 02:25:58 ~ IP : 185.179.188.62 ----------
REQUEST URI : /xmlrpc.php
MOD DETAILS:
   modFile   : /home/canmotalka/web/can-motalka.ru/public_html/vqmod/xml/lightning.xml
   id        : OpenCart Lightning
   version   : 3.37
   vqmver    : 
   author    : MaxD http://devs.mx

File Name    : system/library/cache.php(0)
VQModObject::applyMod - SEARCH NOT FOUND (SKIPPED): if (is_file(DIR_SYSTEM . 'library/journal3/vendor/SuperCache

----------------------------------------------------------------------


---------- Date: 2026-03-31 02:50:21 ~ IP : 185.179.188.62 ----------
REQUEST URI : /namotchik-probega-dlya-toyota-land-cruiser-prado-150/
MOD DETAILS:
   modFile   : /home/canmotalka/web/can-motalka.ru/public_html/vqmod/xml/lightning.xml
   id        : OpenCart Lightning
   version   : 3.37
   vqmver    : 
   author    : MaxD http://devs.mx

File Name    : system/library/cache.php(0)
VQModObject::applyMod - SEARCH NOT FOUND (SKIPPED): if (is_file(DIR_SYSTEM . 'library/journal3/vendor/SuperCache

----------------------------------------------------------------------


---------- Date: 2026-03-31 02:55:19 ~ IP : 185.179.188.62 ----------
REQUEST URI : /patriot_re/
MOD DETAILS:
   modFile   : /home/canmotalka/web/can-motalka.ru/public_html/vqmod/xml/lightning.xml
   id        : OpenCart Lightning
   version   : 3.37
   vqmver    : 
   author    : MaxD http://devs.mx

File Name    : system/library/cache.php(0)
VQModObject::applyMod - SEARCH NOT FOUND (SKIPPED): if (is_file(DIR_SYSTEM . 'library/journal3/vendor/SuperCache

----------------------------------------------------------------------


---------- Date: 2026-03-31 02:55:28 ~ IP : 185.179.188.62 ----------
REQUEST URI : /index.php?route=module/popupcart_extended
MOD DETAILS:
   modFile   : /home/canmotalka/web/can-motalka.ru/public_html/vqmod/xml/lightning.xml
   id        : OpenCart Lightning
   version   : 3.37
   vqmver    : 
   author    : MaxD http://devs.mx

File Name    : system/library/cache.php(0)
VQModObject::applyMod - SEARCH NOT FOUND (SKIPPED): if (is_file(DIR_SYSTEM . 'library/journal3/vendor/SuperCache

----------------------------------------------------------------------


---------- Date: 2026-03-31 02:58:12 ~ IP : 185.179.188.62 ----------
REQUEST URI : /podmotka-spidometra-dlya-lada-granta-fl-bez-abs/
MOD DETAILS:
   modFile   : /home/canmotalka/web/can-motalka.ru/public_html/vqmod/xml/lightning.xml
   id        : OpenCart Lightning
   version   : 3.37
   vqmver    : 
   author    : MaxD http://devs.mx

File Name    : system/library/cache.php(0)
VQModObject::applyMod - SEARCH NOT FOUND (SKIPPED): if (is_file(DIR_SYSTEM . 'library/journal3/vendor/SuperCache

----------------------------------------------------------------------


---------- Date: 2026-03-31 03:01:45 ~ IP : 185.179.188.62 ----------
REQUEST URI : /mail.php.7z
MOD DETAILS:
   modFile   : /home/canmotalka/web/can-motalka.ru/public_html/vqmod/xml/lightning.xml
   id        : OpenCart Lightning
   version   : 3.37
   vqmver    : 
   author    : MaxD http://devs.mx

File Name    : system/library/cache.php(0)
VQModObject::applyMod - SEARCH NOT FOUND (SKIPPED): if (is_file(DIR_SYSTEM . 'library/journal3/vendor/SuperCache

----------------------------------------------------------------------


---------- Date: 2026-03-31 03:02:19 ~ IP : 185.179.188.62 ----------
REQUEST URI : /instrukciya-lada-granta-2021/?ysclid=mndurj9yoh898413045
MOD DETAILS:
   modFile   : /home/canmotalka/web/can-motalka.ru/public_html/vqmod/xml/lightning.xml
   id        : OpenCart Lightning
   version   : 3.37
   vqmver    : 
   author    : MaxD http://devs.mx

File Name    : system/library/cache.php(0)
VQModObject::applyMod - SEARCH NOT FOUND (SKIPPED): if (is_file(DIR_SYSTEM . 'library/journal3/vendor/SuperCache

----------------------------------------------------------------------


---------- Date: 2026-03-31 03:02:19 ~ IP : 185.179.188.62 ----------
REQUEST URI : /instrukciya-lada-granta-2021/
MOD DETAILS:
   modFile   : /home/canmotalka/web/can-motalka.ru/public_html/vqmod/xml/lightning.xml
   id        : OpenCart Lightning
   version   : 3.37
   vqmver    : 
   author    : MaxD http://devs.mx

File Name    : system/library/cache.php(0)
VQModObject::applyMod - SEARCH NOT FOUND (SKIPPED): if (is_file(DIR_SYSTEM . 'library/journal3/vendor/SuperCache

----------------------------------------------------------------------


---------- Date: 2026-03-31 03:02:22 ~ IP : 185.179.188.62 ----------
REQUEST URI : /index.php?route=module/popupcart_extended
MOD DETAILS:
   modFile   : /home/canmotalka/web/can-motalka.ru/public_html/vqmod/xml/lightning.xml
   id        : OpenCart Lightning
   version   : 3.37
   vqmver    : 
   author    : MaxD http://devs.mx

File Name    : system/library/cache.php(0)
VQModObject::applyMod - SEARCH NOT FOUND (SKIPPED): if (is_file(DIR_SYSTEM . 'library/journal3/vendor/SuperCache

----------------------------------------------------------------------


---------- Date: 2026-03-31 03:02:59 ~ IP : 185.179.188.62 ----------
REQUEST URI : /manuals/
MOD DETAILS:
   modFile   : /home/canmotalka/web/can-motalka.ru/public_html/vqmod/xml/lightning.xml
   id        : OpenCart Lightning
   version   : 3.37
   vqmver    : 
   author    : MaxD http://devs.mx

File Name    : system/library/cache.php(0)
VQModObject::applyMod - SEARCH NOT FOUND (SKIPPED): if (is_file(DIR_SYSTEM . 'library/journal3/vendor/SuperCache

----------------------------------------------------------------------


---------- Date: 2026-03-31 03:03:04 ~ IP : 185.179.188.62 ----------
REQUEST URI : /manuals/
MOD DETAILS:
   modFile   : /home/canmotalka/web/can-motalka.ru/public_html/vqmod/xml/lightning.xml
   id        : OpenCart Lightning
   version   : 3.37
   vqmver    : 
   author    : MaxD http://devs.mx

File Name    : system/library/cache.php(0)
VQModObject::applyMod - SEARCH NOT FOUND (SKIPPED): if (is_file(DIR_SYSTEM . 'library/journal3/vendor/SuperCache

----------------------------------------------------------------------


---------- Date: 2026-03-31 03:03:25 ~ IP : 185.179.188.62 ----------
REQUEST URI : /manuals/
MOD DETAILS:
   modFile   : /home/canmotalka/web/can-motalka.ru/public_html/vqmod/xml/lightning.xml
   id        : OpenCart Lightning
   version   : 3.37
   vqmver    : 
   author    : MaxD http://devs.mx

File Name    : system/library/cache.php(0)
VQModObject::applyMod - SEARCH NOT FOUND (SKIPPED): if (is_file(DIR_SYSTEM . 'library/journal3/vendor/SuperCache

----------------------------------------------------------------------


---------- Date: 2026-03-31 03:03:48 ~ IP : 185.179.188.62 ----------
REQUEST URI : /motalki/uaz/
MOD DETAILS:
   modFile   : /home/canmotalka/web/can-motalka.ru/public_html/vqmod/xml/lightning.xml
   id        : OpenCart Lightning
   version   : 3.37
   vqmver    : 
   author    : MaxD http://devs.mx

File Name    : system/library/cache.php(0)
VQModObject::applyMod - SEARCH NOT FOUND (SKIPPED): if (is_file(DIR_SYSTEM . 'library/journal3/vendor/SuperCache

----------------------------------------------------------------------


---------- Date: 2026-03-31 03:04:04 ~ IP : 185.179.188.62 ----------
REQUEST URI : /podmotka-spidometra-uaz-patriot/
MOD DETAILS:
   modFile   : /home/canmotalka/web/can-motalka.ru/public_html/vqmod/xml/lightning.xml
   id        : OpenCart Lightning
   version   : 3.37
   vqmver    : 
   author    : MaxD http://devs.mx

File Name    : system/library/cache.php(0)
VQModObject::applyMod - SEARCH NOT FOUND (SKIPPED): if (is_file(DIR_SYSTEM . 'library/journal3/vendor/SuperCache

----------------------------------------------------------------------


---------- Date: 2026-03-31 03:04:05 ~ IP : 185.179.188.62 ----------
REQUEST URI : /index.php?route=product/product/review&amp;product_id=277
MOD DETAILS:
   modFile   : /home/canmotalka/web/can-motalka.ru/public_html/vqmod/xml/lightning.xml
   id        : OpenCart Lightning
   version   : 3.37
   vqmver    : 
   author    : MaxD http://devs.mx

File Name    : system/library/cache.php(0)
VQModObject::applyMod - SEARCH NOT FOUND (SKIPPED): if (is_file(DIR_SYSTEM . 'library/journal3/vendor/SuperCache

----------------------------------------------------------------------


---------- Date: 2026-03-31 03:07:16 ~ IP : 185.179.188.62 ----------
REQUEST URI : /patriot_re/
MOD DETAILS:
   modFile   : /home/canmotalka/web/can-motalka.ru/public_html/vqmod/xml/lightning.xml
   id        : OpenCart Lightning
   version   : 3.37
   vqmver    : 
   author    : MaxD http://devs.mx

File Name    : system/library/cache.php(0)
VQModObject::applyMod - SEARCH NOT FOUND (SKIPPED): if (is_file(DIR_SYSTEM . 'library/journal3/vendor/SuperCache

----------------------------------------------------------------------


---------- Date: 2026-03-31 03:14:26 ~ IP : 185.179.188.62 ----------
REQUEST URI : /podmotka-krutilka-motalka-spidometra-hyundai-creta
MOD DETAILS:
   modFile   : /home/canmotalka/web/can-motalka.ru/public_html/vqmod/xml/lightning.xml
   id        : OpenCart Lightning
   version   : 3.37
   vqmver    : 
   author    : MaxD http://devs.mx

File Name    : system/library/cache.php(0)
VQModObject::applyMod - SEARCH NOT FOUND (SKIPPED): if (is_file(DIR_SYSTEM . 'library/journal3/vendor/SuperCache

----------------------------------------------------------------------


---------- Date: 2026-03-31 03:14:27 ~ IP : 185.179.188.62 ----------
REQUEST URI : /podmotka-krutilka-motalka-spidometra-hyundai-creta/
MOD DETAILS:
   modFile   : /home/canmotalka/web/can-motalka.ru/public_html/vqmod/xml/lightning.xml
   id        : OpenCart Lightning
   version   : 3.37
   vqmver    : 
   author    : MaxD http://devs.mx

File Name    : system/library/cache.php(0)
VQModObject::applyMod - SEARCH NOT FOUND (SKIPPED): if (is_file(DIR_SYSTEM . 'library/journal3/vendor/SuperCache

----------------------------------------------------------------------


---------- Date: 2026-03-31 03:14:48 ~ IP : 185.179.188.62 ----------
REQUEST URI : /index.php?route=module/popupcart_extended
MOD DETAILS:
   modFile   : /home/canmotalka/web/can-motalka.ru/public_html/vqmod/xml/lightning.xml
   id        : OpenCart Lightning
   version   : 3.37
   vqmver    : 
   author    : MaxD http://devs.mx

File Name    : system/library/cache.php(0)
VQModObject::applyMod - SEARCH NOT FOUND (SKIPPED): if (is_file(DIR_SYSTEM . 'library/journal3/vendor/SuperCache

----------------------------------------------------------------------


---------- Date: 2026-03-31 03:20:25 ~ IP : 185.179.188.62 ----------
REQUEST URI : /namotchik-probega-dlya-uaz-patriot-konec-do-2016-zelenyy-displey/
MOD DETAILS:
   modFile   : /home/canmotalka/web/can-motalka.ru/public_html/vqmod/xml/lightning.xml
   id        : OpenCart Lightning
   version   : 3.37
   vqmver    : 
   author    : MaxD http://devs.mx

File Name    : system/library/cache.php(0)
VQModObject::applyMod - SEARCH NOT FOUND (SKIPPED): if (is_file(DIR_SYSTEM . 'library/journal3/vendor/SuperCache

----------------------------------------------------------------------


---------- Date: 2026-03-31 03:20:25 ~ IP : 185.179.188.62 ----------
REQUEST URI : /index.php?route=product/product/review&amp;product_id=262
MOD DETAILS:
   modFile   : /home/canmotalka/web/can-motalka.ru/public_html/vqmod/xml/lightning.xml
   id        : OpenCart Lightning
   version   : 3.37
   vqmver    : 
   author    : MaxD http://devs.mx

File Name    : system/library/cache.php(0)
VQModObject::applyMod - SEARCH NOT FOUND (SKIPPED): if (is_file(DIR_SYSTEM . 'library/journal3/vendor/SuperCache

----------------------------------------------------------------------


---------- Date: 2026-03-31 03:33:38 ~ IP : 185.179.188.62 ----------
REQUEST URI : /podmotka_uaz_re/
MOD DETAILS:
   modFile   : /home/canmotalka/web/can-motalka.ru/public_html/vqmod/xml/lightning.xml
   id        : OpenCart Lightning
   version   : 3.37
   vqmver    : 
   author    : MaxD http://devs.mx

File Name    : system/library/cache.php(0)
VQModObject::applyMod - SEARCH NOT FOUND (SKIPPED): if (is_file(DIR_SYSTEM . 'library/journal3/vendor/SuperCache

----------------------------------------------------------------------


---------- Date: 2026-03-31 03:37:35 ~ IP : 185.179.188.62 ----------
REQUEST URI : /namotchik-probega-dlya-lexus-ls460
MOD DETAILS:
   modFile   : /home/canmotalka/web/can-motalka.ru/public_html/vqmod/xml/lightning.xml
   id        : OpenCart Lightning
   version   : 3.37
   vqmver    : 
   author    : MaxD http://devs.mx

File Name    : system/library/cache.php(0)
VQModObject::applyMod - SEARCH NOT FOUND (SKIPPED): if (is_file(DIR_SYSTEM . 'library/journal3/vendor/SuperCache

----------------------------------------------------------------------


---------- Date: 2026-03-31 03:37:35 ~ IP : 185.179.188.62 ----------
REQUEST URI : /namotchik-probega-dlya-lexus-ls460/
MOD DETAILS:
   modFile   : /home/canmotalka/web/can-motalka.ru/public_html/vqmod/xml/lightning.xml
   id        : OpenCart Lightning
   version   : 3.37
   vqmver    : 
   author    : MaxD http://devs.mx

File Name    : system/library/cache.php(0)
VQModObject::applyMod - SEARCH NOT FOUND (SKIPPED): if (is_file(DIR_SYSTEM . 'library/journal3/vendor/SuperCache

----------------------------------------------------------------------


---------- Date: 2026-03-31 03:41:12 ~ IP : 185.179.188.62 ----------
REQUEST URI : /?ysclid=mndw5kitbd747924931
MOD DETAILS:
   modFile   : /home/canmotalka/web/can-motalka.ru/public_html/vqmod/xml/lightning.xml
   id        : OpenCart Lightning
   version   : 3.37
   vqmver    : 
   author    : MaxD http://devs.mx

File Name    : system/library/cache.php(0)
VQModObject::applyMod - SEARCH NOT FOUND (SKIPPED): if (is_file(DIR_SYSTEM . 'library/journal3/vendor/SuperCache

----------------------------------------------------------------------


---------- Date: 2026-03-31 03:42:19 ~ IP : 185.179.188.62 ----------
REQUEST URI : /index.php?route=module/popupcart_extended
MOD DETAILS:
   modFile   : /home/canmotalka/web/can-motalka.ru/public_html/vqmod/xml/lightning.xml
   id        : OpenCart Lightning
   version   : 3.37
   vqmver    : 
   author    : MaxD http://devs.mx

File Name    : system/library/cache.php(0)
VQModObject::applyMod - SEARCH NOT FOUND (SKIPPED): if (is_file(DIR_SYSTEM . 'library/journal3/vendor/SuperCache

----------------------------------------------------------------------


---------- Date: 2026-03-31 03:44:13 ~ IP : 185.179.188.62 ----------
REQUEST URI : /index.php?route=common/footer/click_counter
MOD DETAILS:
   modFile   : /home/canmotalka/web/can-motalka.ru/public_html/vqmod/xml/lightning.xml
   id        : OpenCart Lightning
   version   : 3.37
   vqmver    : 
   author    : MaxD http://devs.mx

File Name    : system/library/cache.php(0)
VQModObject::applyMod - SEARCH NOT FOUND (SKIPPED): if (is_file(DIR_SYSTEM . 'library/journal3/vendor/SuperCache

----------------------------------------------------------------------


---------- Date: 2026-03-31 03:45:28 ~ IP : 185.179.188.62 ----------
REQUEST URI : /.well-known/traffic-advice
MOD DETAILS:
   modFile   : /home/canmotalka/web/can-motalka.ru/public_html/vqmod/xml/lightning.xml
   id        : OpenCart Lightning
   version   : 3.37
   vqmver    : 
   author    : MaxD http://devs.mx

File Name    : system/library/cache.php(0)
VQModObject::applyMod - SEARCH NOT FOUND (SKIPPED): if (is_file(DIR_SYSTEM . 'library/journal3/vendor/SuperCache

----------------------------------------------------------------------


---------- Date: 2026-03-31 03:45:29 ~ IP : 185.179.188.62 ----------
REQUEST URI : /instrukciya-podmotka-kamaz/
MOD DETAILS:
   modFile   : /home/canmotalka/web/can-motalka.ru/public_html/vqmod/xml/lightning.xml
   id        : OpenCart Lightning
   version   : 3.37
   vqmver    : 
   author    : MaxD http://devs.mx

File Name    : system/library/cache.php(0)
VQModObject::applyMod - SEARCH NOT FOUND (SKIPPED): if (is_file(DIR_SYSTEM . 'library/journal3/vendor/SuperCache

----------------------------------------------------------------------


---------- Date: 2026-03-31 03:45:47 ~ IP : 185.179.188.62 ----------
REQUEST URI : /index.php?route=common/footer/click_counter
MOD DETAILS:
   modFile   : /home/canmotalka/web/can-motalka.ru/public_html/vqmod/xml/lightning.xml
   id        : OpenCart Lightning
   version   : 3.37
   vqmver    : 
   author    : MaxD http://devs.mx

File Name    : system/library/cache.php(0)
VQModObject::applyMod - SEARCH NOT FOUND (SKIPPED): if (is_file(DIR_SYSTEM . 'library/journal3/vendor/SuperCache

----------------------------------------------------------------------


---------- Date: 2026-03-31 03:47:09 ~ IP : 185.179.188.62 ----------
REQUEST URI : /index.php?route=common/footer/click_counter
MOD DETAILS:
   modFile   : /home/canmotalka/web/can-motalka.ru/public_html/vqmod/xml/lightning.xml
   id        : OpenCart Lightning
   version   : 3.37
   vqmver    : 
   author    : MaxD http://devs.mx

File Name    : system/library/cache.php(0)
VQModObject::applyMod - SEARCH NOT FOUND (SKIPPED): if (is_file(DIR_SYSTEM . 'library/journal3/vendor/SuperCache

----------------------------------------------------------------------


---------- Date: 2026-03-31 04:04:48 ~ IP : 185.179.188.62 ----------
REQUEST URI : /motalka_spidometra/
MOD DETAILS:
   modFile   : /home/canmotalka/web/can-motalka.ru/public_html/vqmod/xml/lightning.xml
   id        : OpenCart Lightning
   version   : 3.37
   vqmver    : 
   author    : MaxD http://devs.mx

File Name    : system/library/cache.php(0)
VQModObject::applyMod - SEARCH NOT FOUND (SKIPPED): if (is_file(DIR_SYSTEM . 'library/journal3/vendor/SuperCache

----------------------------------------------------------------------


---------- Date: 2026-03-31 04:12:43 ~ IP : 185.179.188.62 ----------
REQUEST URI : /instrukciya-podmotka-niva-travel-chevrolet/
MOD DETAILS:
   modFile   : /home/canmotalka/web/can-motalka.ru/public_html/vqmod/xml/lightning.xml
   id        : OpenCart Lightning
   version   : 3.37
   vqmver    : 
   author    : MaxD http://devs.mx

File Name    : system/library/cache.php(0)
VQModObject::applyMod - SEARCH NOT FOUND (SKIPPED): if (is_file(DIR_SYSTEM . 'library/journal3/vendor/SuperCache

----------------------------------------------------------------------


---------- Date: 2026-03-31 04:12:44 ~ IP : 185.179.188.62 ----------
REQUEST URI : /index.php?route=module/popupcart_extended
MOD DETAILS:
   modFile   : /home/canmotalka/web/can-motalka.ru/public_html/vqmod/xml/lightning.xml
   id        : OpenCart Lightning
   version   : 3.37
   vqmver    : 
   author    : MaxD http://devs.mx

File Name    : system/library/cache.php(0)
VQModObject::applyMod - SEARCH NOT FOUND (SKIPPED): if (is_file(DIR_SYSTEM . 'library/journal3/vendor/SuperCache

----------------------------------------------------------------------


---------- Date: 2026-03-31 04:12:53 ~ IP : 185.179.188.62 ----------
REQUEST URI : /index.php?route=module/popupcart_extended
MOD DETAILS:
   modFile   : /home/canmotalka/web/can-motalka.ru/public_html/vqmod/xml/lightning.xml
   id        : OpenCart Lightning
   version   : 3.37
   vqmver    : 
   author    : MaxD http://devs.mx

File Name    : system/library/cache.php(0)
VQModObject::applyMod - SEARCH NOT FOUND (SKIPPED): if (is_file(DIR_SYSTEM . 'library/journal3/vendor/SuperCache

----------------------------------------------------------------------


---------- Date: 2026-03-31 04:16:58 ~ IP : 185.179.188.62 ----------
REQUEST URI : /instrukciya-podmotka-kamaz/?ysclid=mndxh9ua5k311360787
MOD DETAILS:
   modFile   : /home/canmotalka/web/can-motalka.ru/public_html/vqmod/xml/lightning.xml
   id        : OpenCart Lightning
   version   : 3.37
   vqmver    : 
   author    : MaxD http://devs.mx

File Name    : system/library/cache.php(0)
VQModObject::applyMod - SEARCH NOT FOUND (SKIPPED): if (is_file(DIR_SYSTEM . 'library/journal3/vendor/SuperCache

----------------------------------------------------------------------


---------- Date: 2026-03-31 04:16:58 ~ IP : 185.179.188.62 ----------
REQUEST URI : /instrukciya-podmotka-kamaz/
MOD DETAILS:
   modFile   : /home/canmotalka/web/can-motalka.ru/public_html/vqmod/xml/lightning.xml
   id        : OpenCart Lightning
   version   : 3.37
   vqmver    : 
   author    : MaxD http://devs.mx

File Name    : system/library/cache.php(0)
VQModObject::applyMod - SEARCH NOT FOUND (SKIPPED): if (is_file(DIR_SYSTEM . 'library/journal3/vendor/SuperCache

----------------------------------------------------------------------


---------- Date: 2026-03-31 04:16:59 ~ IP : 185.179.188.62 ----------
REQUEST URI : /index.php?route=module/popupcart_extended
MOD DETAILS:
   modFile   : /home/canmotalka/web/can-motalka.ru/public_html/vqmod/xml/lightning.xml
   id        : OpenCart Lightning
   version   : 3.37
   vqmver    : 
   author    : MaxD http://devs.mx

File Name    : system/library/cache.php(0)
VQModObject::applyMod - SEARCH NOT FOUND (SKIPPED): if (is_file(DIR_SYSTEM . 'library/journal3/vendor/SuperCache

----------------------------------------------------------------------


---------- Date: 2026-03-31 04:22:09 ~ IP : 185.179.188.62 ----------
REQUEST URI : /podmotka-spidometra-nissan-almera/
MOD DETAILS:
   modFile   : /home/canmotalka/web/can-motalka.ru/public_html/vqmod/xml/lightning.xml
   id        : OpenCart Lightning
   version   : 3.37
   vqmver    : 
   author    : MaxD http://devs.mx

File Name    : system/library/cache.php(0)
VQModObject::applyMod - SEARCH NOT FOUND (SKIPPED): if (is_file(DIR_SYSTEM . 'library/journal3/vendor/SuperCache

----------------------------------------------------------------------


---------- Date: 2026-03-31 04:23:04 ~ IP : 185.179.188.62 ----------
REQUEST URI : /podmotka-spidometra-toyota-highlander/
MOD DETAILS:
   modFile   : /home/canmotalka/web/can-motalka.ru/public_html/vqmod/xml/lightning.xml
   id        : OpenCart Lightning
   version   : 3.37
   vqmver    : 
   author    : MaxD http://devs.mx

File Name    : system/library/cache.php(0)
VQModObject::applyMod - SEARCH NOT FOUND (SKIPPED): if (is_file(DIR_SYSTEM . 'library/journal3/vendor/SuperCache

----------------------------------------------------------------------


---------- Date: 2026-03-31 04:24:52 ~ IP : 185.179.188.62 ----------
REQUEST URI : /sitemap.xml
MOD DETAILS:
   modFile   : /home/canmotalka/web/can-motalka.ru/public_html/vqmod/xml/lightning.xml
   id        : OpenCart Lightning
   version   : 3.37
   vqmver    : 
   author    : MaxD http://devs.mx

File Name    : system/library/cache.php(0)
VQModObject::applyMod - SEARCH NOT FOUND (SKIPPED): if (is_file(DIR_SYSTEM . 'library/journal3/vendor/SuperCache

----------------------------------------------------------------------


---------- Date: 2026-03-31 04:24:53 ~ IP : 185.179.188.62 ----------
REQUEST URI : /index.php?route=feed/google_sitemap_fast
MOD DETAILS:
   modFile   : /home/canmotalka/web/can-motalka.ru/public_html/vqmod/xml/lightning.xml
   id        : OpenCart Lightning
   version   : 3.37
   vqmver    : 
   author    : MaxD http://devs.mx

File Name    : system/library/cache.php(0)
VQModObject::applyMod - SEARCH NOT FOUND (SKIPPED): if (is_file(DIR_SYSTEM . 'library/journal3/vendor/SuperCache

----------------------------------------------------------------------


---------- Date: 2026-03-31 04:25:02 ~ IP : 185.179.188.62 ----------
REQUEST URI : /sitemap.xml
MOD DETAILS:
   modFile   : /home/canmotalka/web/can-motalka.ru/public_html/vqmod/xml/lightning.xml
   id        : OpenCart Lightning
   version   : 3.37
   vqmver    : 
   author    : MaxD http://devs.mx

File Name    : system/library/cache.php(0)
VQModObject::applyMod - SEARCH NOT FOUND (SKIPPED): if (is_file(DIR_SYSTEM . 'library/journal3/vendor/SuperCache

----------------------------------------------------------------------


---------- Date: 2026-03-31 04:29:34 ~ IP : 185.179.188.62 ----------
REQUEST URI : /podmotka-spidometra-largus-new/
MOD DETAILS:
   modFile   : /home/canmotalka/web/can-motalka.ru/public_html/vqmod/xml/lightning.xml
   id        : OpenCart Lightning
   version   : 3.37
   vqmver    : 
   author    : MaxD http://devs.mx

File Name    : system/library/cache.php(0)
VQModObject::applyMod - SEARCH NOT FOUND (SKIPPED): if (is_file(DIR_SYSTEM . 'library/journal3/vendor/SuperCache

----------------------------------------------------------------------


---------- Date: 2026-03-31 04:30:17 ~ IP : 185.179.188.62 ----------
REQUEST URI : /podmotka-krutilka-spidometra-gazel-biznes-benzin-evotec-ili-cummins/
MOD DETAILS:
   modFile   : /home/canmotalka/web/can-motalka.ru/public_html/vqmod/xml/lightning.xml
   id        : OpenCart Lightning
   version   : 3.37
   vqmver    : 
   author    : MaxD http://devs.mx

File Name    : system/library/cache.php(0)
VQModObject::applyMod - SEARCH NOT FOUND (SKIPPED): if (is_file(DIR_SYSTEM . 'library/journal3/vendor/SuperCache

----------------------------------------------------------------------


---------- Date: 2026-03-31 04:30:46 ~ IP : 185.179.188.62 ----------
REQUEST URI : /podmotka-spidometra-hyundai-genesis-g80/
MOD DETAILS:
   modFile   : /home/canmotalka/web/can-motalka.ru/public_html/vqmod/xml/lightning.xml
   id        : OpenCart Lightning
   version   : 3.37
   vqmver    : 
   author    : MaxD http://devs.mx

File Name    : system/library/cache.php(0)
VQModObject::applyMod - SEARCH NOT FOUND (SKIPPED): if (is_file(DIR_SYSTEM . 'library/journal3/vendor/SuperCache

----------------------------------------------------------------------


---------- Date: 2026-03-31 04:33:23 ~ IP : 185.179.188.62 ----------
REQUEST URI : /podmotka-spidometra-lada-priora/
MOD DETAILS:
   modFile   : /home/canmotalka/web/can-motalka.ru/public_html/vqmod/xml/lightning.xml
   id        : OpenCart Lightning
   version   : 3.37
   vqmver    : 
   author    : MaxD http://devs.mx

File Name    : system/library/cache.php(0)
VQModObject::applyMod - SEARCH NOT FOUND (SKIPPED): if (is_file(DIR_SYSTEM . 'library/journal3/vendor/SuperCache

----------------------------------------------------------------------


---------- Date: 2026-03-31 04:33:40 ~ IP : 185.179.188.62 ----------
REQUEST URI : /podmotka-spidometra-henday-sonata-za-3000r/
MOD DETAILS:
   modFile   : /home/canmotalka/web/can-motalka.ru/public_html/vqmod/xml/lightning.xml
   id        : OpenCart Lightning
   version   : 3.37
   vqmver    : 
   author    : MaxD http://devs.mx

File Name    : system/library/cache.php(0)
VQModObject::applyMod - SEARCH NOT FOUND (SKIPPED): if (is_file(DIR_SYSTEM . 'library/journal3/vendor/SuperCache

----------------------------------------------------------------------


---------- Date: 2026-03-31 04:33:49 ~ IP : 185.179.188.62 ----------
REQUEST URI : /podmotka-spidometra-kia-optima-bezlimitnaya/
MOD DETAILS:
   modFile   : /home/canmotalka/web/can-motalka.ru/public_html/vqmod/xml/lightning.xml
   id        : OpenCart Lightning
   version   : 3.37
   vqmver    : 
   author    : MaxD http://devs.mx

File Name    : system/library/cache.php(0)
VQModObject::applyMod - SEARCH NOT FOUND (SKIPPED): if (is_file(DIR_SYSTEM . 'library/journal3/vendor/SuperCache

----------------------------------------------------------------------


---------- Date: 2026-03-31 04:36:39 ~ IP : 185.179.188.62 ----------
REQUEST URI : /podmotka-spidometra-gazel-nekst/
MOD DETAILS:
   modFile   : /home/canmotalka/web/can-motalka.ru/public_html/vqmod/xml/lightning.xml
   id        : OpenCart Lightning
   version   : 3.37
   vqmver    : 
   author    : MaxD http://devs.mx

File Name    : system/library/cache.php(0)
VQModObject::applyMod - SEARCH NOT FOUND (SKIPPED): if (is_file(DIR_SYSTEM . 'library/journal3/vendor/SuperCache

----------------------------------------------------------------------


---------- Date: 2026-03-31 04:39:10 ~ IP : 185.179.188.62 ----------
REQUEST URI : /podmotka-spidometra-haval-jolion/
MOD DETAILS:
   modFile   : /home/canmotalka/web/can-motalka.ru/public_html/vqmod/xml/lightning.xml
   id        : OpenCart Lightning
   version   : 3.37
   vqmver    : 
   author    : MaxD http://devs.mx

File Name    : system/library/cache.php(0)
VQModObject::applyMod - SEARCH NOT FOUND (SKIPPED): if (is_file(DIR_SYSTEM . 'library/journal3/vendor/SuperCache

----------------------------------------------------------------------


---------- Date: 2026-03-31 04:41:13 ~ IP : 185.179.188.62 ----------
REQUEST URI : /podmotka-spidometra-gazon-nekst/
MOD DETAILS:
   modFile   : /home/canmotalka/web/can-motalka.ru/public_html/vqmod/xml/lightning.xml
   id        : OpenCart Lightning
   version   : 3.37
   vqmver    : 
   author    : MaxD http://devs.mx

File Name    : system/library/cache.php(0)
VQModObject::applyMod - SEARCH NOT FOUND (SKIPPED): if (is_file(DIR_SYSTEM . 'library/journal3/vendor/SuperCache

----------------------------------------------------------------------


---------- Date: 2026-03-31 04:41:48 ~ IP : 185.179.188.62 ----------
REQUEST URI : /podmotka-spidometra-henday-palisade/
MOD DETAILS:
   modFile   : /home/canmotalka/web/can-motalka.ru/public_html/vqmod/xml/lightning.xml
   id        : OpenCart Lightning
   version   : 3.37
   vqmver    : 
   author    : MaxD http://devs.mx

File Name    : system/library/cache.php(0)
VQModObject::applyMod - SEARCH NOT FOUND (SKIPPED): if (is_file(DIR_SYSTEM . 'library/journal3/vendor/SuperCache

----------------------------------------------------------------------


---------- Date: 2026-03-31 04:41:50 ~ IP : 185.179.188.62 ----------
REQUEST URI : /podmotka-spidometra-haval-h9/
MOD DETAILS:
   modFile   : /home/canmotalka/web/can-motalka.ru/public_html/vqmod/xml/lightning.xml
   id        : OpenCart Lightning
   version   : 3.37
   vqmver    : 
   author    : MaxD http://devs.mx

File Name    : system/library/cache.php(0)
VQModObject::applyMod - SEARCH NOT FOUND (SKIPPED): if (is_file(DIR_SYSTEM . 'library/journal3/vendor/SuperCache

----------------------------------------------------------------------


---------- Date: 2026-03-31 04:44:44 ~ IP : 185.179.188.62 ----------
REQUEST URI : /namotchik-probega-dlya-audi-q5/
MOD DETAILS:
   modFile   : /home/canmotalka/web/can-motalka.ru/public_html/vqmod/xml/lightning.xml
   id        : OpenCart Lightning
   version   : 3.37
   vqmver    : 
   author    : MaxD http://devs.mx

File Name    : system/library/cache.php(0)
VQModObject::applyMod - SEARCH NOT FOUND (SKIPPED): if (is_file(DIR_SYSTEM . 'library/journal3/vendor/SuperCache

----------------------------------------------------------------------


---------- Date: 2026-03-31 04:45:41 ~ IP : 185.179.188.62 ----------
REQUEST URI : /podmotka-spidometra-lada-granta-fl/
MOD DETAILS:
   modFile   : /home/canmotalka/web/can-motalka.ru/public_html/vqmod/xml/lightning.xml
   id        : OpenCart Lightning
   version   : 3.37
   vqmver    : 
   author    : MaxD http://devs.mx

File Name    : system/library/cache.php(0)
VQModObject::applyMod - SEARCH NOT FOUND (SKIPPED): if (is_file(DIR_SYSTEM . 'library/journal3/vendor/SuperCache

----------------------------------------------------------------------


---------- Date: 2026-03-31 04:48:02 ~ IP : 185.179.188.62 ----------
REQUEST URI : /patriot_re/
MOD DETAILS:
   modFile   : /home/canmotalka/web/can-motalka.ru/public_html/vqmod/xml/lightning.xml
   id        : OpenCart Lightning
   version   : 3.37
   vqmver    : 
   author    : MaxD http://devs.mx

File Name    : system/library/cache.php(0)
VQModObject::applyMod - SEARCH NOT FOUND (SKIPPED): if (is_file(DIR_SYSTEM . 'library/journal3/vendor/SuperCache

----------------------------------------------------------------------


---------- Date: 2026-03-31 04:49:33 ~ IP : 185.179.188.62 ----------
REQUEST URI : /podmotka-spidometra-uaz-patriot/
MOD DETAILS:
   modFile   : /home/canmotalka/web/can-motalka.ru/public_html/vqmod/xml/lightning.xml
   id        : OpenCart Lightning
   version   : 3.37
   vqmver    : 
   author    : MaxD http://devs.mx

File Name    : system/library/cache.php(0)
VQModObject::applyMod - SEARCH NOT FOUND (SKIPPED): if (is_file(DIR_SYSTEM . 'library/journal3/vendor/SuperCache

----------------------------------------------------------------------


---------- Date: 2026-03-31 04:50:49 ~ IP : 185.179.188.62 ----------
REQUEST URI : /podmotka-spidometra-renault-kangoo/
MOD DETAILS:
   modFile   : /home/canmotalka/web/can-motalka.ru/public_html/vqmod/xml/lightning.xml
   id        : OpenCart Lightning
   version   : 3.37
   vqmver    : 
   author    : MaxD http://devs.mx

File Name    : system/library/cache.php(0)
VQModObject::applyMod - SEARCH NOT FOUND (SKIPPED): if (is_file(DIR_SYSTEM . 'library/journal3/vendor/SuperCache

----------------------------------------------------------------------


---------- Date: 2026-03-31 04:52:59 ~ IP : 185.179.188.62 ----------
REQUEST URI : /namotchik-probega-dlya-uaz-patriot-konec-do-2016-zelenyy-displey/
MOD DETAILS:
   modFile   : /home/canmotalka/web/can-motalka.ru/public_html/vqmod/xml/lightning.xml
   id        : OpenCart Lightning
   version   : 3.37
   vqmver    : 
   author    : MaxD http://devs.mx

File Name    : system/library/cache.php(0)
VQModObject::applyMod - SEARCH NOT FOUND (SKIPPED): if (is_file(DIR_SYSTEM . 'library/journal3/vendor/SuperCache

----------------------------------------------------------------------


---------- Date: 2026-03-31 04:53:41 ~ IP : 185.179.188.62 ----------
REQUEST URI : /podmotka-spidometra-uaz-profi/
MOD DETAILS:
   modFile   : /home/canmotalka/web/can-motalka.ru/public_html/vqmod/xml/lightning.xml
   id        : OpenCart Lightning
   version   : 3.37
   vqmver    : 
   author    : MaxD http://devs.mx

File Name    : system/library/cache.php(0)
VQModObject::applyMod - SEARCH NOT FOUND (SKIPPED): if (is_file(DIR_SYSTEM . 'library/journal3/vendor/SuperCache

----------------------------------------------------------------------


---------- Date: 2026-03-31 04:53:43 ~ IP : 185.179.188.62 ----------
REQUEST URI : /index.php?route=product/product/review&amp;product_id=279
MOD DETAILS:
   modFile   : /home/canmotalka/web/can-motalka.ru/public_html/vqmod/xml/lightning.xml
   id        : OpenCart Lightning
   version   : 3.37
   vqmver    : 
   author    : MaxD http://devs.mx

File Name    : system/library/cache.php(0)
VQModObject::applyMod - SEARCH NOT FOUND (SKIPPED): if (is_file(DIR_SYSTEM . 'library/journal3/vendor/SuperCache

----------------------------------------------------------------------


---------- Date: 2026-03-31 04:53:44 ~ IP : 185.179.188.62 ----------
REQUEST URI : /index.php?route=module/popupcart_extended
MOD DETAILS:
   modFile   : /home/canmotalka/web/can-motalka.ru/public_html/vqmod/xml/lightning.xml
   id        : OpenCart Lightning
   version   : 3.37
   vqmver    : 
   author    : MaxD http://devs.mx

File Name    : system/library/cache.php(0)
VQModObject::applyMod - SEARCH NOT FOUND (SKIPPED): if (is_file(DIR_SYSTEM . 'library/journal3/vendor/SuperCache

----------------------------------------------------------------------


---------- Date: 2026-03-31 04:53:46 ~ IP : 185.179.188.62 ----------
REQUEST URI : /.well-known/traffic-advice
MOD DETAILS:
   modFile   : /home/canmotalka/web/can-motalka.ru/public_html/vqmod/xml/lightning.xml
   id        : OpenCart Lightning
   version   : 3.37
   vqmver    : 
   author    : MaxD http://devs.mx

File Name    : system/library/cache.php(0)
VQModObject::applyMod - SEARCH NOT FOUND (SKIPPED): if (is_file(DIR_SYSTEM . 'library/journal3/vendor/SuperCache

----------------------------------------------------------------------


---------- Date: 2026-03-31 04:53:47 ~ IP : 185.179.188.62 ----------
REQUEST URI : /instrukciya-podmotka-niva-travel-chevrolet/
MOD DETAILS:
   modFile   : /home/canmotalka/web/can-motalka.ru/public_html/vqmod/xml/lightning.xml
   id        : OpenCart Lightning
   version   : 3.37
   vqmver    : 
   author    : MaxD http://devs.mx

File Name    : system/library/cache.php(0)
VQModObject::applyMod - SEARCH NOT FOUND (SKIPPED): if (is_file(DIR_SYSTEM . 'library/journal3/vendor/SuperCache

----------------------------------------------------------------------


---------- Date: 2026-03-31 04:54:29 ~ IP : 185.179.188.62 ----------
REQUEST URI : /podmotka-spidometra-largus/
MOD DETAILS:
   modFile   : /home/canmotalka/web/can-motalka.ru/public_html/vqmod/xml/lightning.xml
   id        : OpenCart Lightning
   version   : 3.37
   vqmver    : 
   author    : MaxD http://devs.mx

File Name    : system/library/cache.php(0)
VQModObject::applyMod - SEARCH NOT FOUND (SKIPPED): if (is_file(DIR_SYSTEM . 'library/journal3/vendor/SuperCache

----------------------------------------------------------------------


---------- Date: 2026-03-31 04:54:52 ~ IP : 185.179.188.62 ----------
REQUEST URI : /podmotka-spidometra-citroen-jumper/
MOD DETAILS:
   modFile   : /home/canmotalka/web/can-motalka.ru/public_html/vqmod/xml/lightning.xml
   id        : OpenCart Lightning
   version   : 3.37
   vqmver    : 
   author    : MaxD http://devs.mx

File Name    : system/library/cache.php(0)
VQModObject::applyMod - SEARCH NOT FOUND (SKIPPED): if (is_file(DIR_SYSTEM . 'library/journal3/vendor/SuperCache

----------------------------------------------------------------------


---------- Date: 2026-03-31 04:57:15 ~ IP : 185.179.188.62 ----------
REQUEST URI : /podmotka-spidometra-vesta-ng-np/
MOD DETAILS:
   modFile   : /home/canmotalka/web/can-motalka.ru/public_html/vqmod/xml/lightning.xml
   id        : OpenCart Lightning
   version   : 3.37
   vqmver    : 
   author    : MaxD http://devs.mx

File Name    : system/library/cache.php(0)
VQModObject::applyMod - SEARCH NOT FOUND (SKIPPED): if (is_file(DIR_SYSTEM . 'library/journal3/vendor/SuperCache

----------------------------------------------------------------------


---------- Date: 2026-03-31 04:58:39 ~ IP : 185.179.188.62 ----------
REQUEST URI : /podmotka-spidometra-kia-sorento/
MOD DETAILS:
   modFile   : /home/canmotalka/web/can-motalka.ru/public_html/vqmod/xml/lightning.xml
   id        : OpenCart Lightning
   version   : 3.37
   vqmver    : 
   author    : MaxD http://devs.mx

File Name    : system/library/cache.php(0)
VQModObject::applyMod - SEARCH NOT FOUND (SKIPPED): if (is_file(DIR_SYSTEM . 'library/journal3/vendor/SuperCache

----------------------------------------------------------------------


---------- Date: 2026-03-31 05:06:10 ~ IP : 185.179.188.62 ----------
REQUEST URI : /niva_abs_re/?ysclid=mndz6rzsrb751936008
MOD DETAILS:
   modFile   : /home/canmotalka/web/can-motalka.ru/public_html/vqmod/xml/lightning.xml
   id        : OpenCart Lightning
   version   : 3.37
   vqmver    : 
   author    : MaxD http://devs.mx

File Name    : system/library/cache.php(0)
VQModObject::applyMod - SEARCH NOT FOUND (SKIPPED): if (is_file(DIR_SYSTEM . 'library/journal3/vendor/SuperCache

----------------------------------------------------------------------


---------- Date: 2026-03-31 05:06:10 ~ IP : 185.179.188.62 ----------
REQUEST URI : /niva_abs_re/
MOD DETAILS:
   modFile   : /home/canmotalka/web/can-motalka.ru/public_html/vqmod/xml/lightning.xml
   id        : OpenCart Lightning
   version   : 3.37
   vqmver    : 
   author    : MaxD http://devs.mx

File Name    : system/library/cache.php(0)
VQModObject::applyMod - SEARCH NOT FOUND (SKIPPED): if (is_file(DIR_SYSTEM . 'library/journal3/vendor/SuperCache

----------------------------------------------------------------------


---------- Date: 2026-03-31 05:06:13 ~ IP : 185.179.188.62 ----------
REQUEST URI : /index.php?route=module/popupcart_extended
MOD DETAILS:
   modFile   : /home/canmotalka/web/can-motalka.ru/public_html/vqmod/xml/lightning.xml
   id        : OpenCart Lightning
   version   : 3.37
   vqmver    : 
   author    : MaxD http://devs.mx

File Name    : system/library/cache.php(0)
VQModObject::applyMod - SEARCH NOT FOUND (SKIPPED): if (is_file(DIR_SYSTEM . 'library/journal3/vendor/SuperCache

----------------------------------------------------------------------


---------- Date: 2026-03-31 05:08:11 ~ IP : 185.179.188.62 ----------
REQUEST URI : /niva_abs_re/?ysclid=mndz9enk9o736308454
MOD DETAILS:
   modFile   : /home/canmotalka/web/can-motalka.ru/public_html/vqmod/xml/lightning.xml
   id        : OpenCart Lightning
   version   : 3.37
   vqmver    : 
   author    : MaxD http://devs.mx

File Name    : system/library/cache.php(0)
VQModObject::applyMod - SEARCH NOT FOUND (SKIPPED): if (is_file(DIR_SYSTEM . 'library/journal3/vendor/SuperCache

----------------------------------------------------------------------


---------- Date: 2026-03-31 05:09:55 ~ IP : 185.179.188.62 ----------
REQUEST URI : /motalka_spidometra_re/
MOD DETAILS:
   modFile   : /home/canmotalka/web/can-motalka.ru/public_html/vqmod/xml/lightning.xml
   id        : OpenCart Lightning
   version   : 3.37
   vqmver    : 
   author    : MaxD http://devs.mx

File Name    : system/library/cache.php(0)
VQModObject::applyMod - SEARCH NOT FOUND (SKIPPED): if (is_file(DIR_SYSTEM . 'library/journal3/vendor/SuperCache

----------------------------------------------------------------------


---------- Date: 2026-03-31 05:09:57 ~ IP : 185.179.188.62 ----------
REQUEST URI : /kak-rabotaet-podmotka-spidometra/
MOD DETAILS:
   modFile   : /home/canmotalka/web/can-motalka.ru/public_html/vqmod/xml/lightning.xml
   id        : OpenCart Lightning
   version   : 3.37
   vqmver    : 
   author    : MaxD http://devs.mx

File Name    : system/library/cache.php(0)
VQModObject::applyMod - SEARCH NOT FOUND (SKIPPED): if (is_file(DIR_SYSTEM . 'library/journal3/vendor/SuperCache

----------------------------------------------------------------------


---------- Date: 2026-03-31 05:10:23 ~ IP : 185.179.188.62 ----------
REQUEST URI : /granta_video_manual/
MOD DETAILS:
   modFile   : /home/canmotalka/web/can-motalka.ru/public_html/vqmod/xml/lightning.xml
   id        : OpenCart Lightning
   version   : 3.37
   vqmver    : 
   author    : MaxD http://devs.mx

File Name    : system/library/cache.php(0)
VQModObject::applyMod - SEARCH NOT FOUND (SKIPPED): if (is_file(DIR_SYSTEM . 'library/journal3/vendor/SuperCache

----------------------------------------------------------------------


---------- Date: 2026-03-31 05:11:57 ~ IP : 185.179.188.62 ----------
REQUEST URI : /granta_video_manual/
MOD DETAILS:
   modFile   : /home/canmotalka/web/can-motalka.ru/public_html/vqmod/xml/lightning.xml
   id        : OpenCart Lightning
   version   : 3.37
   vqmver    : 
   author    : MaxD http://devs.mx

File Name    : system/library/cache.php(0)
VQModObject::applyMod - SEARCH NOT FOUND (SKIPPED): if (is_file(DIR_SYSTEM . 'library/journal3/vendor/SuperCache

----------------------------------------------------------------------


---------- Date: 2026-03-31 05:11:59 ~ IP : 185.179.188.62 ----------
REQUEST URI : /index.php?route=module/popupcart_extended
MOD DETAILS:
   modFile   : /home/canmotalka/web/can-motalka.ru/public_html/vqmod/xml/lightning.xml
   id        : OpenCart Lightning
   version   : 3.37
   vqmver    : 
   author    : MaxD http://devs.mx

File Name    : system/library/cache.php(0)
VQModObject::applyMod - SEARCH NOT FOUND (SKIPPED): if (is_file(DIR_SYSTEM . 'library/journal3/vendor/SuperCache

----------------------------------------------------------------------


---------- Date: 2026-03-31 05:16:22 ~ IP : 185.179.188.62 ----------
REQUEST URI : /instrukciya-dlya-podmotki-lada-niva/?ysclid=mndzjxjrhs616962796
MOD DETAILS:
   modFile   : /home/canmotalka/web/can-motalka.ru/public_html/vqmod/xml/lightning.xml
   id        : OpenCart Lightning
   version   : 3.37
   vqmver    : 
   author    : MaxD http://devs.mx

File Name    : system/library/cache.php(0)
VQModObject::applyMod - SEARCH NOT FOUND (SKIPPED): if (is_file(DIR_SYSTEM . 'library/journal3/vendor/SuperCache

----------------------------------------------------------------------


---------- Date: 2026-03-31 05:16:22 ~ IP : 185.179.188.62 ----------
REQUEST URI : /instrukciya-dlya-podmotki-lada-niva/
MOD DETAILS:
   modFile   : /home/canmotalka/web/can-motalka.ru/public_html/vqmod/xml/lightning.xml
   id        : OpenCart Lightning
   version   : 3.37
   vqmver    : 
   author    : MaxD http://devs.mx

File Name    : system/library/cache.php(0)
VQModObject::applyMod - SEARCH NOT FOUND (SKIPPED): if (is_file(DIR_SYSTEM . 'library/journal3/vendor/SuperCache

----------------------------------------------------------------------


---------- Date: 2026-03-31 05:17:36 ~ IP : 185.179.188.62 ----------
REQUEST URI : /instrukciya-lada-granta-2021/?ysclid=mndzlj94el970885029
MOD DETAILS:
   modFile   : /home/canmotalka/web/can-motalka.ru/public_html/vqmod/xml/lightning.xml
   id        : OpenCart Lightning
   version   : 3.37
   vqmver    : 
   author    : MaxD http://devs.mx

File Name    : system/library/cache.php(0)
VQModObject::applyMod - SEARCH NOT FOUND (SKIPPED): if (is_file(DIR_SYSTEM . 'library/journal3/vendor/SuperCache

----------------------------------------------------------------------


---------- Date: 2026-03-31 05:17:37 ~ IP : 185.179.188.62 ----------
REQUEST URI : /instrukciya-lada-granta-2021/
MOD DETAILS:
   modFile   : /home/canmotalka/web/can-motalka.ru/public_html/vqmod/xml/lightning.xml
   id        : OpenCart Lightning
   version   : 3.37
   vqmver    : 
   author    : MaxD http://devs.mx

File Name    : system/library/cache.php(0)
VQModObject::applyMod - SEARCH NOT FOUND (SKIPPED): if (is_file(DIR_SYSTEM . 'library/journal3/vendor/SuperCache

----------------------------------------------------------------------


---------- Date: 2026-03-31 05:17:39 ~ IP : 185.179.188.62 ----------
REQUEST URI : /index.php?route=module/popupcart_extended
MOD DETAILS:
   modFile   : /home/canmotalka/web/can-motalka.ru/public_html/vqmod/xml/lightning.xml
   id        : OpenCart Lightning
   version   : 3.37
   vqmver    : 
   author    : MaxD http://devs.mx

File Name    : system/library/cache.php(0)
VQModObject::applyMod - SEARCH NOT FOUND (SKIPPED): if (is_file(DIR_SYSTEM . 'library/journal3/vendor/SuperCache

----------------------------------------------------------------------


---------- Date: 2026-03-31 05:21:38 ~ IP : 185.179.188.62 ----------
REQUEST URI : /setting_php/kamagra-100/669-tadalafil-20-dostavka-krasnoyarsk/
MOD DETAILS:
   modFile   : /home/canmotalka/web/can-motalka.ru/public_html/vqmod/xml/lightning.xml
   id        : OpenCart Lightning
   version   : 3.37
   vqmver    : 
   author    : MaxD http://devs.mx

File Name    : system/library/cache.php(0)
VQModObject::applyMod - SEARCH NOT FOUND (SKIPPED): if (is_file(DIR_SYSTEM . 'library/journal3/vendor/SuperCache

----------------------------------------------------------------------


---------- Date: 2026-03-31 05:25:20 ~ IP : 185.179.188.62 ----------
REQUEST URI : /podmotka-spidometra-citroen-jumpy/
MOD DETAILS:
   modFile   : /home/canmotalka/web/can-motalka.ru/public_html/vqmod/xml/lightning.xml
   id        : OpenCart Lightning
   version   : 3.37
   vqmver    : 
   author    : MaxD http://devs.mx

File Name    : system/library/cache.php(0)
VQModObject::applyMod - SEARCH NOT FOUND (SKIPPED): if (is_file(DIR_SYSTEM . 'library/journal3/vendor/SuperCache

----------------------------------------------------------------------


---------- Date: 2026-03-31 05:35:13 ~ IP : 185.179.188.62 ----------
REQUEST URI : //wp-includes/wlwmanifest.xml
MOD DETAILS:
   modFile   : /home/canmotalka/web/can-motalka.ru/public_html/vqmod/xml/lightning.xml
   id        : OpenCart Lightning
   version   : 3.37
   vqmver    : 
   author    : MaxD http://devs.mx

File Name    : system/library/cache.php(0)
VQModObject::applyMod - SEARCH NOT FOUND (SKIPPED): if (is_file(DIR_SYSTEM . 'library/journal3/vendor/SuperCache

----------------------------------------------------------------------


---------- Date: 2026-03-31 05:35:13 ~ IP : 185.179.188.62 ----------
REQUEST URI : //xmlrpc.php?rsd
MOD DETAILS:
   modFile   : /home/canmotalka/web/can-motalka.ru/public_html/vqmod/xml/lightning.xml
   id        : OpenCart Lightning
   version   : 3.37
   vqmver    : 
   author    : MaxD http://devs.mx

File Name    : system/library/cache.php(0)
VQModObject::applyMod - SEARCH NOT FOUND (SKIPPED): if (is_file(DIR_SYSTEM . 'library/journal3/vendor/SuperCache

----------------------------------------------------------------------


---------- Date: 2026-03-31 05:35:14 ~ IP : 185.179.188.62 ----------
REQUEST URI : //blog/wp-includes/wlwmanifest.xml
MOD DETAILS:
   modFile   : /home/canmotalka/web/can-motalka.ru/public_html/vqmod/xml/lightning.xml
   id        : OpenCart Lightning
   version   : 3.37
   vqmver    : 
   author    : MaxD http://devs.mx

File Name    : system/library/cache.php(0)
VQModObject::applyMod - SEARCH NOT FOUND (SKIPPED): if (is_file(DIR_SYSTEM . 'library/journal3/vendor/SuperCache

----------------------------------------------------------------------


---------- Date: 2026-03-31 05:35:15 ~ IP : 185.179.188.62 ----------
REQUEST URI : //web/wp-includes/wlwmanifest.xml
MOD DETAILS:
   modFile   : /home/canmotalka/web/can-motalka.ru/public_html/vqmod/xml/lightning.xml
   id        : OpenCart Lightning
   version   : 3.37
   vqmver    : 
   author    : MaxD http://devs.mx

File Name    : system/library/cache.php(0)
VQModObject::applyMod - SEARCH NOT FOUND (SKIPPED): if (is_file(DIR_SYSTEM . 'library/journal3/vendor/SuperCache

----------------------------------------------------------------------


---------- Date: 2026-03-31 05:35:15 ~ IP : 185.179.188.62 ----------
REQUEST URI : //wordpress/wp-includes/wlwmanifest.xml
MOD DETAILS:
   modFile   : /home/canmotalka/web/can-motalka.ru/public_html/vqmod/xml/lightning.xml
   id        : OpenCart Lightning
   version   : 3.37
   vqmver    : 
   author    : MaxD http://devs.mx

File Name    : system/library/cache.php(0)
VQModObject::applyMod - SEARCH NOT FOUND (SKIPPED): if (is_file(DIR_SYSTEM . 'library/journal3/vendor/SuperCache

----------------------------------------------------------------------


---------- Date: 2026-03-31 05:35:15 ~ IP : 185.179.188.62 ----------
REQUEST URI : /xmlrpc.php
MOD DETAILS:
   modFile   : /home/canmotalka/web/can-motalka.ru/public_html/vqmod/xml/lightning.xml
   id        : OpenCart Lightning
   version   : 3.37
   vqmver    : 
   author    : MaxD http://devs.mx

File Name    : system/library/cache.php(0)
VQModObject::applyMod - SEARCH NOT FOUND (SKIPPED): if (is_file(DIR_SYSTEM . 'library/journal3/vendor/SuperCache

----------------------------------------------------------------------


---------- Date: 2026-03-31 05:35:15 ~ IP : 185.179.188.62 ----------
REQUEST URI : //website/wp-includes/wlwmanifest.xml
MOD DETAILS:
   modFile   : /home/canmotalka/web/can-motalka.ru/public_html/vqmod/xml/lightning.xml
   id        : OpenCart Lightning
   version   : 3.37
   vqmver    : 
   author    : MaxD http://devs.mx

File Name    : system/library/cache.php(0)
VQModObject::applyMod - SEARCH NOT FOUND (SKIPPED): if (is_file(DIR_SYSTEM . 'library/journal3/vendor/SuperCache

----------------------------------------------------------------------


---------- Date: 2026-03-31 05:35:16 ~ IP : 185.179.188.62 ----------
REQUEST URI : //wp/wp-includes/wlwmanifest.xml
MOD DETAILS:
   modFile   : /home/canmotalka/web/can-motalka.ru/public_html/vqmod/xml/lightning.xml
   id        : OpenCart Lightning
   version   : 3.37
   vqmver    : 
   author    : MaxD http://devs.mx

File Name    : system/library/cache.php(0)
VQModObject::applyMod - SEARCH NOT FOUND (SKIPPED): if (is_file(DIR_SYSTEM . 'library/journal3/vendor/SuperCache

----------------------------------------------------------------------


---------- Date: 2026-03-31 05:35:16 ~ IP : 185.179.188.62 ----------
REQUEST URI : //news/wp-includes/wlwmanifest.xml
MOD DETAILS:
   modFile   : /home/canmotalka/web/can-motalka.ru/public_html/vqmod/xml/lightning.xml
   id        : OpenCart Lightning
   version   : 3.37
   vqmver    : 
   author    : MaxD http://devs.mx

File Name    : system/library/cache.php(0)
VQModObject::applyMod - SEARCH NOT FOUND (SKIPPED): if (is_file(DIR_SYSTEM . 'library/journal3/vendor/SuperCache

----------------------------------------------------------------------


---------- Date: 2026-03-31 05:35:16 ~ IP : 185.179.188.62 ----------
REQUEST URI : //2018/wp-includes/wlwmanifest.xml
MOD DETAILS:
   modFile   : /home/canmotalka/web/can-motalka.ru/public_html/vqmod/xml/lightning.xml
   id        : OpenCart Lightning
   version   : 3.37
   vqmver    : 
   author    : MaxD http://devs.mx

File Name    : system/library/cache.php(0)
VQModObject::applyMod - SEARCH NOT FOUND (SKIPPED): if (is_file(DIR_SYSTEM . 'library/journal3/vendor/SuperCache

----------------------------------------------------------------------


---------- Date: 2026-03-31 05:35:17 ~ IP : 185.179.188.62 ----------
REQUEST URI : //2019/wp-includes/wlwmanifest.xml
MOD DETAILS:
   modFile   : /home/canmotalka/web/can-motalka.ru/public_html/vqmod/xml/lightning.xml
   id        : OpenCart Lightning
   version   : 3.37
   vqmver    : 
   author    : MaxD http://devs.mx

File Name    : system/library/cache.php(0)
VQModObject::applyMod - SEARCH NOT FOUND (SKIPPED): if (is_file(DIR_SYSTEM . 'library/journal3/vendor/SuperCache

----------------------------------------------------------------------


---------- Date: 2026-03-31 05:35:17 ~ IP : 185.179.188.62 ----------
REQUEST URI : //shop/wp-includes/wlwmanifest.xml
MOD DETAILS:
   modFile   : /home/canmotalka/web/can-motalka.ru/public_html/vqmod/xml/lightning.xml
   id        : OpenCart Lightning
   version   : 3.37
   vqmver    : 
   author    : MaxD http://devs.mx

File Name    : system/library/cache.php(0)
VQModObject::applyMod - SEARCH NOT FOUND (SKIPPED): if (is_file(DIR_SYSTEM . 'library/journal3/vendor/SuperCache

----------------------------------------------------------------------


---------- Date: 2026-03-31 05:35:17 ~ IP : 185.179.188.62 ----------
REQUEST URI : //wp1/wp-includes/wlwmanifest.xml
MOD DETAILS:
   modFile   : /home/canmotalka/web/can-motalka.ru/public_html/vqmod/xml/lightning.xml
   id        : OpenCart Lightning
   version   : 3.37
   vqmver    : 
   author    : MaxD http://devs.mx

File Name    : system/library/cache.php(0)
VQModObject::applyMod - SEARCH NOT FOUND (SKIPPED): if (is_file(DIR_SYSTEM . 'library/journal3/vendor/SuperCache

----------------------------------------------------------------------


---------- Date: 2026-03-31 05:35:18 ~ IP : 185.179.188.62 ----------
REQUEST URI : //test/wp-includes/wlwmanifest.xml
MOD DETAILS:
   modFile   : /home/canmotalka/web/can-motalka.ru/public_html/vqmod/xml/lightning.xml
   id        : OpenCart Lightning
   version   : 3.37
   vqmver    : 
   author    : MaxD http://devs.mx

File Name    : system/library/cache.php(0)
VQModObject::applyMod - SEARCH NOT FOUND (SKIPPED): if (is_file(DIR_SYSTEM . 'library/journal3/vendor/SuperCache

----------------------------------------------------------------------


---------- Date: 2026-03-31 05:35:18 ~ IP : 185.179.188.62 ----------
REQUEST URI : //media/wp-includes/wlwmanifest.xml
MOD DETAILS:
   modFile   : /home/canmotalka/web/can-motalka.ru/public_html/vqmod/xml/lightning.xml
   id        : OpenCart Lightning
   version   : 3.37
   vqmver    : 
   author    : MaxD http://devs.mx

File Name    : system/library/cache.php(0)
VQModObject::applyMod - SEARCH NOT FOUND (SKIPPED): if (is_file(DIR_SYSTEM . 'library/journal3/vendor/SuperCache

----------------------------------------------------------------------


---------- Date: 2026-03-31 05:35:18 ~ IP : 185.179.188.62 ----------
REQUEST URI : //wp2/wp-includes/wlwmanifest.xml
MOD DETAILS:
   modFile   : /home/canmotalka/web/can-motalka.ru/public_html/vqmod/xml/lightning.xml
   id        : OpenCart Lightning
   version   : 3.37
   vqmver    : 
   author    : MaxD http://devs.mx

File Name    : system/library/cache.php(0)
VQModObject::applyMod - SEARCH NOT FOUND (SKIPPED): if (is_file(DIR_SYSTEM . 'library/journal3/vendor/SuperCache

----------------------------------------------------------------------


---------- Date: 2026-03-31 05:35:19 ~ IP : 185.179.188.62 ----------
REQUEST URI : //site/wp-includes/wlwmanifest.xml
MOD DETAILS:
   modFile   : /home/canmotalka/web/can-motalka.ru/public_html/vqmod/xml/lightning.xml
   id        : OpenCart Lightning
   version   : 3.37
   vqmver    : 
   author    : MaxD http://devs.mx

File Name    : system/library/cache.php(0)
VQModObject::applyMod - SEARCH NOT FOUND (SKIPPED): if (is_file(DIR_SYSTEM . 'library/journal3/vendor/SuperCache

----------------------------------------------------------------------


---------- Date: 2026-03-31 05:35:19 ~ IP : 185.179.188.62 ----------
REQUEST URI : //cms/wp-includes/wlwmanifest.xml
MOD DETAILS:
   modFile   : /home/canmotalka/web/can-motalka.ru/public_html/vqmod/xml/lightning.xml
   id        : OpenCart Lightning
   version   : 3.37
   vqmver    : 
   author    : MaxD http://devs.mx

File Name    : system/library/cache.php(0)
VQModObject::applyMod - SEARCH NOT FOUND (SKIPPED): if (is_file(DIR_SYSTEM . 'library/journal3/vendor/SuperCache

----------------------------------------------------------------------


---------- Date: 2026-03-31 05:35:19 ~ IP : 185.179.188.62 ----------
REQUEST URI : //sito/wp-includes/wlwmanifest.xml
MOD DETAILS:
   modFile   : /home/canmotalka/web/can-motalka.ru/public_html/vqmod/xml/lightning.xml
   id        : OpenCart Lightning
   version   : 3.37
   vqmver    : 
   author    : MaxD http://devs.mx

File Name    : system/library/cache.php(0)
VQModObject::applyMod - SEARCH NOT FOUND (SKIPPED): if (is_file(DIR_SYSTEM . 'library/journal3/vendor/SuperCache

----------------------------------------------------------------------


---------- Date: 2026-03-31 05:47:29 ~ IP : 185.179.188.62 ----------
REQUEST URI : /index.php?route=module/popupcart_extended
MOD DETAILS:
   modFile   : /home/canmotalka/web/can-motalka.ru/public_html/vqmod/xml/lightning.xml
   id        : OpenCart Lightning
   version   : 3.37
   vqmver    : 
   author    : MaxD http://devs.mx

File Name    : system/library/cache.php(0)
VQModObject::applyMod - SEARCH NOT FOUND (SKIPPED): if (is_file(DIR_SYSTEM . 'library/journal3/vendor/SuperCache

----------------------------------------------------------------------


---------- Date: 2026-03-31 05:59:19 ~ IP : 185.179.188.62 ----------
REQUEST URI : /.well-known/traffic-advice
MOD DETAILS:
   modFile   : /home/canmotalka/web/can-motalka.ru/public_html/vqmod/xml/lightning.xml
   id        : OpenCart Lightning
   version   : 3.37
   vqmver    : 
   author    : MaxD http://devs.mx

File Name    : system/library/cache.php(0)
VQModObject::applyMod - SEARCH NOT FOUND (SKIPPED): if (is_file(DIR_SYSTEM . 'library/journal3/vendor/SuperCache

----------------------------------------------------------------------


---------- Date: 2026-03-31 05:59:20 ~ IP : 185.179.188.62 ----------
REQUEST URI : /podmotka-spidometra-ford-mondeo-4/
MOD DETAILS:
   modFile   : /home/canmotalka/web/can-motalka.ru/public_html/vqmod/xml/lightning.xml
   id        : OpenCart Lightning
   version   : 3.37
   vqmver    : 
   author    : MaxD http://devs.mx

File Name    : system/library/cache.php(0)
VQModObject::applyMod - SEARCH NOT FOUND (SKIPPED): if (is_file(DIR_SYSTEM . 'library/journal3/vendor/SuperCache

----------------------------------------------------------------------


---------- Date: 2026-03-31 06:00:35 ~ IP : 185.179.188.62 ----------
REQUEST URI : /podmotka-spidometra-ford-mondeo-4/
MOD DETAILS:
   modFile   : /home/canmotalka/web/can-motalka.ru/public_html/vqmod/xml/lightning.xml
   id        : OpenCart Lightning
   version   : 3.37
   vqmver    : 
   author    : MaxD http://devs.mx

File Name    : system/library/cache.php(0)
VQModObject::applyMod - SEARCH NOT FOUND (SKIPPED): if (is_file(DIR_SYSTEM . 'library/journal3/vendor/SuperCache

----------------------------------------------------------------------


---------- Date: 2026-03-31 06:00:38 ~ IP : 185.179.188.62 ----------
REQUEST URI : /index.php?route=product/product/review&amp;product_id=55
MOD DETAILS:
   modFile   : /home/canmotalka/web/can-motalka.ru/public_html/vqmod/xml/lightning.xml
   id        : OpenCart Lightning
   version   : 3.37
   vqmver    : 
   author    : MaxD http://devs.mx

File Name    : system/library/cache.php(0)
VQModObject::applyMod - SEARCH NOT FOUND (SKIPPED): if (is_file(DIR_SYSTEM . 'library/journal3/vendor/SuperCache

----------------------------------------------------------------------


---------- Date: 2026-03-31 06:00:38 ~ IP : 185.179.188.62 ----------
REQUEST URI : /index.php?route=module/popupcart_extended
MOD DETAILS:
   modFile   : /home/canmotalka/web/can-motalka.ru/public_html/vqmod/xml/lightning.xml
   id        : OpenCart Lightning
   version   : 3.37
   vqmver    : 
   author    : MaxD http://devs.mx

File Name    : system/library/cache.php(0)
VQModObject::applyMod - SEARCH NOT FOUND (SKIPPED): if (is_file(DIR_SYSTEM . 'library/journal3/vendor/SuperCache

----------------------------------------------------------------------


---------- Date: 2026-03-31 06:03:23 ~ IP : 185.179.188.62 ----------
REQUEST URI : /podmotka-spidometra-gazel-nekst
MOD DETAILS:
   modFile   : /home/canmotalka/web/can-motalka.ru/public_html/vqmod/xml/lightning.xml
   id        : OpenCart Lightning
   version   : 3.37
   vqmver    : 
   author    : MaxD http://devs.mx

File Name    : system/library/cache.php(0)
VQModObject::applyMod - SEARCH NOT FOUND (SKIPPED): if (is_file(DIR_SYSTEM . 'library/journal3/vendor/SuperCache

----------------------------------------------------------------------


---------- Date: 2026-03-31 06:04:06 ~ IP : 185.179.188.62 ----------
REQUEST URI : /podmotka-spidometra-gazel-nekst
MOD DETAILS:
   modFile   : /home/canmotalka/web/can-motalka.ru/public_html/vqmod/xml/lightning.xml
   id        : OpenCart Lightning
   version   : 3.37
   vqmver    : 
   author    : MaxD http://devs.mx

File Name    : system/library/cache.php(0)
VQModObject::applyMod - SEARCH NOT FOUND (SKIPPED): if (is_file(DIR_SYSTEM . 'library/journal3/vendor/SuperCache

----------------------------------------------------------------------


---------- Date: 2026-03-31 06:06:15 ~ IP : 185.179.188.62 ----------
REQUEST URI : /podmotka-spidometra-hyndai-santa-fe-4/
MOD DETAILS:
   modFile   : /home/canmotalka/web/can-motalka.ru/public_html/vqmod/xml/lightning.xml
   id        : OpenCart Lightning
   version   : 3.37
   vqmver    : 
   author    : MaxD http://devs.mx

File Name    : system/library/cache.php(0)
VQModObject::applyMod - SEARCH NOT FOUND (SKIPPED): if (is_file(DIR_SYSTEM . 'library/journal3/vendor/SuperCache

----------------------------------------------------------------------


---------- Date: 2026-03-31 06:12:57 ~ IP : 185.179.188.62 ----------
REQUEST URI : /instrukciya-podmotka-kamaz/
MOD DETAILS:
   modFile   : /home/canmotalka/web/can-motalka.ru/public_html/vqmod/xml/lightning.xml
   id        : OpenCart Lightning
   version   : 3.37
   vqmver    : 
   author    : MaxD http://devs.mx

File Name    : system/library/cache.php(0)
VQModObject::applyMod - SEARCH NOT FOUND (SKIPPED): if (is_file(DIR_SYSTEM . 'library/journal3/vendor/SuperCache

----------------------------------------------------------------------


---------- Date: 2026-03-31 06:13:08 ~ IP : 185.179.188.62 ----------
REQUEST URI : /instrukciya-podmotka-kamaz/
MOD DETAILS:
   modFile   : /home/canmotalka/web/can-motalka.ru/public_html/vqmod/xml/lightning.xml
   id        : OpenCart Lightning
   version   : 3.37
   vqmver    : 
   author    : MaxD http://devs.mx

File Name    : system/library/cache.php(0)
VQModObject::applyMod - SEARCH NOT FOUND (SKIPPED): if (is_file(DIR_SYSTEM . 'library/journal3/vendor/SuperCache

----------------------------------------------------------------------


---------- Date: 2026-03-31 06:17:07 ~ IP : 185.179.188.62 ----------
REQUEST URI : /manual-podmotka-toyota-camry-corolla-tlc-rav4/
MOD DETAILS:
   modFile   : /home/canmotalka/web/can-motalka.ru/public_html/vqmod/xml/lightning.xml
   id        : OpenCart Lightning
   version   : 3.37
   vqmver    : 
   author    : MaxD http://devs.mx

File Name    : system/library/cache.php(0)
VQModObject::applyMod - SEARCH NOT FOUND (SKIPPED): if (is_file(DIR_SYSTEM . 'library/journal3/vendor/SuperCache

----------------------------------------------------------------------


---------- Date: 2026-03-31 06:20:01 ~ IP : 185.179.188.62 ----------
REQUEST URI : /manual-podmotka-toyota-camry-corolla-tlc-rav4/
MOD DETAILS:
   modFile   : /home/canmotalka/web/can-motalka.ru/public_html/vqmod/xml/lightning.xml
   id        : OpenCart Lightning
   version   : 3.37
   vqmver    : 
   author    : MaxD http://devs.mx

File Name    : system/library/cache.php(0)
VQModObject::applyMod - SEARCH NOT FOUND (SKIPPED): if (is_file(DIR_SYSTEM . 'library/journal3/vendor/SuperCache

----------------------------------------------------------------------


---------- Date: 2026-03-31 06:32:30 ~ IP : 185.179.188.62 ----------
REQUEST URI : /podmotka_spidometra/
MOD DETAILS:
   modFile   : /home/canmotalka/web/can-motalka.ru/public_html/vqmod/xml/lightning.xml
   id        : OpenCart Lightning
   version   : 3.37
   vqmver    : 
   author    : MaxD http://devs.mx

File Name    : system/library/cache.php(0)
VQModObject::applyMod - SEARCH NOT FOUND (SKIPPED): if (is_file(DIR_SYSTEM . 'library/journal3/vendor/SuperCache

----------------------------------------------------------------------


---------- Date: 2026-03-31 06:32:32 ~ IP : 185.179.188.62 ----------
REQUEST URI : /index.php?route=module/popupcart_extended
MOD DETAILS:
   modFile   : /home/canmotalka/web/can-motalka.ru/public_html/vqmod/xml/lightning.xml
   id        : OpenCart Lightning
   version   : 3.37
   vqmver    : 
   author    : MaxD http://devs.mx

File Name    : system/library/cache.php(0)
VQModObject::applyMod - SEARCH NOT FOUND (SKIPPED): if (is_file(DIR_SYSTEM . 'library/journal3/vendor/SuperCache

----------------------------------------------------------------------


---------- Date: 2026-03-31 06:37:11 ~ IP : 185.179.188.62 ----------
REQUEST URI : /manual-podmotka-toyota-camry-corolla-tlc-rav4/
MOD DETAILS:
   modFile   : /home/canmotalka/web/can-motalka.ru/public_html/vqmod/xml/lightning.xml
   id        : OpenCart Lightning
   version   : 3.37
   vqmver    : 
   author    : MaxD http://devs.mx

File Name    : system/library/cache.php(0)
VQModObject::applyMod - SEARCH NOT FOUND (SKIPPED): if (is_file(DIR_SYSTEM . 'library/journal3/vendor/SuperCache

----------------------------------------------------------------------


---------- Date: 2026-03-31 06:39:16 ~ IP : 185.179.188.62 ----------
REQUEST URI : /?ysclid=mne2ijobed771584935
MOD DETAILS:
   modFile   : /home/canmotalka/web/can-motalka.ru/public_html/vqmod/xml/lightning.xml
   id        : OpenCart Lightning
   version   : 3.37
   vqmver    : 
   author    : MaxD http://devs.mx

File Name    : system/library/cache.php(0)
VQModObject::applyMod - SEARCH NOT FOUND (SKIPPED): if (is_file(DIR_SYSTEM . 'library/journal3/vendor/SuperCache

----------------------------------------------------------------------


---------- Date: 2026-03-31 06:39:55 ~ IP : 185.179.188.62 ----------
REQUEST URI : /index.php?route=module/popupcart_extended
MOD DETAILS:
   modFile   : /home/canmotalka/web/can-motalka.ru/public_html/vqmod/xml/lightning.xml
   id        : OpenCart Lightning
   version   : 3.37
   vqmver    : 
   author    : MaxD http://devs.mx

File Name    : system/library/cache.php(0)
VQModObject::applyMod - SEARCH NOT FOUND (SKIPPED): if (is_file(DIR_SYSTEM . 'library/journal3/vendor/SuperCache

----------------------------------------------------------------------


---------- Date: 2026-03-31 06:41:47 ~ IP : 185.179.188.62 ----------
REQUEST URI : /manuals/?ysclid=mne2ls1max833037112
MOD DETAILS:
   modFile   : /home/canmotalka/web/can-motalka.ru/public_html/vqmod/xml/lightning.xml
   id        : OpenCart Lightning
   version   : 3.37
   vqmver    : 
   author    : MaxD http://devs.mx

File Name    : system/library/cache.php(0)
VQModObject::applyMod - SEARCH NOT FOUND (SKIPPED): if (is_file(DIR_SYSTEM . 'library/journal3/vendor/SuperCache

----------------------------------------------------------------------


---------- Date: 2026-03-31 06:42:01 ~ IP : 185.179.188.62 ----------
REQUEST URI : /sitemap.xml
MOD DETAILS:
   modFile   : /home/canmotalka/web/can-motalka.ru/public_html/vqmod/xml/lightning.xml
   id        : OpenCart Lightning
   version   : 3.37
   vqmver    : 
   author    : MaxD http://devs.mx

File Name    : system/library/cache.php(0)
VQModObject::applyMod - SEARCH NOT FOUND (SKIPPED): if (is_file(DIR_SYSTEM . 'library/journal3/vendor/SuperCache

----------------------------------------------------------------------


---------- Date: 2026-03-31 06:43:33 ~ IP : 185.179.188.62 ----------
REQUEST URI : /manuals/?page=2
MOD DETAILS:
   modFile   : /home/canmotalka/web/can-motalka.ru/public_html/vqmod/xml/lightning.xml
   id        : OpenCart Lightning
   version   : 3.37
   vqmver    : 
   author    : MaxD http://devs.mx

File Name    : system/library/cache.php(0)
VQModObject::applyMod - SEARCH NOT FOUND (SKIPPED): if (is_file(DIR_SYSTEM . 'library/journal3/vendor/SuperCache

----------------------------------------------------------------------


---------- Date: 2026-03-31 06:44:37 ~ IP : 185.179.188.62 ----------
REQUEST URI : /motalki/ford/
MOD DETAILS:
   modFile   : /home/canmotalka/web/can-motalka.ru/public_html/vqmod/xml/lightning.xml
   id        : OpenCart Lightning
   version   : 3.37
   vqmver    : 
   author    : MaxD http://devs.mx

File Name    : system/library/cache.php(0)
VQModObject::applyMod - SEARCH NOT FOUND (SKIPPED): if (is_file(DIR_SYSTEM . 'library/journal3/vendor/SuperCache

----------------------------------------------------------------------


---------- Date: 2026-03-31 06:45:05 ~ IP : 185.179.188.62 ----------
REQUEST URI : /podmotka-spidometra-ford-mondeo-5/
MOD DETAILS:
   modFile   : /home/canmotalka/web/can-motalka.ru/public_html/vqmod/xml/lightning.xml
   id        : OpenCart Lightning
   version   : 3.37
   vqmver    : 
   author    : MaxD http://devs.mx

File Name    : system/library/cache.php(0)
VQModObject::applyMod - SEARCH NOT FOUND (SKIPPED): if (is_file(DIR_SYSTEM . 'library/journal3/vendor/SuperCache

----------------------------------------------------------------------


---------- Date: 2026-03-31 06:45:06 ~ IP : 185.179.188.62 ----------
REQUEST URI : /index.php?route=product/product/review&amp;product_id=256
MOD DETAILS:
   modFile   : /home/canmotalka/web/can-motalka.ru/public_html/vqmod/xml/lightning.xml
   id        : OpenCart Lightning
   version   : 3.37
   vqmver    : 
   author    : MaxD http://devs.mx

File Name    : system/library/cache.php(0)
VQModObject::applyMod - SEARCH NOT FOUND (SKIPPED): if (is_file(DIR_SYSTEM . 'library/journal3/vendor/SuperCache

----------------------------------------------------------------------


---------- Date: 2026-03-31 06:45:27 ~ IP : 185.179.188.62 ----------
REQUEST URI : /manual-podmotka-toyota-camry-corolla-tlc-rav4/
MOD DETAILS:
   modFile   : /home/canmotalka/web/can-motalka.ru/public_html/vqmod/xml/lightning.xml
   id        : OpenCart Lightning
   version   : 3.37
   vqmver    : 
   author    : MaxD http://devs.mx

File Name    : system/library/cache.php(0)
VQModObject::applyMod - SEARCH NOT FOUND (SKIPPED): if (is_file(DIR_SYSTEM . 'library/journal3/vendor/SuperCache

----------------------------------------------------------------------


---------- Date: 2026-03-31 06:47:53 ~ IP : 185.179.188.62 ----------
REQUEST URI : /largus_manual/
MOD DETAILS:
   modFile   : /home/canmotalka/web/can-motalka.ru/public_html/vqmod/xml/lightning.xml
   id        : OpenCart Lightning
   version   : 3.37
   vqmver    : 
   author    : MaxD http://devs.mx

File Name    : system/library/cache.php(0)
VQModObject::applyMod - SEARCH NOT FOUND (SKIPPED): if (is_file(DIR_SYSTEM . 'library/journal3/vendor/SuperCache

----------------------------------------------------------------------


---------- Date: 2026-03-31 06:47:53 ~ IP : 185.179.188.62 ----------
REQUEST URI : /largus_manual/?ysclid=mne2tnki8u632077088
MOD DETAILS:
   modFile   : /home/canmotalka/web/can-motalka.ru/public_html/vqmod/xml/lightning.xml
   id        : OpenCart Lightning
   version   : 3.37
   vqmver    : 
   author    : MaxD http://devs.mx

File Name    : system/library/cache.php(0)
VQModObject::applyMod - SEARCH NOT FOUND (SKIPPED): if (is_file(DIR_SYSTEM . 'library/journal3/vendor/SuperCache

----------------------------------------------------------------------


---------- Date: 2026-03-31 06:47:54 ~ IP : 185.179.188.62 ----------
REQUEST URI : /largus_manual/
MOD DETAILS:
   modFile   : /home/canmotalka/web/can-motalka.ru/public_html/vqmod/xml/lightning.xml
   id        : OpenCart Lightning
   version   : 3.37
   vqmver    : 
   author    : MaxD http://devs.mx

File Name    : system/library/cache.php(0)
VQModObject::applyMod - SEARCH NOT FOUND (SKIPPED): if (is_file(DIR_SYSTEM . 'library/journal3/vendor/SuperCache

----------------------------------------------------------------------


---------- Date: 2026-03-31 06:47:54 ~ IP : 185.179.188.62 ----------
REQUEST URI : /index.php?route=module/popupcart_extended
MOD DETAILS:
   modFile   : /home/canmotalka/web/can-motalka.ru/public_html/vqmod/xml/lightning.xml
   id        : OpenCart Lightning
   version   : 3.37
   vqmver    : 
   author    : MaxD http://devs.mx

File Name    : system/library/cache.php(0)
VQModObject::applyMod - SEARCH NOT FOUND (SKIPPED): if (is_file(DIR_SYSTEM . 'library/journal3/vendor/SuperCache

----------------------------------------------------------------------


---------- Date: 2026-03-31 06:52:20 ~ IP : 185.179.188.62 ----------
REQUEST URI : /tranzit_video_manual/
MOD DETAILS:
   modFile   : /home/canmotalka/web/can-motalka.ru/public_html/vqmod/xml/lightning.xml
   id        : OpenCart Lightning
   version   : 3.37
   vqmver    : 
   author    : MaxD http://devs.mx

File Name    : system/library/cache.php(0)
VQModObject::applyMod - SEARCH NOT FOUND (SKIPPED): if (is_file(DIR_SYSTEM . 'library/journal3/vendor/SuperCache

----------------------------------------------------------------------


---------- Date: 2026-03-31 06:52:55 ~ IP : 185.179.188.62 ----------
REQUEST URI : /podmotka-spidometra-datsun-on-do/
MOD DETAILS:
   modFile   : /home/canmotalka/web/can-motalka.ru/public_html/vqmod/xml/lightning.xml
   id        : OpenCart Lightning
   version   : 3.37
   vqmver    : 
   author    : MaxD http://devs.mx

File Name    : system/library/cache.php(0)
VQModObject::applyMod - SEARCH NOT FOUND (SKIPPED): if (is_file(DIR_SYSTEM . 'library/journal3/vendor/SuperCache

----------------------------------------------------------------------


---------- Date: 2026-03-31 06:52:56 ~ IP : 185.179.188.62 ----------
REQUEST URI : /index.php?route=product/product/review&amp;product_id=284
MOD DETAILS:
   modFile   : /home/canmotalka/web/can-motalka.ru/public_html/vqmod/xml/lightning.xml
   id        : OpenCart Lightning
   version   : 3.37
   vqmver    : 
   author    : MaxD http://devs.mx

File Name    : system/library/cache.php(0)
VQModObject::applyMod - SEARCH NOT FOUND (SKIPPED): if (is_file(DIR_SYSTEM . 'library/journal3/vendor/SuperCache

----------------------------------------------------------------------


---------- Date: 2026-03-31 06:52:57 ~ IP : 185.179.188.62 ----------
REQUEST URI : /index.php?route=module/popupcart_extended
MOD DETAILS:
   modFile   : /home/canmotalka/web/can-motalka.ru/public_html/vqmod/xml/lightning.xml
   id        : OpenCart Lightning
   version   : 3.37
   vqmver    : 
   author    : MaxD http://devs.mx

File Name    : system/library/cache.php(0)
VQModObject::applyMod - SEARCH NOT FOUND (SKIPPED): if (is_file(DIR_SYSTEM . 'library/journal3/vendor/SuperCache

----------------------------------------------------------------------


---------- Date: 2026-03-31 06:55:45 ~ IP : 185.179.188.62 ----------
REQUEST URI : /podmotka-spidometra-volkswagen-caddy/
MOD DETAILS:
   modFile   : /home/canmotalka/web/can-motalka.ru/public_html/vqmod/xml/lightning.xml
   id        : OpenCart Lightning
   version   : 3.37
   vqmver    : 
   author    : MaxD http://devs.mx

File Name    : system/library/cache.php(0)
VQModObject::applyMod - SEARCH NOT FOUND (SKIPPED): if (is_file(DIR_SYSTEM . 'library/journal3/vendor/SuperCache

----------------------------------------------------------------------


---------- Date: 2026-03-31 06:56:10 ~ IP : 185.179.188.62 ----------
REQUEST URI : /patriot_re/
MOD DETAILS:
   modFile   : /home/canmotalka/web/can-motalka.ru/public_html/vqmod/xml/lightning.xml
   id        : OpenCart Lightning
   version   : 3.37
   vqmver    : 
   author    : MaxD http://devs.mx

File Name    : system/library/cache.php(0)
VQModObject::applyMod - SEARCH NOT FOUND (SKIPPED): if (is_file(DIR_SYSTEM . 'library/journal3/vendor/SuperCache

----------------------------------------------------------------------


---------- Date: 2026-03-31 07:01:25 ~ IP : 185.179.188.62 ----------
REQUEST URI : /podmotka-krutilka-spidometra-gazel-biznes-benzin-evotec-ili-cummins/
MOD DETAILS:
   modFile   : /home/canmotalka/web/can-motalka.ru/public_html/vqmod/xml/lightning.xml
   id        : OpenCart Lightning
   version   : 3.37
   vqmver    : 
   author    : MaxD http://devs.mx

File Name    : system/library/cache.php(0)
VQModObject::applyMod - SEARCH NOT FOUND (SKIPPED): if (is_file(DIR_SYSTEM . 'library/journal3/vendor/SuperCache

----------------------------------------------------------------------


---------- Date: 2026-03-31 07:03:40 ~ IP : 185.179.188.62 ----------
REQUEST URI : /namotchik-probega-dlya-audi-a8
MOD DETAILS:
   modFile   : /home/canmotalka/web/can-motalka.ru/public_html/vqmod/xml/lightning.xml
   id        : OpenCart Lightning
   version   : 3.37
   vqmver    : 
   author    : MaxD http://devs.mx

File Name    : system/library/cache.php(0)
VQModObject::applyMod - SEARCH NOT FOUND (SKIPPED): if (is_file(DIR_SYSTEM . 'library/journal3/vendor/SuperCache

----------------------------------------------------------------------


---------- Date: 2026-03-31 07:03:50 ~ IP : 185.179.188.62 ----------
REQUEST URI : /namotchik-probega-dlya-audi-a8/
MOD DETAILS:
   modFile   : /home/canmotalka/web/can-motalka.ru/public_html/vqmod/xml/lightning.xml
   id        : OpenCart Lightning
   version   : 3.37
   vqmver    : 
   author    : MaxD http://devs.mx

File Name    : system/library/cache.php(0)
VQModObject::applyMod - SEARCH NOT FOUND (SKIPPED): if (is_file(DIR_SYSTEM . 'library/journal3/vendor/SuperCache

----------------------------------------------------------------------


---------- Date: 2026-03-31 07:04:15 ~ IP : 185.179.188.62 ----------
REQUEST URI : /.well-known/traffic-advice
MOD DETAILS:
   modFile   : /home/canmotalka/web/can-motalka.ru/public_html/vqmod/xml/lightning.xml
   id        : OpenCart Lightning
   version   : 3.37
   vqmver    : 
   author    : MaxD http://devs.mx

File Name    : system/library/cache.php(0)
VQModObject::applyMod - SEARCH NOT FOUND (SKIPPED): if (is_file(DIR_SYSTEM . 'library/journal3/vendor/SuperCache

----------------------------------------------------------------------


---------- Date: 2026-03-31 07:04:15 ~ IP : 185.179.188.62 ----------
REQUEST URI : /podmotka-spidometra-volkswagen-caddy/
MOD DETAILS:
   modFile   : /home/canmotalka/web/can-motalka.ru/public_html/vqmod/xml/lightning.xml
   id        : OpenCart Lightning
   version   : 3.37
   vqmver    : 
   author    : MaxD http://devs.mx

File Name    : system/library/cache.php(0)
VQModObject::applyMod - SEARCH NOT FOUND (SKIPPED): if (is_file(DIR_SYSTEM . 'library/journal3/vendor/SuperCache

----------------------------------------------------------------------


---------- Date: 2026-03-31 07:05:20 ~ IP : 185.179.188.62 ----------
REQUEST URI : /motalka_spidometra_re/
MOD DETAILS:
   modFile   : /home/canmotalka/web/can-motalka.ru/public_html/vqmod/xml/lightning.xml
   id        : OpenCart Lightning
   version   : 3.37
   vqmver    : 
   author    : MaxD http://devs.mx

File Name    : system/library/cache.php(0)
VQModObject::applyMod - SEARCH NOT FOUND (SKIPPED): if (is_file(DIR_SYSTEM . 'library/journal3/vendor/SuperCache

----------------------------------------------------------------------


---------- Date: 2026-03-31 07:05:59 ~ IP : 185.179.188.62 ----------
REQUEST URI : /motalka_spidometra_re/
MOD DETAILS:
   modFile   : /home/canmotalka/web/can-motalka.ru/public_html/vqmod/xml/lightning.xml
   id        : OpenCart Lightning
   version   : 3.37
   vqmver    : 
   author    : MaxD http://devs.mx

File Name    : system/library/cache.php(0)
VQModObject::applyMod - SEARCH NOT FOUND (SKIPPED): if (is_file(DIR_SYSTEM . 'library/journal3/vendor/SuperCache

----------------------------------------------------------------------


---------- Date: 2026-03-31 07:06:35 ~ IP : 185.179.188.62 ----------
REQUEST URI : /motalki/vw/
MOD DETAILS:
   modFile   : /home/canmotalka/web/can-motalka.ru/public_html/vqmod/xml/lightning.xml
   id        : OpenCart Lightning
   version   : 3.37
   vqmver    : 
   author    : MaxD http://devs.mx

File Name    : system/library/cache.php(0)
VQModObject::applyMod - SEARCH NOT FOUND (SKIPPED): if (is_file(DIR_SYSTEM . 'library/journal3/vendor/SuperCache

----------------------------------------------------------------------


---------- Date: 2026-03-31 07:07:25 ~ IP : 185.179.188.62 ----------
REQUEST URI : /index.php?route=checkout/cart/add
MOD DETAILS:
   modFile   : /home/canmotalka/web/can-motalka.ru/public_html/vqmod/xml/lightning.xml
   id        : OpenCart Lightning
   version   : 3.37
   vqmver    : 
   author    : MaxD http://devs.mx

File Name    : system/library/cache.php(0)
VQModObject::applyMod - SEARCH NOT FOUND (SKIPPED): if (is_file(DIR_SYSTEM . 'library/journal3/vendor/SuperCache

----------------------------------------------------------------------


---------- Date: 2026-03-31 07:07:25 ~ IP : 185.179.188.62 ----------
REQUEST URI : /index.php?route=checkout/simplecheckout
MOD DETAILS:
   modFile   : /home/canmotalka/web/can-motalka.ru/public_html/vqmod/xml/lightning.xml
   id        : OpenCart Lightning
   version   : 3.37
   vqmver    : 
   author    : MaxD http://devs.mx

File Name    : system/library/cache.php(0)
VQModObject::applyMod - SEARCH NOT FOUND (SKIPPED): if (is_file(DIR_SYSTEM . 'library/journal3/vendor/SuperCache

----------------------------------------------------------------------


---------- Date: 2026-03-31 07:07:25 ~ IP : 185.179.188.62 ----------
REQUEST URI : /zakaz/
MOD DETAILS:
   modFile   : /home/canmotalka/web/can-motalka.ru/public_html/vqmod/xml/lightning.xml
   id        : OpenCart Lightning
   version   : 3.37
   vqmver    : 
   author    : MaxD http://devs.mx

File Name    : system/library/cache.php(0)
VQModObject::applyMod - SEARCH NOT FOUND (SKIPPED): if (is_file(DIR_SYSTEM . 'library/journal3/vendor/SuperCache

----------------------------------------------------------------------


---------- Date: 2026-03-31 07:13:52 ~ IP : 185.179.188.62 ----------
REQUEST URI : /podmotka-spidometra-largus/
MOD DETAILS:
   modFile   : /home/canmotalka/web/can-motalka.ru/public_html/vqmod/xml/lightning.xml
   id        : OpenCart Lightning
   version   : 3.37
   vqmver    : 
   author    : MaxD http://devs.mx

File Name    : system/library/cache.php(0)
VQModObject::applyMod - SEARCH NOT FOUND (SKIPPED): if (is_file(DIR_SYSTEM . 'library/journal3/vendor/SuperCache

----------------------------------------------------------------------


---------- Date: 2026-03-31 07:14:45 ~ IP : 185.179.188.62 ----------
REQUEST URI : /index.php?route=product/product/review&amp;product_id=258
MOD DETAILS:
   modFile   : /home/canmotalka/web/can-motalka.ru/public_html/vqmod/xml/lightning.xml
   id        : OpenCart Lightning
   version   : 3.37
   vqmver    : 
   author    : MaxD http://devs.mx

File Name    : system/library/cache.php(0)
VQModObject::applyMod - SEARCH NOT FOUND (SKIPPED): if (is_file(DIR_SYSTEM . 'library/journal3/vendor/SuperCache

----------------------------------------------------------------------


---------- Date: 2026-03-31 07:14:45 ~ IP : 185.179.188.62 ----------
REQUEST URI : /index.php?route=module/popupcart_extended
MOD DETAILS:
   modFile   : /home/canmotalka/web/can-motalka.ru/public_html/vqmod/xml/lightning.xml
   id        : OpenCart Lightning
   version   : 3.37
   vqmver    : 
   author    : MaxD http://devs.mx

File Name    : system/library/cache.php(0)
VQModObject::applyMod - SEARCH NOT FOUND (SKIPPED): if (is_file(DIR_SYSTEM . 'library/journal3/vendor/SuperCache

----------------------------------------------------------------------


---------- Date: 2026-03-31 07:15:24 ~ IP : 185.179.188.62 ----------
REQUEST URI : /podmotka-spidometra-largus/
MOD DETAILS:
   modFile   : /home/canmotalka/web/can-motalka.ru/public_html/vqmod/xml/lightning.xml
   id        : OpenCart Lightning
   version   : 3.37
   vqmver    : 
   author    : MaxD http://devs.mx

File Name    : system/library/cache.php(0)
VQModObject::applyMod - SEARCH NOT FOUND (SKIPPED): if (is_file(DIR_SYSTEM . 'library/journal3/vendor/SuperCache

----------------------------------------------------------------------


---------- Date: 2026-03-31 07:18:08 ~ IP : 185.179.188.62 ----------
REQUEST URI : /motalki/lada/?ysclid=mne3wisx3x628598531
MOD DETAILS:
   modFile   : /home/canmotalka/web/can-motalka.ru/public_html/vqmod/xml/lightning.xml
   id        : OpenCart Lightning
   version   : 3.37
   vqmver    : 
   author    : MaxD http://devs.mx

File Name    : system/library/cache.php(0)
VQModObject::applyMod - SEARCH NOT FOUND (SKIPPED): if (is_file(DIR_SYSTEM . 'library/journal3/vendor/SuperCache

----------------------------------------------------------------------


---------- Date: 2026-03-31 07:21:53 ~ IP : 185.179.188.62 ----------
REQUEST URI : /podmotka_spidometra/
MOD DETAILS:
   modFile   : /home/canmotalka/web/can-motalka.ru/public_html/vqmod/xml/lightning.xml
   id        : OpenCart Lightning
   version   : 3.37
   vqmver    : 
   author    : MaxD http://devs.mx

File Name    : system/library/cache.php(0)
VQModObject::applyMod - SEARCH NOT FOUND (SKIPPED): if (is_file(DIR_SYSTEM . 'library/journal3/vendor/SuperCache

----------------------------------------------------------------------


---------- Date: 2026-03-31 07:22:33 ~ IP : 185.179.188.62 ----------
REQUEST URI : /index.php?route=module/popupcart_extended
MOD DETAILS:
   modFile   : /home/canmotalka/web/can-motalka.ru/public_html/vqmod/xml/lightning.xml
   id        : OpenCart Lightning
   version   : 3.37
   vqmver    : 
   author    : MaxD http://devs.mx

File Name    : system/library/cache.php(0)
VQModObject::applyMod - SEARCH NOT FOUND (SKIPPED): if (is_file(DIR_SYSTEM . 'library/journal3/vendor/SuperCache

----------------------------------------------------------------------


---------- Date: 2026-03-31 07:26:09 ~ IP : 185.179.188.62 ----------
REQUEST URI : /sitemap.xml
MOD DETAILS:
   modFile   : /home/canmotalka/web/can-motalka.ru/public_html/vqmod/xml/lightning.xml
   id        : OpenCart Lightning
   version   : 3.37
   vqmver    : 
   author    : MaxD http://devs.mx

File Name    : system/library/cache.php(0)
VQModObject::applyMod - SEARCH NOT FOUND (SKIPPED): if (is_file(DIR_SYSTEM . 'library/journal3/vendor/SuperCache

----------------------------------------------------------------------


---------- Date: 2026-03-31 07:29:02 ~ IP : 185.179.188.62 ----------
REQUEST URI : /podmotka-spidometra-toyota-highlander
MOD DETAILS:
   modFile   : /home/canmotalka/web/can-motalka.ru/public_html/vqmod/xml/lightning.xml
   id        : OpenCart Lightning
   version   : 3.37
   vqmver    : 
   author    : MaxD http://devs.mx

File Name    : system/library/cache.php(0)
VQModObject::applyMod - SEARCH NOT FOUND (SKIPPED): if (is_file(DIR_SYSTEM . 'library/journal3/vendor/SuperCache

----------------------------------------------------------------------


---------- Date: 2026-03-31 07:29:13 ~ IP : 185.179.188.62 ----------
REQUEST URI : /podmotka-spidometra-kia-sorento/?ysclid=mne4atbpnv516537801
MOD DETAILS:
   modFile   : /home/canmotalka/web/can-motalka.ru/public_html/vqmod/xml/lightning.xml
   id        : OpenCart Lightning
   version   : 3.37
   vqmver    : 
   author    : MaxD http://devs.mx

File Name    : system/library/cache.php(0)
VQModObject::applyMod - SEARCH NOT FOUND (SKIPPED): if (is_file(DIR_SYSTEM . 'library/journal3/vendor/SuperCache

----------------------------------------------------------------------


---------- Date: 2026-03-31 07:29:14 ~ IP : 185.179.188.62 ----------
REQUEST URI : /podmotka-spidometra-kia-sorento/
MOD DETAILS:
   modFile   : /home/canmotalka/web/can-motalka.ru/public_html/vqmod/xml/lightning.xml
   id        : OpenCart Lightning
   version   : 3.37
   vqmver    : 
   author    : MaxD http://devs.mx

File Name    : system/library/cache.php(0)
VQModObject::applyMod - SEARCH NOT FOUND (SKIPPED): if (is_file(DIR_SYSTEM . 'library/journal3/vendor/SuperCache

----------------------------------------------------------------------


---------- Date: 2026-03-31 07:29:15 ~ IP : 185.179.188.62 ----------
REQUEST URI : /index.php?route=product/product/review&amp;product_id=70
MOD DETAILS:
   modFile   : /home/canmotalka/web/can-motalka.ru/public_html/vqmod/xml/lightning.xml
   id        : OpenCart Lightning
   version   : 3.37
   vqmver    : 
   author    : MaxD http://devs.mx

File Name    : system/library/cache.php(0)
VQModObject::applyMod - SEARCH NOT FOUND (SKIPPED): if (is_file(DIR_SYSTEM . 'library/journal3/vendor/SuperCache

----------------------------------------------------------------------


---------- Date: 2026-03-31 07:29:15 ~ IP : 185.179.188.62 ----------
REQUEST URI : /index.php?route=module/popupcart_extended
MOD DETAILS:
   modFile   : /home/canmotalka/web/can-motalka.ru/public_html/vqmod/xml/lightning.xml
   id        : OpenCart Lightning
   version   : 3.37
   vqmver    : 
   author    : MaxD http://devs.mx

File Name    : system/library/cache.php(0)
VQModObject::applyMod - SEARCH NOT FOUND (SKIPPED): if (is_file(DIR_SYSTEM . 'library/journal3/vendor/SuperCache

----------------------------------------------------------------------


---------- Date: 2026-03-31 07:32:12 ~ IP : 185.179.188.62 ----------
REQUEST URI : /podmotka-spidometra-mersedes-sprinter-classic
MOD DETAILS:
   modFile   : /home/canmotalka/web/can-motalka.ru/public_html/vqmod/xml/lightning.xml
   id        : OpenCart Lightning
   version   : 3.37
   vqmver    : 
   author    : MaxD http://devs.mx

File Name    : system/library/cache.php(0)
VQModObject::applyMod - SEARCH NOT FOUND (SKIPPED): if (is_file(DIR_SYSTEM . 'library/journal3/vendor/SuperCache

----------------------------------------------------------------------


---------- Date: 2026-03-31 07:32:35 ~ IP : 185.179.188.62 ----------
REQUEST URI : /podmotka-spidometra-henday-sonata-8/;/
MOD DETAILS:
   modFile   : /home/canmotalka/web/can-motalka.ru/public_html/vqmod/xml/lightning.xml
   id        : OpenCart Lightning
   version   : 3.37
   vqmver    : 
   author    : MaxD http://devs.mx

File Name    : system/library/cache.php(0)
VQModObject::applyMod - SEARCH NOT FOUND (SKIPPED): if (is_file(DIR_SYSTEM . 'library/journal3/vendor/SuperCache

----------------------------------------------------------------------


---------- Date: 2026-03-31 07:32:36 ~ IP : 185.179.188.62 ----------
REQUEST URI : /otzyvy/
MOD DETAILS:
   modFile   : /home/canmotalka/web/can-motalka.ru/public_html/vqmod/xml/lightning.xml
   id        : OpenCart Lightning
   version   : 3.37
   vqmver    : 
   author    : MaxD http://devs.mx

File Name    : system/library/cache.php(0)
VQModObject::applyMod - SEARCH NOT FOUND (SKIPPED): if (is_file(DIR_SYSTEM . 'library/journal3/vendor/SuperCache

----------------------------------------------------------------------


---------- Date: 2026-03-31 07:33:46 ~ IP : 185.179.188.62 ----------
REQUEST URI : /podmotka_spidometra/
MOD DETAILS:
   modFile   : /home/canmotalka/web/can-motalka.ru/public_html/vqmod/xml/lightning.xml
   id        : OpenCart Lightning
   version   : 3.37
   vqmver    : 
   author    : MaxD http://devs.mx

File Name    : system/library/cache.php(0)
VQModObject::applyMod - SEARCH NOT FOUND (SKIPPED): if (is_file(DIR_SYSTEM . 'library/journal3/vendor/SuperCache

----------------------------------------------------------------------


---------- Date: 2026-03-31 07:33:46 ~ IP : 185.179.188.62 ----------
REQUEST URI : /index.php?route=module/popupcart_extended
MOD DETAILS:
   modFile   : /home/canmotalka/web/can-motalka.ru/public_html/vqmod/xml/lightning.xml
   id        : OpenCart Lightning
   version   : 3.37
   vqmver    : 
   author    : MaxD http://devs.mx

File Name    : system/library/cache.php(0)
VQModObject::applyMod - SEARCH NOT FOUND (SKIPPED): if (is_file(DIR_SYSTEM . 'library/journal3/vendor/SuperCache

----------------------------------------------------------------------


---------- Date: 2026-03-31 07:33:48 ~ IP : 185.179.188.62 ----------
REQUEST URI : /podmotka_spidometra/
MOD DETAILS:
   modFile   : /home/canmotalka/web/can-motalka.ru/public_html/vqmod/xml/lightning.xml
   id        : OpenCart Lightning
   version   : 3.37
   vqmver    : 
   author    : MaxD http://devs.mx

File Name    : system/library/cache.php(0)
VQModObject::applyMod - SEARCH NOT FOUND (SKIPPED): if (is_file(DIR_SYSTEM . 'library/journal3/vendor/SuperCache

----------------------------------------------------------------------


---------- Date: 2026-03-31 07:34:01 ~ IP : 185.179.188.62 ----------
REQUEST URI : /motalka_spidometra_re/
MOD DETAILS:
   modFile   : /home/canmotalka/web/can-motalka.ru/public_html/vqmod/xml/lightning.xml
   id        : OpenCart Lightning
   version   : 3.37
   vqmver    : 
   author    : MaxD http://devs.mx

File Name    : system/library/cache.php(0)
VQModObject::applyMod - SEARCH NOT FOUND (SKIPPED): if (is_file(DIR_SYSTEM . 'library/journal3/vendor/SuperCache

----------------------------------------------------------------------


---------- Date: 2026-03-31 07:34:02 ~ IP : 185.179.188.62 ----------
REQUEST URI : /index.php?route=module/popupcart_extended
MOD DETAILS:
   modFile   : /home/canmotalka/web/can-motalka.ru/public_html/vqmod/xml/lightning.xml
   id        : OpenCart Lightning
   version   : 3.37
   vqmver    : 
   author    : MaxD http://devs.mx

File Name    : system/library/cache.php(0)
VQModObject::applyMod - SEARCH NOT FOUND (SKIPPED): if (is_file(DIR_SYSTEM . 'library/journal3/vendor/SuperCache

----------------------------------------------------------------------


---------- Date: 2026-03-31 07:34:35 ~ IP : 185.179.188.62 ----------
REQUEST URI : /setting_php/pomojem-lechitsya/652-kupit-dapoksetin-40-yakutsk/
MOD DETAILS:
   modFile   : /home/canmotalka/web/can-motalka.ru/public_html/vqmod/xml/lightning.xml
   id        : OpenCart Lightning
   version   : 3.37
   vqmver    : 
   author    : MaxD http://devs.mx

File Name    : system/library/cache.php(0)
VQModObject::applyMod - SEARCH NOT FOUND (SKIPPED): if (is_file(DIR_SYSTEM . 'library/journal3/vendor/SuperCache

----------------------------------------------------------------------


---------- Date: 2026-03-31 07:36:18 ~ IP : 185.179.188.62 ----------
REQUEST URI : /kak-rabotaet-podmotka-spidometra/
MOD DETAILS:
   modFile   : /home/canmotalka/web/can-motalka.ru/public_html/vqmod/xml/lightning.xml
   id        : OpenCart Lightning
   version   : 3.37
   vqmver    : 
   author    : MaxD http://devs.mx

File Name    : system/library/cache.php(0)
VQModObject::applyMod - SEARCH NOT FOUND (SKIPPED): if (is_file(DIR_SYSTEM . 'library/journal3/vendor/SuperCache

----------------------------------------------------------------------


---------- Date: 2026-03-31 07:36:18 ~ IP : 185.179.188.62 ----------
REQUEST URI : /index.php?route=module/popupcart_extended
MOD DETAILS:
   modFile   : /home/canmotalka/web/can-motalka.ru/public_html/vqmod/xml/lightning.xml
   id        : OpenCart Lightning
   version   : 3.37
   vqmver    : 
   author    : MaxD http://devs.mx

File Name    : system/library/cache.php(0)
VQModObject::applyMod - SEARCH NOT FOUND (SKIPPED): if (is_file(DIR_SYSTEM . 'library/journal3/vendor/SuperCache

----------------------------------------------------------------------


---------- Date: 2026-03-31 07:41:11 ~ IP : 185.179.188.62 ----------
REQUEST URI : /podmotka-spidometra-henday-sonata-8/
MOD DETAILS:
   modFile   : /home/canmotalka/web/can-motalka.ru/public_html/vqmod/xml/lightning.xml
   id        : OpenCart Lightning
   version   : 3.37
   vqmver    : 
   author    : MaxD http://devs.mx

File Name    : system/library/cache.php(0)
VQModObject::applyMod - SEARCH NOT FOUND (SKIPPED): if (is_file(DIR_SYSTEM . 'library/journal3/vendor/SuperCache

----------------------------------------------------------------------


---------- Date: 2026-03-31 07:41:11 ~ IP : 185.179.188.62 ----------
REQUEST URI : /otzyvy/
MOD DETAILS:
   modFile   : /home/canmotalka/web/can-motalka.ru/public_html/vqmod/xml/lightning.xml
   id        : OpenCart Lightning
   version   : 3.37
   vqmver    : 
   author    : MaxD http://devs.mx

File Name    : system/library/cache.php(0)
VQModObject::applyMod - SEARCH NOT FOUND (SKIPPED): if (is_file(DIR_SYSTEM . 'library/journal3/vendor/SuperCache

----------------------------------------------------------------------


---------- Date: 2026-03-31 07:45:42 ~ IP : 185.179.188.62 ----------
REQUEST URI : /sitemap.xml
MOD DETAILS:
   modFile   : /home/canmotalka/web/can-motalka.ru/public_html/vqmod/xml/lightning.xml
   id        : OpenCart Lightning
   version   : 3.37
   vqmver    : 
   author    : MaxD http://devs.mx

File Name    : system/library/cache.php(0)
VQModObject::applyMod - SEARCH NOT FOUND (SKIPPED): if (is_file(DIR_SYSTEM . 'library/journal3/vendor/SuperCache

----------------------------------------------------------------------


---------- Date: 2026-03-31 07:46:35 ~ IP : 185.179.188.62 ----------
REQUEST URI : /kak-rabotaet-podmotka-spidometra/
MOD DETAILS:
   modFile   : /home/canmotalka/web/can-motalka.ru/public_html/vqmod/xml/lightning.xml
   id        : OpenCart Lightning
   version   : 3.37
   vqmver    : 
   author    : MaxD http://devs.mx

File Name    : system/library/cache.php(0)
VQModObject::applyMod - SEARCH NOT FOUND (SKIPPED): if (is_file(DIR_SYSTEM . 'library/journal3/vendor/SuperCache

----------------------------------------------------------------------


---------- Date: 2026-03-31 07:46:39 ~ IP : 185.179.188.62 ----------
REQUEST URI : /kak-rabotaet-podmotka-spidometra/
MOD DETAILS:
   modFile   : /home/canmotalka/web/can-motalka.ru/public_html/vqmod/xml/lightning.xml
   id        : OpenCart Lightning
   version   : 3.37
   vqmver    : 
   author    : MaxD http://devs.mx

File Name    : system/library/cache.php(0)
VQModObject::applyMod - SEARCH NOT FOUND (SKIPPED): if (is_file(DIR_SYSTEM . 'library/journal3/vendor/SuperCache

----------------------------------------------------------------------


---------- Date: 2026-03-31 07:49:09 ~ IP : 185.179.188.62 ----------
REQUEST URI : /index.php?route=product/product/review&amp;product_id=70
MOD DETAILS:
   modFile   : /home/canmotalka/web/can-motalka.ru/public_html/vqmod/xml/lightning.xml
   id        : OpenCart Lightning
   version   : 3.37
   vqmver    : 
   author    : MaxD http://devs.mx

File Name    : system/library/cache.php(0)
VQModObject::applyMod - SEARCH NOT FOUND (SKIPPED): if (is_file(DIR_SYSTEM . 'library/journal3/vendor/SuperCache

----------------------------------------------------------------------


---------- Date: 2026-03-31 07:53:44 ~ IP : 185.179.188.62 ----------
REQUEST URI : /podmotka-spidometra-shevrole-niva-abs-bezlimitnaya
MOD DETAILS:
   modFile   : /home/canmotalka/web/can-motalka.ru/public_html/vqmod/xml/lightning.xml
   id        : OpenCart Lightning
   version   : 3.37
   vqmver    : 
   author    : MaxD http://devs.mx

File Name    : system/library/cache.php(0)
VQModObject::applyMod - SEARCH NOT FOUND (SKIPPED): if (is_file(DIR_SYSTEM . 'library/journal3/vendor/SuperCache

----------------------------------------------------------------------


---------- Date: 2026-03-31 07:53:44 ~ IP : 185.179.188.62 ----------
REQUEST URI : /podmotka-spidometra-shevrole-niva-abs-bezlimitnaya/
MOD DETAILS:
   modFile   : /home/canmotalka/web/can-motalka.ru/public_html/vqmod/xml/lightning.xml
   id        : OpenCart Lightning
   version   : 3.37
   vqmver    : 
   author    : MaxD http://devs.mx

File Name    : system/library/cache.php(0)
VQModObject::applyMod - SEARCH NOT FOUND (SKIPPED): if (is_file(DIR_SYSTEM . 'library/journal3/vendor/SuperCache

----------------------------------------------------------------------


---------- Date: 2026-03-31 07:55:20 ~ IP : 185.179.188.62 ----------
REQUEST URI : /index.php?route=product/category&amp;path=70
MOD DETAILS:
   modFile   : /home/canmotalka/web/can-motalka.ru/public_html/vqmod/xml/lightning.xml
   id        : OpenCart Lightning
   version   : 3.37
   vqmver    : 
   author    : MaxD http://devs.mx

File Name    : system/library/cache.php(0)
VQModObject::applyMod - SEARCH NOT FOUND (SKIPPED): if (is_file(DIR_SYSTEM . 'library/journal3/vendor/SuperCache

----------------------------------------------------------------------


---------- Date: 2026-03-31 07:55:49 ~ IP : 185.179.188.62 ----------
REQUEST URI : /motalka_spidometra_re/
MOD DETAILS:
   modFile   : /home/canmotalka/web/can-motalka.ru/public_html/vqmod/xml/lightning.xml
   id        : OpenCart Lightning
   version   : 3.37
   vqmver    : 
   author    : MaxD http://devs.mx

File Name    : system/library/cache.php(0)
VQModObject::applyMod - SEARCH NOT FOUND (SKIPPED): if (is_file(DIR_SYSTEM . 'library/journal3/vendor/SuperCache

----------------------------------------------------------------------


---------- Date: 2026-03-31 07:55:52 ~ IP : 185.179.188.62 ----------
REQUEST URI : /podmotka-krutilka-spidometra-gazel-biznes-benzin-evotec-ili-cummins/
MOD DETAILS:
   modFile   : /home/canmotalka/web/can-motalka.ru/public_html/vqmod/xml/lightning.xml
   id        : OpenCart Lightning
   version   : 3.37
   vqmver    : 
   author    : MaxD http://devs.mx

File Name    : system/library/cache.php(0)
VQModObject::applyMod - SEARCH NOT FOUND (SKIPPED): if (is_file(DIR_SYSTEM . 'library/journal3/vendor/SuperCache

----------------------------------------------------------------------


---------- Date: 2026-03-31 07:56:11 ~ IP : 185.179.188.62 ----------
REQUEST URI : /index.php?route=product/product/review&amp;product_id=98
MOD DETAILS:
   modFile   : /home/canmotalka/web/can-motalka.ru/public_html/vqmod/xml/lightning.xml
   id        : OpenCart Lightning
   version   : 3.37
   vqmver    : 
   author    : MaxD http://devs.mx

File Name    : system/library/cache.php(0)
VQModObject::applyMod - SEARCH NOT FOUND (SKIPPED): if (is_file(DIR_SYSTEM . 'library/journal3/vendor/SuperCache

----------------------------------------------------------------------


---------- Date: 2026-03-31 07:56:12 ~ IP : 185.179.188.62 ----------
REQUEST URI : /index.php?route=module/popupcart_extended
MOD DETAILS:
   modFile   : /home/canmotalka/web/can-motalka.ru/public_html/vqmod/xml/lightning.xml
   id        : OpenCart Lightning
   version   : 3.37
   vqmver    : 
   author    : MaxD http://devs.mx

File Name    : system/library/cache.php(0)
VQModObject::applyMod - SEARCH NOT FOUND (SKIPPED): if (is_file(DIR_SYSTEM . 'library/journal3/vendor/SuperCache

----------------------------------------------------------------------


---------- Date: 2026-03-31 08:01:26 ~ IP : 185.179.188.62 ----------
REQUEST URI : /manuals/
MOD DETAILS:
   modFile   : /home/canmotalka/web/can-motalka.ru/public_html/vqmod/xml/lightning.xml
   id        : OpenCart Lightning
   version   : 3.37
   vqmver    : 
   author    : MaxD http://devs.mx

File Name    : system/library/cache.php(0)
VQModObject::applyMod - SEARCH NOT FOUND (SKIPPED): if (is_file(DIR_SYSTEM . 'library/journal3/vendor/SuperCache

----------------------------------------------------------------------


---------- Date: 2026-03-31 08:01:27 ~ IP : 185.179.188.62 ----------
REQUEST URI : /index.php?route=module/popupcart_extended
MOD DETAILS:
   modFile   : /home/canmotalka/web/can-motalka.ru/public_html/vqmod/xml/lightning.xml
   id        : OpenCart Lightning
   version   : 3.37
   vqmver    : 
   author    : MaxD http://devs.mx

File Name    : system/library/cache.php(0)
VQModObject::applyMod - SEARCH NOT FOUND (SKIPPED): if (is_file(DIR_SYSTEM . 'library/journal3/vendor/SuperCache

----------------------------------------------------------------------


---------- Date: 2026-03-31 08:02:06 ~ IP : 185.179.188.62 ----------
REQUEST URI : /posle-podmotki-menyaetsya-zapas-hoda
MOD DETAILS:
   modFile   : /home/canmotalka/web/can-motalka.ru/public_html/vqmod/xml/lightning.xml
   id        : OpenCart Lightning
   version   : 3.37
   vqmver    : 
   author    : MaxD http://devs.mx

File Name    : system/library/cache.php(0)
VQModObject::applyMod - SEARCH NOT FOUND (SKIPPED): if (is_file(DIR_SYSTEM . 'library/journal3/vendor/SuperCache

----------------------------------------------------------------------


---------- Date: 2026-03-31 08:02:09 ~ IP : 185.179.188.62 ----------
REQUEST URI : /posle-podmotki-menyaetsya-zapas-hoda/
MOD DETAILS:
   modFile   : /home/canmotalka/web/can-motalka.ru/public_html/vqmod/xml/lightning.xml
   id        : OpenCart Lightning
   version   : 3.37
   vqmver    : 
   author    : MaxD http://devs.mx

File Name    : system/library/cache.php(0)
VQModObject::applyMod - SEARCH NOT FOUND (SKIPPED): if (is_file(DIR_SYSTEM . 'library/journal3/vendor/SuperCache

----------------------------------------------------------------------


---------- Date: 2026-03-31 08:07:47 ~ IP : 185.179.188.62 ----------
REQUEST URI : /setting_php/super-jevitra/720-analog-nabora-lovelas-talnah/
MOD DETAILS:
   modFile   : /home/canmotalka/web/can-motalka.ru/public_html/vqmod/xml/lightning.xml
   id        : OpenCart Lightning
   version   : 3.37
   vqmver    : 
   author    : MaxD http://devs.mx

File Name    : system/library/cache.php(0)
VQModObject::applyMod - SEARCH NOT FOUND (SKIPPED): if (is_file(DIR_SYSTEM . 'library/journal3/vendor/SuperCache

----------------------------------------------------------------------


---------- Date: 2026-03-31 08:08:03 ~ IP : 185.179.188.62 ----------
REQUEST URI : /namotchik-probega-dlya-audi-q5/
MOD DETAILS:
   modFile   : /home/canmotalka/web/can-motalka.ru/public_html/vqmod/xml/lightning.xml
   id        : OpenCart Lightning
   version   : 3.37
   vqmver    : 
   author    : MaxD http://devs.mx

File Name    : system/library/cache.php(0)
VQModObject::applyMod - SEARCH NOT FOUND (SKIPPED): if (is_file(DIR_SYSTEM . 'library/journal3/vendor/SuperCache

----------------------------------------------------------------------


---------- Date: 2026-03-31 08:08:12 ~ IP : 185.179.188.62 ----------
REQUEST URI : /index.php?route=product/product/review&amp;product_id=237
MOD DETAILS:
   modFile   : /home/canmotalka/web/can-motalka.ru/public_html/vqmod/xml/lightning.xml
   id        : OpenCart Lightning
   version   : 3.37
   vqmver    : 
   author    : MaxD http://devs.mx

File Name    : system/library/cache.php(0)
VQModObject::applyMod - SEARCH NOT FOUND (SKIPPED): if (is_file(DIR_SYSTEM . 'library/journal3/vendor/SuperCache

----------------------------------------------------------------------


---------- Date: 2026-03-31 08:08:13 ~ IP : 185.179.188.62 ----------
REQUEST URI : /index.php?route=module/popupcart_extended
MOD DETAILS:
   modFile   : /home/canmotalka/web/can-motalka.ru/public_html/vqmod/xml/lightning.xml
   id        : OpenCart Lightning
   version   : 3.37
   vqmver    : 
   author    : MaxD http://devs.mx

File Name    : system/library/cache.php(0)
VQModObject::applyMod - SEARCH NOT FOUND (SKIPPED): if (is_file(DIR_SYSTEM . 'library/journal3/vendor/SuperCache

----------------------------------------------------------------------


---------- Date: 2026-03-31 08:13:01 ~ IP : 185.179.188.62 ----------
REQUEST URI : /tranzit_video_manual/
MOD DETAILS:
   modFile   : /home/canmotalka/web/can-motalka.ru/public_html/vqmod/xml/lightning.xml
   id        : OpenCart Lightning
   version   : 3.37
   vqmver    : 
   author    : MaxD http://devs.mx

File Name    : system/library/cache.php(0)
VQModObject::applyMod - SEARCH NOT FOUND (SKIPPED): if (is_file(DIR_SYSTEM . 'library/journal3/vendor/SuperCache

----------------------------------------------------------------------


---------- Date: 2026-03-31 08:13:20 ~ IP : 185.179.188.62 ----------
REQUEST URI : /namotchik-probega-dlya-audi-a8/
MOD DETAILS:
   modFile   : /home/canmotalka/web/can-motalka.ru/public_html/vqmod/xml/lightning.xml
   id        : OpenCart Lightning
   version   : 3.37
   vqmver    : 
   author    : MaxD http://devs.mx

File Name    : system/library/cache.php(0)
VQModObject::applyMod - SEARCH NOT FOUND (SKIPPED): if (is_file(DIR_SYSTEM . 'library/journal3/vendor/SuperCache

----------------------------------------------------------------------


---------- Date: 2026-03-31 08:13:23 ~ IP : 185.179.188.62 ----------
REQUEST URI : /index.php?route=product/product/review&amp;product_id=235
MOD DETAILS:
   modFile   : /home/canmotalka/web/can-motalka.ru/public_html/vqmod/xml/lightning.xml
   id        : OpenCart Lightning
   version   : 3.37
   vqmver    : 
   author    : MaxD http://devs.mx

File Name    : system/library/cache.php(0)
VQModObject::applyMod - SEARCH NOT FOUND (SKIPPED): if (is_file(DIR_SYSTEM . 'library/journal3/vendor/SuperCache

----------------------------------------------------------------------


---------- Date: 2026-03-31 08:13:25 ~ IP : 185.179.188.62 ----------
REQUEST URI : /index.php?route=module/popupcart_extended
MOD DETAILS:
   modFile   : /home/canmotalka/web/can-motalka.ru/public_html/vqmod/xml/lightning.xml
   id        : OpenCart Lightning
   version   : 3.37
   vqmver    : 
   author    : MaxD http://devs.mx

File Name    : system/library/cache.php(0)
VQModObject::applyMod - SEARCH NOT FOUND (SKIPPED): if (is_file(DIR_SYSTEM . 'library/journal3/vendor/SuperCache

----------------------------------------------------------------------


---------- Date: 2026-03-31 08:18:06 ~ IP : 185.179.188.62 ----------
REQUEST URI : /manuals/
MOD DETAILS:
   modFile   : /home/canmotalka/web/can-motalka.ru/public_html/vqmod/xml/lightning.xml
   id        : OpenCart Lightning
   version   : 3.37
   vqmver    : 
   author    : MaxD http://devs.mx

File Name    : system/library/cache.php(0)
VQModObject::applyMod - SEARCH NOT FOUND (SKIPPED): if (is_file(DIR_SYSTEM . 'library/journal3/vendor/SuperCache

----------------------------------------------------------------------


---------- Date: 2026-03-31 08:18:07 ~ IP : 185.179.188.62 ----------
REQUEST URI : /index.php?route=module/popupcart_extended
MOD DETAILS:
   modFile   : /home/canmotalka/web/can-motalka.ru/public_html/vqmod/xml/lightning.xml
   id        : OpenCart Lightning
   version   : 3.37
   vqmver    : 
   author    : MaxD http://devs.mx

File Name    : system/library/cache.php(0)
VQModObject::applyMod - SEARCH NOT FOUND (SKIPPED): if (is_file(DIR_SYSTEM . 'library/journal3/vendor/SuperCache

----------------------------------------------------------------------


---------- Date: 2026-03-31 08:18:24 ~ IP : 185.179.188.62 ----------
REQUEST URI : /instrukciya-podmotka-niva-travel-chevrolet/
MOD DETAILS:
   modFile   : /home/canmotalka/web/can-motalka.ru/public_html/vqmod/xml/lightning.xml
   id        : OpenCart Lightning
   version   : 3.37
   vqmver    : 
   author    : MaxD http://devs.mx

File Name    : system/library/cache.php(0)
VQModObject::applyMod - SEARCH NOT FOUND (SKIPPED): if (is_file(DIR_SYSTEM . 'library/journal3/vendor/SuperCache

----------------------------------------------------------------------


---------- Date: 2026-03-31 08:18:39 ~ IP : 185.179.188.62 ----------
REQUEST URI : /.well-known/traffic-advice
MOD DETAILS:
   modFile   : /home/canmotalka/web/can-motalka.ru/public_html/vqmod/xml/lightning.xml
   id        : OpenCart Lightning
   version   : 3.37
   vqmver    : 
   author    : MaxD http://devs.mx

File Name    : system/library/cache.php(0)
VQModObject::applyMod - SEARCH NOT FOUND (SKIPPED): if (is_file(DIR_SYSTEM . 'library/journal3/vendor/SuperCache

----------------------------------------------------------------------


---------- Date: 2026-03-31 08:18:40 ~ IP : 185.179.188.62 ----------
REQUEST URI : /podmotka-spidometra-toyota-rav4/
MOD DETAILS:
   modFile   : /home/canmotalka/web/can-motalka.ru/public_html/vqmod/xml/lightning.xml
   id        : OpenCart Lightning
   version   : 3.37
   vqmver    : 
   author    : MaxD http://devs.mx

File Name    : system/library/cache.php(0)
VQModObject::applyMod - SEARCH NOT FOUND (SKIPPED): if (is_file(DIR_SYSTEM . 'library/journal3/vendor/SuperCache

----------------------------------------------------------------------


---------- Date: 2026-03-31 08:18:51 ~ IP : 185.179.188.62 ----------
REQUEST URI : /podmotka-spidometra-toyota-rav4/
MOD DETAILS:
   modFile   : /home/canmotalka/web/can-motalka.ru/public_html/vqmod/xml/lightning.xml
   id        : OpenCart Lightning
   version   : 3.37
   vqmver    : 
   author    : MaxD http://devs.mx

File Name    : system/library/cache.php(0)
VQModObject::applyMod - SEARCH NOT FOUND (SKIPPED): if (is_file(DIR_SYSTEM . 'library/journal3/vendor/SuperCache

----------------------------------------------------------------------


---------- Date: 2026-03-31 08:19:31 ~ IP : 185.179.188.62 ----------
REQUEST URI : /patriot_re/
MOD DETAILS:
   modFile   : /home/canmotalka/web/can-motalka.ru/public_html/vqmod/xml/lightning.xml
   id        : OpenCart Lightning
   version   : 3.37
   vqmver    : 
   author    : MaxD http://devs.mx

File Name    : system/library/cache.php(0)
VQModObject::applyMod - SEARCH NOT FOUND (SKIPPED): if (is_file(DIR_SYSTEM . 'library/journal3/vendor/SuperCache

----------------------------------------------------------------------


---------- Date: 2026-03-31 08:19:52 ~ IP : 185.179.188.62 ----------
REQUEST URI : /manuals/?page=2
MOD DETAILS:
   modFile   : /home/canmotalka/web/can-motalka.ru/public_html/vqmod/xml/lightning.xml
   id        : OpenCart Lightning
   version   : 3.37
   vqmver    : 
   author    : MaxD http://devs.mx

File Name    : system/library/cache.php(0)
VQModObject::applyMod - SEARCH NOT FOUND (SKIPPED): if (is_file(DIR_SYSTEM . 'library/journal3/vendor/SuperCache

----------------------------------------------------------------------


---------- Date: 2026-03-31 08:20:19 ~ IP : 185.179.188.62 ----------
REQUEST URI : /patriot_re/
MOD DETAILS:
   modFile   : /home/canmotalka/web/can-motalka.ru/public_html/vqmod/xml/lightning.xml
   id        : OpenCart Lightning
   version   : 3.37
   vqmver    : 
   author    : MaxD http://devs.mx

File Name    : system/library/cache.php(0)
VQModObject::applyMod - SEARCH NOT FOUND (SKIPPED): if (is_file(DIR_SYSTEM . 'library/journal3/vendor/SuperCache

----------------------------------------------------------------------


---------- Date: 2026-03-31 08:20:20 ~ IP : 185.179.188.62 ----------
REQUEST URI : /index.php?route=module/popupcart_extended
MOD DETAILS:
   modFile   : /home/canmotalka/web/can-motalka.ru/public_html/vqmod/xml/lightning.xml
   id        : OpenCart Lightning
   version   : 3.37
   vqmver    : 
   author    : MaxD http://devs.mx

File Name    : system/library/cache.php(0)
VQModObject::applyMod - SEARCH NOT FOUND (SKIPPED): if (is_file(DIR_SYSTEM . 'library/journal3/vendor/SuperCache

----------------------------------------------------------------------


---------- Date: 2026-03-31 08:20:23 ~ IP : 185.179.188.62 ----------
REQUEST URI : /index.php?route=common/footer/click_counter
MOD DETAILS:
   modFile   : /home/canmotalka/web/can-motalka.ru/public_html/vqmod/xml/lightning.xml
   id        : OpenCart Lightning
   version   : 3.37
   vqmver    : 
   author    : MaxD http://devs.mx

File Name    : system/library/cache.php(0)
VQModObject::applyMod - SEARCH NOT FOUND (SKIPPED): if (is_file(DIR_SYSTEM . 'library/journal3/vendor/SuperCache

----------------------------------------------------------------------


---------- Date: 2026-03-31 08:20:31 ~ IP : 185.179.188.62 ----------
REQUEST URI : /index.php?route=module/popupcart_extended
MOD DETAILS:
   modFile   : /home/canmotalka/web/can-motalka.ru/public_html/vqmod/xml/lightning.xml
   id        : OpenCart Lightning
   version   : 3.37
   vqmver    : 
   author    : MaxD http://devs.mx

File Name    : system/library/cache.php(0)
VQModObject::applyMod - SEARCH NOT FOUND (SKIPPED): if (is_file(DIR_SYSTEM . 'library/journal3/vendor/SuperCache

----------------------------------------------------------------------


---------- Date: 2026-03-31 08:24:40 ~ IP : 185.179.188.62 ----------
REQUEST URI : /podmotka-spidometra-podoidet-li-razyom/
MOD DETAILS:
   modFile   : /home/canmotalka/web/can-motalka.ru/public_html/vqmod/xml/lightning.xml
   id        : OpenCart Lightning
   version   : 3.37
   vqmver    : 
   author    : MaxD http://devs.mx

File Name    : system/library/cache.php(0)
VQModObject::applyMod - SEARCH NOT FOUND (SKIPPED): if (is_file(DIR_SYSTEM . 'library/journal3/vendor/SuperCache

----------------------------------------------------------------------


---------- Date: 2026-03-31 08:25:51 ~ IP : 185.179.188.62 ----------
REQUEST URI : /manuals/
MOD DETAILS:
   modFile   : /home/canmotalka/web/can-motalka.ru/public_html/vqmod/xml/lightning.xml
   id        : OpenCart Lightning
   version   : 3.37
   vqmver    : 
   author    : MaxD http://devs.mx

File Name    : system/library/cache.php(0)
VQModObject::applyMod - SEARCH NOT FOUND (SKIPPED): if (is_file(DIR_SYSTEM . 'library/journal3/vendor/SuperCache

----------------------------------------------------------------------


---------- Date: 2026-03-31 08:28:24 ~ IP : 185.179.188.62 ----------
REQUEST URI : /podmotka-spidometra-dlya-lada-granta-bez-abs-bezlimitnaya/
MOD DETAILS:
   modFile   : /home/canmotalka/web/can-motalka.ru/public_html/vqmod/xml/lightning.xml
   id        : OpenCart Lightning
   version   : 3.37
   vqmver    : 
   author    : MaxD http://devs.mx

File Name    : system/library/cache.php(0)
VQModObject::applyMod - SEARCH NOT FOUND (SKIPPED): if (is_file(DIR_SYSTEM . 'library/journal3/vendor/SuperCache

----------------------------------------------------------------------


---------- Date: 2026-03-31 08:28:49 ~ IP : 185.179.188.62 ----------
REQUEST URI : /instrukciya-podmotka-kamaz/
MOD DETAILS:
   modFile   : /home/canmotalka/web/can-motalka.ru/public_html/vqmod/xml/lightning.xml
   id        : OpenCart Lightning
   version   : 3.37
   vqmver    : 
   author    : MaxD http://devs.mx

File Name    : system/library/cache.php(0)
VQModObject::applyMod - SEARCH NOT FOUND (SKIPPED): if (is_file(DIR_SYSTEM . 'library/journal3/vendor/SuperCache

----------------------------------------------------------------------


---------- Date: 2026-03-31 08:29:16 ~ IP : 185.179.188.62 ----------
REQUEST URI : /podmotka-spidometra-mitsubishi-outlander/
MOD DETAILS:
   modFile   : /home/canmotalka/web/can-motalka.ru/public_html/vqmod/xml/lightning.xml
   id        : OpenCart Lightning
   version   : 3.37
   vqmver    : 
   author    : MaxD http://devs.mx

File Name    : system/library/cache.php(0)
VQModObject::applyMod - SEARCH NOT FOUND (SKIPPED): if (is_file(DIR_SYSTEM . 'library/journal3/vendor/SuperCache

----------------------------------------------------------------------


---------- Date: 2026-03-31 08:30:23 ~ IP : 185.179.188.62 ----------
REQUEST URI : /podmotka-spidometra-gazon-nekst/?ysclid=mne6hfy49h198938580
MOD DETAILS:
   modFile   : /home/canmotalka/web/can-motalka.ru/public_html/vqmod/xml/lightning.xml
   id        : OpenCart Lightning
   version   : 3.37
   vqmver    : 
   author    : MaxD http://devs.mx

File Name    : system/library/cache.php(0)
VQModObject::applyMod - SEARCH NOT FOUND (SKIPPED): if (is_file(DIR_SYSTEM . 'library/journal3/vendor/SuperCache

----------------------------------------------------------------------


---------- Date: 2026-03-31 08:30:23 ~ IP : 185.179.188.62 ----------
REQUEST URI : /podmotka-spidometra-gazon-nekst/
MOD DETAILS:
   modFile   : /home/canmotalka/web/can-motalka.ru/public_html/vqmod/xml/lightning.xml
   id        : OpenCart Lightning
   version   : 3.37
   vqmver    : 
   author    : MaxD http://devs.mx

File Name    : system/library/cache.php(0)
VQModObject::applyMod - SEARCH NOT FOUND (SKIPPED): if (is_file(DIR_SYSTEM . 'library/journal3/vendor/SuperCache

----------------------------------------------------------------------


---------- Date: 2026-03-31 08:30:24 ~ IP : 185.179.188.62 ----------
REQUEST URI : /index.php?route=product/product/review&amp;product_id=275
MOD DETAILS:
   modFile   : /home/canmotalka/web/can-motalka.ru/public_html/vqmod/xml/lightning.xml
   id        : OpenCart Lightning
   version   : 3.37
   vqmver    : 
   author    : MaxD http://devs.mx

File Name    : system/library/cache.php(0)
VQModObject::applyMod - SEARCH NOT FOUND (SKIPPED): if (is_file(DIR_SYSTEM . 'library/journal3/vendor/SuperCache

----------------------------------------------------------------------


---------- Date: 2026-03-31 08:30:24 ~ IP : 185.179.188.62 ----------
REQUEST URI : /index.php?route=module/popupcart_extended
MOD DETAILS:
   modFile   : /home/canmotalka/web/can-motalka.ru/public_html/vqmod/xml/lightning.xml
   id        : OpenCart Lightning
   version   : 3.37
   vqmver    : 
   author    : MaxD http://devs.mx

File Name    : system/library/cache.php(0)
VQModObject::applyMod - SEARCH NOT FOUND (SKIPPED): if (is_file(DIR_SYSTEM . 'library/journal3/vendor/SuperCache

----------------------------------------------------------------------


---------- Date: 2026-03-31 08:33:35 ~ IP : 185.179.188.62 ----------
REQUEST URI : /podmotka-spidometra-kia-sorento/?ysclid=mne6ll3kwz533254909
MOD DETAILS:
   modFile   : /home/canmotalka/web/can-motalka.ru/public_html/vqmod/xml/lightning.xml
   id        : OpenCart Lightning
   version   : 3.37
   vqmver    : 
   author    : MaxD http://devs.mx

File Name    : system/library/cache.php(0)
VQModObject::applyMod - SEARCH NOT FOUND (SKIPPED): if (is_file(DIR_SYSTEM . 'library/journal3/vendor/SuperCache

----------------------------------------------------------------------


---------- Date: 2026-03-31 08:33:36 ~ IP : 185.179.188.62 ----------
REQUEST URI : /podmotka-spidometra-kia-sorento/
MOD DETAILS:
   modFile   : /home/canmotalka/web/can-motalka.ru/public_html/vqmod/xml/lightning.xml
   id        : OpenCart Lightning
   version   : 3.37
   vqmver    : 
   author    : MaxD http://devs.mx

File Name    : system/library/cache.php(0)
VQModObject::applyMod - SEARCH NOT FOUND (SKIPPED): if (is_file(DIR_SYSTEM . 'library/journal3/vendor/SuperCache

----------------------------------------------------------------------


---------- Date: 2026-03-31 08:33:37 ~ IP : 185.179.188.62 ----------
REQUEST URI : /index.php?route=product/product/review&amp;product_id=70
MOD DETAILS:
   modFile   : /home/canmotalka/web/can-motalka.ru/public_html/vqmod/xml/lightning.xml
   id        : OpenCart Lightning
   version   : 3.37
   vqmver    : 
   author    : MaxD http://devs.mx

File Name    : system/library/cache.php(0)
VQModObject::applyMod - SEARCH NOT FOUND (SKIPPED): if (is_file(DIR_SYSTEM . 'library/journal3/vendor/SuperCache

----------------------------------------------------------------------


---------- Date: 2026-03-31 08:33:37 ~ IP : 185.179.188.62 ----------
REQUEST URI : /index.php?route=module/popupcart_extended
MOD DETAILS:
   modFile   : /home/canmotalka/web/can-motalka.ru/public_html/vqmod/xml/lightning.xml
   id        : OpenCart Lightning
   version   : 3.37
   vqmver    : 
   author    : MaxD http://devs.mx

File Name    : system/library/cache.php(0)
VQModObject::applyMod - SEARCH NOT FOUND (SKIPPED): if (is_file(DIR_SYSTEM . 'library/journal3/vendor/SuperCache

----------------------------------------------------------------------


---------- Date: 2026-03-31 08:36:21 ~ IP : 185.179.188.62 ----------
REQUEST URI : /podmotka_spidometra/
MOD DETAILS:
   modFile   : /home/canmotalka/web/can-motalka.ru/public_html/vqmod/xml/lightning.xml
   id        : OpenCart Lightning
   version   : 3.37
   vqmver    : 
   author    : MaxD http://devs.mx

File Name    : system/library/cache.php(0)
VQModObject::applyMod - SEARCH NOT FOUND (SKIPPED): if (is_file(DIR_SYSTEM . 'library/journal3/vendor/SuperCache

----------------------------------------------------------------------


---------- Date: 2026-03-31 08:36:22 ~ IP : 185.179.188.62 ----------
REQUEST URI : /index.php?route=module/popupcart_extended
MOD DETAILS:
   modFile   : /home/canmotalka/web/can-motalka.ru/public_html/vqmod/xml/lightning.xml
   id        : OpenCart Lightning
   version   : 3.37
   vqmver    : 
   author    : MaxD http://devs.mx

File Name    : system/library/cache.php(0)
VQModObject::applyMod - SEARCH NOT FOUND (SKIPPED): if (is_file(DIR_SYSTEM . 'library/journal3/vendor/SuperCache

----------------------------------------------------------------------


---------- Date: 2026-03-31 08:37:40 ~ IP : 185.179.188.62 ----------
REQUEST URI : /podmotka-spidometra-kia-sorento/?ysclid=mne6qts5z1486020177
MOD DETAILS:
   modFile   : /home/canmotalka/web/can-motalka.ru/public_html/vqmod/xml/lightning.xml
   id        : OpenCart Lightning
   version   : 3.37
   vqmver    : 
   author    : MaxD http://devs.mx

File Name    : system/library/cache.php(0)
VQModObject::applyMod - SEARCH NOT FOUND (SKIPPED): if (is_file(DIR_SYSTEM . 'library/journal3/vendor/SuperCache

----------------------------------------------------------------------


---------- Date: 2026-03-31 08:37:40 ~ IP : 185.179.188.62 ----------
REQUEST URI : /podmotka-spidometra-kia-sorento/
MOD DETAILS:
   modFile   : /home/canmotalka/web/can-motalka.ru/public_html/vqmod/xml/lightning.xml
   id        : OpenCart Lightning
   version   : 3.37
   vqmver    : 
   author    : MaxD http://devs.mx

File Name    : system/library/cache.php(0)
VQModObject::applyMod - SEARCH NOT FOUND (SKIPPED): if (is_file(DIR_SYSTEM . 'library/journal3/vendor/SuperCache

----------------------------------------------------------------------


---------- Date: 2026-03-31 08:37:41 ~ IP : 185.179.188.62 ----------
REQUEST URI : /index.php?route=product/product/review&amp;product_id=70
MOD DETAILS:
   modFile   : /home/canmotalka/web/can-motalka.ru/public_html/vqmod/xml/lightning.xml
   id        : OpenCart Lightning
   version   : 3.37
   vqmver    : 
   author    : MaxD http://devs.mx

File Name    : system/library/cache.php(0)
VQModObject::applyMod - SEARCH NOT FOUND (SKIPPED): if (is_file(DIR_SYSTEM . 'library/journal3/vendor/SuperCache

----------------------------------------------------------------------


---------- Date: 2026-03-31 08:38:03 ~ IP : 185.179.188.62 ----------
REQUEST URI : /podmotka-spidometra-kia-sorento/
MOD DETAILS:
   modFile   : /home/canmotalka/web/can-motalka.ru/public_html/vqmod/xml/lightning.xml
   id        : OpenCart Lightning
   version   : 3.37
   vqmver    : 
   author    : MaxD http://devs.mx

File Name    : system/library/cache.php(0)
VQModObject::applyMod - SEARCH NOT FOUND (SKIPPED): if (is_file(DIR_SYSTEM . 'library/journal3/vendor/SuperCache

----------------------------------------------------------------------


---------- Date: 2026-03-31 08:38:03 ~ IP : 185.179.188.62 ----------
REQUEST URI : /podmotka-spidometra-kia-sorento/
MOD DETAILS:
   modFile   : /home/canmotalka/web/can-motalka.ru/public_html/vqmod/xml/lightning.xml
   id        : OpenCart Lightning
   version   : 3.37
   vqmver    : 
   author    : MaxD http://devs.mx

File Name    : system/library/cache.php(0)
VQModObject::applyMod - SEARCH NOT FOUND (SKIPPED): if (is_file(DIR_SYSTEM . 'library/journal3/vendor/SuperCache

----------------------------------------------------------------------


---------- Date: 2026-03-31 08:40:48 ~ IP : 185.179.188.62 ----------
REQUEST URI : /podmotka-spidometra-gazon-nekst/
MOD DETAILS:
   modFile   : /home/canmotalka/web/can-motalka.ru/public_html/vqmod/xml/lightning.xml
   id        : OpenCart Lightning
   version   : 3.37
   vqmver    : 
   author    : MaxD http://devs.mx

File Name    : system/library/cache.php(0)
VQModObject::applyMod - SEARCH NOT FOUND (SKIPPED): if (is_file(DIR_SYSTEM . 'library/journal3/vendor/SuperCache

----------------------------------------------------------------------


---------- Date: 2026-03-31 08:40:48 ~ IP : 185.179.188.62 ----------
REQUEST URI : /index.php?route=product/product/review&amp;product_id=275
MOD DETAILS:
   modFile   : /home/canmotalka/web/can-motalka.ru/public_html/vqmod/xml/lightning.xml
   id        : OpenCart Lightning
   version   : 3.37
   vqmver    : 
   author    : MaxD http://devs.mx

File Name    : system/library/cache.php(0)
VQModObject::applyMod - SEARCH NOT FOUND (SKIPPED): if (is_file(DIR_SYSTEM . 'library/journal3/vendor/SuperCache

----------------------------------------------------------------------


---------- Date: 2026-03-31 08:40:48 ~ IP : 185.179.188.62 ----------
REQUEST URI : /index.php?route=module/popupcart_extended
MOD DETAILS:
   modFile   : /home/canmotalka/web/can-motalka.ru/public_html/vqmod/xml/lightning.xml
   id        : OpenCart Lightning
   version   : 3.37
   vqmver    : 
   author    : MaxD http://devs.mx

File Name    : system/library/cache.php(0)
VQModObject::applyMod - SEARCH NOT FOUND (SKIPPED): if (is_file(DIR_SYSTEM . 'library/journal3/vendor/SuperCache

----------------------------------------------------------------------


---------- Date: 2026-03-31 08:41:33 ~ IP : 185.179.188.62 ----------
REQUEST URI : /podmotka-spidometra-niva-travel/
MOD DETAILS:
   modFile   : /home/canmotalka/web/can-motalka.ru/public_html/vqmod/xml/lightning.xml
   id        : OpenCart Lightning
   version   : 3.37
   vqmver    : 
   author    : MaxD http://devs.mx

File Name    : system/library/cache.php(0)
VQModObject::applyMod - SEARCH NOT FOUND (SKIPPED): if (is_file(DIR_SYSTEM . 'library/journal3/vendor/SuperCache

----------------------------------------------------------------------


---------- Date: 2026-03-31 08:41:34 ~ IP : 185.179.188.62 ----------
REQUEST URI : /index.php?route=product/product/review&amp;product_id=291
MOD DETAILS:
   modFile   : /home/canmotalka/web/can-motalka.ru/public_html/vqmod/xml/lightning.xml
   id        : OpenCart Lightning
   version   : 3.37
   vqmver    : 
   author    : MaxD http://devs.mx

File Name    : system/library/cache.php(0)
VQModObject::applyMod - SEARCH NOT FOUND (SKIPPED): if (is_file(DIR_SYSTEM . 'library/journal3/vendor/SuperCache

----------------------------------------------------------------------


---------- Date: 2026-03-31 08:41:34 ~ IP : 185.179.188.62 ----------
REQUEST URI : /index.php?route=module/popupcart_extended
MOD DETAILS:
   modFile   : /home/canmotalka/web/can-motalka.ru/public_html/vqmod/xml/lightning.xml
   id        : OpenCart Lightning
   version   : 3.37
   vqmver    : 
   author    : MaxD http://devs.mx

File Name    : system/library/cache.php(0)
VQModObject::applyMod - SEARCH NOT FOUND (SKIPPED): if (is_file(DIR_SYSTEM . 'library/journal3/vendor/SuperCache

----------------------------------------------------------------------


---------- Date: 2026-03-31 08:42:43 ~ IP : 185.179.188.62 ----------
REQUEST URI : /instrukciya-dlya-ford-tranzit/?ysclid=mne6xbvsnq908021973
MOD DETAILS:
   modFile   : /home/canmotalka/web/can-motalka.ru/public_html/vqmod/xml/lightning.xml
   id        : OpenCart Lightning
   version   : 3.37
   vqmver    : 
   author    : MaxD http://devs.mx

File Name    : system/library/cache.php(0)
VQModObject::applyMod - SEARCH NOT FOUND (SKIPPED): if (is_file(DIR_SYSTEM . 'library/journal3/vendor/SuperCache

----------------------------------------------------------------------


---------- Date: 2026-03-31 08:42:43 ~ IP : 185.179.188.62 ----------
REQUEST URI : /instrukciya-dlya-ford-tranzit/
MOD DETAILS:
   modFile   : /home/canmotalka/web/can-motalka.ru/public_html/vqmod/xml/lightning.xml
   id        : OpenCart Lightning
   version   : 3.37
   vqmver    : 
   author    : MaxD http://devs.mx

File Name    : system/library/cache.php(0)
VQModObject::applyMod - SEARCH NOT FOUND (SKIPPED): if (is_file(DIR_SYSTEM . 'library/journal3/vendor/SuperCache

----------------------------------------------------------------------


---------- Date: 2026-03-31 08:42:45 ~ IP : 185.179.188.62 ----------
REQUEST URI : /index.php?route=module/popupcart_extended
MOD DETAILS:
   modFile   : /home/canmotalka/web/can-motalka.ru/public_html/vqmod/xml/lightning.xml
   id        : OpenCart Lightning
   version   : 3.37
   vqmver    : 
   author    : MaxD http://devs.mx

File Name    : system/library/cache.php(0)
VQModObject::applyMod - SEARCH NOT FOUND (SKIPPED): if (is_file(DIR_SYSTEM . 'library/journal3/vendor/SuperCache

----------------------------------------------------------------------


---------- Date: 2026-03-31 08:44:23 ~ IP : 185.179.188.62 ----------
REQUEST URI : /podmotka-spidometra-kia-sorento/
MOD DETAILS:
   modFile   : /home/canmotalka/web/can-motalka.ru/public_html/vqmod/xml/lightning.xml
   id        : OpenCart Lightning
   version   : 3.37
   vqmver    : 
   author    : MaxD http://devs.mx

File Name    : system/library/cache.php(0)
VQModObject::applyMod - SEARCH NOT FOUND (SKIPPED): if (is_file(DIR_SYSTEM . 'library/journal3/vendor/SuperCache

----------------------------------------------------------------------


---------- Date: 2026-03-31 08:44:58 ~ IP : 185.179.188.62 ----------
REQUEST URI : /instrukciya-dlya-podmotki-lada-niva/?ysclid=mne7083xl110317196
MOD DETAILS:
   modFile   : /home/canmotalka/web/can-motalka.ru/public_html/vqmod/xml/lightning.xml
   id        : OpenCart Lightning
   version   : 3.37
   vqmver    : 
   author    : MaxD http://devs.mx

File Name    : system/library/cache.php(0)
VQModObject::applyMod - SEARCH NOT FOUND (SKIPPED): if (is_file(DIR_SYSTEM . 'library/journal3/vendor/SuperCache

----------------------------------------------------------------------


---------- Date: 2026-03-31 08:44:59 ~ IP : 185.179.188.62 ----------
REQUEST URI : /instrukciya-dlya-podmotki-lada-niva/
MOD DETAILS:
   modFile   : /home/canmotalka/web/can-motalka.ru/public_html/vqmod/xml/lightning.xml
   id        : OpenCart Lightning
   version   : 3.37
   vqmver    : 
   author    : MaxD http://devs.mx

File Name    : system/library/cache.php(0)
VQModObject::applyMod - SEARCH NOT FOUND (SKIPPED): if (is_file(DIR_SYSTEM . 'library/journal3/vendor/SuperCache

----------------------------------------------------------------------


---------- Date: 2026-03-31 08:45:00 ~ IP : 185.179.188.62 ----------
REQUEST URI : /index.php?route=module/popupcart_extended
MOD DETAILS:
   modFile   : /home/canmotalka/web/can-motalka.ru/public_html/vqmod/xml/lightning.xml
   id        : OpenCart Lightning
   version   : 3.37
   vqmver    : 
   author    : MaxD http://devs.mx

File Name    : system/library/cache.php(0)
VQModObject::applyMod - SEARCH NOT FOUND (SKIPPED): if (is_file(DIR_SYSTEM . 'library/journal3/vendor/SuperCache

----------------------------------------------------------------------


---------- Date: 2026-03-31 08:45:45 ~ IP : 185.179.188.62 ----------
REQUEST URI : /podmotka-spidometra-kia-sorento/
MOD DETAILS:
   modFile   : /home/canmotalka/web/can-motalka.ru/public_html/vqmod/xml/lightning.xml
   id        : OpenCart Lightning
   version   : 3.37
   vqmver    : 
   author    : MaxD http://devs.mx

File Name    : system/library/cache.php(0)
VQModObject::applyMod - SEARCH NOT FOUND (SKIPPED): if (is_file(DIR_SYSTEM . 'library/journal3/vendor/SuperCache

----------------------------------------------------------------------


---------- Date: 2026-03-31 08:45:46 ~ IP : 185.179.188.62 ----------
REQUEST URI : /index.php?route=product/product/review&amp;product_id=70
MOD DETAILS:
   modFile   : /home/canmotalka/web/can-motalka.ru/public_html/vqmod/xml/lightning.xml
   id        : OpenCart Lightning
   version   : 3.37
   vqmver    : 
   author    : MaxD http://devs.mx

File Name    : system/library/cache.php(0)
VQModObject::applyMod - SEARCH NOT FOUND (SKIPPED): if (is_file(DIR_SYSTEM . 'library/journal3/vendor/SuperCache

----------------------------------------------------------------------


---------- Date: 2026-03-31 08:45:46 ~ IP : 185.179.188.62 ----------
REQUEST URI : /index.php?route=module/popupcart_extended
MOD DETAILS:
   modFile   : /home/canmotalka/web/can-motalka.ru/public_html/vqmod/xml/lightning.xml
   id        : OpenCart Lightning
   version   : 3.37
   vqmver    : 
   author    : MaxD http://devs.mx

File Name    : system/library/cache.php(0)
VQModObject::applyMod - SEARCH NOT FOUND (SKIPPED): if (is_file(DIR_SYSTEM . 'library/journal3/vendor/SuperCache

----------------------------------------------------------------------


---------- Date: 2026-03-31 08:47:06 ~ IP : 185.179.188.62 ----------
REQUEST URI : /podmotka-spidometra-kia-optima-bezlimitnaya/
MOD DETAILS:
   modFile   : /home/canmotalka/web/can-motalka.ru/public_html/vqmod/xml/lightning.xml
   id        : OpenCart Lightning
   version   : 3.37
   vqmver    : 
   author    : MaxD http://devs.mx

File Name    : system/library/cache.php(0)
VQModObject::applyMod - SEARCH NOT FOUND (SKIPPED): if (is_file(DIR_SYSTEM . 'library/journal3/vendor/SuperCache

----------------------------------------------------------------------


---------- Date: 2026-03-31 08:47:08 ~ IP : 185.179.188.62 ----------
REQUEST URI : /index.php?route=product/product/review&amp;product_id=68
MOD DETAILS:
   modFile   : /home/canmotalka/web/can-motalka.ru/public_html/vqmod/xml/lightning.xml
   id        : OpenCart Lightning
   version   : 3.37
   vqmver    : 
   author    : MaxD http://devs.mx

File Name    : system/library/cache.php(0)
VQModObject::applyMod - SEARCH NOT FOUND (SKIPPED): if (is_file(DIR_SYSTEM . 'library/journal3/vendor/SuperCache

----------------------------------------------------------------------


---------- Date: 2026-03-31 08:47:08 ~ IP : 185.179.188.62 ----------
REQUEST URI : /index.php?route=module/popupcart_extended
MOD DETAILS:
   modFile   : /home/canmotalka/web/can-motalka.ru/public_html/vqmod/xml/lightning.xml
   id        : OpenCart Lightning
   version   : 3.37
   vqmver    : 
   author    : MaxD http://devs.mx

File Name    : system/library/cache.php(0)
VQModObject::applyMod - SEARCH NOT FOUND (SKIPPED): if (is_file(DIR_SYSTEM . 'library/journal3/vendor/SuperCache

----------------------------------------------------------------------


---------- Date: 2026-03-31 08:49:59 ~ IP : 185.179.188.62 ----------
REQUEST URI : /podmotka-spidometra-kia-sorento4/
MOD DETAILS:
   modFile   : /home/canmotalka/web/can-motalka.ru/public_html/vqmod/xml/lightning.xml
   id        : OpenCart Lightning
   version   : 3.37
   vqmver    : 
   author    : MaxD http://devs.mx

File Name    : system/library/cache.php(0)
VQModObject::applyMod - SEARCH NOT FOUND (SKIPPED): if (is_file(DIR_SYSTEM . 'library/journal3/vendor/SuperCache

----------------------------------------------------------------------


---------- Date: 2026-03-31 08:50:00 ~ IP : 185.179.188.62 ----------
REQUEST URI : /index.php?route=product/product/review&amp;product_id=304
MOD DETAILS:
   modFile   : /home/canmotalka/web/can-motalka.ru/public_html/vqmod/xml/lightning.xml
   id        : OpenCart Lightning
   version   : 3.37
   vqmver    : 
   author    : MaxD http://devs.mx

File Name    : system/library/cache.php(0)
VQModObject::applyMod - SEARCH NOT FOUND (SKIPPED): if (is_file(DIR_SYSTEM . 'library/journal3/vendor/SuperCache

----------------------------------------------------------------------


---------- Date: 2026-03-31 08:50:29 ~ IP : 185.179.188.62 ----------
REQUEST URI : /podmotka-spidometra-shevrole-niva-abs-bezlimitnaya/
MOD DETAILS:
   modFile   : /home/canmotalka/web/can-motalka.ru/public_html/vqmod/xml/lightning.xml
   id        : OpenCart Lightning
   version   : 3.37
   vqmver    : 
   author    : MaxD http://devs.mx

File Name    : system/library/cache.php(0)
VQModObject::applyMod - SEARCH NOT FOUND (SKIPPED): if (is_file(DIR_SYSTEM . 'library/journal3/vendor/SuperCache

----------------------------------------------------------------------


---------- Date: 2026-03-31 08:50:30 ~ IP : 185.179.188.62 ----------
REQUEST URI : /index.php?route=product/product/review&amp;product_id=276
MOD DETAILS:
   modFile   : /home/canmotalka/web/can-motalka.ru/public_html/vqmod/xml/lightning.xml
   id        : OpenCart Lightning
   version   : 3.37
   vqmver    : 
   author    : MaxD http://devs.mx

File Name    : system/library/cache.php(0)
VQModObject::applyMod - SEARCH NOT FOUND (SKIPPED): if (is_file(DIR_SYSTEM . 'library/journal3/vendor/SuperCache

----------------------------------------------------------------------


---------- Date: 2026-03-31 08:50:30 ~ IP : 185.179.188.62 ----------
REQUEST URI : /index.php?route=module/popupcart_extended
MOD DETAILS:
   modFile   : /home/canmotalka/web/can-motalka.ru/public_html/vqmod/xml/lightning.xml
   id        : OpenCart Lightning
   version   : 3.37
   vqmver    : 
   author    : MaxD http://devs.mx

File Name    : system/library/cache.php(0)
VQModObject::applyMod - SEARCH NOT FOUND (SKIPPED): if (is_file(DIR_SYSTEM . 'library/journal3/vendor/SuperCache

----------------------------------------------------------------------


---------- Date: 2026-03-31 08:50:32 ~ IP : 185.179.188.62 ----------
REQUEST URI : /sitemap.xml
MOD DETAILS:
   modFile   : /home/canmotalka/web/can-motalka.ru/public_html/vqmod/xml/lightning.xml
   id        : OpenCart Lightning
   version   : 3.37
   vqmver    : 
   author    : MaxD http://devs.mx

File Name    : system/library/cache.php(0)
VQModObject::applyMod - SEARCH NOT FOUND (SKIPPED): if (is_file(DIR_SYSTEM . 'library/journal3/vendor/SuperCache

----------------------------------------------------------------------


---------- Date: 2026-03-31 08:51:53 ~ IP : 185.179.188.62 ----------
REQUEST URI : /instrukciya-dlya-ford-tranzit/?ysclid=mne6xbvsnq908021973
MOD DETAILS:
   modFile   : /home/canmotalka/web/can-motalka.ru/public_html/vqmod/xml/lightning.xml
   id        : OpenCart Lightning
   version   : 3.37
   vqmver    : 
   author    : MaxD http://devs.mx

File Name    : system/library/cache.php(0)
VQModObject::applyMod - SEARCH NOT FOUND (SKIPPED): if (is_file(DIR_SYSTEM . 'library/journal3/vendor/SuperCache

----------------------------------------------------------------------


---------- Date: 2026-03-31 08:52:13 ~ IP : 185.179.188.62 ----------
REQUEST URI : /index.php?route=common/footer/click_counter
MOD DETAILS:
   modFile   : /home/canmotalka/web/can-motalka.ru/public_html/vqmod/xml/lightning.xml
   id        : OpenCart Lightning
   version   : 3.37
   vqmver    : 
   author    : MaxD http://devs.mx

File Name    : system/library/cache.php(0)
VQModObject::applyMod - SEARCH NOT FOUND (SKIPPED): if (is_file(DIR_SYSTEM . 'library/journal3/vendor/SuperCache

----------------------------------------------------------------------


---------- Date: 2026-03-31 08:52:40 ~ IP : 185.179.188.62 ----------
REQUEST URI : /podmotka-spidometra-volkswagen-transporter-t5/
MOD DETAILS:
   modFile   : /home/canmotalka/web/can-motalka.ru/public_html/vqmod/xml/lightning.xml
   id        : OpenCart Lightning
   version   : 3.37
   vqmver    : 
   author    : MaxD http://devs.mx

File Name    : system/library/cache.php(0)
VQModObject::applyMod - SEARCH NOT FOUND (SKIPPED): if (is_file(DIR_SYSTEM . 'library/journal3/vendor/SuperCache

----------------------------------------------------------------------


---------- Date: 2026-03-31 08:52:42 ~ IP : 185.179.188.62 ----------
REQUEST URI : /manuals/
MOD DETAILS:
   modFile   : /home/canmotalka/web/can-motalka.ru/public_html/vqmod/xml/lightning.xml
   id        : OpenCart Lightning
   version   : 3.37
   vqmver    : 
   author    : MaxD http://devs.mx

File Name    : system/library/cache.php(0)
VQModObject::applyMod - SEARCH NOT FOUND (SKIPPED): if (is_file(DIR_SYSTEM . 'library/journal3/vendor/SuperCache

----------------------------------------------------------------------


---------- Date: 2026-03-31 08:53:19 ~ IP : 185.179.188.62 ----------
REQUEST URI : /kak-perenastroit-podmotku-spidometra/
MOD DETAILS:
   modFile   : /home/canmotalka/web/can-motalka.ru/public_html/vqmod/xml/lightning.xml
   id        : OpenCart Lightning
   version   : 3.37
   vqmver    : 
   author    : MaxD http://devs.mx

File Name    : system/library/cache.php(0)
VQModObject::applyMod - SEARCH NOT FOUND (SKIPPED): if (is_file(DIR_SYSTEM . 'library/journal3/vendor/SuperCache

----------------------------------------------------------------------


---------- Date: 2026-03-31 08:53:52 ~ IP : 185.179.188.62 ----------
REQUEST URI : /podmotka-spidometra-kia-rio
MOD DETAILS:
   modFile   : /home/canmotalka/web/can-motalka.ru/public_html/vqmod/xml/lightning.xml
   id        : OpenCart Lightning
   version   : 3.37
   vqmver    : 
   author    : MaxD http://devs.mx

File Name    : system/library/cache.php(0)
VQModObject::applyMod - SEARCH NOT FOUND (SKIPPED): if (is_file(DIR_SYSTEM . 'library/journal3/vendor/SuperCache

----------------------------------------------------------------------


---------- Date: 2026-03-31 08:53:53 ~ IP : 185.179.188.62 ----------
REQUEST URI : /podmotka-spidometra-kia-rio/
MOD DETAILS:
   modFile   : /home/canmotalka/web/can-motalka.ru/public_html/vqmod/xml/lightning.xml
   id        : OpenCart Lightning
   version   : 3.37
   vqmver    : 
   author    : MaxD http://devs.mx

File Name    : system/library/cache.php(0)
VQModObject::applyMod - SEARCH NOT FOUND (SKIPPED): if (is_file(DIR_SYSTEM . 'library/journal3/vendor/SuperCache

----------------------------------------------------------------------


---------- Date: 2026-03-31 08:54:08 ~ IP : 185.179.188.62 ----------
REQUEST URI : /index.php?route=product/product/review&amp;product_id=70
MOD DETAILS:
   modFile   : /home/canmotalka/web/can-motalka.ru/public_html/vqmod/xml/lightning.xml
   id        : OpenCart Lightning
   version   : 3.37
   vqmver    : 
   author    : MaxD http://devs.mx

File Name    : system/library/cache.php(0)
VQModObject::applyMod - SEARCH NOT FOUND (SKIPPED): if (is_file(DIR_SYSTEM . 'library/journal3/vendor/SuperCache

----------------------------------------------------------------------


---------- Date: 2026-03-31 08:54:58 ~ IP : 185.179.188.62 ----------
REQUEST URI : /podmotka-spidometra-dlya-ford-exploer
MOD DETAILS:
   modFile   : /home/canmotalka/web/can-motalka.ru/public_html/vqmod/xml/lightning.xml
   id        : OpenCart Lightning
   version   : 3.37
   vqmver    : 
   author    : MaxD http://devs.mx

File Name    : system/library/cache.php(0)
VQModObject::applyMod - SEARCH NOT FOUND (SKIPPED): if (is_file(DIR_SYSTEM . 'library/journal3/vendor/SuperCache

----------------------------------------------------------------------


---------- Date: 2026-03-31 08:55:03 ~ IP : 185.179.188.62 ----------
REQUEST URI : /podmotka-spidometra-dlya-ford-exploer/
MOD DETAILS:
   modFile   : /home/canmotalka/web/can-motalka.ru/public_html/vqmod/xml/lightning.xml
   id        : OpenCart Lightning
   version   : 3.37
   vqmver    : 
   author    : MaxD http://devs.mx

File Name    : system/library/cache.php(0)
VQModObject::applyMod - SEARCH NOT FOUND (SKIPPED): if (is_file(DIR_SYSTEM . 'library/journal3/vendor/SuperCache

----------------------------------------------------------------------


---------- Date: 2026-03-31 08:55:26 ~ IP : 185.179.188.62 ----------
REQUEST URI : /instrukciya-podmotka-kamaz/?ysclid=mne7doh9yz61454554
MOD DETAILS:
   modFile   : /home/canmotalka/web/can-motalka.ru/public_html/vqmod/xml/lightning.xml
   id        : OpenCart Lightning
   version   : 3.37
   vqmver    : 
   author    : MaxD http://devs.mx

File Name    : system/library/cache.php(0)
VQModObject::applyMod - SEARCH NOT FOUND (SKIPPED): if (is_file(DIR_SYSTEM . 'library/journal3/vendor/SuperCache

----------------------------------------------------------------------


---------- Date: 2026-03-31 08:55:27 ~ IP : 185.179.188.62 ----------
REQUEST URI : /instrukciya-podmotka-kamaz/
MOD DETAILS:
   modFile   : /home/canmotalka/web/can-motalka.ru/public_html/vqmod/xml/lightning.xml
   id        : OpenCart Lightning
   version   : 3.37
   vqmver    : 
   author    : MaxD http://devs.mx

File Name    : system/library/cache.php(0)
VQModObject::applyMod - SEARCH NOT FOUND (SKIPPED): if (is_file(DIR_SYSTEM . 'library/journal3/vendor/SuperCache

----------------------------------------------------------------------


---------- Date: 2026-03-31 08:55:28 ~ IP : 185.179.188.62 ----------
REQUEST URI : /index.php?route=module/popupcart_extended
MOD DETAILS:
   modFile   : /home/canmotalka/web/can-motalka.ru/public_html/vqmod/xml/lightning.xml
   id        : OpenCart Lightning
   version   : 3.37
   vqmver    : 
   author    : MaxD http://devs.mx

File Name    : system/library/cache.php(0)
VQModObject::applyMod - SEARCH NOT FOUND (SKIPPED): if (is_file(DIR_SYSTEM . 'library/journal3/vendor/SuperCache

----------------------------------------------------------------------


---------- Date: 2026-03-31 08:57:25 ~ IP : 185.179.188.62 ----------
REQUEST URI : /camry70_photo_manual/?ysclid=mne7g8a4ra506987344
MOD DETAILS:
   modFile   : /home/canmotalka/web/can-motalka.ru/public_html/vqmod/xml/lightning.xml
   id        : OpenCart Lightning
   version   : 3.37
   vqmver    : 
   author    : MaxD http://devs.mx

File Name    : system/library/cache.php(0)
VQModObject::applyMod - SEARCH NOT FOUND (SKIPPED): if (is_file(DIR_SYSTEM . 'library/journal3/vendor/SuperCache

----------------------------------------------------------------------


---------- Date: 2026-03-31 08:57:25 ~ IP : 185.179.188.62 ----------
REQUEST URI : /camry70_photo_manual/
MOD DETAILS:
   modFile   : /home/canmotalka/web/can-motalka.ru/public_html/vqmod/xml/lightning.xml
   id        : OpenCart Lightning
   version   : 3.37
   vqmver    : 
   author    : MaxD http://devs.mx

File Name    : system/library/cache.php(0)
VQModObject::applyMod - SEARCH NOT FOUND (SKIPPED): if (is_file(DIR_SYSTEM . 'library/journal3/vendor/SuperCache

----------------------------------------------------------------------


---------- Date: 2026-03-31 08:57:27 ~ IP : 185.179.188.62 ----------
REQUEST URI : /index.php?route=module/popupcart_extended
MOD DETAILS:
   modFile   : /home/canmotalka/web/can-motalka.ru/public_html/vqmod/xml/lightning.xml
   id        : OpenCart Lightning
   version   : 3.37
   vqmver    : 
   author    : MaxD http://devs.mx

File Name    : system/library/cache.php(0)
VQModObject::applyMod - SEARCH NOT FOUND (SKIPPED): if (is_file(DIR_SYSTEM . 'library/journal3/vendor/SuperCache

----------------------------------------------------------------------


---------- Date: 2026-03-31 09:08:11 ~ IP : 185.179.188.62 ----------
REQUEST URI : /podmotka-krutilka-spidometra-gazel-biznes-benzin-evotec-ili-cummins/
MOD DETAILS:
   modFile   : /home/canmotalka/web/can-motalka.ru/public_html/vqmod/xml/lightning.xml
   id        : OpenCart Lightning
   version   : 3.37
   vqmver    : 
   author    : MaxD http://devs.mx

File Name    : system/library/cache.php(0)
VQModObject::applyMod - SEARCH NOT FOUND (SKIPPED): if (is_file(DIR_SYSTEM . 'library/journal3/vendor/SuperCache

----------------------------------------------------------------------


---------- Date: 2026-03-31 09:08:12 ~ IP : 185.179.188.62 ----------
REQUEST URI : /index.php?route=product/product/review&amp;product_id=98
MOD DETAILS:
   modFile   : /home/canmotalka/web/can-motalka.ru/public_html/vqmod/xml/lightning.xml
   id        : OpenCart Lightning
   version   : 3.37
   vqmver    : 
   author    : MaxD http://devs.mx

File Name    : system/library/cache.php(0)
VQModObject::applyMod - SEARCH NOT FOUND (SKIPPED): if (is_file(DIR_SYSTEM . 'library/journal3/vendor/SuperCache

----------------------------------------------------------------------


---------- Date: 2026-03-31 09:08:12 ~ IP : 185.179.188.62 ----------
REQUEST URI : /index.php?route=module/popupcart_extended
MOD DETAILS:
   modFile   : /home/canmotalka/web/can-motalka.ru/public_html/vqmod/xml/lightning.xml
   id        : OpenCart Lightning
   version   : 3.37
   vqmver    : 
   author    : MaxD http://devs.mx

File Name    : system/library/cache.php(0)
VQModObject::applyMod - SEARCH NOT FOUND (SKIPPED): if (is_file(DIR_SYSTEM . 'library/journal3/vendor/SuperCache

----------------------------------------------------------------------


---------- Date: 2026-03-31 09:09:01 ~ IP : 185.179.188.62 ----------
REQUEST URI : /setting_php/dapoksetin-60/549-djenerik-sialis-stoimost-vladikavkaz/
MOD DETAILS:
   modFile   : /home/canmotalka/web/can-motalka.ru/public_html/vqmod/xml/lightning.xml
   id        : OpenCart Lightning
   version   : 3.37
   vqmver    : 
   author    : MaxD http://devs.mx

File Name    : system/library/cache.php(0)
VQModObject::applyMod - SEARCH NOT FOUND (SKIPPED): if (is_file(DIR_SYSTEM . 'library/journal3/vendor/SuperCache

----------------------------------------------------------------------


---------- Date: 2026-03-31 09:15:37 ~ IP : 185.179.188.62 ----------
REQUEST URI : /instrukciya-podmotka-kamaz/
MOD DETAILS:
   modFile   : /home/canmotalka/web/can-motalka.ru/public_html/vqmod/xml/lightning.xml
   id        : OpenCart Lightning
   version   : 3.37
   vqmver    : 
   author    : MaxD http://devs.mx

File Name    : system/library/cache.php(0)
VQModObject::applyMod - SEARCH NOT FOUND (SKIPPED): if (is_file(DIR_SYSTEM . 'library/journal3/vendor/SuperCache

----------------------------------------------------------------------


---------- Date: 2026-03-31 09:15:38 ~ IP : 185.179.188.62 ----------
REQUEST URI : /index.php?route=module/popupcart_extended
MOD DETAILS:
   modFile   : /home/canmotalka/web/can-motalka.ru/public_html/vqmod/xml/lightning.xml
   id        : OpenCart Lightning
   version   : 3.37
   vqmver    : 
   author    : MaxD http://devs.mx

File Name    : system/library/cache.php(0)
VQModObject::applyMod - SEARCH NOT FOUND (SKIPPED): if (is_file(DIR_SYSTEM . 'library/journal3/vendor/SuperCache

----------------------------------------------------------------------


---------- Date: 2026-03-31 09:20:09 ~ IP : 185.179.188.62 ----------
REQUEST URI : /manuals/?ysclid=mne89g87wy668168073
MOD DETAILS:
   modFile   : /home/canmotalka/web/can-motalka.ru/public_html/vqmod/xml/lightning.xml
   id        : OpenCart Lightning
   version   : 3.37
   vqmver    : 
   author    : MaxD http://devs.mx

File Name    : system/library/cache.php(0)
VQModObject::applyMod - SEARCH NOT FOUND (SKIPPED): if (is_file(DIR_SYSTEM . 'library/journal3/vendor/SuperCache

----------------------------------------------------------------------


---------- Date: 2026-03-31 09:20:15 ~ IP : 185.179.188.62 ----------
REQUEST URI : /index.php?route=module/popupcart_extended
MOD DETAILS:
   modFile   : /home/canmotalka/web/can-motalka.ru/public_html/vqmod/xml/lightning.xml
   id        : OpenCart Lightning
   version   : 3.37
   vqmver    : 
   author    : MaxD http://devs.mx

File Name    : system/library/cache.php(0)
VQModObject::applyMod - SEARCH NOT FOUND (SKIPPED): if (is_file(DIR_SYSTEM . 'library/journal3/vendor/SuperCache

----------------------------------------------------------------------


---------- Date: 2026-03-31 09:22:47 ~ IP : 185.179.188.62 ----------
REQUEST URI : /instrukciya-dlya-podmotki-lada-niva/
MOD DETAILS:
   modFile   : /home/canmotalka/web/can-motalka.ru/public_html/vqmod/xml/lightning.xml
   id        : OpenCart Lightning
   version   : 3.37
   vqmver    : 
   author    : MaxD http://devs.mx

File Name    : system/library/cache.php(0)
VQModObject::applyMod - SEARCH NOT FOUND (SKIPPED): if (is_file(DIR_SYSTEM . 'library/journal3/vendor/SuperCache

----------------------------------------------------------------------


---------- Date: 2026-03-31 09:22:50 ~ IP : 185.179.188.62 ----------
REQUEST URI : /index.php?route=module/popupcart_extended
MOD DETAILS:
   modFile   : /home/canmotalka/web/can-motalka.ru/public_html/vqmod/xml/lightning.xml
   id        : OpenCart Lightning
   version   : 3.37
   vqmver    : 
   author    : MaxD http://devs.mx

File Name    : system/library/cache.php(0)
VQModObject::applyMod - SEARCH NOT FOUND (SKIPPED): if (is_file(DIR_SYSTEM . 'library/journal3/vendor/SuperCache

----------------------------------------------------------------------


---------- Date: 2026-03-31 09:23:05 ~ IP : 185.179.188.62 ----------
REQUEST URI : /podmotka-spidome
MOD DETAILS:
   modFile   : /home/canmotalka/web/can-motalka.ru/public_html/vqmod/xml/lightning.xml
   id        : OpenCart Lightning
   version   : 3.37
   vqmver    : 
   author    : MaxD http://devs.mx

File Name    : system/library/cache.php(0)
VQModObject::applyMod - SEARCH NOT FOUND (SKIPPED): if (is_file(DIR_SYSTEM . 'library/journal3/vendor/SuperCache

----------------------------------------------------------------------


---------- Date: 2026-03-31 09:23:10 ~ IP : 185.179.188.62 ----------
REQUEST URI : /index.php?route=product/search&amp;tag=%D0%B4%D0%BE%D1%81%D1%82%D0%B0%D0%B2%D0%BA%D0%B0
MOD DETAILS:
   modFile   : /home/canmotalka/web/can-motalka.ru/public_html/vqmod/xml/lightning.xml
   id        : OpenCart Lightning
   version   : 3.37
   vqmver    : 
   author    : MaxD http://devs.mx

File Name    : system/library/cache.php(0)
VQModObject::applyMod - SEARCH NOT FOUND (SKIPPED): if (is_file(DIR_SYSTEM . 'library/journal3/vendor/SuperCache

----------------------------------------------------------------------


---------- Date: 2026-03-31 09:23:12 ~ IP : 185.179.188.62 ----------
REQUEST URI : /podmotka-spidometra-reno-daster-za-3000r/
MOD DETAILS:
   modFile   : /home/canmotalka/web/can-motalka.ru/public_html/vqmod/xml/lightning.xml
   id        : OpenCart Lightning
   version   : 3.37
   vqmver    : 
   author    : MaxD http://devs.mx

File Name    : system/library/cache.php(0)
VQModObject::applyMod - SEARCH NOT FOUND (SKIPPED): if (is_file(DIR_SYSTEM . 'library/journal3/vendor/SuperCache

----------------------------------------------------------------------


---------- Date: 2026-03-31 09:23:13 ~ IP : 185.179.188.62 ----------
REQUEST URI : /index.php?route=product/search&amp;tag=%D1%86%D0%B5%D0%BD%D0%B0
MOD DETAILS:
   modFile   : /home/canmotalka/web/can-motalka.ru/public_html/vqmod/xml/lightning.xml
   id        : OpenCart Lightning
   version   : 3.37
   vqmver    : 
   author    : MaxD http://devs.mx

File Name    : system/library/cache.php(0)
VQModObject::applyMod - SEARCH NOT FOUND (SKIPPED): if (is_file(DIR_SYSTEM . 'library/journal3/vendor/SuperCache

----------------------------------------------------------------------


---------- Date: 2026-03-31 09:23:16 ~ IP : 185.179.188.62 ----------
REQUEST URI : /index.php?route=product/search&amp;tag=%D0%BC%D0%BE%D1%82%D0%B0%D0%BB%D0%BA%D0%B0%20xray
MOD DETAILS:
   modFile   : /home/canmotalka/web/can-motalka.ru/public_html/vqmod/xml/lightning.xml
   id        : OpenCart Lightning
   version   : 3.37
   vqmver    : 
   author    : MaxD http://devs.mx

File Name    : system/library/cache.php(0)
VQModObject::applyMod - SEARCH NOT FOUND (SKIPPED): if (is_file(DIR_SYSTEM . 'library/journal3/vendor/SuperCache

----------------------------------------------------------------------


---------- Date: 2026-03-31 09:23:20 ~ IP : 185.179.188.62 ----------
REQUEST URI : /index.php?route=product/search&amp;tag=%D0%B1%D0%B5%D0%B7%D0%BB%D0%B8%D0%BC%D0%B8%D1%82%D0%BD%D0%B0%D1%8F
MOD DETAILS:
   modFile   : /home/canmotalka/web/can-motalka.ru/public_html/vqmod/xml/lightning.xml
   id        : OpenCart Lightning
   version   : 3.37
   vqmver    : 
   author    : MaxD http://devs.mx

File Name    : system/library/cache.php(0)
VQModObject::applyMod - SEARCH NOT FOUND (SKIPPED): if (is_file(DIR_SYSTEM . 'library/journal3/vendor/SuperCache

----------------------------------------------------------------------


---------- Date: 2026-03-31 09:23:23 ~ IP : 185.179.188.62 ----------
REQUEST URI : /motalka_spidometra_re/
MOD DETAILS:
   modFile   : /home/canmotalka/web/can-motalka.ru/public_html/vqmod/xml/lightning.xml
   id        : OpenCart Lightning
   version   : 3.37
   vqmver    : 
   author    : MaxD http://devs.mx

File Name    : system/library/cache.php(0)
VQModObject::applyMod - SEARCH NOT FOUND (SKIPPED): if (is_file(DIR_SYSTEM . 'library/journal3/vendor/SuperCache

----------------------------------------------------------------------


---------- Date: 2026-03-31 09:23:24 ~ IP : 185.179.188.62 ----------
REQUEST URI : /index.php?route=module/popupcart_extended
MOD DETAILS:
   modFile   : /home/canmotalka/web/can-motalka.ru/public_html/vqmod/xml/lightning.xml
   id        : OpenCart Lightning
   version   : 3.37
   vqmver    : 
   author    : MaxD http://devs.mx

File Name    : system/library/cache.php(0)
VQModObject::applyMod - SEARCH NOT FOUND (SKIPPED): if (is_file(DIR_SYSTEM . 'library/journal3/vendor/SuperCache

----------------------------------------------------------------------


---------- Date: 2026-03-31 09:23:32 ~ IP : 185.179.188.62 ----------
REQUEST URI : /podmotka-spidometra-mitsubishi-outlander/
MOD DETAILS:
   modFile   : /home/canmotalka/web/can-motalka.ru/public_html/vqmod/xml/lightning.xml
   id        : OpenCart Lightning
   version   : 3.37
   vqmver    : 
   author    : MaxD http://devs.mx

File Name    : system/library/cache.php(0)
VQModObject::applyMod - SEARCH NOT FOUND (SKIPPED): if (is_file(DIR_SYSTEM . 'library/journal3/vendor/SuperCache

----------------------------------------------------------------------


---------- Date: 2026-03-31 09:23:34 ~ IP : 185.179.188.62 ----------
REQUEST URI : /index.php?route=product/search&amp;tag=%D0%BD%D0%B0%D0%BC%D0%BE%D1%82%D0%BA%D0%B0%20%D1%81%D0%BF%D0%B8%D0%B4%D0%BE%D0%BC%D0%B5%D1%82%D1%80%20%D0%93%D0%B0%D0%B7%D0%B5%D0%BB%D1%8C%20%D0%9D%D0%B5%D0%BA%D1%81%D1%82
MOD DETAILS:
   modFile   : /home/canmotalka/web/can-motalka.ru/public_html/vqmod/xml/lightning.xml
   id        : OpenCart Lightning
   version   : 3.37
   vqmver    : 
   author    : MaxD http://devs.mx

File Name    : system/library/cache.php(0)
VQModObject::applyMod - SEARCH NOT FOUND (SKIPPED): if (is_file(DIR_SYSTEM . 'library/journal3/vendor/SuperCache

----------------------------------------------------------------------


---------- Date: 2026-03-31 09:23:35 ~ IP : 185.179.188.62 ----------
REQUEST URI : /index.php?route=product/search&amp;tag=%D0%BF%D0%BE%D0%B4%D0%BC%D0%BE%D1%82%D0%BA%D0%B0%20%D1%81%D0%BF%D0%B8%D0%B4%D0%BE%D0%BC%D0%B5%D1%82%D1%80%D0%B0
MOD DETAILS:
   modFile   : /home/canmotalka/web/can-motalka.ru/public_html/vqmod/xml/lightning.xml
   id        : OpenCart Lightning
   version   : 3.37
   vqmver    : 
   author    : MaxD http://devs.mx

File Name    : system/library/cache.php(0)
VQModObject::applyMod - SEARCH NOT FOUND (SKIPPED): if (is_file(DIR_SYSTEM . 'library/journal3/vendor/SuperCache

----------------------------------------------------------------------


---------- Date: 2026-03-31 09:23:38 ~ IP : 185.179.188.62 ----------
REQUEST URI : /index.php?route=product/search&amp;tag=%D0%BF%D0%BE%D0%B4%D0%BC%D0%BE%D1%82%D0%BA%D0%B0%20Lada%20%D0%A5ray
MOD DETAILS:
   modFile   : /home/canmotalka/web/can-motalka.ru/public_html/vqmod/xml/lightning.xml
   id        : OpenCart Lightning
   version   : 3.37
   vqmver    : 
   author    : MaxD http://devs.mx

File Name    : system/library/cache.php(0)
VQModObject::applyMod - SEARCH NOT FOUND (SKIPPED): if (is_file(DIR_SYSTEM . 'library/journal3/vendor/SuperCache

----------------------------------------------------------------------


---------- Date: 2026-03-31 09:23:44 ~ IP : 185.179.188.62 ----------
REQUEST URI : /podmotka-spidometra-ford-tranzit/
MOD DETAILS:
   modFile   : /home/canmotalka/web/can-motalka.ru/public_html/vqmod/xml/lightning.xml
   id        : OpenCart Lightning
   version   : 3.37
   vqmver    : 
   author    : MaxD http://devs.mx

File Name    : system/library/cache.php(0)
VQModObject::applyMod - SEARCH NOT FOUND (SKIPPED): if (is_file(DIR_SYSTEM . 'library/journal3/vendor/SuperCache

----------------------------------------------------------------------


---------- Date: 2026-03-31 09:23:50 ~ IP : 185.179.188.62 ----------
REQUEST URI : /podmotka-spidometra-mitsubishi-l200/
MOD DETAILS:
   modFile   : /home/canmotalka/web/can-motalka.ru/public_html/vqmod/xml/lightning.xml
   id        : OpenCart Lightning
   version   : 3.37
   vqmver    : 
   author    : MaxD http://devs.mx

File Name    : system/library/cache.php(0)
VQModObject::applyMod - SEARCH NOT FOUND (SKIPPED): if (is_file(DIR_SYSTEM . 'library/journal3/vendor/SuperCache

----------------------------------------------------------------------


---------- Date: 2026-03-31 09:24:19 ~ IP : 185.179.188.62 ----------
REQUEST URI : /namotchik-probega-dlya-toyota-land-cruiser-200/
MOD DETAILS:
   modFile   : /home/canmotalka/web/can-motalka.ru/public_html/vqmod/xml/lightning.xml
   id        : OpenCart Lightning
   version   : 3.37
   vqmver    : 
   author    : MaxD http://devs.mx

File Name    : system/library/cache.php(0)
VQModObject::applyMod - SEARCH NOT FOUND (SKIPPED): if (is_file(DIR_SYSTEM . 'library/journal3/vendor/SuperCache

----------------------------------------------------------------------


---------- Date: 2026-03-31 09:24:21 ~ IP : 185.179.188.62 ----------
REQUEST URI : /index.php?route=module/popupcart_extended
MOD DETAILS:
   modFile   : /home/canmotalka/web/can-motalka.ru/public_html/vqmod/xml/lightning.xml
   id        : OpenCart Lightning
   version   : 3.37
   vqmver    : 
   author    : MaxD http://devs.mx

File Name    : system/library/cache.php(0)
VQModObject::applyMod - SEARCH NOT FOUND (SKIPPED): if (is_file(DIR_SYSTEM . 'library/journal3/vendor/SuperCache

----------------------------------------------------------------------


---------- Date: 2026-03-31 09:24:21 ~ IP : 185.179.188.62 ----------
REQUEST URI : /index.php?route=product/product/review&amp;product_id=202
MOD DETAILS:
   modFile   : /home/canmotalka/web/can-motalka.ru/public_html/vqmod/xml/lightning.xml
   id        : OpenCart Lightning
   version   : 3.37
   vqmver    : 
   author    : MaxD http://devs.mx

File Name    : system/library/cache.php(0)
VQModObject::applyMod - SEARCH NOT FOUND (SKIPPED): if (is_file(DIR_SYSTEM . 'library/journal3/vendor/SuperCache

----------------------------------------------------------------------


---------- Date: 2026-03-31 09:24:37 ~ IP : 185.179.188.62 ----------
REQUEST URI : /.well-known/traffic-advice
MOD DETAILS:
   modFile   : /home/canmotalka/web/can-motalka.ru/public_html/vqmod/xml/lightning.xml
   id        : OpenCart Lightning
   version   : 3.37
   vqmver    : 
   author    : MaxD http://devs.mx

File Name    : system/library/cache.php(0)
VQModObject::applyMod - SEARCH NOT FOUND (SKIPPED): if (is_file(DIR_SYSTEM . 'library/journal3/vendor/SuperCache

----------------------------------------------------------------------


---------- Date: 2026-03-31 09:24:37 ~ IP : 185.179.188.62 ----------
REQUEST URI : /podmotka-spidometra-jac-t6/
MOD DETAILS:
   modFile   : /home/canmotalka/web/can-motalka.ru/public_html/vqmod/xml/lightning.xml
   id        : OpenCart Lightning
   version   : 3.37
   vqmver    : 
   author    : MaxD http://devs.mx

File Name    : system/library/cache.php(0)
VQModObject::applyMod - SEARCH NOT FOUND (SKIPPED): if (is_file(DIR_SYSTEM . 'library/journal3/vendor/SuperCache

----------------------------------------------------------------------


---------- Date: 2026-03-31 09:25:32 ~ IP : 185.179.188.62 ----------
REQUEST URI : /largus_manual/
MOD DETAILS:
   modFile   : /home/canmotalka/web/can-motalka.ru/public_html/vqmod/xml/lightning.xml
   id        : OpenCart Lightning
   version   : 3.37
   vqmver    : 
   author    : MaxD http://devs.mx

File Name    : system/library/cache.php(0)
VQModObject::applyMod - SEARCH NOT FOUND (SKIPPED): if (is_file(DIR_SYSTEM . 'library/journal3/vendor/SuperCache

----------------------------------------------------------------------


---------- Date: 2026-03-31 09:25:34 ~ IP : 185.179.188.62 ----------
REQUEST URI : /index.php?route=module/popupcart_extended
MOD DETAILS:
   modFile   : /home/canmotalka/web/can-motalka.ru/public_html/vqmod/xml/lightning.xml
   id        : OpenCart Lightning
   version   : 3.37
   vqmver    : 
   author    : MaxD http://devs.mx

File Name    : system/library/cache.php(0)
VQModObject::applyMod - SEARCH NOT FOUND (SKIPPED): if (is_file(DIR_SYSTEM . 'library/journal3/vendor/SuperCache

----------------------------------------------------------------------


---------- Date: 2026-03-31 09:28:34 ~ IP : 185.179.188.62 ----------
REQUEST URI : /podmotka-spidometra-moskvich-3/
MOD DETAILS:
   modFile   : /home/canmotalka/web/can-motalka.ru/public_html/vqmod/xml/lightning.xml
   id        : OpenCart Lightning
   version   : 3.37
   vqmver    : 
   author    : MaxD http://devs.mx

File Name    : system/library/cache.php(0)
VQModObject::applyMod - SEARCH NOT FOUND (SKIPPED): if (is_file(DIR_SYSTEM . 'library/journal3/vendor/SuperCache

----------------------------------------------------------------------


---------- Date: 2026-03-31 09:29:09 ~ IP : 185.179.188.62 ----------
REQUEST URI : /sitemap.xml
MOD DETAILS:
   modFile   : /home/canmotalka/web/can-motalka.ru/public_html/vqmod/xml/lightning.xml
   id        : OpenCart Lightning
   version   : 3.37
   vqmver    : 
   author    : MaxD http://devs.mx

File Name    : system/library/cache.php(0)
VQModObject::applyMod - SEARCH NOT FOUND (SKIPPED): if (is_file(DIR_SYSTEM . 'library/journal3/vendor/SuperCache

----------------------------------------------------------------------


---------- Date: 2026-03-31 09:32:15 ~ IP : 185.179.188.62 ----------
REQUEST URI : /setting_php/pomojem-lechitsya/426-tadasip-40-dostavka-balahna/%3e
MOD DETAILS:
   modFile   : /home/canmotalka/web/can-motalka.ru/public_html/vqmod/xml/lightning.xml
   id        : OpenCart Lightning
   version   : 3.37
   vqmver    : 
   author    : MaxD http://devs.mx

File Name    : system/library/cache.php(0)
VQModObject::applyMod - SEARCH NOT FOUND (SKIPPED): if (is_file(DIR_SYSTEM . 'library/journal3/vendor/SuperCache

----------------------------------------------------------------------


---------- Date: 2026-03-31 09:32:18 ~ IP : 185.179.188.62 ----------
REQUEST URI : /index.php?route=module/popupcart_extended
MOD DETAILS:
   modFile   : /home/canmotalka/web/can-motalka.ru/public_html/vqmod/xml/lightning.xml
   id        : OpenCart Lightning
   version   : 3.37
   vqmver    : 
   author    : MaxD http://devs.mx

File Name    : system/library/cache.php(0)
VQModObject::applyMod - SEARCH NOT FOUND (SKIPPED): if (is_file(DIR_SYSTEM . 'library/journal3/vendor/SuperCache

----------------------------------------------------------------------


---------- Date: 2026-03-31 09:37:36 ~ IP : 185.179.188.62 ----------
REQUEST URI : /setting_php/super-jevitra/812-indiyskaya-viagra-krasnodar/
MOD DETAILS:
   modFile   : /home/canmotalka/web/can-motalka.ru/public_html/vqmod/xml/lightning.xml
   id        : OpenCart Lightning
   version   : 3.37
   vqmver    : 
   author    : MaxD http://devs.mx

File Name    : system/library/cache.php(0)
VQModObject::applyMod - SEARCH NOT FOUND (SKIPPED): if (is_file(DIR_SYSTEM . 'library/journal3/vendor/SuperCache

----------------------------------------------------------------------


---------- Date: 2026-03-31 09:39:42 ~ IP : 185.179.188.62 ----------
REQUEST URI : /gazelle_biz_manual/?ysclid=mne8ym66na69235465
MOD DETAILS:
   modFile   : /home/canmotalka/web/can-motalka.ru/public_html/vqmod/xml/lightning.xml
   id        : OpenCart Lightning
   version   : 3.37
   vqmver    : 
   author    : MaxD http://devs.mx

File Name    : system/library/cache.php(0)
VQModObject::applyMod - SEARCH NOT FOUND (SKIPPED): if (is_file(DIR_SYSTEM . 'library/journal3/vendor/SuperCache

----------------------------------------------------------------------


---------- Date: 2026-03-31 09:39:42 ~ IP : 185.179.188.62 ----------
REQUEST URI : /gazelle_biz_manual/
MOD DETAILS:
   modFile   : /home/canmotalka/web/can-motalka.ru/public_html/vqmod/xml/lightning.xml
   id        : OpenCart Lightning
   version   : 3.37
   vqmver    : 
   author    : MaxD http://devs.mx

File Name    : system/library/cache.php(0)
VQModObject::applyMod - SEARCH NOT FOUND (SKIPPED): if (is_file(DIR_SYSTEM . 'library/journal3/vendor/SuperCache

----------------------------------------------------------------------


---------- Date: 2026-03-31 09:39:43 ~ IP : 185.179.188.62 ----------
REQUEST URI : /index.php?route=module/popupcart_extended
MOD DETAILS:
   modFile   : /home/canmotalka/web/can-motalka.ru/public_html/vqmod/xml/lightning.xml
   id        : OpenCart Lightning
   version   : 3.37
   vqmver    : 
   author    : MaxD http://devs.mx

File Name    : system/library/cache.php(0)
VQModObject::applyMod - SEARCH NOT FOUND (SKIPPED): if (is_file(DIR_SYSTEM . 'library/journal3/vendor/SuperCache

----------------------------------------------------------------------


---------- Date: 2026-03-31 09:47:10 ~ IP : 185.179.188.62 ----------
REQUEST URI : /instrukciya-podmotka-kamaz/?ysclid=mne987vv8l166242473
MOD DETAILS:
   modFile   : /home/canmotalka/web/can-motalka.ru/public_html/vqmod/xml/lightning.xml
   id        : OpenCart Lightning
   version   : 3.37
   vqmver    : 
   author    : MaxD http://devs.mx

File Name    : system/library/cache.php(0)
VQModObject::applyMod - SEARCH NOT FOUND (SKIPPED): if (is_file(DIR_SYSTEM . 'library/journal3/vendor/SuperCache

----------------------------------------------------------------------


---------- Date: 2026-03-31 09:47:11 ~ IP : 185.179.188.62 ----------
REQUEST URI : /instrukciya-podmotka-kamaz/
MOD DETAILS:
   modFile   : /home/canmotalka/web/can-motalka.ru/public_html/vqmod/xml/lightning.xml
   id        : OpenCart Lightning
   version   : 3.37
   vqmver    : 
   author    : MaxD http://devs.mx

File Name    : system/library/cache.php(0)
VQModObject::applyMod - SEARCH NOT FOUND (SKIPPED): if (is_file(DIR_SYSTEM . 'library/journal3/vendor/SuperCache

----------------------------------------------------------------------


---------- Date: 2026-03-31 09:47:12 ~ IP : 185.179.188.62 ----------
REQUEST URI : /index.php?route=module/popupcart_extended
MOD DETAILS:
   modFile   : /home/canmotalka/web/can-motalka.ru/public_html/vqmod/xml/lightning.xml
   id        : OpenCart Lightning
   version   : 3.37
   vqmver    : 
   author    : MaxD http://devs.mx

File Name    : system/library/cache.php(0)
VQModObject::applyMod - SEARCH NOT FOUND (SKIPPED): if (is_file(DIR_SYSTEM . 'library/journal3/vendor/SuperCache

----------------------------------------------------------------------


---------- Date: 2026-03-31 09:47:53 ~ IP : 185.179.188.62 ----------
REQUEST URI : /podmotka-spidometra-haval-h9/?ysclid=mne9949cpe79366109
MOD DETAILS:
   modFile   : /home/canmotalka/web/can-motalka.ru/public_html/vqmod/xml/lightning.xml
   id        : OpenCart Lightning
   version   : 3.37
   vqmver    : 
   author    : MaxD http://devs.mx

File Name    : system/library/cache.php(0)
VQModObject::applyMod - SEARCH NOT FOUND (SKIPPED): if (is_file(DIR_SYSTEM . 'library/journal3/vendor/SuperCache

----------------------------------------------------------------------


---------- Date: 2026-03-31 09:47:54 ~ IP : 185.179.188.62 ----------
REQUEST URI : /podmotka-spidometra-haval-h9/
MOD DETAILS:
   modFile   : /home/canmotalka/web/can-motalka.ru/public_html/vqmod/xml/lightning.xml
   id        : OpenCart Lightning
   version   : 3.37
   vqmver    : 
   author    : MaxD http://devs.mx

File Name    : system/library/cache.php(0)
VQModObject::applyMod - SEARCH NOT FOUND (SKIPPED): if (is_file(DIR_SYSTEM . 'library/journal3/vendor/SuperCache

----------------------------------------------------------------------


---------- Date: 2026-03-31 09:47:54 ~ IP : 185.179.188.62 ----------
REQUEST URI : /index.php?route=product/product/review&amp;product_id=303
MOD DETAILS:
   modFile   : /home/canmotalka/web/can-motalka.ru/public_html/vqmod/xml/lightning.xml
   id        : OpenCart Lightning
   version   : 3.37
   vqmver    : 
   author    : MaxD http://devs.mx

File Name    : system/library/cache.php(0)
VQModObject::applyMod - SEARCH NOT FOUND (SKIPPED): if (is_file(DIR_SYSTEM . 'library/journal3/vendor/SuperCache

----------------------------------------------------------------------


---------- Date: 2026-03-31 09:47:54 ~ IP : 185.179.188.62 ----------
REQUEST URI : /index.php?route=module/popupcart_extended
MOD DETAILS:
   modFile   : /home/canmotalka/web/can-motalka.ru/public_html/vqmod/xml/lightning.xml
   id        : OpenCart Lightning
   version   : 3.37
   vqmver    : 
   author    : MaxD http://devs.mx

File Name    : system/library/cache.php(0)
VQModObject::applyMod - SEARCH NOT FOUND (SKIPPED): if (is_file(DIR_SYSTEM . 'library/journal3/vendor/SuperCache

----------------------------------------------------------------------


---------- Date: 2026-03-31 09:49:12 ~ IP : 185.179.188.62 ----------
REQUEST URI : /motalki/?ysclid=mne9ate81k422006737
MOD DETAILS:
   modFile   : /home/canmotalka/web/can-motalka.ru/public_html/vqmod/xml/lightning.xml
   id        : OpenCart Lightning
   version   : 3.37
   vqmver    : 
   author    : MaxD http://devs.mx

File Name    : system/library/cache.php(0)
VQModObject::applyMod - SEARCH NOT FOUND (SKIPPED): if (is_file(DIR_SYSTEM . 'library/journal3/vendor/SuperCache

----------------------------------------------------------------------


---------- Date: 2026-03-31 09:50:00 ~ IP : 185.179.188.62 ----------
REQUEST URI : /gazelle_biz_manual/
MOD DETAILS:
   modFile   : /home/canmotalka/web/can-motalka.ru/public_html/vqmod/xml/lightning.xml
   id        : OpenCart Lightning
   version   : 3.37
   vqmver    : 
   author    : MaxD http://devs.mx

File Name    : system/library/cache.php(0)
VQModObject::applyMod - SEARCH NOT FOUND (SKIPPED): if (is_file(DIR_SYSTEM . 'library/journal3/vendor/SuperCache

----------------------------------------------------------------------


---------- Date: 2026-03-31 09:50:01 ~ IP : 185.179.188.62 ----------
REQUEST URI : /index.php?route=module/popupcart_extended
MOD DETAILS:
   modFile   : /home/canmotalka/web/can-motalka.ru/public_html/vqmod/xml/lightning.xml
   id        : OpenCart Lightning
   version   : 3.37
   vqmver    : 
   author    : MaxD http://devs.mx

File Name    : system/library/cache.php(0)
VQModObject::applyMod - SEARCH NOT FOUND (SKIPPED): if (is_file(DIR_SYSTEM . 'library/journal3/vendor/SuperCache

----------------------------------------------------------------------


---------- Date: 2026-03-31 09:53:42 ~ IP : 185.179.188.62 ----------
REQUEST URI : /instrukciya-podmotka-niva-travel-chevrolet/?ysclid=mne9gl6etw301957207
MOD DETAILS:
   modFile   : /home/canmotalka/web/can-motalka.ru/public_html/vqmod/xml/lightning.xml
   id        : OpenCart Lightning
   version   : 3.37
   vqmver    : 
   author    : MaxD http://devs.mx

File Name    : system/library/cache.php(0)
VQModObject::applyMod - SEARCH NOT FOUND (SKIPPED): if (is_file(DIR_SYSTEM . 'library/journal3/vendor/SuperCache

----------------------------------------------------------------------


---------- Date: 2026-03-31 09:53:42 ~ IP : 185.179.188.62 ----------
REQUEST URI : /instrukciya-podmotka-niva-travel-chevrolet/
MOD DETAILS:
   modFile   : /home/canmotalka/web/can-motalka.ru/public_html/vqmod/xml/lightning.xml
   id        : OpenCart Lightning
   version   : 3.37
   vqmver    : 
   author    : MaxD http://devs.mx

File Name    : system/library/cache.php(0)
VQModObject::applyMod - SEARCH NOT FOUND (SKIPPED): if (is_file(DIR_SYSTEM . 'library/journal3/vendor/SuperCache

----------------------------------------------------------------------


---------- Date: 2026-03-31 09:53:43 ~ IP : 185.179.188.62 ----------
REQUEST URI : /index.php?route=module/popupcart_extended
MOD DETAILS:
   modFile   : /home/canmotalka/web/can-motalka.ru/public_html/vqmod/xml/lightning.xml
   id        : OpenCart Lightning
   version   : 3.37
   vqmver    : 
   author    : MaxD http://devs.mx

File Name    : system/library/cache.php(0)
VQModObject::applyMod - SEARCH NOT FOUND (SKIPPED): if (is_file(DIR_SYSTEM . 'library/journal3/vendor/SuperCache

----------------------------------------------------------------------


---------- Date: 2026-03-31 09:53:51 ~ IP : 185.179.188.62 ----------
REQUEST URI : /podmotka_spidometra/
MOD DETAILS:
   modFile   : /home/canmotalka/web/can-motalka.ru/public_html/vqmod/xml/lightning.xml
   id        : OpenCart Lightning
   version   : 3.37
   vqmver    : 
   author    : MaxD http://devs.mx

File Name    : system/library/cache.php(0)
VQModObject::applyMod - SEARCH NOT FOUND (SKIPPED): if (is_file(DIR_SYSTEM . 'library/journal3/vendor/SuperCache

----------------------------------------------------------------------


---------- Date: 2026-03-31 09:53:52 ~ IP : 185.179.188.62 ----------
REQUEST URI : /index.php?route=module/popupcart_extended
MOD DETAILS:
   modFile   : /home/canmotalka/web/can-motalka.ru/public_html/vqmod/xml/lightning.xml
   id        : OpenCart Lightning
   version   : 3.37
   vqmver    : 
   author    : MaxD http://devs.mx

File Name    : system/library/cache.php(0)
VQModObject::applyMod - SEARCH NOT FOUND (SKIPPED): if (is_file(DIR_SYSTEM . 'library/journal3/vendor/SuperCache

----------------------------------------------------------------------


---------- Date: 2026-03-31 09:55:41 ~ IP : 185.179.188.62 ----------
REQUEST URI : /podmotka_uaz_re/?ysclid=mne9j5xlll753790688
MOD DETAILS:
   modFile   : /home/canmotalka/web/can-motalka.ru/public_html/vqmod/xml/lightning.xml
   id        : OpenCart Lightning
   version   : 3.37
   vqmver    : 
   author    : MaxD http://devs.mx

File Name    : system/library/cache.php(0)
VQModObject::applyMod - SEARCH NOT FOUND (SKIPPED): if (is_file(DIR_SYSTEM . 'library/journal3/vendor/SuperCache

----------------------------------------------------------------------


---------- Date: 2026-03-31 09:55:41 ~ IP : 185.179.188.62 ----------
REQUEST URI : /podmotka_uaz_re/
MOD DETAILS:
   modFile   : /home/canmotalka/web/can-motalka.ru/public_html/vqmod/xml/lightning.xml
   id        : OpenCart Lightning
   version   : 3.37
   vqmver    : 
   author    : MaxD http://devs.mx

File Name    : system/library/cache.php(0)
VQModObject::applyMod - SEARCH NOT FOUND (SKIPPED): if (is_file(DIR_SYSTEM . 'library/journal3/vendor/SuperCache

----------------------------------------------------------------------


---------- Date: 2026-03-31 09:55:42 ~ IP : 185.179.188.62 ----------
REQUEST URI : /index.php?route=module/popupcart_extended
MOD DETAILS:
   modFile   : /home/canmotalka/web/can-motalka.ru/public_html/vqmod/xml/lightning.xml
   id        : OpenCart Lightning
   version   : 3.37
   vqmver    : 
   author    : MaxD http://devs.mx

File Name    : system/library/cache.php(0)
VQModObject::applyMod - SEARCH NOT FOUND (SKIPPED): if (is_file(DIR_SYSTEM . 'library/journal3/vendor/SuperCache

----------------------------------------------------------------------


---------- Date: 2026-03-31 09:55:45 ~ IP : 185.179.188.62 ----------
REQUEST URI : /wp-content/plugins/fix/up.php
MOD DETAILS:
   modFile   : /home/canmotalka/web/can-motalka.ru/public_html/vqmod/xml/lightning.xml
   id        : OpenCart Lightning
   version   : 3.37
   vqmver    : 
   author    : MaxD http://devs.mx

File Name    : system/library/cache.php(0)
VQModObject::applyMod - SEARCH NOT FOUND (SKIPPED): if (is_file(DIR_SYSTEM . 'library/journal3/vendor/SuperCache

----------------------------------------------------------------------


---------- Date: 2026-03-31 09:56:40 ~ IP : 185.179.188.62 ----------
REQUEST URI : /motalki/haval/
MOD DETAILS:
   modFile   : /home/canmotalka/web/can-motalka.ru/public_html/vqmod/xml/lightning.xml
   id        : OpenCart Lightning
   version   : 3.37
   vqmver    : 
   author    : MaxD http://devs.mx

File Name    : system/library/cache.php(0)
VQModObject::applyMod - SEARCH NOT FOUND (SKIPPED): if (is_file(DIR_SYSTEM . 'library/journal3/vendor/SuperCache

----------------------------------------------------------------------


---------- Date: 2026-03-31 09:57:43 ~ IP : 185.179.188.62 ----------
REQUEST URI : /index.php?route=feed/yandex_yml&amp;token=we34w48348ygbh92103ru3klgdfg
MOD DETAILS:
   modFile   : /home/canmotalka/web/can-motalka.ru/public_html/vqmod/xml/lightning.xml
   id        : OpenCart Lightning
   version   : 3.37
   vqmver    : 
   author    : MaxD http://devs.mx

File Name    : system/library/cache.php(0)
VQModObject::applyMod - SEARCH NOT FOUND (SKIPPED): if (is_file(DIR_SYSTEM . 'library/journal3/vendor/SuperCache

----------------------------------------------------------------------


---------- Date: 2026-03-31 10:02:05 ~ IP : 185.179.188.62 ----------
REQUEST URI : /podmotka-spidometra-henday-sonata-8/
MOD DETAILS:
   modFile   : /home/canmotalka/web/can-motalka.ru/public_html/vqmod/xml/lightning.xml
   id        : OpenCart Lightning
   version   : 3.37
   vqmver    : 
   author    : MaxD http://devs.mx

File Name    : system/library/cache.php(0)
VQModObject::applyMod - SEARCH NOT FOUND (SKIPPED): if (is_file(DIR_SYSTEM . 'library/journal3/vendor/SuperCache

----------------------------------------------------------------------


---------- Date: 2026-03-31 10:02:05 ~ IP : 185.179.188.62 ----------
REQUEST URI : /otzyvy/
MOD DETAILS:
   modFile   : /home/canmotalka/web/can-motalka.ru/public_html/vqmod/xml/lightning.xml
   id        : OpenCart Lightning
   version   : 3.37
   vqmver    : 
   author    : MaxD http://devs.mx

File Name    : system/library/cache.php(0)
VQModObject::applyMod - SEARCH NOT FOUND (SKIPPED): if (is_file(DIR_SYSTEM . 'library/journal3/vendor/SuperCache

----------------------------------------------------------------------


---------- Date: 2026-03-31 10:05:29 ~ IP : 185.179.188.62 ----------
REQUEST URI : /podmotka_spidometra/?ysclid=mne9vrxphi190724241
MOD DETAILS:
   modFile   : /home/canmotalka/web/can-motalka.ru/public_html/vqmod/xml/lightning.xml
   id        : OpenCart Lightning
   version   : 3.37
   vqmver    : 
   author    : MaxD http://devs.mx

File Name    : system/library/cache.php(0)
VQModObject::applyMod - SEARCH NOT FOUND (SKIPPED): if (is_file(DIR_SYSTEM . 'library/journal3/vendor/SuperCache

----------------------------------------------------------------------


---------- Date: 2026-03-31 10:05:30 ~ IP : 185.179.188.62 ----------
REQUEST URI : /podmotka_spidometra/
MOD DETAILS:
   modFile   : /home/canmotalka/web/can-motalka.ru/public_html/vqmod/xml/lightning.xml
   id        : OpenCart Lightning
   version   : 3.37
   vqmver    : 
   author    : MaxD http://devs.mx

File Name    : system/library/cache.php(0)
VQModObject::applyMod - SEARCH NOT FOUND (SKIPPED): if (is_file(DIR_SYSTEM . 'library/journal3/vendor/SuperCache

----------------------------------------------------------------------


---------- Date: 2026-03-31 10:05:30 ~ IP : 185.179.188.62 ----------
REQUEST URI : /index.php?route=module/popupcart_extended
MOD DETAILS:
   modFile   : /home/canmotalka/web/can-motalka.ru/public_html/vqmod/xml/lightning.xml
   id        : OpenCart Lightning
   version   : 3.37
   vqmver    : 
   author    : MaxD http://devs.mx

File Name    : system/library/cache.php(0)
VQModObject::applyMod - SEARCH NOT FOUND (SKIPPED): if (is_file(DIR_SYSTEM . 'library/journal3/vendor/SuperCache

----------------------------------------------------------------------


---------- Date: 2026-03-31 10:06:41 ~ IP : 185.179.188.62 ----------
REQUEST URI : /granta_video_manual/?ysclid=mne9xb37w8771476671
MOD DETAILS:
   modFile   : /home/canmotalka/web/can-motalka.ru/public_html/vqmod/xml/lightning.xml
   id        : OpenCart Lightning
   version   : 3.37
   vqmver    : 
   author    : MaxD http://devs.mx

File Name    : system/library/cache.php(0)
VQModObject::applyMod - SEARCH NOT FOUND (SKIPPED): if (is_file(DIR_SYSTEM . 'library/journal3/vendor/SuperCache

----------------------------------------------------------------------


---------- Date: 2026-03-31 10:06:42 ~ IP : 185.179.188.62 ----------
REQUEST URI : /granta_video_manual/
MOD DETAILS:
   modFile   : /home/canmotalka/web/can-motalka.ru/public_html/vqmod/xml/lightning.xml
   id        : OpenCart Lightning
   version   : 3.37
   vqmver    : 
   author    : MaxD http://devs.mx

File Name    : system/library/cache.php(0)
VQModObject::applyMod - SEARCH NOT FOUND (SKIPPED): if (is_file(DIR_SYSTEM . 'library/journal3/vendor/SuperCache

----------------------------------------------------------------------


---------- Date: 2026-03-31 10:06:42 ~ IP : 185.179.188.62 ----------
REQUEST URI : /index.php?route=module/popupcart_extended
MOD DETAILS:
   modFile   : /home/canmotalka/web/can-motalka.ru/public_html/vqmod/xml/lightning.xml
   id        : OpenCart Lightning
   version   : 3.37
   vqmver    : 
   author    : MaxD http://devs.mx

File Name    : system/library/cache.php(0)
VQModObject::applyMod - SEARCH NOT FOUND (SKIPPED): if (is_file(DIR_SYSTEM . 'library/journal3/vendor/SuperCache

----------------------------------------------------------------------


---------- Date: 2026-03-31 10:07:46 ~ IP : 185.179.188.62 ----------
REQUEST URI : /podmotka_uaz_re/?ysclid=mne9ypkv7e672572393
MOD DETAILS:
   modFile   : /home/canmotalka/web/can-motalka.ru/public_html/vqmod/xml/lightning.xml
   id        : OpenCart Lightning
   version   : 3.37
   vqmver    : 
   author    : MaxD http://devs.mx

File Name    : system/library/cache.php(0)
VQModObject::applyMod - SEARCH NOT FOUND (SKIPPED): if (is_file(DIR_SYSTEM . 'library/journal3/vendor/SuperCache

----------------------------------------------------------------------


---------- Date: 2026-03-31 10:07:47 ~ IP : 185.179.188.62 ----------
REQUEST URI : /podmotka_uaz_re/
MOD DETAILS:
   modFile   : /home/canmotalka/web/can-motalka.ru/public_html/vqmod/xml/lightning.xml
   id        : OpenCart Lightning
   version   : 3.37
   vqmver    : 
   author    : MaxD http://devs.mx

File Name    : system/library/cache.php(0)
VQModObject::applyMod - SEARCH NOT FOUND (SKIPPED): if (is_file(DIR_SYSTEM . 'library/journal3/vendor/SuperCache

----------------------------------------------------------------------


---------- Date: 2026-03-31 10:07:48 ~ IP : 185.179.188.62 ----------
REQUEST URI : /index.php?route=module/popupcart_extended
MOD DETAILS:
   modFile   : /home/canmotalka/web/can-motalka.ru/public_html/vqmod/xml/lightning.xml
   id        : OpenCart Lightning
   version   : 3.37
   vqmver    : 
   author    : MaxD http://devs.mx

File Name    : system/library/cache.php(0)
VQModObject::applyMod - SEARCH NOT FOUND (SKIPPED): if (is_file(DIR_SYSTEM . 'library/journal3/vendor/SuperCache

----------------------------------------------------------------------


---------- Date: 2026-03-31 10:08:55 ~ IP : 185.179.188.62 ----------
REQUEST URI : /.ftpconfig
MOD DETAILS:
   modFile   : /home/canmotalka/web/can-motalka.ru/public_html/vqmod/xml/lightning.xml
   id        : OpenCart Lightning
   version   : 3.37
   vqmver    : 
   author    : MaxD http://devs.mx

File Name    : system/library/cache.php(0)
VQModObject::applyMod - SEARCH NOT FOUND (SKIPPED): if (is_file(DIR_SYSTEM . 'library/journal3/vendor/SuperCache

----------------------------------------------------------------------


---------- Date: 2026-03-31 10:09:41 ~ IP : 185.179.188.62 ----------
REQUEST URI : /kak-rabotaet-podmotka-spidometra/?ysclid=mnea168jlh388651588
MOD DETAILS:
   modFile   : /home/canmotalka/web/can-motalka.ru/public_html/vqmod/xml/lightning.xml
   id        : OpenCart Lightning
   version   : 3.37
   vqmver    : 
   author    : MaxD http://devs.mx

File Name    : system/library/cache.php(0)
VQModObject::applyMod - SEARCH NOT FOUND (SKIPPED): if (is_file(DIR_SYSTEM . 'library/journal3/vendor/SuperCache

----------------------------------------------------------------------


---------- Date: 2026-03-31 10:09:42 ~ IP : 185.179.188.62 ----------
REQUEST URI : /kak-rabotaet-podmotka-spidometra/
MOD DETAILS:
   modFile   : /home/canmotalka/web/can-motalka.ru/public_html/vqmod/xml/lightning.xml
   id        : OpenCart Lightning
   version   : 3.37
   vqmver    : 
   author    : MaxD http://devs.mx

File Name    : system/library/cache.php(0)
VQModObject::applyMod - SEARCH NOT FOUND (SKIPPED): if (is_file(DIR_SYSTEM . 'library/journal3/vendor/SuperCache

----------------------------------------------------------------------


---------- Date: 2026-03-31 10:09:43 ~ IP : 185.179.188.62 ----------
REQUEST URI : /index.php?route=module/popupcart_extended
MOD DETAILS:
   modFile   : /home/canmotalka/web/can-motalka.ru/public_html/vqmod/xml/lightning.xml
   id        : OpenCart Lightning
   version   : 3.37
   vqmver    : 
   author    : MaxD http://devs.mx

File Name    : system/library/cache.php(0)
VQModObject::applyMod - SEARCH NOT FOUND (SKIPPED): if (is_file(DIR_SYSTEM . 'library/journal3/vendor/SuperCache

----------------------------------------------------------------------


---------- Date: 2026-03-31 10:14:48 ~ IP : 185.179.188.62 ----------
REQUEST URI : /podmotka-spidometra-haval-h9/?ysclid=mnea7pu7o1354079278
MOD DETAILS:
   modFile   : /home/canmotalka/web/can-motalka.ru/public_html/vqmod/xml/lightning.xml
   id        : OpenCart Lightning
   version   : 3.37
   vqmver    : 
   author    : MaxD http://devs.mx

File Name    : system/library/cache.php(0)
VQModObject::applyMod - SEARCH NOT FOUND (SKIPPED): if (is_file(DIR_SYSTEM . 'library/journal3/vendor/SuperCache

----------------------------------------------------------------------


---------- Date: 2026-03-31 10:14:49 ~ IP : 185.179.188.62 ----------
REQUEST URI : /podmotka-spidometra-haval-h9/
MOD DETAILS:
   modFile   : /home/canmotalka/web/can-motalka.ru/public_html/vqmod/xml/lightning.xml
   id        : OpenCart Lightning
   version   : 3.37
   vqmver    : 
   author    : MaxD http://devs.mx

File Name    : system/library/cache.php(0)
VQModObject::applyMod - SEARCH NOT FOUND (SKIPPED): if (is_file(DIR_SYSTEM . 'library/journal3/vendor/SuperCache

----------------------------------------------------------------------


---------- Date: 2026-03-31 10:14:50 ~ IP : 185.179.188.62 ----------
REQUEST URI : /index.php?route=product/product/review&amp;product_id=303
MOD DETAILS:
   modFile   : /home/canmotalka/web/can-motalka.ru/public_html/vqmod/xml/lightning.xml
   id        : OpenCart Lightning
   version   : 3.37
   vqmver    : 
   author    : MaxD http://devs.mx

File Name    : system/library/cache.php(0)
VQModObject::applyMod - SEARCH NOT FOUND (SKIPPED): if (is_file(DIR_SYSTEM . 'library/journal3/vendor/SuperCache

----------------------------------------------------------------------


---------- Date: 2026-03-31 10:14:50 ~ IP : 185.179.188.62 ----------
REQUEST URI : /index.php?route=module/popupcart_extended
MOD DETAILS:
   modFile   : /home/canmotalka/web/can-motalka.ru/public_html/vqmod/xml/lightning.xml
   id        : OpenCart Lightning
   version   : 3.37
   vqmver    : 
   author    : MaxD http://devs.mx

File Name    : system/library/cache.php(0)
VQModObject::applyMod - SEARCH NOT FOUND (SKIPPED): if (is_file(DIR_SYSTEM . 'library/journal3/vendor/SuperCache

----------------------------------------------------------------------


---------- Date: 2026-03-31 10:15:52 ~ IP : 185.179.188.62 ----------
REQUEST URI : /index.php?route=module/popupcart_extended
MOD DETAILS:
   modFile   : /home/canmotalka/web/can-motalka.ru/public_html/vqmod/xml/lightning.xml
   id        : OpenCart Lightning
   version   : 3.37
   vqmver    : 
   author    : MaxD http://devs.mx

File Name    : system/library/cache.php(0)
VQModObject::applyMod - SEARCH NOT FOUND (SKIPPED): if (is_file(DIR_SYSTEM . 'library/journal3/vendor/SuperCache

----------------------------------------------------------------------


---------- Date: 2026-03-31 10:16:10 ~ IP : 185.179.188.62 ----------
REQUEST URI : /podmotka-spidometra-largus/
MOD DETAILS:
   modFile   : /home/canmotalka/web/can-motalka.ru/public_html/vqmod/xml/lightning.xml
   id        : OpenCart Lightning
   version   : 3.37
   vqmver    : 
   author    : MaxD http://devs.mx

File Name    : system/library/cache.php(0)
VQModObject::applyMod - SEARCH NOT FOUND (SKIPPED): if (is_file(DIR_SYSTEM . 'library/journal3/vendor/SuperCache

----------------------------------------------------------------------


---------- Date: 2026-03-31 10:16:10 ~ IP : 185.179.188.62 ----------
REQUEST URI : /index.php?route=product/product/review&amp;product_id=258
MOD DETAILS:
   modFile   : /home/canmotalka/web/can-motalka.ru/public_html/vqmod/xml/lightning.xml
   id        : OpenCart Lightning
   version   : 3.37
   vqmver    : 
   author    : MaxD http://devs.mx

File Name    : system/library/cache.php(0)
VQModObject::applyMod - SEARCH NOT FOUND (SKIPPED): if (is_file(DIR_SYSTEM . 'library/journal3/vendor/SuperCache

----------------------------------------------------------------------


---------- Date: 2026-03-31 10:16:10 ~ IP : 185.179.188.62 ----------
REQUEST URI : /index.php?route=module/popupcart_extended
MOD DETAILS:
   modFile   : /home/canmotalka/web/can-motalka.ru/public_html/vqmod/xml/lightning.xml
   id        : OpenCart Lightning
   version   : 3.37
   vqmver    : 
   author    : MaxD http://devs.mx

File Name    : system/library/cache.php(0)
VQModObject::applyMod - SEARCH NOT FOUND (SKIPPED): if (is_file(DIR_SYSTEM . 'library/journal3/vendor/SuperCache

----------------------------------------------------------------------


---------- Date: 2026-03-31 10:16:30 ~ IP : 185.179.188.62 ----------
REQUEST URI : /largus_manual/
MOD DETAILS:
   modFile   : /home/canmotalka/web/can-motalka.ru/public_html/vqmod/xml/lightning.xml
   id        : OpenCart Lightning
   version   : 3.37
   vqmver    : 
   author    : MaxD http://devs.mx

File Name    : system/library/cache.php(0)
VQModObject::applyMod - SEARCH NOT FOUND (SKIPPED): if (is_file(DIR_SYSTEM . 'library/journal3/vendor/SuperCache

----------------------------------------------------------------------


---------- Date: 2026-03-31 10:16:51 ~ IP : 185.179.188.62 ----------
REQUEST URI : /index.php?route=product/product/review&amp;product_id=303
MOD DETAILS:
   modFile   : /home/canmotalka/web/can-motalka.ru/public_html/vqmod/xml/lightning.xml
   id        : OpenCart Lightning
   version   : 3.37
   vqmver    : 
   author    : MaxD http://devs.mx

File Name    : system/library/cache.php(0)
VQModObject::applyMod - SEARCH NOT FOUND (SKIPPED): if (is_file(DIR_SYSTEM . 'library/journal3/vendor/SuperCache

----------------------------------------------------------------------


---------- Date: 2026-03-31 10:20:18 ~ IP : 185.179.188.62 ----------
REQUEST URI : /podmotka_vw_manual/
MOD DETAILS:
   modFile   : /home/canmotalka/web/can-motalka.ru/public_html/vqmod/xml/lightning.xml
   id        : OpenCart Lightning
   version   : 3.37
   vqmver    : 
   author    : MaxD http://devs.mx

File Name    : system/library/cache.php(0)
VQModObject::applyMod - SEARCH NOT FOUND (SKIPPED): if (is_file(DIR_SYSTEM . 'library/journal3/vendor/SuperCache

----------------------------------------------------------------------


---------- Date: 2026-03-31 10:21:19 ~ IP : 185.179.188.62 ----------
REQUEST URI : /podmotka_spidometra/
MOD DETAILS:
   modFile   : /home/canmotalka/web/can-motalka.ru/public_html/vqmod/xml/lightning.xml
   id        : OpenCart Lightning
   version   : 3.37
   vqmver    : 
   author    : MaxD http://devs.mx

File Name    : system/library/cache.php(0)
VQModObject::applyMod - SEARCH NOT FOUND (SKIPPED): if (is_file(DIR_SYSTEM . 'library/journal3/vendor/SuperCache

----------------------------------------------------------------------


---------- Date: 2026-03-31 10:24:28 ~ IP : 185.179.188.62 ----------
REQUEST URI : /patriot_re/?ysclid=mneak6opoo987332393
MOD DETAILS:
   modFile   : /home/canmotalka/web/can-motalka.ru/public_html/vqmod/xml/lightning.xml
   id        : OpenCart Lightning
   version   : 3.37
   vqmver    : 
   author    : MaxD http://devs.mx

File Name    : system/library/cache.php(0)
VQModObject::applyMod - SEARCH NOT FOUND (SKIPPED): if (is_file(DIR_SYSTEM . 'library/journal3/vendor/SuperCache

----------------------------------------------------------------------


---------- Date: 2026-03-31 10:24:29 ~ IP : 185.179.188.62 ----------
REQUEST URI : /patriot_re/
MOD DETAILS:
   modFile   : /home/canmotalka/web/can-motalka.ru/public_html/vqmod/xml/lightning.xml
   id        : OpenCart Lightning
   version   : 3.37
   vqmver    : 
   author    : MaxD http://devs.mx

File Name    : system/library/cache.php(0)
VQModObject::applyMod - SEARCH NOT FOUND (SKIPPED): if (is_file(DIR_SYSTEM . 'library/journal3/vendor/SuperCache

----------------------------------------------------------------------


---------- Date: 2026-03-31 10:24:29 ~ IP : 185.179.188.62 ----------
REQUEST URI : /index.php?route=module/popupcart_extended
MOD DETAILS:
   modFile   : /home/canmotalka/web/can-motalka.ru/public_html/vqmod/xml/lightning.xml
   id        : OpenCart Lightning
   version   : 3.37
   vqmver    : 
   author    : MaxD http://devs.mx

File Name    : system/library/cache.php(0)
VQModObject::applyMod - SEARCH NOT FOUND (SKIPPED): if (is_file(DIR_SYSTEM . 'library/journal3/vendor/SuperCache

----------------------------------------------------------------------


---------- Date: 2026-03-31 10:24:43 ~ IP : 185.179.188.62 ----------
REQUEST URI : /motalki/?ysclid=mneakh7zok203184065
MOD DETAILS:
   modFile   : /home/canmotalka/web/can-motalka.ru/public_html/vqmod/xml/lightning.xml
   id        : OpenCart Lightning
   version   : 3.37
   vqmver    : 
   author    : MaxD http://devs.mx

File Name    : system/library/cache.php(0)
VQModObject::applyMod - SEARCH NOT FOUND (SKIPPED): if (is_file(DIR_SYSTEM . 'library/journal3/vendor/SuperCache

----------------------------------------------------------------------


---------- Date: 2026-03-31 10:24:44 ~ IP : 185.179.188.62 ----------
REQUEST URI : /index.php?route=module/popupcart_extended
MOD DETAILS:
   modFile   : /home/canmotalka/web/can-motalka.ru/public_html/vqmod/xml/lightning.xml
   id        : OpenCart Lightning
   version   : 3.37
   vqmver    : 
   author    : MaxD http://devs.mx

File Name    : system/library/cache.php(0)
VQModObject::applyMod - SEARCH NOT FOUND (SKIPPED): if (is_file(DIR_SYSTEM . 'library/journal3/vendor/SuperCache

----------------------------------------------------------------------


---------- Date: 2026-03-31 10:25:03 ~ IP : 185.179.188.62 ----------
REQUEST URI : /namotchik-probega-dlya-audi-q5/
MOD DETAILS:
   modFile   : /home/canmotalka/web/can-motalka.ru/public_html/vqmod/xml/lightning.xml
   id        : OpenCart Lightning
   version   : 3.37
   vqmver    : 
   author    : MaxD http://devs.mx

File Name    : system/library/cache.php(0)
VQModObject::applyMod - SEARCH NOT FOUND (SKIPPED): if (is_file(DIR_SYSTEM . 'library/journal3/vendor/SuperCache

----------------------------------------------------------------------


---------- Date: 2026-03-31 10:25:30 ~ IP : 185.179.188.62 ----------
REQUEST URI : /index.php?route=module/popupcart_extended
MOD DETAILS:
   modFile   : /home/canmotalka/web/can-motalka.ru/public_html/vqmod/xml/lightning.xml
   id        : OpenCart Lightning
   version   : 3.37
   vqmver    : 
   author    : MaxD http://devs.mx

File Name    : system/library/cache.php(0)
VQModObject::applyMod - SEARCH NOT FOUND (SKIPPED): if (is_file(DIR_SYSTEM . 'library/journal3/vendor/SuperCache

----------------------------------------------------------------------


---------- Date: 2026-03-31 10:25:30 ~ IP : 185.179.188.62 ----------
REQUEST URI : /index.php?route=product/product/review&amp;product_id=237
MOD DETAILS:
   modFile   : /home/canmotalka/web/can-motalka.ru/public_html/vqmod/xml/lightning.xml
   id        : OpenCart Lightning
   version   : 3.37
   vqmver    : 
   author    : MaxD http://devs.mx

File Name    : system/library/cache.php(0)
VQModObject::applyMod - SEARCH NOT FOUND (SKIPPED): if (is_file(DIR_SYSTEM . 'library/journal3/vendor/SuperCache

----------------------------------------------------------------------


---------- Date: 2026-03-31 10:27:16 ~ IP : 185.179.188.62 ----------
REQUEST URI : /.well-known/traffic-advice
MOD DETAILS:
   modFile   : /home/canmotalka/web/can-motalka.ru/public_html/vqmod/xml/lightning.xml
   id        : OpenCart Lightning
   version   : 3.37
   vqmver    : 
   author    : MaxD http://devs.mx

File Name    : system/library/cache.php(0)
VQModObject::applyMod - SEARCH NOT FOUND (SKIPPED): if (is_file(DIR_SYSTEM . 'library/journal3/vendor/SuperCache

----------------------------------------------------------------------


---------- Date: 2026-03-31 10:27:16 ~ IP : 185.179.188.62 ----------
REQUEST URI : /.well-known/traffic-advice
MOD DETAILS:
   modFile   : /home/canmotalka/web/can-motalka.ru/public_html/vqmod/xml/lightning.xml
   id        : OpenCart Lightning
   version   : 3.37
   vqmver    : 
   author    : MaxD http://devs.mx

File Name    : system/library/cache.php(0)
VQModObject::applyMod - SEARCH NOT FOUND (SKIPPED): if (is_file(DIR_SYSTEM . 'library/journal3/vendor/SuperCache

----------------------------------------------------------------------


---------- Date: 2026-03-31 10:27:16 ~ IP : 185.179.188.62 ----------
REQUEST URI : /podmotka-spidometra-podoidet-li-razyom/
MOD DETAILS:
   modFile   : /home/canmotalka/web/can-motalka.ru/public_html/vqmod/xml/lightning.xml
   id        : OpenCart Lightning
   version   : 3.37
   vqmver    : 
   author    : MaxD http://devs.mx

File Name    : system/library/cache.php(0)
VQModObject::applyMod - SEARCH NOT FOUND (SKIPPED): if (is_file(DIR_SYSTEM . 'library/journal3/vendor/SuperCache

----------------------------------------------------------------------


---------- Date: 2026-03-31 10:27:19 ~ IP : 185.179.188.62 ----------
REQUEST URI : /index.php?route=module/popupcart_extended
MOD DETAILS:
   modFile   : /home/canmotalka/web/can-motalka.ru/public_html/vqmod/xml/lightning.xml
   id        : OpenCart Lightning
   version   : 3.37
   vqmver    : 
   author    : MaxD http://devs.mx

File Name    : system/library/cache.php(0)
VQModObject::applyMod - SEARCH NOT FOUND (SKIPPED): if (is_file(DIR_SYSTEM . 'library/journal3/vendor/SuperCache

----------------------------------------------------------------------


---------- Date: 2026-03-31 10:27:39 ~ IP : 185.179.188.62 ----------
REQUEST URI : /podmotka-spidometra-largus/
MOD DETAILS:
   modFile   : /home/canmotalka/web/can-motalka.ru/public_html/vqmod/xml/lightning.xml
   id        : OpenCart Lightning
   version   : 3.37
   vqmver    : 
   author    : MaxD http://devs.mx

File Name    : system/library/cache.php(0)
VQModObject::applyMod - SEARCH NOT FOUND (SKIPPED): if (is_file(DIR_SYSTEM . 'library/journal3/vendor/SuperCache

----------------------------------------------------------------------


---------- Date: 2026-03-31 10:28:09 ~ IP : 185.179.188.62 ----------
REQUEST URI : /index.php?route=product/product/review&amp;product_id=258
MOD DETAILS:
   modFile   : /home/canmotalka/web/can-motalka.ru/public_html/vqmod/xml/lightning.xml
   id        : OpenCart Lightning
   version   : 3.37
   vqmver    : 
   author    : MaxD http://devs.mx

File Name    : system/library/cache.php(0)
VQModObject::applyMod - SEARCH NOT FOUND (SKIPPED): if (is_file(DIR_SYSTEM . 'library/journal3/vendor/SuperCache

----------------------------------------------------------------------


---------- Date: 2026-03-31 10:28:10 ~ IP : 185.179.188.62 ----------
REQUEST URI : /index.php?route=module/popupcart_extended
MOD DETAILS:
   modFile   : /home/canmotalka/web/can-motalka.ru/public_html/vqmod/xml/lightning.xml
   id        : OpenCart Lightning
   version   : 3.37
   vqmver    : 
   author    : MaxD http://devs.mx

File Name    : system/library/cache.php(0)
VQModObject::applyMod - SEARCH NOT FOUND (SKIPPED): if (is_file(DIR_SYSTEM . 'library/journal3/vendor/SuperCache

----------------------------------------------------------------------


---------- Date: 2026-03-31 10:28:20 ~ IP : 185.179.188.62 ----------
REQUEST URI : /index.php?route=module/popupcart_extended
MOD DETAILS:
   modFile   : /home/canmotalka/web/can-motalka.ru/public_html/vqmod/xml/lightning.xml
   id        : OpenCart Lightning
   version   : 3.37
   vqmver    : 
   author    : MaxD http://devs.mx

File Name    : system/library/cache.php(0)
VQModObject::applyMod - SEARCH NOT FOUND (SKIPPED): if (is_file(DIR_SYSTEM . 'library/journal3/vendor/SuperCache

----------------------------------------------------------------------


---------- Date: 2026-03-31 10:29:53 ~ IP : 185.179.188.62 ----------
REQUEST URI : /podmotka_vw_manual/
MOD DETAILS:
   modFile   : /home/canmotalka/web/can-motalka.ru/public_html/vqmod/xml/lightning.xml
   id        : OpenCart Lightning
   version   : 3.37
   vqmver    : 
   author    : MaxD http://devs.mx

File Name    : system/library/cache.php(0)
VQModObject::applyMod - SEARCH NOT FOUND (SKIPPED): if (is_file(DIR_SYSTEM . 'library/journal3/vendor/SuperCache

----------------------------------------------------------------------


---------- Date: 2026-03-31 10:31:56 ~ IP : 185.179.188.62 ----------
REQUEST URI : /podmotka_vw_manual/
MOD DETAILS:
   modFile   : /home/canmotalka/web/can-motalka.ru/public_html/vqmod/xml/lightning.xml
   id        : OpenCart Lightning
   version   : 3.37
   vqmver    : 
   author    : MaxD http://devs.mx

File Name    : system/library/cache.php(0)
VQModObject::applyMod - SEARCH NOT FOUND (SKIPPED): if (is_file(DIR_SYSTEM . 'library/journal3/vendor/SuperCache

----------------------------------------------------------------------


---------- Date: 2026-03-31 10:31:59 ~ IP : 185.179.188.62 ----------
REQUEST URI : /patriot_re/?ysclid=mneatu90bv687502560
MOD DETAILS:
   modFile   : /home/canmotalka/web/can-motalka.ru/public_html/vqmod/xml/lightning.xml
   id        : OpenCart Lightning
   version   : 3.37
   vqmver    : 
   author    : MaxD http://devs.mx

File Name    : system/library/cache.php(0)
VQModObject::applyMod - SEARCH NOT FOUND (SKIPPED): if (is_file(DIR_SYSTEM . 'library/journal3/vendor/SuperCache

----------------------------------------------------------------------


---------- Date: 2026-03-31 10:31:59 ~ IP : 185.179.188.62 ----------
REQUEST URI : /patriot_re/
MOD DETAILS:
   modFile   : /home/canmotalka/web/can-motalka.ru/public_html/vqmod/xml/lightning.xml
   id        : OpenCart Lightning
   version   : 3.37
   vqmver    : 
   author    : MaxD http://devs.mx

File Name    : system/library/cache.php(0)
VQModObject::applyMod - SEARCH NOT FOUND (SKIPPED): if (is_file(DIR_SYSTEM . 'library/journal3/vendor/SuperCache

----------------------------------------------------------------------


---------- Date: 2026-03-31 10:32:01 ~ IP : 185.179.188.62 ----------
REQUEST URI : /index.php?route=module/popupcart_extended
MOD DETAILS:
   modFile   : /home/canmotalka/web/can-motalka.ru/public_html/vqmod/xml/lightning.xml
   id        : OpenCart Lightning
   version   : 3.37
   vqmver    : 
   author    : MaxD http://devs.mx

File Name    : system/library/cache.php(0)
VQModObject::applyMod - SEARCH NOT FOUND (SKIPPED): if (is_file(DIR_SYSTEM . 'library/journal3/vendor/SuperCache

----------------------------------------------------------------------


---------- Date: 2026-03-31 10:32:03 ~ IP : 185.179.188.62 ----------
REQUEST URI : /podmotka_vw_manual/
MOD DETAILS:
   modFile   : /home/canmotalka/web/can-motalka.ru/public_html/vqmod/xml/lightning.xml
   id        : OpenCart Lightning
   version   : 3.37
   vqmver    : 
   author    : MaxD http://devs.mx

File Name    : system/library/cache.php(0)
VQModObject::applyMod - SEARCH NOT FOUND (SKIPPED): if (is_file(DIR_SYSTEM . 'library/journal3/vendor/SuperCache

----------------------------------------------------------------------


---------- Date: 2026-03-31 10:32:04 ~ IP : 185.179.188.62 ----------
REQUEST URI : /podmotka-spidometra-dlya-lada-granta-fl-2018-2019-s-abs-bezlimitnaya/
MOD DETAILS:
   modFile   : /home/canmotalka/web/can-motalka.ru/public_html/vqmod/xml/lightning.xml
   id        : OpenCart Lightning
   version   : 3.37
   vqmver    : 
   author    : MaxD http://devs.mx

File Name    : system/library/cache.php(0)
VQModObject::applyMod - SEARCH NOT FOUND (SKIPPED): if (is_file(DIR_SYSTEM . 'library/journal3/vendor/SuperCache

----------------------------------------------------------------------


---------- Date: 2026-03-31 10:32:06 ~ IP : 185.179.188.62 ----------
REQUEST URI : /podmotka-spidometra-lada-granta-fl/
MOD DETAILS:
   modFile   : /home/canmotalka/web/can-motalka.ru/public_html/vqmod/xml/lightning.xml
   id        : OpenCart Lightning
   version   : 3.37
   vqmver    : 
   author    : MaxD http://devs.mx

File Name    : system/library/cache.php(0)
VQModObject::applyMod - SEARCH NOT FOUND (SKIPPED): if (is_file(DIR_SYSTEM . 'library/journal3/vendor/SuperCache

----------------------------------------------------------------------


---------- Date: 2026-03-31 10:32:12 ~ IP : 185.179.188.62 ----------
REQUEST URI : /index.php?route=product/product/review&amp;product_id=270
MOD DETAILS:
   modFile   : /home/canmotalka/web/can-motalka.ru/public_html/vqmod/xml/lightning.xml
   id        : OpenCart Lightning
   version   : 3.37
   vqmver    : 
   author    : MaxD http://devs.mx

File Name    : system/library/cache.php(0)
VQModObject::applyMod - SEARCH NOT FOUND (SKIPPED): if (is_file(DIR_SYSTEM . 'library/journal3/vendor/SuperCache

----------------------------------------------------------------------


---------- Date: 2026-03-31 10:32:13 ~ IP : 185.179.188.62 ----------
REQUEST URI : /index.php?route=module/popupcart_extended
MOD DETAILS:
   modFile   : /home/canmotalka/web/can-motalka.ru/public_html/vqmod/xml/lightning.xml
   id        : OpenCart Lightning
   version   : 3.37
   vqmver    : 
   author    : MaxD http://devs.mx

File Name    : system/library/cache.php(0)
VQModObject::applyMod - SEARCH NOT FOUND (SKIPPED): if (is_file(DIR_SYSTEM . 'library/journal3/vendor/SuperCache

----------------------------------------------------------------------


---------- Date: 2026-03-31 10:32:38 ~ IP : 185.179.188.62 ----------
REQUEST URI : /podmotka_spidometra/
MOD DETAILS:
   modFile   : /home/canmotalka/web/can-motalka.ru/public_html/vqmod/xml/lightning.xml
   id        : OpenCart Lightning
   version   : 3.37
   vqmver    : 
   author    : MaxD http://devs.mx

File Name    : system/library/cache.php(0)
VQModObject::applyMod - SEARCH NOT FOUND (SKIPPED): if (is_file(DIR_SYSTEM . 'library/journal3/vendor/SuperCache

----------------------------------------------------------------------


---------- Date: 2026-03-31 10:37:18 ~ IP : 185.179.188.62 ----------
REQUEST URI : /podmotka-spidometra-nissan-teana/
MOD DETAILS:
   modFile   : /home/canmotalka/web/can-motalka.ru/public_html/vqmod/xml/lightning.xml
   id        : OpenCart Lightning
   version   : 3.37
   vqmver    : 
   author    : MaxD http://devs.mx

File Name    : system/library/cache.php(0)
VQModObject::applyMod - SEARCH NOT FOUND (SKIPPED): if (is_file(DIR_SYSTEM . 'library/journal3/vendor/SuperCache

----------------------------------------------------------------------


---------- Date: 2026-03-31 10:37:23 ~ IP : 185.179.188.62 ----------
REQUEST URI : /?ysclid=mneb0s9t38205860729
MOD DETAILS:
   modFile   : /home/canmotalka/web/can-motalka.ru/public_html/vqmod/xml/lightning.xml
   id        : OpenCart Lightning
   version   : 3.37
   vqmver    : 
   author    : MaxD http://devs.mx

File Name    : system/library/cache.php(0)
VQModObject::applyMod - SEARCH NOT FOUND (SKIPPED): if (is_file(DIR_SYSTEM . 'library/journal3/vendor/SuperCache

----------------------------------------------------------------------


---------- Date: 2026-03-31 10:37:28 ~ IP : 185.179.188.62 ----------
REQUEST URI : /index.php?route=module/popupcart_extended
MOD DETAILS:
   modFile   : /home/canmotalka/web/can-motalka.ru/public_html/vqmod/xml/lightning.xml
   id        : OpenCart Lightning
   version   : 3.37
   vqmver    : 
   author    : MaxD http://devs.mx

File Name    : system/library/cache.php(0)
VQModObject::applyMod - SEARCH NOT FOUND (SKIPPED): if (is_file(DIR_SYSTEM . 'library/journal3/vendor/SuperCache

----------------------------------------------------------------------


---------- Date: 2026-03-31 10:37:31 ~ IP : 185.179.188.62 ----------
REQUEST URI : /podmotka-spidometra-renault-dokker/?ysclid=mneb0zbfgx975318917
MOD DETAILS:
   modFile   : /home/canmotalka/web/can-motalka.ru/public_html/vqmod/xml/lightning.xml
   id        : OpenCart Lightning
   version   : 3.37
   vqmver    : 
   author    : MaxD http://devs.mx

File Name    : system/library/cache.php(0)
VQModObject::applyMod - SEARCH NOT FOUND (SKIPPED): if (is_file(DIR_SYSTEM . 'library/journal3/vendor/SuperCache

----------------------------------------------------------------------


---------- Date: 2026-03-31 10:37:32 ~ IP : 185.179.188.62 ----------
REQUEST URI : /podmotka-spidometra-renault-dokker/
MOD DETAILS:
   modFile   : /home/canmotalka/web/can-motalka.ru/public_html/vqmod/xml/lightning.xml
   id        : OpenCart Lightning
   version   : 3.37
   vqmver    : 
   author    : MaxD http://devs.mx

File Name    : system/library/cache.php(0)
VQModObject::applyMod - SEARCH NOT FOUND (SKIPPED): if (is_file(DIR_SYSTEM . 'library/journal3/vendor/SuperCache

----------------------------------------------------------------------


---------- Date: 2026-03-31 10:37:33 ~ IP : 185.179.188.62 ----------
REQUEST URI : /index.php?route=product/product/review&amp;product_id=267
MOD DETAILS:
   modFile   : /home/canmotalka/web/can-motalka.ru/public_html/vqmod/xml/lightning.xml
   id        : OpenCart Lightning
   version   : 3.37
   vqmver    : 
   author    : MaxD http://devs.mx

File Name    : system/library/cache.php(0)
VQModObject::applyMod - SEARCH NOT FOUND (SKIPPED): if (is_file(DIR_SYSTEM . 'library/journal3/vendor/SuperCache

----------------------------------------------------------------------


---------- Date: 2026-03-31 10:37:33 ~ IP : 185.179.188.62 ----------
REQUEST URI : /index.php?route=module/popupcart_extended
MOD DETAILS:
   modFile   : /home/canmotalka/web/can-motalka.ru/public_html/vqmod/xml/lightning.xml
   id        : OpenCart Lightning
   version   : 3.37
   vqmver    : 
   author    : MaxD http://devs.mx

File Name    : system/library/cache.php(0)
VQModObject::applyMod - SEARCH NOT FOUND (SKIPPED): if (is_file(DIR_SYSTEM . 'library/journal3/vendor/SuperCache

----------------------------------------------------------------------


---------- Date: 2026-03-31 10:38:09 ~ IP : 185.179.188.62 ----------
REQUEST URI : /index.php?route=common/footer/click_counter
MOD DETAILS:
   modFile   : /home/canmotalka/web/can-motalka.ru/public_html/vqmod/xml/lightning.xml
   id        : OpenCart Lightning
   version   : 3.37
   vqmver    : 
   author    : MaxD http://devs.mx

File Name    : system/library/cache.php(0)
VQModObject::applyMod - SEARCH NOT FOUND (SKIPPED): if (is_file(DIR_SYSTEM . 'library/journal3/vendor/SuperCache

----------------------------------------------------------------------


---------- Date: 2026-03-31 10:39:01 ~ IP : 185.179.188.62 ----------
REQUEST URI : /patriot_re/
MOD DETAILS:
   modFile   : /home/canmotalka/web/can-motalka.ru/public_html/vqmod/xml/lightning.xml
   id        : OpenCart Lightning
   version   : 3.37
   vqmver    : 
   author    : MaxD http://devs.mx

File Name    : system/library/cache.php(0)
VQModObject::applyMod - SEARCH NOT FOUND (SKIPPED): if (is_file(DIR_SYSTEM . 'library/journal3/vendor/SuperCache

----------------------------------------------------------------------


---------- Date: 2026-03-31 10:39:02 ~ IP : 185.179.188.62 ----------
REQUEST URI : /index.php?route=module/popupcart_extended
MOD DETAILS:
   modFile   : /home/canmotalka/web/can-motalka.ru/public_html/vqmod/xml/lightning.xml
   id        : OpenCart Lightning
   version   : 3.37
   vqmver    : 
   author    : MaxD http://devs.mx

File Name    : system/library/cache.php(0)
VQModObject::applyMod - SEARCH NOT FOUND (SKIPPED): if (is_file(DIR_SYSTEM . 'library/journal3/vendor/SuperCache

----------------------------------------------------------------------


---------- Date: 2026-03-31 10:39:49 ~ IP : 185.179.188.62 ----------
REQUEST URI : /podmotka_uaz_re/?ysclid=mneb3xc7pg122659254
MOD DETAILS:
   modFile   : /home/canmotalka/web/can-motalka.ru/public_html/vqmod/xml/lightning.xml
   id        : OpenCart Lightning
   version   : 3.37
   vqmver    : 
   author    : MaxD http://devs.mx

File Name    : system/library/cache.php(0)
VQModObject::applyMod - SEARCH NOT FOUND (SKIPPED): if (is_file(DIR_SYSTEM . 'library/journal3/vendor/SuperCache

----------------------------------------------------------------------


---------- Date: 2026-03-31 10:39:50 ~ IP : 185.179.188.62 ----------
REQUEST URI : /podmotka_uaz_re/
MOD DETAILS:
   modFile   : /home/canmotalka/web/can-motalka.ru/public_html/vqmod/xml/lightning.xml
   id        : OpenCart Lightning
   version   : 3.37
   vqmver    : 
   author    : MaxD http://devs.mx

File Name    : system/library/cache.php(0)
VQModObject::applyMod - SEARCH NOT FOUND (SKIPPED): if (is_file(DIR_SYSTEM . 'library/journal3/vendor/SuperCache

----------------------------------------------------------------------


---------- Date: 2026-03-31 10:39:50 ~ IP : 185.179.188.62 ----------
REQUEST URI : /index.php?route=module/popupcart_extended
MOD DETAILS:
   modFile   : /home/canmotalka/web/can-motalka.ru/public_html/vqmod/xml/lightning.xml
   id        : OpenCart Lightning
   version   : 3.37
   vqmver    : 
   author    : MaxD http://devs.mx

File Name    : system/library/cache.php(0)
VQModObject::applyMod - SEARCH NOT FOUND (SKIPPED): if (is_file(DIR_SYSTEM . 'library/journal3/vendor/SuperCache

----------------------------------------------------------------------


---------- Date: 2026-03-31 10:43:30 ~ IP : 185.179.188.62 ----------
REQUEST URI : /podmotka-spidometra-citroen-jumper/
MOD DETAILS:
   modFile   : /home/canmotalka/web/can-motalka.ru/public_html/vqmod/xml/lightning.xml
   id        : OpenCart Lightning
   version   : 3.37
   vqmver    : 
   author    : MaxD http://devs.mx

File Name    : system/library/cache.php(0)
VQModObject::applyMod - SEARCH NOT FOUND (SKIPPED): if (is_file(DIR_SYSTEM . 'library/journal3/vendor/SuperCache

----------------------------------------------------------------------


---------- Date: 2026-03-31 10:43:31 ~ IP : 185.179.188.62 ----------
REQUEST URI : /index.php?route=product/product/review&amp;product_id=88
MOD DETAILS:
   modFile   : /home/canmotalka/web/can-motalka.ru/public_html/vqmod/xml/lightning.xml
   id        : OpenCart Lightning
   version   : 3.37
   vqmver    : 
   author    : MaxD http://devs.mx

File Name    : system/library/cache.php(0)
VQModObject::applyMod - SEARCH NOT FOUND (SKIPPED): if (is_file(DIR_SYSTEM . 'library/journal3/vendor/SuperCache

----------------------------------------------------------------------


---------- Date: 2026-03-31 10:43:32 ~ IP : 185.179.188.62 ----------
REQUEST URI : /index.php?route=module/popupcart_extended
MOD DETAILS:
   modFile   : /home/canmotalka/web/can-motalka.ru/public_html/vqmod/xml/lightning.xml
   id        : OpenCart Lightning
   version   : 3.37
   vqmver    : 
   author    : MaxD http://devs.mx

File Name    : system/library/cache.php(0)
VQModObject::applyMod - SEARCH NOT FOUND (SKIPPED): if (is_file(DIR_SYSTEM . 'library/journal3/vendor/SuperCache

----------------------------------------------------------------------


---------- Date: 2026-03-31 10:44:44 ~ IP : 185.179.188.62 ----------
REQUEST URI : /podmotka-spidometra-renault-dokker/?ysclid=mneba91dik649710983
MOD DETAILS:
   modFile   : /home/canmotalka/web/can-motalka.ru/public_html/vqmod/xml/lightning.xml
   id        : OpenCart Lightning
   version   : 3.37
   vqmver    : 
   author    : MaxD http://devs.mx

File Name    : system/library/cache.php(0)
VQModObject::applyMod - SEARCH NOT FOUND (SKIPPED): if (is_file(DIR_SYSTEM . 'library/journal3/vendor/SuperCache

----------------------------------------------------------------------


---------- Date: 2026-03-31 10:45:00 ~ IP : 185.179.188.62 ----------
REQUEST URI : /podmotka-spidometra-henday-staria/
MOD DETAILS:
   modFile   : /home/canmotalka/web/can-motalka.ru/public_html/vqmod/xml/lightning.xml
   id        : OpenCart Lightning
   version   : 3.37
   vqmver    : 
   author    : MaxD http://devs.mx

File Name    : system/library/cache.php(0)
VQModObject::applyMod - SEARCH NOT FOUND (SKIPPED): if (is_file(DIR_SYSTEM . 'library/journal3/vendor/SuperCache

----------------------------------------------------------------------


---------- Date: 2026-03-31 10:46:27 ~ IP : 185.179.188.62 ----------
REQUEST URI : /podmotka-spidometra-niva-travel/
MOD DETAILS:
   modFile   : /home/canmotalka/web/can-motalka.ru/public_html/vqmod/xml/lightning.xml
   id        : OpenCart Lightning
   version   : 3.37
   vqmver    : 
   author    : MaxD http://devs.mx

File Name    : system/library/cache.php(0)
VQModObject::applyMod - SEARCH NOT FOUND (SKIPPED): if (is_file(DIR_SYSTEM . 'library/journal3/vendor/SuperCache

----------------------------------------------------------------------


---------- Date: 2026-03-31 10:46:30 ~ IP : 185.179.188.62 ----------
REQUEST URI : /index.php?route=product/product/review&amp;product_id=291
MOD DETAILS:
   modFile   : /home/canmotalka/web/can-motalka.ru/public_html/vqmod/xml/lightning.xml
   id        : OpenCart Lightning
   version   : 3.37
   vqmver    : 
   author    : MaxD http://devs.mx

File Name    : system/library/cache.php(0)
VQModObject::applyMod - SEARCH NOT FOUND (SKIPPED): if (is_file(DIR_SYSTEM . 'library/journal3/vendor/SuperCache

----------------------------------------------------------------------


---------- Date: 2026-03-31 10:46:30 ~ IP : 185.179.188.62 ----------
REQUEST URI : /index.php?route=module/popupcart_extended
MOD DETAILS:
   modFile   : /home/canmotalka/web/can-motalka.ru/public_html/vqmod/xml/lightning.xml
   id        : OpenCart Lightning
   version   : 3.37
   vqmver    : 
   author    : MaxD http://devs.mx

File Name    : system/library/cache.php(0)
VQModObject::applyMod - SEARCH NOT FOUND (SKIPPED): if (is_file(DIR_SYSTEM . 'library/journal3/vendor/SuperCache

----------------------------------------------------------------------


---------- Date: 2026-03-31 10:49:06 ~ IP : 185.179.188.62 ----------
REQUEST URI : /podmotka-spidometra-renault-dokker/
MOD DETAILS:
   modFile   : /home/canmotalka/web/can-motalka.ru/public_html/vqmod/xml/lightning.xml
   id        : OpenCart Lightning
   version   : 3.37
   vqmver    : 
   author    : MaxD http://devs.mx

File Name    : system/library/cache.php(0)
VQModObject::applyMod - SEARCH NOT FOUND (SKIPPED): if (is_file(DIR_SYSTEM . 'library/journal3/vendor/SuperCache

----------------------------------------------------------------------


---------- Date: 2026-03-31 10:50:23 ~ IP : 185.179.188.62 ----------
REQUEST URI : /instrukciya-podmotka-camry/
MOD DETAILS:
   modFile   : /home/canmotalka/web/can-motalka.ru/public_html/vqmod/xml/lightning.xml
   id        : OpenCart Lightning
   version   : 3.37
   vqmver    : 
   author    : MaxD http://devs.mx

File Name    : system/library/cache.php(0)
VQModObject::applyMod - SEARCH NOT FOUND (SKIPPED): if (is_file(DIR_SYSTEM . 'library/journal3/vendor/SuperCache

----------------------------------------------------------------------


---------- Date: 2026-03-31 10:50:25 ~ IP : 185.179.188.62 ----------
REQUEST URI : /index.php?route=module/popupcart_extended
MOD DETAILS:
   modFile   : /home/canmotalka/web/can-motalka.ru/public_html/vqmod/xml/lightning.xml
   id        : OpenCart Lightning
   version   : 3.37
   vqmver    : 
   author    : MaxD http://devs.mx

File Name    : system/library/cache.php(0)
VQModObject::applyMod - SEARCH NOT FOUND (SKIPPED): if (is_file(DIR_SYSTEM . 'library/journal3/vendor/SuperCache

----------------------------------------------------------------------


---------- Date: 2026-03-31 10:50:54 ~ IP : 185.179.188.62 ----------
REQUEST URI : /index.php?route=common/footer/click_counter
MOD DETAILS:
   modFile   : /home/canmotalka/web/can-motalka.ru/public_html/vqmod/xml/lightning.xml
   id        : OpenCart Lightning
   version   : 3.37
   vqmver    : 
   author    : MaxD http://devs.mx

File Name    : system/library/cache.php(0)
VQModObject::applyMod - SEARCH NOT FOUND (SKIPPED): if (is_file(DIR_SYSTEM . 'library/journal3/vendor/SuperCache

----------------------------------------------------------------------


---------- Date: 2026-03-31 10:52:34 ~ IP : 185.179.188.62 ----------
REQUEST URI : /contact
MOD DETAILS:
   modFile   : /home/canmotalka/web/can-motalka.ru/public_html/vqmod/xml/lightning.xml
   id        : OpenCart Lightning
   version   : 3.37
   vqmver    : 
   author    : MaxD http://devs.mx

File Name    : system/library/cache.php(0)
VQModObject::applyMod - SEARCH NOT FOUND (SKIPPED): if (is_file(DIR_SYSTEM . 'library/journal3/vendor/SuperCache

----------------------------------------------------------------------


---------- Date: 2026-03-31 10:52:36 ~ IP : 185.179.188.62 ----------
REQUEST URI : /contact/
MOD DETAILS:
   modFile   : /home/canmotalka/web/can-motalka.ru/public_html/vqmod/xml/lightning.xml
   id        : OpenCart Lightning
   version   : 3.37
   vqmver    : 
   author    : MaxD http://devs.mx

File Name    : system/library/cache.php(0)
VQModObject::applyMod - SEARCH NOT FOUND (SKIPPED): if (is_file(DIR_SYSTEM . 'library/journal3/vendor/SuperCache

----------------------------------------------------------------------


---------- Date: 2026-03-31 10:52:42 ~ IP : 185.179.188.62 ----------
REQUEST URI : /contact
MOD DETAILS:
   modFile   : /home/canmotalka/web/can-motalka.ru/public_html/vqmod/xml/lightning.xml
   id        : OpenCart Lightning
   version   : 3.37
   vqmver    : 
   author    : MaxD http://devs.mx

File Name    : system/library/cache.php(0)
VQModObject::applyMod - SEARCH NOT FOUND (SKIPPED): if (is_file(DIR_SYSTEM . 'library/journal3/vendor/SuperCache

----------------------------------------------------------------------


---------- Date: 2026-03-31 10:52:42 ~ IP : 185.179.188.62 ----------
REQUEST URI : /contact/
MOD DETAILS:
   modFile   : /home/canmotalka/web/can-motalka.ru/public_html/vqmod/xml/lightning.xml
   id        : OpenCart Lightning
   version   : 3.37
   vqmver    : 
   author    : MaxD http://devs.mx

File Name    : system/library/cache.php(0)
VQModObject::applyMod - SEARCH NOT FOUND (SKIPPED): if (is_file(DIR_SYSTEM . 'library/journal3/vendor/SuperCache

----------------------------------------------------------------------


---------- Date: 2026-03-31 10:53:06 ~ IP : 185.179.188.62 ----------
REQUEST URI : /folksvagen-polo-podmotka-spidometra
MOD DETAILS:
   modFile   : /home/canmotalka/web/can-motalka.ru/public_html/vqmod/xml/lightning.xml
   id        : OpenCart Lightning
   version   : 3.37
   vqmver    : 
   author    : MaxD http://devs.mx

File Name    : system/library/cache.php(0)
VQModObject::applyMod - SEARCH NOT FOUND (SKIPPED): if (is_file(DIR_SYSTEM . 'library/journal3/vendor/SuperCache

----------------------------------------------------------------------


---------- Date: 2026-03-31 10:53:07 ~ IP : 185.179.188.62 ----------
REQUEST URI : /folksvagen-polo-podmotka-spidometra/
MOD DETAILS:
   modFile   : /home/canmotalka/web/can-motalka.ru/public_html/vqmod/xml/lightning.xml
   id        : OpenCart Lightning
   version   : 3.37
   vqmver    : 
   author    : MaxD http://devs.mx

File Name    : system/library/cache.php(0)
VQModObject::applyMod - SEARCH NOT FOUND (SKIPPED): if (is_file(DIR_SYSTEM . 'library/journal3/vendor/SuperCache

----------------------------------------------------------------------


---------- Date: 2026-03-31 10:53:32 ~ IP : 185.179.188.62 ----------
REQUEST URI : /instrukciya-dlya-ford-tranzit/?ysclid=mneblkwub6693624500
MOD DETAILS:
   modFile   : /home/canmotalka/web/can-motalka.ru/public_html/vqmod/xml/lightning.xml
   id        : OpenCart Lightning
   version   : 3.37
   vqmver    : 
   author    : MaxD http://devs.mx

File Name    : system/library/cache.php(0)
VQModObject::applyMod - SEARCH NOT FOUND (SKIPPED): if (is_file(DIR_SYSTEM . 'library/journal3/vendor/SuperCache

----------------------------------------------------------------------


---------- Date: 2026-03-31 10:53:33 ~ IP : 185.179.188.62 ----------
REQUEST URI : /instrukciya-dlya-ford-tranzit/
MOD DETAILS:
   modFile   : /home/canmotalka/web/can-motalka.ru/public_html/vqmod/xml/lightning.xml
   id        : OpenCart Lightning
   version   : 3.37
   vqmver    : 
   author    : MaxD http://devs.mx

File Name    : system/library/cache.php(0)
VQModObject::applyMod - SEARCH NOT FOUND (SKIPPED): if (is_file(DIR_SYSTEM . 'library/journal3/vendor/SuperCache

----------------------------------------------------------------------


---------- Date: 2026-03-31 10:53:33 ~ IP : 185.179.188.62 ----------
REQUEST URI : /index.php?route=module/popupcart_extended
MOD DETAILS:
   modFile   : /home/canmotalka/web/can-motalka.ru/public_html/vqmod/xml/lightning.xml
   id        : OpenCart Lightning
   version   : 3.37
   vqmver    : 
   author    : MaxD http://devs.mx

File Name    : system/library/cache.php(0)
VQModObject::applyMod - SEARCH NOT FOUND (SKIPPED): if (is_file(DIR_SYSTEM . 'library/journal3/vendor/SuperCache

----------------------------------------------------------------------


---------- Date: 2026-03-31 10:53:43 ~ IP : 185.179.188.62 ----------
REQUEST URI : /manuals
MOD DETAILS:
   modFile   : /home/canmotalka/web/can-motalka.ru/public_html/vqmod/xml/lightning.xml
   id        : OpenCart Lightning
   version   : 3.37
   vqmver    : 
   author    : MaxD http://devs.mx

File Name    : system/library/cache.php(0)
VQModObject::applyMod - SEARCH NOT FOUND (SKIPPED): if (is_file(DIR_SYSTEM . 'library/journal3/vendor/SuperCache

----------------------------------------------------------------------


---------- Date: 2026-03-31 10:53:44 ~ IP : 185.179.188.62 ----------
REQUEST URI : /manuals/
MOD DETAILS:
   modFile   : /home/canmotalka/web/can-motalka.ru/public_html/vqmod/xml/lightning.xml
   id        : OpenCart Lightning
   version   : 3.37
   vqmver    : 
   author    : MaxD http://devs.mx

File Name    : system/library/cache.php(0)
VQModObject::applyMod - SEARCH NOT FOUND (SKIPPED): if (is_file(DIR_SYSTEM . 'library/journal3/vendor/SuperCache

----------------------------------------------------------------------


---------- Date: 2026-03-31 10:53:47 ~ IP : 185.179.188.62 ----------
REQUEST URI : /motalki
MOD DETAILS:
   modFile   : /home/canmotalka/web/can-motalka.ru/public_html/vqmod/xml/lightning.xml
   id        : OpenCart Lightning
   version   : 3.37
   vqmver    : 
   author    : MaxD http://devs.mx

File Name    : system/library/cache.php(0)
VQModObject::applyMod - SEARCH NOT FOUND (SKIPPED): if (is_file(DIR_SYSTEM . 'library/journal3/vendor/SuperCache

----------------------------------------------------------------------


---------- Date: 2026-03-31 10:54:09 ~ IP : 185.179.188.62 ----------
REQUEST URI : /motalki/chevrolet
MOD DETAILS:
   modFile   : /home/canmotalka/web/can-motalka.ru/public_html/vqmod/xml/lightning.xml
   id        : OpenCart Lightning
   version   : 3.37
   vqmver    : 
   author    : MaxD http://devs.mx

File Name    : system/library/cache.php(0)
VQModObject::applyMod - SEARCH NOT FOUND (SKIPPED): if (is_file(DIR_SYSTEM . 'library/journal3/vendor/SuperCache

----------------------------------------------------------------------


---------- Date: 2026-03-31 10:54:10 ~ IP : 185.179.188.62 ----------
REQUEST URI : /motalki/chevrolet/
MOD DETAILS:
   modFile   : /home/canmotalka/web/can-motalka.ru/public_html/vqmod/xml/lightning.xml
   id        : OpenCart Lightning
   version   : 3.37
   vqmver    : 
   author    : MaxD http://devs.mx

File Name    : system/library/cache.php(0)
VQModObject::applyMod - SEARCH NOT FOUND (SKIPPED): if (is_file(DIR_SYSTEM . 'library/journal3/vendor/SuperCache

----------------------------------------------------------------------


---------- Date: 2026-03-31 10:54:12 ~ IP : 185.179.188.62 ----------
REQUEST URI : /motalki/citroen
MOD DETAILS:
   modFile   : /home/canmotalka/web/can-motalka.ru/public_html/vqmod/xml/lightning.xml
   id        : OpenCart Lightning
   version   : 3.37
   vqmver    : 
   author    : MaxD http://devs.mx

File Name    : system/library/cache.php(0)
VQModObject::applyMod - SEARCH NOT FOUND (SKIPPED): if (is_file(DIR_SYSTEM . 'library/journal3/vendor/SuperCache

----------------------------------------------------------------------


---------- Date: 2026-03-31 10:54:13 ~ IP : 185.179.188.62 ----------
REQUEST URI : /motalki/datsun
MOD DETAILS:
   modFile   : /home/canmotalka/web/can-motalka.ru/public_html/vqmod/xml/lightning.xml
   id        : OpenCart Lightning
   version   : 3.37
   vqmver    : 
   author    : MaxD http://devs.mx

File Name    : system/library/cache.php(0)
VQModObject::applyMod - SEARCH NOT FOUND (SKIPPED): if (is_file(DIR_SYSTEM . 'library/journal3/vendor/SuperCache

----------------------------------------------------------------------


---------- Date: 2026-03-31 10:54:16 ~ IP : 185.179.188.62 ----------
REQUEST URI : /motalki/fiat
MOD DETAILS:
   modFile   : /home/canmotalka/web/can-motalka.ru/public_html/vqmod/xml/lightning.xml
   id        : OpenCart Lightning
   version   : 3.37
   vqmver    : 
   author    : MaxD http://devs.mx

File Name    : system/library/cache.php(0)
VQModObject::applyMod - SEARCH NOT FOUND (SKIPPED): if (is_file(DIR_SYSTEM . 'library/journal3/vendor/SuperCache

----------------------------------------------------------------------


---------- Date: 2026-03-31 10:54:17 ~ IP : 185.179.188.62 ----------
REQUEST URI : /motalki/fiat/
MOD DETAILS:
   modFile   : /home/canmotalka/web/can-motalka.ru/public_html/vqmod/xml/lightning.xml
   id        : OpenCart Lightning
   version   : 3.37
   vqmver    : 
   author    : MaxD http://devs.mx

File Name    : system/library/cache.php(0)
VQModObject::applyMod - SEARCH NOT FOUND (SKIPPED): if (is_file(DIR_SYSTEM . 'library/journal3/vendor/SuperCache

----------------------------------------------------------------------


---------- Date: 2026-03-31 10:55:29 ~ IP : 185.179.188.62 ----------
REQUEST URI : /instrukciya-podmotka-kamaz/?ysclid=mnebo28bmo365776325
MOD DETAILS:
   modFile   : /home/canmotalka/web/can-motalka.ru/public_html/vqmod/xml/lightning.xml
   id        : OpenCart Lightning
   version   : 3.37
   vqmver    : 
   author    : MaxD http://devs.mx

File Name    : system/library/cache.php(0)
VQModObject::applyMod - SEARCH NOT FOUND (SKIPPED): if (is_file(DIR_SYSTEM . 'library/journal3/vendor/SuperCache

----------------------------------------------------------------------


---------- Date: 2026-03-31 10:55:30 ~ IP : 185.179.188.62 ----------
REQUEST URI : /instrukciya-podmotka-kamaz/
MOD DETAILS:
   modFile   : /home/canmotalka/web/can-motalka.ru/public_html/vqmod/xml/lightning.xml
   id        : OpenCart Lightning
   version   : 3.37
   vqmver    : 
   author    : MaxD http://devs.mx

File Name    : system/library/cache.php(0)
VQModObject::applyMod - SEARCH NOT FOUND (SKIPPED): if (is_file(DIR_SYSTEM . 'library/journal3/vendor/SuperCache

----------------------------------------------------------------------


---------- Date: 2026-03-31 10:55:32 ~ IP : 185.179.188.62 ----------
REQUEST URI : /index.php?route=module/popupcart_extended
MOD DETAILS:
   modFile   : /home/canmotalka/web/can-motalka.ru/public_html/vqmod/xml/lightning.xml
   id        : OpenCart Lightning
   version   : 3.37
   vqmver    : 
   author    : MaxD http://devs.mx

File Name    : system/library/cache.php(0)
VQModObject::applyMod - SEARCH NOT FOUND (SKIPPED): if (is_file(DIR_SYSTEM . 'library/journal3/vendor/SuperCache

----------------------------------------------------------------------


---------- Date: 2026-03-31 10:55:43 ~ IP : 185.179.188.62 ----------
REQUEST URI : /?ysclid=mnebo5dnnn476715829
MOD DETAILS:
   modFile   : /home/canmotalka/web/can-motalka.ru/public_html/vqmod/xml/lightning.xml
   id        : OpenCart Lightning
   version   : 3.37
   vqmver    : 
   author    : MaxD http://devs.mx

File Name    : system/library/cache.php(0)
VQModObject::applyMod - SEARCH NOT FOUND (SKIPPED): if (is_file(DIR_SYSTEM . 'library/journal3/vendor/SuperCache

----------------------------------------------------------------------


---------- Date: 2026-03-31 10:56:03 ~ IP : 185.179.188.62 ----------
REQUEST URI : /motalki/kia
MOD DETAILS:
   modFile   : /home/canmotalka/web/can-motalka.ru/public_html/vqmod/xml/lightning.xml
   id        : OpenCart Lightning
   version   : 3.37
   vqmver    : 
   author    : MaxD http://devs.mx

File Name    : system/library/cache.php(0)
VQModObject::applyMod - SEARCH NOT FOUND (SKIPPED): if (is_file(DIR_SYSTEM . 'library/journal3/vendor/SuperCache

----------------------------------------------------------------------


---------- Date: 2026-03-31 10:56:04 ~ IP : 185.179.188.62 ----------
REQUEST URI : /motalki/kia/
MOD DETAILS:
   modFile   : /home/canmotalka/web/can-motalka.ru/public_html/vqmod/xml/lightning.xml
   id        : OpenCart Lightning
   version   : 3.37
   vqmver    : 
   author    : MaxD http://devs.mx

File Name    : system/library/cache.php(0)
VQModObject::applyMod - SEARCH NOT FOUND (SKIPPED): if (is_file(DIR_SYSTEM . 'library/journal3/vendor/SuperCache

----------------------------------------------------------------------


---------- Date: 2026-03-31 10:56:19 ~ IP : 185.179.188.62 ----------
REQUEST URI : /motalki/lada
MOD DETAILS:
   modFile   : /home/canmotalka/web/can-motalka.ru/public_html/vqmod/xml/lightning.xml
   id        : OpenCart Lightning
   version   : 3.37
   vqmver    : 
   author    : MaxD http://devs.mx

File Name    : system/library/cache.php(0)
VQModObject::applyMod - SEARCH NOT FOUND (SKIPPED): if (is_file(DIR_SYSTEM . 'library/journal3/vendor/SuperCache

----------------------------------------------------------------------


---------- Date: 2026-03-31 10:56:21 ~ IP : 185.179.188.62 ----------
REQUEST URI : /motalki/mercedes
MOD DETAILS:
   modFile   : /home/canmotalka/web/can-motalka.ru/public_html/vqmod/xml/lightning.xml
   id        : OpenCart Lightning
   version   : 3.37
   vqmver    : 
   author    : MaxD http://devs.mx

File Name    : system/library/cache.php(0)
VQModObject::applyMod - SEARCH NOT FOUND (SKIPPED): if (is_file(DIR_SYSTEM . 'library/journal3/vendor/SuperCache

----------------------------------------------------------------------


---------- Date: 2026-03-31 10:56:23 ~ IP : 185.179.188.62 ----------
REQUEST URI : /motalki/mitsubishi
MOD DETAILS:
   modFile   : /home/canmotalka/web/can-motalka.ru/public_html/vqmod/xml/lightning.xml
   id        : OpenCart Lightning
   version   : 3.37
   vqmver    : 
   author    : MaxD http://devs.mx

File Name    : system/library/cache.php(0)
VQModObject::applyMod - SEARCH NOT FOUND (SKIPPED): if (is_file(DIR_SYSTEM . 'library/journal3/vendor/SuperCache

----------------------------------------------------------------------


---------- Date: 2026-03-31 10:56:24 ~ IP : 185.179.188.62 ----------
REQUEST URI : /motalki/mitsubishi/
MOD DETAILS:
   modFile   : /home/canmotalka/web/can-motalka.ru/public_html/vqmod/xml/lightning.xml
   id        : OpenCart Lightning
   version   : 3.37
   vqmver    : 
   author    : MaxD http://devs.mx

File Name    : system/library/cache.php(0)
VQModObject::applyMod - SEARCH NOT FOUND (SKIPPED): if (is_file(DIR_SYSTEM . 'library/journal3/vendor/SuperCache

----------------------------------------------------------------------


---------- Date: 2026-03-31 10:56:26 ~ IP : 185.179.188.62 ----------
REQUEST URI : /motalki/nissan
MOD DETAILS:
   modFile   : /home/canmotalka/web/can-motalka.ru/public_html/vqmod/xml/lightning.xml
   id        : OpenCart Lightning
   version   : 3.37
   vqmver    : 
   author    : MaxD http://devs.mx

File Name    : system/library/cache.php(0)
VQModObject::applyMod - SEARCH NOT FOUND (SKIPPED): if (is_file(DIR_SYSTEM . 'library/journal3/vendor/SuperCache

----------------------------------------------------------------------


---------- Date: 2026-03-31 10:56:28 ~ IP : 185.179.188.62 ----------
REQUEST URI : /motalki/peugeot
MOD DETAILS:
   modFile   : /home/canmotalka/web/can-motalka.ru/public_html/vqmod/xml/lightning.xml
   id        : OpenCart Lightning
   version   : 3.37
   vqmver    : 
   author    : MaxD http://devs.mx

File Name    : system/library/cache.php(0)
VQModObject::applyMod - SEARCH NOT FOUND (SKIPPED): if (is_file(DIR_SYSTEM . 'library/journal3/vendor/SuperCache

----------------------------------------------------------------------


---------- Date: 2026-03-31 10:56:31 ~ IP : 185.179.188.62 ----------
REQUEST URI : /setting_php/super-jevitra/600-prilidji-20-zakazat/
MOD DETAILS:
   modFile   : /home/canmotalka/web/can-motalka.ru/public_html/vqmod/xml/lightning.xml
   id        : OpenCart Lightning
   version   : 3.37
   vqmver    : 
   author    : MaxD http://devs.mx

File Name    : system/library/cache.php(0)
VQModObject::applyMod - SEARCH NOT FOUND (SKIPPED): if (is_file(DIR_SYSTEM . 'library/journal3/vendor/SuperCache

----------------------------------------------------------------------


---------- Date: 2026-03-31 10:57:10 ~ IP : 185.179.188.62 ----------
REQUEST URI : /motalki/ssang-yong
MOD DETAILS:
   modFile   : /home/canmotalka/web/can-motalka.ru/public_html/vqmod/xml/lightning.xml
   id        : OpenCart Lightning
   version   : 3.37
   vqmver    : 
   author    : MaxD http://devs.mx

File Name    : system/library/cache.php(0)
VQModObject::applyMod - SEARCH NOT FOUND (SKIPPED): if (is_file(DIR_SYSTEM . 'library/journal3/vendor/SuperCache

----------------------------------------------------------------------


---------- Date: 2026-03-31 10:57:22 ~ IP : 185.179.188.62 ----------
REQUEST URI : /motalki/toyota
MOD DETAILS:
   modFile   : /home/canmotalka/web/can-motalka.ru/public_html/vqmod/xml/lightning.xml
   id        : OpenCart Lightning
   version   : 3.37
   vqmver    : 
   author    : MaxD http://devs.mx

File Name    : system/library/cache.php(0)
VQModObject::applyMod - SEARCH NOT FOUND (SKIPPED): if (is_file(DIR_SYSTEM . 'library/journal3/vendor/SuperCache

----------------------------------------------------------------------


---------- Date: 2026-03-31 10:57:23 ~ IP : 185.179.188.62 ----------
REQUEST URI : /motalki/toyota/
MOD DETAILS:
   modFile   : /home/canmotalka/web/can-motalka.ru/public_html/vqmod/xml/lightning.xml
   id        : OpenCart Lightning
   version   : 3.37
   vqmver    : 
   author    : MaxD http://devs.mx

File Name    : system/library/cache.php(0)
VQModObject::applyMod - SEARCH NOT FOUND (SKIPPED): if (is_file(DIR_SYSTEM . 'library/journal3/vendor/SuperCache

----------------------------------------------------------------------


---------- Date: 2026-03-31 10:57:24 ~ IP : 185.179.188.62 ----------
REQUEST URI : /motalki/uaz
MOD DETAILS:
   modFile   : /home/canmotalka/web/can-motalka.ru/public_html/vqmod/xml/lightning.xml
   id        : OpenCart Lightning
   version   : 3.37
   vqmver    : 
   author    : MaxD http://devs.mx

File Name    : system/library/cache.php(0)
VQModObject::applyMod - SEARCH NOT FOUND (SKIPPED): if (is_file(DIR_SYSTEM . 'library/journal3/vendor/SuperCache

----------------------------------------------------------------------


---------- Date: 2026-03-31 10:57:27 ~ IP : 185.179.188.62 ----------
REQUEST URI : /motalki/vw
MOD DETAILS:
   modFile   : /home/canmotalka/web/can-motalka.ru/public_html/vqmod/xml/lightning.xml
   id        : OpenCart Lightning
   version   : 3.37
   vqmver    : 
   author    : MaxD http://devs.mx

File Name    : system/library/cache.php(0)
VQModObject::applyMod - SEARCH NOT FOUND (SKIPPED): if (is_file(DIR_SYSTEM . 'library/journal3/vendor/SuperCache

----------------------------------------------------------------------


---------- Date: 2026-03-31 10:58:01 ~ IP : 185.179.188.62 ----------
REQUEST URI : /podmotka-spidometra-ford-mondeo-4
MOD DETAILS:
   modFile   : /home/canmotalka/web/can-motalka.ru/public_html/vqmod/xml/lightning.xml
   id        : OpenCart Lightning
   version   : 3.37
   vqmver    : 
   author    : MaxD http://devs.mx

File Name    : system/library/cache.php(0)
VQModObject::applyMod - SEARCH NOT FOUND (SKIPPED): if (is_file(DIR_SYSTEM . 'library/journal3/vendor/SuperCache

----------------------------------------------------------------------


---------- Date: 2026-03-31 10:58:01 ~ IP : 185.179.188.62 ----------
REQUEST URI : /podmotka-spidometra-ford-mondeo-4/
MOD DETAILS:
   modFile   : /home/canmotalka/web/can-motalka.ru/public_html/vqmod/xml/lightning.xml
   id        : OpenCart Lightning
   version   : 3.37
   vqmver    : 
   author    : MaxD http://devs.mx

File Name    : system/library/cache.php(0)
VQModObject::applyMod - SEARCH NOT FOUND (SKIPPED): if (is_file(DIR_SYSTEM . 'library/journal3/vendor/SuperCache

----------------------------------------------------------------------


---------- Date: 2026-03-31 10:58:04 ~ IP : 185.179.188.62 ----------
REQUEST URI : /podmotka-spidometra-gazel-nekst
MOD DETAILS:
   modFile   : /home/canmotalka/web/can-motalka.ru/public_html/vqmod/xml/lightning.xml
   id        : OpenCart Lightning
   version   : 3.37
   vqmver    : 
   author    : MaxD http://devs.mx

File Name    : system/library/cache.php(0)
VQModObject::applyMod - SEARCH NOT FOUND (SKIPPED): if (is_file(DIR_SYSTEM . 'library/journal3/vendor/SuperCache

----------------------------------------------------------------------


---------- Date: 2026-03-31 10:58:05 ~ IP : 185.179.188.62 ----------
REQUEST URI : /podmotka-spidometra-gazel-nekst/
MOD DETAILS:
   modFile   : /home/canmotalka/web/can-motalka.ru/public_html/vqmod/xml/lightning.xml
   id        : OpenCart Lightning
   version   : 3.37
   vqmver    : 
   author    : MaxD http://devs.mx

File Name    : system/library/cache.php(0)
VQModObject::applyMod - SEARCH NOT FOUND (SKIPPED): if (is_file(DIR_SYSTEM . 'library/journal3/vendor/SuperCache

----------------------------------------------------------------------


---------- Date: 2026-03-31 10:58:07 ~ IP : 185.179.188.62 ----------
REQUEST URI : /podmotka-spidometra-haval-jolion
MOD DETAILS:
   modFile   : /home/canmotalka/web/can-motalka.ru/public_html/vqmod/xml/lightning.xml
   id        : OpenCart Lightning
   version   : 3.37
   vqmver    : 
   author    : MaxD http://devs.mx

File Name    : system/library/cache.php(0)
VQModObject::applyMod - SEARCH NOT FOUND (SKIPPED): if (is_file(DIR_SYSTEM . 'library/journal3/vendor/SuperCache

----------------------------------------------------------------------


---------- Date: 2026-03-31 10:58:08 ~ IP : 185.179.188.62 ----------
REQUEST URI : /podmotka-spidometra-haval-jolion/
MOD DETAILS:
   modFile   : /home/canmotalka/web/can-motalka.ru/public_html/vqmod/xml/lightning.xml
   id        : OpenCart Lightning
   version   : 3.37
   vqmver    : 
   author    : MaxD http://devs.mx

File Name    : system/library/cache.php(0)
VQModObject::applyMod - SEARCH NOT FOUND (SKIPPED): if (is_file(DIR_SYSTEM . 'library/journal3/vendor/SuperCache

----------------------------------------------------------------------


---------- Date: 2026-03-31 10:58:20 ~ IP : 185.179.188.62 ----------
REQUEST URI : /podmotka-spidometra-hyundai-h1
MOD DETAILS:
   modFile   : /home/canmotalka/web/can-motalka.ru/public_html/vqmod/xml/lightning.xml
   id        : OpenCart Lightning
   version   : 3.37
   vqmver    : 
   author    : MaxD http://devs.mx

File Name    : system/library/cache.php(0)
VQModObject::applyMod - SEARCH NOT FOUND (SKIPPED): if (is_file(DIR_SYSTEM . 'library/journal3/vendor/SuperCache

----------------------------------------------------------------------


---------- Date: 2026-03-31 10:58:20 ~ IP : 185.179.188.62 ----------
REQUEST URI : /podmotka-spidometra-hyundai-h1/
MOD DETAILS:
   modFile   : /home/canmotalka/web/can-motalka.ru/public_html/vqmod/xml/lightning.xml
   id        : OpenCart Lightning
   version   : 3.37
   vqmver    : 
   author    : MaxD http://devs.mx

File Name    : system/library/cache.php(0)
VQModObject::applyMod - SEARCH NOT FOUND (SKIPPED): if (is_file(DIR_SYSTEM . 'library/journal3/vendor/SuperCache

----------------------------------------------------------------------


---------- Date: 2026-03-31 10:58:25 ~ IP : 185.179.188.62 ----------
REQUEST URI : /podmotka_uaz_re/?ysclid=mnebruh5qv389487190
MOD DETAILS:
   modFile   : /home/canmotalka/web/can-motalka.ru/public_html/vqmod/xml/lightning.xml
   id        : OpenCart Lightning
   version   : 3.37
   vqmver    : 
   author    : MaxD http://devs.mx

File Name    : system/library/cache.php(0)
VQModObject::applyMod - SEARCH NOT FOUND (SKIPPED): if (is_file(DIR_SYSTEM . 'library/journal3/vendor/SuperCache

----------------------------------------------------------------------


---------- Date: 2026-03-31 10:58:44 ~ IP : 185.179.188.62 ----------
REQUEST URI : /podmotka-spidometra-nissan-terrano
MOD DETAILS:
   modFile   : /home/canmotalka/web/can-motalka.ru/public_html/vqmod/xml/lightning.xml
   id        : OpenCart Lightning
   version   : 3.37
   vqmver    : 
   author    : MaxD http://devs.mx

File Name    : system/library/cache.php(0)
VQModObject::applyMod - SEARCH NOT FOUND (SKIPPED): if (is_file(DIR_SYSTEM . 'library/journal3/vendor/SuperCache

----------------------------------------------------------------------


---------- Date: 2026-03-31 10:58:45 ~ IP : 185.179.188.62 ----------
REQUEST URI : /podmotka-spidometra-nissan-terrano/
MOD DETAILS:
   modFile   : /home/canmotalka/web/can-motalka.ru/public_html/vqmod/xml/lightning.xml
   id        : OpenCart Lightning
   version   : 3.37
   vqmver    : 
   author    : MaxD http://devs.mx

File Name    : system/library/cache.php(0)
VQModObject::applyMod - SEARCH NOT FOUND (SKIPPED): if (is_file(DIR_SYSTEM . 'library/journal3/vendor/SuperCache

----------------------------------------------------------------------


---------- Date: 2026-03-31 10:59:21 ~ IP : 185.179.188.62 ----------
REQUEST URI : /podmotka-spidometra-toyota-fortuner
MOD DETAILS:
   modFile   : /home/canmotalka/web/can-motalka.ru/public_html/vqmod/xml/lightning.xml
   id        : OpenCart Lightning
   version   : 3.37
   vqmver    : 
   author    : MaxD http://devs.mx

File Name    : system/library/cache.php(0)
VQModObject::applyMod - SEARCH NOT FOUND (SKIPPED): if (is_file(DIR_SYSTEM . 'library/journal3/vendor/SuperCache

----------------------------------------------------------------------


---------- Date: 2026-03-31 10:59:21 ~ IP : 185.179.188.62 ----------
REQUEST URI : /podmotka-spidometra-toyota-fortuner/
MOD DETAILS:
   modFile   : /home/canmotalka/web/can-motalka.ru/public_html/vqmod/xml/lightning.xml
   id        : OpenCart Lightning
   version   : 3.37
   vqmver    : 
   author    : MaxD http://devs.mx

File Name    : system/library/cache.php(0)
VQModObject::applyMod - SEARCH NOT FOUND (SKIPPED): if (is_file(DIR_SYSTEM . 'library/journal3/vendor/SuperCache

----------------------------------------------------------------------


---------- Date: 2026-03-31 10:59:25 ~ IP : 185.179.188.62 ----------
REQUEST URI : /podmotka-spidometra-uaz-profi
MOD DETAILS:
   modFile   : /home/canmotalka/web/can-motalka.ru/public_html/vqmod/xml/lightning.xml
   id        : OpenCart Lightning
   version   : 3.37
   vqmver    : 
   author    : MaxD http://devs.mx

File Name    : system/library/cache.php(0)
VQModObject::applyMod - SEARCH NOT FOUND (SKIPPED): if (is_file(DIR_SYSTEM . 'library/journal3/vendor/SuperCache

----------------------------------------------------------------------


---------- Date: 2026-03-31 10:59:26 ~ IP : 185.179.188.62 ----------
REQUEST URI : /podmotka-spidometra-uaz-profi/
MOD DETAILS:
   modFile   : /home/canmotalka/web/can-motalka.ru/public_html/vqmod/xml/lightning.xml
   id        : OpenCart Lightning
   version   : 3.37
   vqmver    : 
   author    : MaxD http://devs.mx

File Name    : system/library/cache.php(0)
VQModObject::applyMod - SEARCH NOT FOUND (SKIPPED): if (is_file(DIR_SYSTEM . 'library/journal3/vendor/SuperCache

----------------------------------------------------------------------


---------- Date: 2026-03-31 10:59:42 ~ IP : 185.179.188.62 ----------
REQUEST URI : /podmotka-spidometra-volkswagen-caddy
MOD DETAILS:
   modFile   : /home/canmotalka/web/can-motalka.ru/public_html/vqmod/xml/lightning.xml
   id        : OpenCart Lightning
   version   : 3.37
   vqmver    : 
   author    : MaxD http://devs.mx

File Name    : system/library/cache.php(0)
VQModObject::applyMod - SEARCH NOT FOUND (SKIPPED): if (is_file(DIR_SYSTEM . 'library/journal3/vendor/SuperCache

----------------------------------------------------------------------


---------- Date: 2026-03-31 10:59:43 ~ IP : 185.179.188.62 ----------
REQUEST URI : /podmotka-spidometra-volkswagen-caddy/
MOD DETAILS:
   modFile   : /home/canmotalka/web/can-motalka.ru/public_html/vqmod/xml/lightning.xml
   id        : OpenCart Lightning
   version   : 3.37
   vqmver    : 
   author    : MaxD http://devs.mx

File Name    : system/library/cache.php(0)
VQModObject::applyMod - SEARCH NOT FOUND (SKIPPED): if (is_file(DIR_SYSTEM . 'library/journal3/vendor/SuperCache

----------------------------------------------------------------------


---------- Date: 2026-03-31 10:59:48 ~ IP : 185.179.188.62 ----------
REQUEST URI : /politika-konfidencialnosti
MOD DETAILS:
   modFile   : /home/canmotalka/web/can-motalka.ru/public_html/vqmod/xml/lightning.xml
   id        : OpenCart Lightning
   version   : 3.37
   vqmver    : 
   author    : MaxD http://devs.mx

File Name    : system/library/cache.php(0)
VQModObject::applyMod - SEARCH NOT FOUND (SKIPPED): if (is_file(DIR_SYSTEM . 'library/journal3/vendor/SuperCache

----------------------------------------------------------------------


---------- Date: 2026-03-31 10:59:48 ~ IP : 185.179.188.62 ----------
REQUEST URI : /politika-konfidencialnosti/
MOD DETAILS:
   modFile   : /home/canmotalka/web/can-motalka.ru/public_html/vqmod/xml/lightning.xml
   id        : OpenCart Lightning
   version   : 3.37
   vqmver    : 
   author    : MaxD http://devs.mx

File Name    : system/library/cache.php(0)
VQModObject::applyMod - SEARCH NOT FOUND (SKIPPED): if (is_file(DIR_SYSTEM . 'library/journal3/vendor/SuperCache

----------------------------------------------------------------------


---------- Date: 2026-03-31 11:03:06 ~ IP : 185.179.188.62 ----------
REQUEST URI : /instrukciya-podmotka-niva-travel-chevrolet/?ysclid=mnebyrcy9p533655071
MOD DETAILS:
   modFile   : /home/canmotalka/web/can-motalka.ru/public_html/vqmod/xml/lightning.xml
   id        : OpenCart Lightning
   version   : 3.37
   vqmver    : 
   author    : MaxD http://devs.mx

File Name    : system/library/cache.php(0)
VQModObject::applyMod - SEARCH NOT FOUND (SKIPPED): if (is_file(DIR_SYSTEM . 'library/journal3/vendor/SuperCache

----------------------------------------------------------------------


---------- Date: 2026-03-31 11:03:07 ~ IP : 185.179.188.62 ----------
REQUEST URI : /instrukciya-podmotka-niva-travel-chevrolet/
MOD DETAILS:
   modFile   : /home/canmotalka/web/can-motalka.ru/public_html/vqmod/xml/lightning.xml
   id        : OpenCart Lightning
   version   : 3.37
   vqmver    : 
   author    : MaxD http://devs.mx

File Name    : system/library/cache.php(0)
VQModObject::applyMod - SEARCH NOT FOUND (SKIPPED): if (is_file(DIR_SYSTEM . 'library/journal3/vendor/SuperCache

----------------------------------------------------------------------


---------- Date: 2026-03-31 11:03:09 ~ IP : 185.179.188.62 ----------
REQUEST URI : /index.php?route=module/popupcart_extended
MOD DETAILS:
   modFile   : /home/canmotalka/web/can-motalka.ru/public_html/vqmod/xml/lightning.xml
   id        : OpenCart Lightning
   version   : 3.37
   vqmver    : 
   author    : MaxD http://devs.mx

File Name    : system/library/cache.php(0)
VQModObject::applyMod - SEARCH NOT FOUND (SKIPPED): if (is_file(DIR_SYSTEM . 'library/journal3/vendor/SuperCache

----------------------------------------------------------------------


---------- Date: 2026-03-31 11:05:19 ~ IP : 185.179.188.62 ----------
REQUEST URI : /podmotka-spidometra-dlya-lada-granta-fl-bez-abs/
MOD DETAILS:
   modFile   : /home/canmotalka/web/can-motalka.ru/public_html/vqmod/xml/lightning.xml
   id        : OpenCart Lightning
   version   : 3.37
   vqmver    : 
   author    : MaxD http://devs.mx

File Name    : system/library/cache.php(0)
VQModObject::applyMod - SEARCH NOT FOUND (SKIPPED): if (is_file(DIR_SYSTEM . 'library/journal3/vendor/SuperCache

----------------------------------------------------------------------


---------- Date: 2026-03-31 11:05:31 ~ IP : 185.179.188.62 ----------
REQUEST URI : /podmotka-krutilka-spidometra-gazel-biznes-benzin-evotec-ili-cummins/
MOD DETAILS:
   modFile   : /home/canmotalka/web/can-motalka.ru/public_html/vqmod/xml/lightning.xml
   id        : OpenCart Lightning
   version   : 3.37
   vqmver    : 
   author    : MaxD http://devs.mx

File Name    : system/library/cache.php(0)
VQModObject::applyMod - SEARCH NOT FOUND (SKIPPED): if (is_file(DIR_SYSTEM . 'library/journal3/vendor/SuperCache

----------------------------------------------------------------------


---------- Date: 2026-03-31 11:05:32 ~ IP : 185.179.188.62 ----------
REQUEST URI : /index.php?route=product/product/review&amp;product_id=98
MOD DETAILS:
   modFile   : /home/canmotalka/web/can-motalka.ru/public_html/vqmod/xml/lightning.xml
   id        : OpenCart Lightning
   version   : 3.37
   vqmver    : 
   author    : MaxD http://devs.mx

File Name    : system/library/cache.php(0)
VQModObject::applyMod - SEARCH NOT FOUND (SKIPPED): if (is_file(DIR_SYSTEM . 'library/journal3/vendor/SuperCache

----------------------------------------------------------------------


---------- Date: 2026-03-31 11:05:32 ~ IP : 185.179.188.62 ----------
REQUEST URI : /index.php?route=module/popupcart_extended
MOD DETAILS:
   modFile   : /home/canmotalka/web/can-motalka.ru/public_html/vqmod/xml/lightning.xml
   id        : OpenCart Lightning
   version   : 3.37
   vqmver    : 
   author    : MaxD http://devs.mx

File Name    : system/library/cache.php(0)
VQModObject::applyMod - SEARCH NOT FOUND (SKIPPED): if (is_file(DIR_SYSTEM . 'library/journal3/vendor/SuperCache

----------------------------------------------------------------------


---------- Date: 2026-03-31 11:05:47 ~ IP : 185.179.188.62 ----------
REQUEST URI : /index.php?route=module/popupcart_extended
MOD DETAILS:
   modFile   : /home/canmotalka/web/can-motalka.ru/public_html/vqmod/xml/lightning.xml
   id        : OpenCart Lightning
   version   : 3.37
   vqmver    : 
   author    : MaxD http://devs.mx

File Name    : system/library/cache.php(0)
VQModObject::applyMod - SEARCH NOT FOUND (SKIPPED): if (is_file(DIR_SYSTEM . 'library/journal3/vendor/SuperCache

----------------------------------------------------------------------


---------- Date: 2026-03-31 11:10:05 ~ IP : 185.179.188.62 ----------
REQUEST URI : /instrukciya-podmotka-kamaz/?ysclid=mnec6tyt0949664517
MOD DETAILS:
   modFile   : /home/canmotalka/web/can-motalka.ru/public_html/vqmod/xml/lightning.xml
   id        : OpenCart Lightning
   version   : 3.37
   vqmver    : 
   author    : MaxD http://devs.mx

File Name    : system/library/cache.php(0)
VQModObject::applyMod - SEARCH NOT FOUND (SKIPPED): if (is_file(DIR_SYSTEM . 'library/journal3/vendor/SuperCache

----------------------------------------------------------------------


---------- Date: 2026-03-31 11:10:05 ~ IP : 185.179.188.62 ----------
REQUEST URI : /instrukciya-podmotka-kamaz/
MOD DETAILS:
   modFile   : /home/canmotalka/web/can-motalka.ru/public_html/vqmod/xml/lightning.xml
   id        : OpenCart Lightning
   version   : 3.37
   vqmver    : 
   author    : MaxD http://devs.mx

File Name    : system/library/cache.php(0)
VQModObject::applyMod - SEARCH NOT FOUND (SKIPPED): if (is_file(DIR_SYSTEM . 'library/journal3/vendor/SuperCache

----------------------------------------------------------------------


---------- Date: 2026-03-31 11:10:06 ~ IP : 185.179.188.62 ----------
REQUEST URI : /index.php?route=module/popupcart_extended
MOD DETAILS:
   modFile   : /home/canmotalka/web/can-motalka.ru/public_html/vqmod/xml/lightning.xml
   id        : OpenCart Lightning
   version   : 3.37
   vqmver    : 
   author    : MaxD http://devs.mx

File Name    : system/library/cache.php(0)
VQModObject::applyMod - SEARCH NOT FOUND (SKIPPED): if (is_file(DIR_SYSTEM . 'library/journal3/vendor/SuperCache

----------------------------------------------------------------------


---------- Date: 2026-03-31 11:12:31 ~ IP : 185.179.188.62 ----------
REQUEST URI : /otzyvy/?page=9
MOD DETAILS:
   modFile   : /home/canmotalka/web/can-motalka.ru/public_html/vqmod/xml/lightning.xml
   id        : OpenCart Lightning
   version   : 3.37
   vqmver    : 
   author    : MaxD http://devs.mx

File Name    : system/library/cache.php(0)
VQModObject::applyMod - SEARCH NOT FOUND (SKIPPED): if (is_file(DIR_SYSTEM . 'library/journal3/vendor/SuperCache

----------------------------------------------------------------------


---------- Date: 2026-03-31 11:13:23 ~ IP : 185.179.188.62 ----------
REQUEST URI : /podmotka-spidometra-volkswagen-caddy/?ysclid=mnecb3h87k407400950
MOD DETAILS:
   modFile   : /home/canmotalka/web/can-motalka.ru/public_html/vqmod/xml/lightning.xml
   id        : OpenCart Lightning
   version   : 3.37
   vqmver    : 
   author    : MaxD http://devs.mx

File Name    : system/library/cache.php(0)
VQModObject::applyMod - SEARCH NOT FOUND (SKIPPED): if (is_file(DIR_SYSTEM . 'library/journal3/vendor/SuperCache

----------------------------------------------------------------------


---------- Date: 2026-03-31 11:13:24 ~ IP : 185.179.188.62 ----------
REQUEST URI : /podmotka-spidometra-volkswagen-caddy/
MOD DETAILS:
   modFile   : /home/canmotalka/web/can-motalka.ru/public_html/vqmod/xml/lightning.xml
   id        : OpenCart Lightning
   version   : 3.37
   vqmver    : 
   author    : MaxD http://devs.mx

File Name    : system/library/cache.php(0)
VQModObject::applyMod - SEARCH NOT FOUND (SKIPPED): if (is_file(DIR_SYSTEM . 'library/journal3/vendor/SuperCache

----------------------------------------------------------------------


---------- Date: 2026-03-31 11:13:32 ~ IP : 185.179.188.62 ----------
REQUEST URI : /contact/
MOD DETAILS:
   modFile   : /home/canmotalka/web/can-motalka.ru/public_html/vqmod/xml/lightning.xml
   id        : OpenCart Lightning
   version   : 3.37
   vqmver    : 
   author    : MaxD http://devs.mx

File Name    : system/library/cache.php(0)
VQModObject::applyMod - SEARCH NOT FOUND (SKIPPED): if (is_file(DIR_SYSTEM . 'library/journal3/vendor/SuperCache

----------------------------------------------------------------------


---------- Date: 2026-03-31 11:14:36 ~ IP : 185.179.188.62 ----------
REQUEST URI : /podmotka-spidometra-na-lada-xray/
MOD DETAILS:
   modFile   : /home/canmotalka/web/can-motalka.ru/public_html/vqmod/xml/lightning.xml
   id        : OpenCart Lightning
   version   : 3.37
   vqmver    : 
   author    : MaxD http://devs.mx

File Name    : system/library/cache.php(0)
VQModObject::applyMod - SEARCH NOT FOUND (SKIPPED): if (is_file(DIR_SYSTEM . 'library/journal3/vendor/SuperCache

----------------------------------------------------------------------


---------- Date: 2026-03-31 11:14:36 ~ IP : 185.179.188.62 ----------
REQUEST URI : /index.php?route=product/product/review&amp;product_id=248
MOD DETAILS:
   modFile   : /home/canmotalka/web/can-motalka.ru/public_html/vqmod/xml/lightning.xml
   id        : OpenCart Lightning
   version   : 3.37
   vqmver    : 
   author    : MaxD http://devs.mx

File Name    : system/library/cache.php(0)
VQModObject::applyMod - SEARCH NOT FOUND (SKIPPED): if (is_file(DIR_SYSTEM . 'library/journal3/vendor/SuperCache

----------------------------------------------------------------------


---------- Date: 2026-03-31 11:14:36 ~ IP : 185.179.188.62 ----------
REQUEST URI : /index.php?route=module/popupcart_extended
MOD DETAILS:
   modFile   : /home/canmotalka/web/can-motalka.ru/public_html/vqmod/xml/lightning.xml
   id        : OpenCart Lightning
   version   : 3.37
   vqmver    : 
   author    : MaxD http://devs.mx

File Name    : system/library/cache.php(0)
VQModObject::applyMod - SEARCH NOT FOUND (SKIPPED): if (is_file(DIR_SYSTEM . 'library/journal3/vendor/SuperCache

----------------------------------------------------------------------


---------- Date: 2026-03-31 11:15:07 ~ IP : 185.179.188.62 ----------
REQUEST URI : /?ysclid=mnecdbpfvz542977927
MOD DETAILS:
   modFile   : /home/canmotalka/web/can-motalka.ru/public_html/vqmod/xml/lightning.xml
   id        : OpenCart Lightning
   version   : 3.37
   vqmver    : 
   author    : MaxD http://devs.mx

File Name    : system/library/cache.php(0)
VQModObject::applyMod - SEARCH NOT FOUND (SKIPPED): if (is_file(DIR_SYSTEM . 'library/journal3/vendor/SuperCache

----------------------------------------------------------------------


---------- Date: 2026-03-31 11:15:09 ~ IP : 185.179.188.62 ----------
REQUEST URI : /index.php?route=module/popupcart_extended
MOD DETAILS:
   modFile   : /home/canmotalka/web/can-motalka.ru/public_html/vqmod/xml/lightning.xml
   id        : OpenCart Lightning
   version   : 3.37
   vqmver    : 
   author    : MaxD http://devs.mx

File Name    : system/library/cache.php(0)
VQModObject::applyMod - SEARCH NOT FOUND (SKIPPED): if (is_file(DIR_SYSTEM . 'library/journal3/vendor/SuperCache

----------------------------------------------------------------------


---------- Date: 2026-03-31 11:15:40 ~ IP : 185.179.188.62 ----------
REQUEST URI : /kak-rabotaet-podmotka-spidometra/?ysclid=mnece1urdr460911614
MOD DETAILS:
   modFile   : /home/canmotalka/web/can-motalka.ru/public_html/vqmod/xml/lightning.xml
   id        : OpenCart Lightning
   version   : 3.37
   vqmver    : 
   author    : MaxD http://devs.mx

File Name    : system/library/cache.php(0)
VQModObject::applyMod - SEARCH NOT FOUND (SKIPPED): if (is_file(DIR_SYSTEM . 'library/journal3/vendor/SuperCache

----------------------------------------------------------------------


---------- Date: 2026-03-31 11:15:41 ~ IP : 185.179.188.62 ----------
REQUEST URI : /kak-rabotaet-podmotka-spidometra/
MOD DETAILS:
   modFile   : /home/canmotalka/web/can-motalka.ru/public_html/vqmod/xml/lightning.xml
   id        : OpenCart Lightning
   version   : 3.37
   vqmver    : 
   author    : MaxD http://devs.mx

File Name    : system/library/cache.php(0)
VQModObject::applyMod - SEARCH NOT FOUND (SKIPPED): if (is_file(DIR_SYSTEM . 'library/journal3/vendor/SuperCache

----------------------------------------------------------------------


---------- Date: 2026-03-31 11:15:42 ~ IP : 185.179.188.62 ----------
REQUEST URI : /index.php?route=module/popupcart_extended
MOD DETAILS:
   modFile   : /home/canmotalka/web/can-motalka.ru/public_html/vqmod/xml/lightning.xml
   id        : OpenCart Lightning
   version   : 3.37
   vqmver    : 
   author    : MaxD http://devs.mx

File Name    : system/library/cache.php(0)
VQModObject::applyMod - SEARCH NOT FOUND (SKIPPED): if (is_file(DIR_SYSTEM . 'library/journal3/vendor/SuperCache

----------------------------------------------------------------------


---------- Date: 2026-03-31 11:19:30 ~ IP : 185.179.188.62 ----------
REQUEST URI : /?ysclid=mneciyermx587432848
MOD DETAILS:
   modFile   : /home/canmotalka/web/can-motalka.ru/public_html/vqmod/xml/lightning.xml
   id        : OpenCart Lightning
   version   : 3.37
   vqmver    : 
   author    : MaxD http://devs.mx

File Name    : system/library/cache.php(0)
VQModObject::applyMod - SEARCH NOT FOUND (SKIPPED): if (is_file(DIR_SYSTEM . 'library/journal3/vendor/SuperCache

----------------------------------------------------------------------


---------- Date: 2026-03-31 11:25:25 ~ IP : 185.179.188.62 ----------
REQUEST URI : /podmotka_uaz_re/?ysclid=mnecqkb0ez426804086
MOD DETAILS:
   modFile   : /home/canmotalka/web/can-motalka.ru/public_html/vqmod/xml/lightning.xml
   id        : OpenCart Lightning
   version   : 3.37
   vqmver    : 
   author    : MaxD http://devs.mx

File Name    : system/library/cache.php(0)
VQModObject::applyMod - SEARCH NOT FOUND (SKIPPED): if (is_file(DIR_SYSTEM . 'library/journal3/vendor/SuperCache

----------------------------------------------------------------------


---------- Date: 2026-03-31 11:25:25 ~ IP : 185.179.188.62 ----------
REQUEST URI : /podmotka_uaz_re/
MOD DETAILS:
   modFile   : /home/canmotalka/web/can-motalka.ru/public_html/vqmod/xml/lightning.xml
   id        : OpenCart Lightning
   version   : 3.37
   vqmver    : 
   author    : MaxD http://devs.mx

File Name    : system/library/cache.php(0)
VQModObject::applyMod - SEARCH NOT FOUND (SKIPPED): if (is_file(DIR_SYSTEM . 'library/journal3/vendor/SuperCache

----------------------------------------------------------------------


---------- Date: 2026-03-31 11:25:26 ~ IP : 185.179.188.62 ----------
REQUEST URI : /index.php?route=module/popupcart_extended
MOD DETAILS:
   modFile   : /home/canmotalka/web/can-motalka.ru/public_html/vqmod/xml/lightning.xml
   id        : OpenCart Lightning
   version   : 3.37
   vqmver    : 
   author    : MaxD http://devs.mx

File Name    : system/library/cache.php(0)
VQModObject::applyMod - SEARCH NOT FOUND (SKIPPED): if (is_file(DIR_SYSTEM . 'library/journal3/vendor/SuperCache

----------------------------------------------------------------------


---------- Date: 2026-03-31 11:27:16 ~ IP : 185.179.188.62 ----------
REQUEST URI : /.well-known/traffic-advice
MOD DETAILS:
   modFile   : /home/canmotalka/web/can-motalka.ru/public_html/vqmod/xml/lightning.xml
   id        : OpenCart Lightning
   version   : 3.37
   vqmver    : 
   author    : MaxD http://devs.mx

File Name    : system/library/cache.php(0)
VQModObject::applyMod - SEARCH NOT FOUND (SKIPPED): if (is_file(DIR_SYSTEM . 'library/journal3/vendor/SuperCache

----------------------------------------------------------------------


---------- Date: 2026-03-31 11:27:17 ~ IP : 185.179.188.62 ----------
REQUEST URI : /podmotka-spidometra-uaz-buhanka/
MOD DETAILS:
   modFile   : /home/canmotalka/web/can-motalka.ru/public_html/vqmod/xml/lightning.xml
   id        : OpenCart Lightning
   version   : 3.37
   vqmver    : 
   author    : MaxD http://devs.mx

File Name    : system/library/cache.php(0)
VQModObject::applyMod - SEARCH NOT FOUND (SKIPPED): if (is_file(DIR_SYSTEM . 'library/journal3/vendor/SuperCache

----------------------------------------------------------------------


---------- Date: 2026-03-31 11:27:24 ~ IP : 185.179.188.62 ----------
REQUEST URI : /index.php?route=product/product/review&amp;product_id=257
MOD DETAILS:
   modFile   : /home/canmotalka/web/can-motalka.ru/public_html/vqmod/xml/lightning.xml
   id        : OpenCart Lightning
   version   : 3.37
   vqmver    : 
   author    : MaxD http://devs.mx

File Name    : system/library/cache.php(0)
VQModObject::applyMod - SEARCH NOT FOUND (SKIPPED): if (is_file(DIR_SYSTEM . 'library/journal3/vendor/SuperCache

----------------------------------------------------------------------


---------- Date: 2026-03-31 11:27:24 ~ IP : 185.179.188.62 ----------
REQUEST URI : /index.php?route=module/popupcart_extended
MOD DETAILS:
   modFile   : /home/canmotalka/web/can-motalka.ru/public_html/vqmod/xml/lightning.xml
   id        : OpenCart Lightning
   version   : 3.37
   vqmver    : 
   author    : MaxD http://devs.mx

File Name    : system/library/cache.php(0)
VQModObject::applyMod - SEARCH NOT FOUND (SKIPPED): if (is_file(DIR_SYSTEM . 'library/journal3/vendor/SuperCache

----------------------------------------------------------------------


---------- Date: 2026-03-31 11:27:28 ~ IP : 185.179.188.62 ----------
REQUEST URI : /podmotka-spidometra-hyundai-genesis-g80/
MOD DETAILS:
   modFile   : /home/canmotalka/web/can-motalka.ru/public_html/vqmod/xml/lightning.xml
   id        : OpenCart Lightning
   version   : 3.37
   vqmver    : 
   author    : MaxD http://devs.mx

File Name    : system/library/cache.php(0)
VQModObject::applyMod - SEARCH NOT FOUND (SKIPPED): if (is_file(DIR_SYSTEM . 'library/journal3/vendor/SuperCache

----------------------------------------------------------------------


---------- Date: 2026-03-31 11:28:35 ~ IP : 185.179.188.62 ----------
REQUEST URI : /instrukciya-podmotka-vesta/
MOD DETAILS:
   modFile   : /home/canmotalka/web/can-motalka.ru/public_html/vqmod/xml/lightning.xml
   id        : OpenCart Lightning
   version   : 3.37
   vqmver    : 
   author    : MaxD http://devs.mx

File Name    : system/library/cache.php(0)
VQModObject::applyMod - SEARCH NOT FOUND (SKIPPED): if (is_file(DIR_SYSTEM . 'library/journal3/vendor/SuperCache

----------------------------------------------------------------------


---------- Date: 2026-03-31 11:31:04 ~ IP : 185.179.188.62 ----------
REQUEST URI : /podmotka-spidometra-kia-optima-bezlimitnaya/
MOD DETAILS:
   modFile   : /home/canmotalka/web/can-motalka.ru/public_html/vqmod/xml/lightning.xml
   id        : OpenCart Lightning
   version   : 3.37
   vqmver    : 
   author    : MaxD http://devs.mx

File Name    : system/library/cache.php(0)
VQModObject::applyMod - SEARCH NOT FOUND (SKIPPED): if (is_file(DIR_SYSTEM . 'library/journal3/vendor/SuperCache

----------------------------------------------------------------------


---------- Date: 2026-03-31 11:31:24 ~ IP : 185.179.188.62 ----------
REQUEST URI : /setting_php/super-jevitra/777-zakazat-viagru-shtralzund/
MOD DETAILS:
   modFile   : /home/canmotalka/web/can-motalka.ru/public_html/vqmod/xml/lightning.xml
   id        : OpenCart Lightning
   version   : 3.37
   vqmver    : 
   author    : MaxD http://devs.mx

File Name    : system/library/cache.php(0)
VQModObject::applyMod - SEARCH NOT FOUND (SKIPPED): if (is_file(DIR_SYSTEM . 'library/journal3/vendor/SuperCache

----------------------------------------------------------------------


---------- Date: 2026-03-31 11:31:59 ~ IP : 185.179.188.62 ----------
REQUEST URI : /podmotka-spidometra-citroen-jumpy/
MOD DETAILS:
   modFile   : /home/canmotalka/web/can-motalka.ru/public_html/vqmod/xml/lightning.xml
   id        : OpenCart Lightning
   version   : 3.37
   vqmver    : 
   author    : MaxD http://devs.mx

File Name    : system/library/cache.php(0)
VQModObject::applyMod - SEARCH NOT FOUND (SKIPPED): if (is_file(DIR_SYSTEM . 'library/journal3/vendor/SuperCache

----------------------------------------------------------------------


---------- Date: 2026-03-31 11:34:43 ~ IP : 185.179.188.62 ----------
REQUEST URI : /namotchik-probega-dlya-uaz-patriot-konec-do-2016-zelenyy-displey/
MOD DETAILS:
   modFile   : /home/canmotalka/web/can-motalka.ru/public_html/vqmod/xml/lightning.xml
   id        : OpenCart Lightning
   version   : 3.37
   vqmver    : 
   author    : MaxD http://devs.mx

File Name    : system/library/cache.php(0)
VQModObject::applyMod - SEARCH NOT FOUND (SKIPPED): if (is_file(DIR_SYSTEM . 'library/journal3/vendor/SuperCache

----------------------------------------------------------------------


---------- Date: 2026-03-31 11:34:52 ~ IP : 185.179.188.62 ----------
REQUEST URI : /?ysclid=mned2q42so468799319
MOD DETAILS:
   modFile   : /home/canmotalka/web/can-motalka.ru/public_html/vqmod/xml/lightning.xml
   id        : OpenCart Lightning
   version   : 3.37
   vqmver    : 
   author    : MaxD http://devs.mx

File Name    : system/library/cache.php(0)
VQModObject::applyMod - SEARCH NOT FOUND (SKIPPED): if (is_file(DIR_SYSTEM . 'library/journal3/vendor/SuperCache

----------------------------------------------------------------------


---------- Date: 2026-03-31 11:34:57 ~ IP : 185.179.188.62 ----------
REQUEST URI : /motalki/
MOD DETAILS:
   modFile   : /home/canmotalka/web/can-motalka.ru/public_html/vqmod/xml/lightning.xml
   id        : OpenCart Lightning
   version   : 3.37
   vqmver    : 
   author    : MaxD http://devs.mx

File Name    : system/library/cache.php(0)
VQModObject::applyMod - SEARCH NOT FOUND (SKIPPED): if (is_file(DIR_SYSTEM . 'library/journal3/vendor/SuperCache

----------------------------------------------------------------------


---------- Date: 2026-03-31 11:35:01 ~ IP : 185.179.188.62 ----------
REQUEST URI : /podmotka-spidometra-largus-new/
MOD DETAILS:
   modFile   : /home/canmotalka/web/can-motalka.ru/public_html/vqmod/xml/lightning.xml
   id        : OpenCart Lightning
   version   : 3.37
   vqmver    : 
   author    : MaxD http://devs.mx

File Name    : system/library/cache.php(0)
VQModObject::applyMod - SEARCH NOT FOUND (SKIPPED): if (is_file(DIR_SYSTEM . 'library/journal3/vendor/SuperCache

----------------------------------------------------------------------


---------- Date: 2026-03-31 11:35:31 ~ IP : 185.179.188.62 ----------
REQUEST URI : /index.php?route=module/popupcart_extended
MOD DETAILS:
   modFile   : /home/canmotalka/web/can-motalka.ru/public_html/vqmod/xml/lightning.xml
   id        : OpenCart Lightning
   version   : 3.37
   vqmver    : 
   author    : MaxD http://devs.mx

File Name    : system/library/cache.php(0)
VQModObject::applyMod - SEARCH NOT FOUND (SKIPPED): if (is_file(DIR_SYSTEM . 'library/journal3/vendor/SuperCache

----------------------------------------------------------------------


---------- Date: 2026-03-31 11:35:41 ~ IP : 185.179.188.62 ----------
REQUEST URI : /otzyvy/
MOD DETAILS:
   modFile   : /home/canmotalka/web/can-motalka.ru/public_html/vqmod/xml/lightning.xml
   id        : OpenCart Lightning
   version   : 3.37
   vqmver    : 
   author    : MaxD http://devs.mx

File Name    : system/library/cache.php(0)
VQModObject::applyMod - SEARCH NOT FOUND (SKIPPED): if (is_file(DIR_SYSTEM . 'library/journal3/vendor/SuperCache

----------------------------------------------------------------------


---------- Date: 2026-03-31 11:35:59 ~ IP : 185.179.188.62 ----------
REQUEST URI : /podmotka-spidometra-gazel-nekst/
MOD DETAILS:
   modFile   : /home/canmotalka/web/can-motalka.ru/public_html/vqmod/xml/lightning.xml
   id        : OpenCart Lightning
   version   : 3.37
   vqmver    : 
   author    : MaxD http://devs.mx

File Name    : system/library/cache.php(0)
VQModObject::applyMod - SEARCH NOT FOUND (SKIPPED): if (is_file(DIR_SYSTEM . 'library/journal3/vendor/SuperCache

----------------------------------------------------------------------


---------- Date: 2026-03-31 11:36:01 ~ IP : 185.179.188.62 ----------
REQUEST URI : /index.php?route=product/product/review&amp;product_id=97
MOD DETAILS:
   modFile   : /home/canmotalka/web/can-motalka.ru/public_html/vqmod/xml/lightning.xml
   id        : OpenCart Lightning
   version   : 3.37
   vqmver    : 
   author    : MaxD http://devs.mx

File Name    : system/library/cache.php(0)
VQModObject::applyMod - SEARCH NOT FOUND (SKIPPED): if (is_file(DIR_SYSTEM . 'library/journal3/vendor/SuperCache

----------------------------------------------------------------------


---------- Date: 2026-03-31 11:36:25 ~ IP : 185.179.188.62 ----------
REQUEST URI : /video-obzor/
MOD DETAILS:
   modFile   : /home/canmotalka/web/can-motalka.ru/public_html/vqmod/xml/lightning.xml
   id        : OpenCart Lightning
   version   : 3.37
   vqmver    : 
   author    : MaxD http://devs.mx

File Name    : system/library/cache.php(0)
VQModObject::applyMod - SEARCH NOT FOUND (SKIPPED): if (is_file(DIR_SYSTEM . 'library/journal3/vendor/SuperCache

----------------------------------------------------------------------


---------- Date: 2026-03-31 11:36:41 ~ IP : 185.179.188.62 ----------
REQUEST URI : /garantiya/
MOD DETAILS:
   modFile   : /home/canmotalka/web/can-motalka.ru/public_html/vqmod/xml/lightning.xml
   id        : OpenCart Lightning
   version   : 3.37
   vqmver    : 
   author    : MaxD http://devs.mx

File Name    : system/library/cache.php(0)
VQModObject::applyMod - SEARCH NOT FOUND (SKIPPED): if (is_file(DIR_SYSTEM . 'library/journal3/vendor/SuperCache

----------------------------------------------------------------------


---------- Date: 2026-03-31 11:36:55 ~ IP : 185.179.188.62 ----------
REQUEST URI : /o-kompanii/
MOD DETAILS:
   modFile   : /home/canmotalka/web/can-motalka.ru/public_html/vqmod/xml/lightning.xml
   id        : OpenCart Lightning
   version   : 3.37
   vqmver    : 
   author    : MaxD http://devs.mx

File Name    : system/library/cache.php(0)
VQModObject::applyMod - SEARCH NOT FOUND (SKIPPED): if (is_file(DIR_SYSTEM . 'library/journal3/vendor/SuperCache

----------------------------------------------------------------------


---------- Date: 2026-03-31 11:37:04 ~ IP : 185.179.188.62 ----------
REQUEST URI : /podmotka-spidometra-haval-jolion/
MOD DETAILS:
   modFile   : /home/canmotalka/web/can-motalka.ru/public_html/vqmod/xml/lightning.xml
   id        : OpenCart Lightning
   version   : 3.37
   vqmver    : 
   author    : MaxD http://devs.mx

File Name    : system/library/cache.php(0)
VQModObject::applyMod - SEARCH NOT FOUND (SKIPPED): if (is_file(DIR_SYSTEM . 'library/journal3/vendor/SuperCache

----------------------------------------------------------------------


---------- Date: 2026-03-31 11:37:30 ~ IP : 185.179.188.62 ----------
REQUEST URI : /podmotka-spidometra-citroen-jumpy/
MOD DETAILS:
   modFile   : /home/canmotalka/web/can-motalka.ru/public_html/vqmod/xml/lightning.xml
   id        : OpenCart Lightning
   version   : 3.37
   vqmver    : 
   author    : MaxD http://devs.mx

File Name    : system/library/cache.php(0)
VQModObject::applyMod - SEARCH NOT FOUND (SKIPPED): if (is_file(DIR_SYSTEM . 'library/journal3/vendor/SuperCache

----------------------------------------------------------------------


---------- Date: 2026-03-31 11:39:35 ~ IP : 185.179.188.62 ----------
REQUEST URI : /instrukciya-podmotka-niva-travel-chevrolet/?ysclid=mned8sdu8g691673996
MOD DETAILS:
   modFile   : /home/canmotalka/web/can-motalka.ru/public_html/vqmod/xml/lightning.xml
   id        : OpenCart Lightning
   version   : 3.37
   vqmver    : 
   author    : MaxD http://devs.mx

File Name    : system/library/cache.php(0)
VQModObject::applyMod - SEARCH NOT FOUND (SKIPPED): if (is_file(DIR_SYSTEM . 'library/journal3/vendor/SuperCache

----------------------------------------------------------------------


---------- Date: 2026-03-31 11:39:36 ~ IP : 185.179.188.62 ----------
REQUEST URI : /instrukciya-podmotka-niva-travel-chevrolet/
MOD DETAILS:
   modFile   : /home/canmotalka/web/can-motalka.ru/public_html/vqmod/xml/lightning.xml
   id        : OpenCart Lightning
   version   : 3.37
   vqmver    : 
   author    : MaxD http://devs.mx

File Name    : system/library/cache.php(0)
VQModObject::applyMod - SEARCH NOT FOUND (SKIPPED): if (is_file(DIR_SYSTEM . 'library/journal3/vendor/SuperCache

----------------------------------------------------------------------


---------- Date: 2026-03-31 11:39:37 ~ IP : 185.179.188.62 ----------
REQUEST URI : /index.php?route=module/popupcart_extended
MOD DETAILS:
   modFile   : /home/canmotalka/web/can-motalka.ru/public_html/vqmod/xml/lightning.xml
   id        : OpenCart Lightning
   version   : 3.37
   vqmver    : 
   author    : MaxD http://devs.mx

File Name    : system/library/cache.php(0)
VQModObject::applyMod - SEARCH NOT FOUND (SKIPPED): if (is_file(DIR_SYSTEM . 'library/journal3/vendor/SuperCache

----------------------------------------------------------------------


---------- Date: 2026-03-31 11:40:04 ~ IP : 185.179.188.62 ----------
REQUEST URI : /podmotka-spidometra-renault-kangoo/
MOD DETAILS:
   modFile   : /home/canmotalka/web/can-motalka.ru/public_html/vqmod/xml/lightning.xml
   id        : OpenCart Lightning
   version   : 3.37
   vqmver    : 
   author    : MaxD http://devs.mx

File Name    : system/library/cache.php(0)
VQModObject::applyMod - SEARCH NOT FOUND (SKIPPED): if (is_file(DIR_SYSTEM . 'library/journal3/vendor/SuperCache

----------------------------------------------------------------------


---------- Date: 2026-03-31 11:40:32 ~ IP : 185.179.188.62 ----------
REQUEST URI : /instrukciya-dlya-podmotki-lada-largus-2021/
MOD DETAILS:
   modFile   : /home/canmotalka/web/can-motalka.ru/public_html/vqmod/xml/lightning.xml
   id        : OpenCart Lightning
   version   : 3.37
   vqmver    : 
   author    : MaxD http://devs.mx

File Name    : system/library/cache.php(0)
VQModObject::applyMod - SEARCH NOT FOUND (SKIPPED): if (is_file(DIR_SYSTEM . 'library/journal3/vendor/SuperCache

----------------------------------------------------------------------


---------- Date: 2026-03-31 11:40:33 ~ IP : 185.179.188.62 ----------
REQUEST URI : /index.php?route=module/popupcart_extended
MOD DETAILS:
   modFile   : /home/canmotalka/web/can-motalka.ru/public_html/vqmod/xml/lightning.xml
   id        : OpenCart Lightning
   version   : 3.37
   vqmver    : 
   author    : MaxD http://devs.mx

File Name    : system/library/cache.php(0)
VQModObject::applyMod - SEARCH NOT FOUND (SKIPPED): if (is_file(DIR_SYSTEM . 'library/journal3/vendor/SuperCache

----------------------------------------------------------------------


---------- Date: 2026-03-31 11:41:03 ~ IP : 185.179.188.62 ----------
REQUEST URI : /podmotka_uaz_re/
MOD DETAILS:
   modFile   : /home/canmotalka/web/can-motalka.ru/public_html/vqmod/xml/lightning.xml
   id        : OpenCart Lightning
   version   : 3.37
   vqmver    : 
   author    : MaxD http://devs.mx

File Name    : system/library/cache.php(0)
VQModObject::applyMod - SEARCH NOT FOUND (SKIPPED): if (is_file(DIR_SYSTEM . 'library/journal3/vendor/SuperCache

----------------------------------------------------------------------


---------- Date: 2026-03-31 11:41:04 ~ IP : 185.179.188.62 ----------
REQUEST URI : /index.php?route=module/popupcart_extended
MOD DETAILS:
   modFile   : /home/canmotalka/web/can-motalka.ru/public_html/vqmod/xml/lightning.xml
   id        : OpenCart Lightning
   version   : 3.37
   vqmver    : 
   author    : MaxD http://devs.mx

File Name    : system/library/cache.php(0)
VQModObject::applyMod - SEARCH NOT FOUND (SKIPPED): if (is_file(DIR_SYSTEM . 'library/journal3/vendor/SuperCache

----------------------------------------------------------------------


---------- Date: 2026-03-31 11:42:53 ~ IP : 185.179.188.62 ----------
REQUEST URI : /podmotka_spidometra/
MOD DETAILS:
   modFile   : /home/canmotalka/web/can-motalka.ru/public_html/vqmod/xml/lightning.xml
   id        : OpenCart Lightning
   version   : 3.37
   vqmver    : 
   author    : MaxD http://devs.mx

File Name    : system/library/cache.php(0)
VQModObject::applyMod - SEARCH NOT FOUND (SKIPPED): if (is_file(DIR_SYSTEM . 'library/journal3/vendor/SuperCache

----------------------------------------------------------------------


---------- Date: 2026-03-31 11:43:06 ~ IP : 185.179.188.62 ----------
REQUEST URI : /podmotka_vw_manual/
MOD DETAILS:
   modFile   : /home/canmotalka/web/can-motalka.ru/public_html/vqmod/xml/lightning.xml
   id        : OpenCart Lightning
   version   : 3.37
   vqmver    : 
   author    : MaxD http://devs.mx

File Name    : system/library/cache.php(0)
VQModObject::applyMod - SEARCH NOT FOUND (SKIPPED): if (is_file(DIR_SYSTEM . 'library/journal3/vendor/SuperCache

----------------------------------------------------------------------


---------- Date: 2026-03-31 11:43:17 ~ IP : 185.179.188.62 ----------
REQUEST URI : /podmotka_vw_manual/
MOD DETAILS:
   modFile   : /home/canmotalka/web/can-motalka.ru/public_html/vqmod/xml/lightning.xml
   id        : OpenCart Lightning
   version   : 3.37
   vqmver    : 
   author    : MaxD http://devs.mx

File Name    : system/library/cache.php(0)
VQModObject::applyMod - SEARCH NOT FOUND (SKIPPED): if (is_file(DIR_SYSTEM . 'library/journal3/vendor/SuperCache

----------------------------------------------------------------------


---------- Date: 2026-03-31 11:43:46 ~ IP : 185.179.188.62 ----------
REQUEST URI : /podmotka-spidometra-nissan-x-trail/?ysclid=mnede545pk310855110
MOD DETAILS:
   modFile   : /home/canmotalka/web/can-motalka.ru/public_html/vqmod/xml/lightning.xml
   id        : OpenCart Lightning
   version   : 3.37
   vqmver    : 
   author    : MaxD http://devs.mx

File Name    : system/library/cache.php(0)
VQModObject::applyMod - SEARCH NOT FOUND (SKIPPED): if (is_file(DIR_SYSTEM . 'library/journal3/vendor/SuperCache

----------------------------------------------------------------------


---------- Date: 2026-03-31 11:43:46 ~ IP : 185.179.188.62 ----------
REQUEST URI : /podmotka-spidometra-nissan-x-trail/
MOD DETAILS:
   modFile   : /home/canmotalka/web/can-motalka.ru/public_html/vqmod/xml/lightning.xml
   id        : OpenCart Lightning
   version   : 3.37
   vqmver    : 
   author    : MaxD http://devs.mx

File Name    : system/library/cache.php(0)
VQModObject::applyMod - SEARCH NOT FOUND (SKIPPED): if (is_file(DIR_SYSTEM . 'library/journal3/vendor/SuperCache

----------------------------------------------------------------------


---------- Date: 2026-03-31 11:43:47 ~ IP : 185.179.188.62 ----------
REQUEST URI : /index.php?route=product/product/review&amp;product_id=151
MOD DETAILS:
   modFile   : /home/canmotalka/web/can-motalka.ru/public_html/vqmod/xml/lightning.xml
   id        : OpenCart Lightning
   version   : 3.37
   vqmver    : 
   author    : MaxD http://devs.mx

File Name    : system/library/cache.php(0)
VQModObject::applyMod - SEARCH NOT FOUND (SKIPPED): if (is_file(DIR_SYSTEM . 'library/journal3/vendor/SuperCache

----------------------------------------------------------------------


---------- Date: 2026-03-31 11:43:47 ~ IP : 185.179.188.62 ----------
REQUEST URI : /index.php?route=module/popupcart_extended
MOD DETAILS:
   modFile   : /home/canmotalka/web/can-motalka.ru/public_html/vqmod/xml/lightning.xml
   id        : OpenCart Lightning
   version   : 3.37
   vqmver    : 
   author    : MaxD http://devs.mx

File Name    : system/library/cache.php(0)
VQModObject::applyMod - SEARCH NOT FOUND (SKIPPED): if (is_file(DIR_SYSTEM . 'library/journal3/vendor/SuperCache

----------------------------------------------------------------------


---------- Date: 2026-03-31 11:43:59 ~ IP : 185.179.188.62 ----------
REQUEST URI : /podmotka-spidometra-gazel-nekst/
MOD DETAILS:
   modFile   : /home/canmotalka/web/can-motalka.ru/public_html/vqmod/xml/lightning.xml
   id        : OpenCart Lightning
   version   : 3.37
   vqmver    : 
   author    : MaxD http://devs.mx

File Name    : system/library/cache.php(0)
VQModObject::applyMod - SEARCH NOT FOUND (SKIPPED): if (is_file(DIR_SYSTEM . 'library/journal3/vendor/SuperCache

----------------------------------------------------------------------


---------- Date: 2026-03-31 11:44:03 ~ IP : 185.179.188.62 ----------
REQUEST URI : /gazelle_biz_manual/
MOD DETAILS:
   modFile   : /home/canmotalka/web/can-motalka.ru/public_html/vqmod/xml/lightning.xml
   id        : OpenCart Lightning
   version   : 3.37
   vqmver    : 
   author    : MaxD http://devs.mx

File Name    : system/library/cache.php(0)
VQModObject::applyMod - SEARCH NOT FOUND (SKIPPED): if (is_file(DIR_SYSTEM . 'library/journal3/vendor/SuperCache

----------------------------------------------------------------------


---------- Date: 2026-03-31 11:45:19 ~ IP : 185.179.188.62 ----------
REQUEST URI : /podmotka_vw_manual/
MOD DETAILS:
   modFile   : /home/canmotalka/web/can-motalka.ru/public_html/vqmod/xml/lightning.xml
   id        : OpenCart Lightning
   version   : 3.37
   vqmver    : 
   author    : MaxD http://devs.mx

File Name    : system/library/cache.php(0)
VQModObject::applyMod - SEARCH NOT FOUND (SKIPPED): if (is_file(DIR_SYSTEM . 'library/journal3/vendor/SuperCache

----------------------------------------------------------------------


---------- Date: 2026-03-31 11:45:20 ~ IP : 185.179.188.62 ----------
REQUEST URI : /index.php?route=module/popupcart_extended
MOD DETAILS:
   modFile   : /home/canmotalka/web/can-motalka.ru/public_html/vqmod/xml/lightning.xml
   id        : OpenCart Lightning
   version   : 3.37
   vqmver    : 
   author    : MaxD http://devs.mx

File Name    : system/library/cache.php(0)
VQModObject::applyMod - SEARCH NOT FOUND (SKIPPED): if (is_file(DIR_SYSTEM . 'library/journal3/vendor/SuperCache

----------------------------------------------------------------------


---------- Date: 2026-03-31 11:45:34 ~ IP : 185.179.188.62 ----------
REQUEST URI : /podmotka-spidometra-largus/
MOD DETAILS:
   modFile   : /home/canmotalka/web/can-motalka.ru/public_html/vqmod/xml/lightning.xml
   id        : OpenCart Lightning
   version   : 3.37
   vqmver    : 
   author    : MaxD http://devs.mx

File Name    : system/library/cache.php(0)
VQModObject::applyMod - SEARCH NOT FOUND (SKIPPED): if (is_file(DIR_SYSTEM . 'library/journal3/vendor/SuperCache

----------------------------------------------------------------------


---------- Date: 2026-03-31 11:45:34 ~ IP : 185.179.188.62 ----------
REQUEST URI : /?ysclid=mnedggi5s6692448139
MOD DETAILS:
   modFile   : /home/canmotalka/web/can-motalka.ru/public_html/vqmod/xml/lightning.xml
   id        : OpenCart Lightning
   version   : 3.37
   vqmver    : 
   author    : MaxD http://devs.mx

File Name    : system/library/cache.php(0)
VQModObject::applyMod - SEARCH NOT FOUND (SKIPPED): if (is_file(DIR_SYSTEM . 'library/journal3/vendor/SuperCache

----------------------------------------------------------------------


---------- Date: 2026-03-31 11:46:05 ~ IP : 185.179.188.62 ----------
REQUEST URI : /index.php?route=module/popupcart_extended
MOD DETAILS:
   modFile   : /home/canmotalka/web/can-motalka.ru/public_html/vqmod/xml/lightning.xml
   id        : OpenCart Lightning
   version   : 3.37
   vqmver    : 
   author    : MaxD http://devs.mx

File Name    : system/library/cache.php(0)
VQModObject::applyMod - SEARCH NOT FOUND (SKIPPED): if (is_file(DIR_SYSTEM . 'library/journal3/vendor/SuperCache

----------------------------------------------------------------------


---------- Date: 2026-03-31 11:46:10 ~ IP : 185.179.188.62 ----------
REQUEST URI : /podmotka_vw_manual/
MOD DETAILS:
   modFile   : /home/canmotalka/web/can-motalka.ru/public_html/vqmod/xml/lightning.xml
   id        : OpenCart Lightning
   version   : 3.37
   vqmver    : 
   author    : MaxD http://devs.mx

File Name    : system/library/cache.php(0)
VQModObject::applyMod - SEARCH NOT FOUND (SKIPPED): if (is_file(DIR_SYSTEM . 'library/journal3/vendor/SuperCache

----------------------------------------------------------------------


---------- Date: 2026-03-31 11:47:07 ~ IP : 185.179.188.62 ----------
REQUEST URI : /instrukciya-lada-granta-2021/
MOD DETAILS:
   modFile   : /home/canmotalka/web/can-motalka.ru/public_html/vqmod/xml/lightning.xml
   id        : OpenCart Lightning
   version   : 3.37
   vqmver    : 
   author    : MaxD http://devs.mx

File Name    : system/library/cache.php(0)
VQModObject::applyMod - SEARCH NOT FOUND (SKIPPED): if (is_file(DIR_SYSTEM . 'library/journal3/vendor/SuperCache

----------------------------------------------------------------------


---------- Date: 2026-03-31 11:47:08 ~ IP : 185.179.188.62 ----------
REQUEST URI : /index.php?route=module/popupcart_extended
MOD DETAILS:
   modFile   : /home/canmotalka/web/can-motalka.ru/public_html/vqmod/xml/lightning.xml
   id        : OpenCart Lightning
   version   : 3.37
   vqmver    : 
   author    : MaxD http://devs.mx

File Name    : system/library/cache.php(0)
VQModObject::applyMod - SEARCH NOT FOUND (SKIPPED): if (is_file(DIR_SYSTEM . 'library/journal3/vendor/SuperCache

----------------------------------------------------------------------


---------- Date: 2026-03-31 11:48:02 ~ IP : 185.179.188.62 ----------
REQUEST URI : /niva_abs_re/
MOD DETAILS:
   modFile   : /home/canmotalka/web/can-motalka.ru/public_html/vqmod/xml/lightning.xml
   id        : OpenCart Lightning
   version   : 3.37
   vqmver    : 
   author    : MaxD http://devs.mx

File Name    : system/library/cache.php(0)
VQModObject::applyMod - SEARCH NOT FOUND (SKIPPED): if (is_file(DIR_SYSTEM . 'library/journal3/vendor/SuperCache

----------------------------------------------------------------------


---------- Date: 2026-03-31 11:48:03 ~ IP : 185.179.188.62 ----------
REQUEST URI : /index.php?route=module/popupcart_extended
MOD DETAILS:
   modFile   : /home/canmotalka/web/can-motalka.ru/public_html/vqmod/xml/lightning.xml
   id        : OpenCart Lightning
   version   : 3.37
   vqmver    : 
   author    : MaxD http://devs.mx

File Name    : system/library/cache.php(0)
VQModObject::applyMod - SEARCH NOT FOUND (SKIPPED): if (is_file(DIR_SYSTEM . 'library/journal3/vendor/SuperCache

----------------------------------------------------------------------


---------- Date: 2026-03-31 11:49:22 ~ IP : 185.179.188.62 ----------
REQUEST URI : /podmotka-krutilka-spidometra-gazel-biznes-benzin-evotec-ili-cummins/
MOD DETAILS:
   modFile   : /home/canmotalka/web/can-motalka.ru/public_html/vqmod/xml/lightning.xml
   id        : OpenCart Lightning
   version   : 3.37
   vqmver    : 
   author    : MaxD http://devs.mx

File Name    : system/library/cache.php(0)
VQModObject::applyMod - SEARCH NOT FOUND (SKIPPED): if (is_file(DIR_SYSTEM . 'library/journal3/vendor/SuperCache

----------------------------------------------------------------------


---------- Date: 2026-03-31 11:49:41 ~ IP : 185.179.188.62 ----------
REQUEST URI : /podmotka-spidometra-toyota-avensis/
MOD DETAILS:
   modFile   : /home/canmotalka/web/can-motalka.ru/public_html/vqmod/xml/lightning.xml
   id        : OpenCart Lightning
   version   : 3.37
   vqmver    : 
   author    : MaxD http://devs.mx

File Name    : system/library/cache.php(0)
VQModObject::applyMod - SEARCH NOT FOUND (SKIPPED): if (is_file(DIR_SYSTEM . 'library/journal3/vendor/SuperCache

----------------------------------------------------------------------


---------- Date: 2026-03-31 11:50:28 ~ IP : 185.179.188.62 ----------
REQUEST URI : /podmotka-spidometra-volkswagen-polo-6/
MOD DETAILS:
   modFile   : /home/canmotalka/web/can-motalka.ru/public_html/vqmod/xml/lightning.xml
   id        : OpenCart Lightning
   version   : 3.37
   vqmver    : 
   author    : MaxD http://devs.mx

File Name    : system/library/cache.php(0)
VQModObject::applyMod - SEARCH NOT FOUND (SKIPPED): if (is_file(DIR_SYSTEM . 'library/journal3/vendor/SuperCache

----------------------------------------------------------------------


---------- Date: 2026-03-31 11:50:29 ~ IP : 185.179.188.62 ----------
REQUEST URI : /index.php?route=product/product/review&amp;product_id=299
MOD DETAILS:
   modFile   : /home/canmotalka/web/can-motalka.ru/public_html/vqmod/xml/lightning.xml
   id        : OpenCart Lightning
   version   : 3.37
   vqmver    : 
   author    : MaxD http://devs.mx

File Name    : system/library/cache.php(0)
VQModObject::applyMod - SEARCH NOT FOUND (SKIPPED): if (is_file(DIR_SYSTEM . 'library/journal3/vendor/SuperCache

----------------------------------------------------------------------


---------- Date: 2026-03-31 11:51:20 ~ IP : 185.179.188.62 ----------
REQUEST URI : /podmotka-spidometra-lada-granta-fl/
MOD DETAILS:
   modFile   : /home/canmotalka/web/can-motalka.ru/public_html/vqmod/xml/lightning.xml
   id        : OpenCart Lightning
   version   : 3.37
   vqmver    : 
   author    : MaxD http://devs.mx

File Name    : system/library/cache.php(0)
VQModObject::applyMod - SEARCH NOT FOUND (SKIPPED): if (is_file(DIR_SYSTEM . 'library/journal3/vendor/SuperCache

----------------------------------------------------------------------


---------- Date: 2026-03-31 11:51:33 ~ IP : 185.179.188.62 ----------
REQUEST URI : /podmotka-spidometra-henday-sonata-8/;/
MOD DETAILS:
   modFile   : /home/canmotalka/web/can-motalka.ru/public_html/vqmod/xml/lightning.xml
   id        : OpenCart Lightning
   version   : 3.37
   vqmver    : 
   author    : MaxD http://devs.mx

File Name    : system/library/cache.php(0)
VQModObject::applyMod - SEARCH NOT FOUND (SKIPPED): if (is_file(DIR_SYSTEM . 'library/journal3/vendor/SuperCache

----------------------------------------------------------------------


---------- Date: 2026-03-31 11:51:34 ~ IP : 185.179.188.62 ----------
REQUEST URI : /otzyvy/
MOD DETAILS:
   modFile   : /home/canmotalka/web/can-motalka.ru/public_html/vqmod/xml/lightning.xml
   id        : OpenCart Lightning
   version   : 3.37
   vqmver    : 
   author    : MaxD http://devs.mx

File Name    : system/library/cache.php(0)
VQModObject::applyMod - SEARCH NOT FOUND (SKIPPED): if (is_file(DIR_SYSTEM . 'library/journal3/vendor/SuperCache

----------------------------------------------------------------------


---------- Date: 2026-03-31 11:51:55 ~ IP : 185.179.188.62 ----------
REQUEST URI : /instrukciya-podmotka-kamaz/
MOD DETAILS:
   modFile   : /home/canmotalka/web/can-motalka.ru/public_html/vqmod/xml/lightning.xml
   id        : OpenCart Lightning
   version   : 3.37
   vqmver    : 
   author    : MaxD http://devs.mx

File Name    : system/library/cache.php(0)
VQModObject::applyMod - SEARCH NOT FOUND (SKIPPED): if (is_file(DIR_SYSTEM . 'library/journal3/vendor/SuperCache

----------------------------------------------------------------------


---------- Date: 2026-03-31 11:51:59 ~ IP : 185.179.188.62 ----------
REQUEST URI : /index.php?route=module/popupcart_extended
MOD DETAILS:
   modFile   : /home/canmotalka/web/can-motalka.ru/public_html/vqmod/xml/lightning.xml
   id        : OpenCart Lightning
   version   : 3.37
   vqmver    : 
   author    : MaxD http://devs.mx

File Name    : system/library/cache.php(0)
VQModObject::applyMod - SEARCH NOT FOUND (SKIPPED): if (is_file(DIR_SYSTEM . 'library/journal3/vendor/SuperCache

----------------------------------------------------------------------


---------- Date: 2026-03-31 11:53:22 ~ IP : 185.179.188.62 ----------
REQUEST URI : /folksvagen-polo-podmotka-spidometra/
MOD DETAILS:
   modFile   : /home/canmotalka/web/can-motalka.ru/public_html/vqmod/xml/lightning.xml
   id        : OpenCart Lightning
   version   : 3.37
   vqmver    : 
   author    : MaxD http://devs.mx

File Name    : system/library/cache.php(0)
VQModObject::applyMod - SEARCH NOT FOUND (SKIPPED): if (is_file(DIR_SYSTEM . 'library/journal3/vendor/SuperCache

----------------------------------------------------------------------


---------- Date: 2026-03-31 11:53:24 ~ IP : 185.179.188.62 ----------
REQUEST URI : /index.php?route=product/product/review&amp;product_id=216
MOD DETAILS:
   modFile   : /home/canmotalka/web/can-motalka.ru/public_html/vqmod/xml/lightning.xml
   id        : OpenCart Lightning
   version   : 3.37
   vqmver    : 
   author    : MaxD http://devs.mx

File Name    : system/library/cache.php(0)
VQModObject::applyMod - SEARCH NOT FOUND (SKIPPED): if (is_file(DIR_SYSTEM . 'library/journal3/vendor/SuperCache

----------------------------------------------------------------------


---------- Date: 2026-03-31 11:53:32 ~ IP : 185.179.188.62 ----------
REQUEST URI : /instrukciya-podmotka-kamaz/
MOD DETAILS:
   modFile   : /home/canmotalka/web/can-motalka.ru/public_html/vqmod/xml/lightning.xml
   id        : OpenCart Lightning
   version   : 3.37
   vqmver    : 
   author    : MaxD http://devs.mx

File Name    : system/library/cache.php(0)
VQModObject::applyMod - SEARCH NOT FOUND (SKIPPED): if (is_file(DIR_SYSTEM . 'library/journal3/vendor/SuperCache

----------------------------------------------------------------------


---------- Date: 2026-03-31 11:53:34 ~ IP : 185.179.188.62 ----------
REQUEST URI : /index.php?route=module/popupcart_extended
MOD DETAILS:
   modFile   : /home/canmotalka/web/can-motalka.ru/public_html/vqmod/xml/lightning.xml
   id        : OpenCart Lightning
   version   : 3.37
   vqmver    : 
   author    : MaxD http://devs.mx

File Name    : system/library/cache.php(0)
VQModObject::applyMod - SEARCH NOT FOUND (SKIPPED): if (is_file(DIR_SYSTEM . 'library/journal3/vendor/SuperCache

----------------------------------------------------------------------


---------- Date: 2026-03-31 11:53:42 ~ IP : 185.179.188.62 ----------
REQUEST URI : /podmotka-spidometra-nissan-almera/
MOD DETAILS:
   modFile   : /home/canmotalka/web/can-motalka.ru/public_html/vqmod/xml/lightning.xml
   id        : OpenCart Lightning
   version   : 3.37
   vqmver    : 
   author    : MaxD http://devs.mx

File Name    : system/library/cache.php(0)
VQModObject::applyMod - SEARCH NOT FOUND (SKIPPED): if (is_file(DIR_SYSTEM . 'library/journal3/vendor/SuperCache

----------------------------------------------------------------------


---------- Date: 2026-03-31 11:53:56 ~ IP : 185.179.188.62 ----------
REQUEST URI : /podmotka-spidometra-uaz-patriot/
MOD DETAILS:
   modFile   : /home/canmotalka/web/can-motalka.ru/public_html/vqmod/xml/lightning.xml
   id        : OpenCart Lightning
   version   : 3.37
   vqmver    : 
   author    : MaxD http://devs.mx

File Name    : system/library/cache.php(0)
VQModObject::applyMod - SEARCH NOT FOUND (SKIPPED): if (is_file(DIR_SYSTEM . 'library/journal3/vendor/SuperCache

----------------------------------------------------------------------


---------- Date: 2026-03-31 11:54:18 ~ IP : 185.179.188.62 ----------
REQUEST URI : /podmotka_uaz_re/?ysclid=mnedros6m0646049923
MOD DETAILS:
   modFile   : /home/canmotalka/web/can-motalka.ru/public_html/vqmod/xml/lightning.xml
   id        : OpenCart Lightning
   version   : 3.37
   vqmver    : 
   author    : MaxD http://devs.mx

File Name    : system/library/cache.php(0)
VQModObject::applyMod - SEARCH NOT FOUND (SKIPPED): if (is_file(DIR_SYSTEM . 'library/journal3/vendor/SuperCache

----------------------------------------------------------------------


---------- Date: 2026-03-31 11:54:18 ~ IP : 185.179.188.62 ----------
REQUEST URI : /podmotka_uaz_re/
MOD DETAILS:
   modFile   : /home/canmotalka/web/can-motalka.ru/public_html/vqmod/xml/lightning.xml
   id        : OpenCart Lightning
   version   : 3.37
   vqmver    : 
   author    : MaxD http://devs.mx

File Name    : system/library/cache.php(0)
VQModObject::applyMod - SEARCH NOT FOUND (SKIPPED): if (is_file(DIR_SYSTEM . 'library/journal3/vendor/SuperCache

----------------------------------------------------------------------


---------- Date: 2026-03-31 11:54:25 ~ IP : 185.179.188.62 ----------
REQUEST URI : /index.php?route=module/popupcart_extended
MOD DETAILS:
   modFile   : /home/canmotalka/web/can-motalka.ru/public_html/vqmod/xml/lightning.xml
   id        : OpenCart Lightning
   version   : 3.37
   vqmver    : 
   author    : MaxD http://devs.mx

File Name    : system/library/cache.php(0)
VQModObject::applyMod - SEARCH NOT FOUND (SKIPPED): if (is_file(DIR_SYSTEM . 'library/journal3/vendor/SuperCache

----------------------------------------------------------------------


---------- Date: 2026-03-31 11:54:51 ~ IP : 185.179.188.62 ----------
REQUEST URI : /podmotka-spidometra-toyota-highlander/
MOD DETAILS:
   modFile   : /home/canmotalka/web/can-motalka.ru/public_html/vqmod/xml/lightning.xml
   id        : OpenCart Lightning
   version   : 3.37
   vqmver    : 
   author    : MaxD http://devs.mx

File Name    : system/library/cache.php(0)
VQModObject::applyMod - SEARCH NOT FOUND (SKIPPED): if (is_file(DIR_SYSTEM . 'library/journal3/vendor/SuperCache

----------------------------------------------------------------------


---------- Date: 2026-03-31 11:56:32 ~ IP : 185.179.188.62 ----------
REQUEST URI : /instrukciya-dlya-podmotki-lada-largus-2021/
MOD DETAILS:
   modFile   : /home/canmotalka/web/can-motalka.ru/public_html/vqmod/xml/lightning.xml
   id        : OpenCart Lightning
   version   : 3.37
   vqmver    : 
   author    : MaxD http://devs.mx

File Name    : system/library/cache.php(0)
VQModObject::applyMod - SEARCH NOT FOUND (SKIPPED): if (is_file(DIR_SYSTEM . 'library/journal3/vendor/SuperCache

----------------------------------------------------------------------


---------- Date: 2026-03-31 11:56:52 ~ IP : 185.179.188.62 ----------
REQUEST URI : /podmotka-spidometra-lada-priora/
MOD DETAILS:
   modFile   : /home/canmotalka/web/can-motalka.ru/public_html/vqmod/xml/lightning.xml
   id        : OpenCart Lightning
   version   : 3.37
   vqmver    : 
   author    : MaxD http://devs.mx

File Name    : system/library/cache.php(0)
VQModObject::applyMod - SEARCH NOT FOUND (SKIPPED): if (is_file(DIR_SYSTEM . 'library/journal3/vendor/SuperCache

----------------------------------------------------------------------


---------- Date: 2026-03-31 11:58:16 ~ IP : 185.179.188.62 ----------
REQUEST URI : /podmotka_vw_manual/
MOD DETAILS:
   modFile   : /home/canmotalka/web/can-motalka.ru/public_html/vqmod/xml/lightning.xml
   id        : OpenCart Lightning
   version   : 3.37
   vqmver    : 
   author    : MaxD http://devs.mx

File Name    : system/library/cache.php(0)
VQModObject::applyMod - SEARCH NOT FOUND (SKIPPED): if (is_file(DIR_SYSTEM . 'library/journal3/vendor/SuperCache

----------------------------------------------------------------------


---------- Date: 2026-03-31 11:58:43 ~ IP : 185.179.188.62 ----------
REQUEST URI : /gazelle_biz_manual/
MOD DETAILS:
   modFile   : /home/canmotalka/web/can-motalka.ru/public_html/vqmod/xml/lightning.xml
   id        : OpenCart Lightning
   version   : 3.37
   vqmver    : 
   author    : MaxD http://devs.mx

File Name    : system/library/cache.php(0)
VQModObject::applyMod - SEARCH NOT FOUND (SKIPPED): if (is_file(DIR_SYSTEM . 'library/journal3/vendor/SuperCache

----------------------------------------------------------------------


---------- Date: 2026-03-31 12:00:11 ~ IP : 185.179.188.62 ----------
REQUEST URI : /kak-rabotaet-podmotka-spidometra/?ysclid=mnedze03z2961167918
MOD DETAILS:
   modFile   : /home/canmotalka/web/can-motalka.ru/public_html/vqmod/xml/lightning.xml
   id        : OpenCart Lightning
   version   : 3.37
   vqmver    : 
   author    : MaxD http://devs.mx

File Name    : system/library/cache.php(0)
VQModObject::applyMod - SEARCH NOT FOUND (SKIPPED): if (is_file(DIR_SYSTEM . 'library/journal3/vendor/SuperCache

----------------------------------------------------------------------


---------- Date: 2026-03-31 12:00:11 ~ IP : 185.179.188.62 ----------
REQUEST URI : /kak-rabotaet-podmotka-spidometra/
MOD DETAILS:
   modFile   : /home/canmotalka/web/can-motalka.ru/public_html/vqmod/xml/lightning.xml
   id        : OpenCart Lightning
   version   : 3.37
   vqmver    : 
   author    : MaxD http://devs.mx

File Name    : system/library/cache.php(0)
VQModObject::applyMod - SEARCH NOT FOUND (SKIPPED): if (is_file(DIR_SYSTEM . 'library/journal3/vendor/SuperCache

----------------------------------------------------------------------


---------- Date: 2026-03-31 12:00:12 ~ IP : 185.179.188.62 ----------
REQUEST URI : /index.php?route=module/popupcart_extended
MOD DETAILS:
   modFile   : /home/canmotalka/web/can-motalka.ru/public_html/vqmod/xml/lightning.xml
   id        : OpenCart Lightning
   version   : 3.37
   vqmver    : 
   author    : MaxD http://devs.mx

File Name    : system/library/cache.php(0)
VQModObject::applyMod - SEARCH NOT FOUND (SKIPPED): if (is_file(DIR_SYSTEM . 'library/journal3/vendor/SuperCache

----------------------------------------------------------------------


---------- Date: 2026-03-31 12:05:28 ~ IP : 185.179.188.62 ----------
REQUEST URI : /podmotka-spidometra-henday-sonata-za-3000r/
MOD DETAILS:
   modFile   : /home/canmotalka/web/can-motalka.ru/public_html/vqmod/xml/lightning.xml
   id        : OpenCart Lightning
   version   : 3.37
   vqmver    : 
   author    : MaxD http://devs.mx

File Name    : system/library/cache.php(0)
VQModObject::applyMod - SEARCH NOT FOUND (SKIPPED): if (is_file(DIR_SYSTEM . 'library/journal3/vendor/SuperCache

----------------------------------------------------------------------


---------- Date: 2026-03-31 12:07:26 ~ IP : 185.179.188.62 ----------
REQUEST URI : /gazelle_biz_manual/?ysclid=mnee8l5mhu421017449
MOD DETAILS:
   modFile   : /home/canmotalka/web/can-motalka.ru/public_html/vqmod/xml/lightning.xml
   id        : OpenCart Lightning
   version   : 3.37
   vqmver    : 
   author    : MaxD http://devs.mx

File Name    : system/library/cache.php(0)
VQModObject::applyMod - SEARCH NOT FOUND (SKIPPED): if (is_file(DIR_SYSTEM . 'library/journal3/vendor/SuperCache

----------------------------------------------------------------------


---------- Date: 2026-03-31 12:07:26 ~ IP : 185.179.188.62 ----------
REQUEST URI : /gazelle_biz_manual/
MOD DETAILS:
   modFile   : /home/canmotalka/web/can-motalka.ru/public_html/vqmod/xml/lightning.xml
   id        : OpenCart Lightning
   version   : 3.37
   vqmver    : 
   author    : MaxD http://devs.mx

File Name    : system/library/cache.php(0)
VQModObject::applyMod - SEARCH NOT FOUND (SKIPPED): if (is_file(DIR_SYSTEM . 'library/journal3/vendor/SuperCache

----------------------------------------------------------------------


---------- Date: 2026-03-31 12:07:27 ~ IP : 185.179.188.62 ----------
REQUEST URI : /index.php?route=module/popupcart_extended
MOD DETAILS:
   modFile   : /home/canmotalka/web/can-motalka.ru/public_html/vqmod/xml/lightning.xml
   id        : OpenCart Lightning
   version   : 3.37
   vqmver    : 
   author    : MaxD http://devs.mx

File Name    : system/library/cache.php(0)
VQModObject::applyMod - SEARCH NOT FOUND (SKIPPED): if (is_file(DIR_SYSTEM . 'library/journal3/vendor/SuperCache

----------------------------------------------------------------------


---------- Date: 2026-03-31 12:07:59 ~ IP : 185.179.188.62 ----------
REQUEST URI : /kak-rabotaet-podmotka-spidometra/
MOD DETAILS:
   modFile   : /home/canmotalka/web/can-motalka.ru/public_html/vqmod/xml/lightning.xml
   id        : OpenCart Lightning
   version   : 3.37
   vqmver    : 
   author    : MaxD http://devs.mx

File Name    : system/library/cache.php(0)
VQModObject::applyMod - SEARCH NOT FOUND (SKIPPED): if (is_file(DIR_SYSTEM . 'library/journal3/vendor/SuperCache

----------------------------------------------------------------------


---------- Date: 2026-03-31 12:11:33 ~ IP : 185.179.188.62 ----------
REQUEST URI : /podmotka_uaz_re/
MOD DETAILS:
   modFile   : /home/canmotalka/web/can-motalka.ru/public_html/vqmod/xml/lightning.xml
   id        : OpenCart Lightning
   version   : 3.37
   vqmver    : 
   author    : MaxD http://devs.mx

File Name    : system/library/cache.php(0)
VQModObject::applyMod - SEARCH NOT FOUND (SKIPPED): if (is_file(DIR_SYSTEM . 'library/journal3/vendor/SuperCache

----------------------------------------------------------------------


---------- Date: 2026-03-31 12:11:34 ~ IP : 185.179.188.62 ----------
REQUEST URI : /index.php?route=module/popupcart_extended
MOD DETAILS:
   modFile   : /home/canmotalka/web/can-motalka.ru/public_html/vqmod/xml/lightning.xml
   id        : OpenCart Lightning
   version   : 3.37
   vqmver    : 
   author    : MaxD http://devs.mx

File Name    : system/library/cache.php(0)
VQModObject::applyMod - SEARCH NOT FOUND (SKIPPED): if (is_file(DIR_SYSTEM . 'library/journal3/vendor/SuperCache

----------------------------------------------------------------------


---------- Date: 2026-03-31 12:12:56 ~ IP : 185.179.188.62 ----------
REQUEST URI : /?ysclid=mneefmvalb670316667
MOD DETAILS:
   modFile   : /home/canmotalka/web/can-motalka.ru/public_html/vqmod/xml/lightning.xml
   id        : OpenCart Lightning
   version   : 3.37
   vqmver    : 
   author    : MaxD http://devs.mx

File Name    : system/library/cache.php(0)
VQModObject::applyMod - SEARCH NOT FOUND (SKIPPED): if (is_file(DIR_SYSTEM . 'library/journal3/vendor/SuperCache

----------------------------------------------------------------------


---------- Date: 2026-03-31 12:14:35 ~ IP : 185.179.188.62 ----------
REQUEST URI : /?ysclid=mneehsjamb482684300
MOD DETAILS:
   modFile   : /home/canmotalka/web/can-motalka.ru/public_html/vqmod/xml/lightning.xml
   id        : OpenCart Lightning
   version   : 3.37
   vqmver    : 
   author    : MaxD http://devs.mx

File Name    : system/library/cache.php(0)
VQModObject::applyMod - SEARCH NOT FOUND (SKIPPED): if (is_file(DIR_SYSTEM . 'library/journal3/vendor/SuperCache

----------------------------------------------------------------------


---------- Date: 2026-03-31 12:15:06 ~ IP : 185.179.188.62 ----------
REQUEST URI : /index.php?route=module/popupcart_extended
MOD DETAILS:
   modFile   : /home/canmotalka/web/can-motalka.ru/public_html/vqmod/xml/lightning.xml
   id        : OpenCart Lightning
   version   : 3.37
   vqmver    : 
   author    : MaxD http://devs.mx

File Name    : system/library/cache.php(0)
VQModObject::applyMod - SEARCH NOT FOUND (SKIPPED): if (is_file(DIR_SYSTEM . 'library/journal3/vendor/SuperCache

----------------------------------------------------------------------


---------- Date: 2026-03-31 12:16:02 ~ IP : 185.179.188.62 ----------
REQUEST URI : /podmotka-spidometra-niva-travel/
MOD DETAILS:
   modFile   : /home/canmotalka/web/can-motalka.ru/public_html/vqmod/xml/lightning.xml
   id        : OpenCart Lightning
   version   : 3.37
   vqmver    : 
   author    : MaxD http://devs.mx

File Name    : system/library/cache.php(0)
VQModObject::applyMod - SEARCH NOT FOUND (SKIPPED): if (is_file(DIR_SYSTEM . 'library/journal3/vendor/SuperCache

----------------------------------------------------------------------


---------- Date: 2026-03-31 12:16:03 ~ IP : 185.179.188.62 ----------
REQUEST URI : /index.php?route=product/product/review&amp;product_id=291
MOD DETAILS:
   modFile   : /home/canmotalka/web/can-motalka.ru/public_html/vqmod/xml/lightning.xml
   id        : OpenCart Lightning
   version   : 3.37
   vqmver    : 
   author    : MaxD http://devs.mx

File Name    : system/library/cache.php(0)
VQModObject::applyMod - SEARCH NOT FOUND (SKIPPED): if (is_file(DIR_SYSTEM . 'library/journal3/vendor/SuperCache

----------------------------------------------------------------------


---------- Date: 2026-03-31 12:16:15 ~ IP : 185.179.188.62 ----------
REQUEST URI : /setting_php/super-jevitra/335-analogi-suhagri-150-moskva/
MOD DETAILS:
   modFile   : /home/canmotalka/web/can-motalka.ru/public_html/vqmod/xml/lightning.xml
   id        : OpenCart Lightning
   version   : 3.37
   vqmver    : 
   author    : MaxD http://devs.mx

File Name    : system/library/cache.php(0)
VQModObject::applyMod - SEARCH NOT FOUND (SKIPPED): if (is_file(DIR_SYSTEM . 'library/journal3/vendor/SuperCache

----------------------------------------------------------------------


---------- Date: 2026-03-31 12:16:58 ~ IP : 185.179.188.62 ----------
REQUEST URI : /gazelle_biz_manual/?ysclid=mneekv1igg775802364
MOD DETAILS:
   modFile   : /home/canmotalka/web/can-motalka.ru/public_html/vqmod/xml/lightning.xml
   id        : OpenCart Lightning
   version   : 3.37
   vqmver    : 
   author    : MaxD http://devs.mx

File Name    : system/library/cache.php(0)
VQModObject::applyMod - SEARCH NOT FOUND (SKIPPED): if (is_file(DIR_SYSTEM . 'library/journal3/vendor/SuperCache

----------------------------------------------------------------------


---------- Date: 2026-03-31 12:16:58 ~ IP : 185.179.188.62 ----------
REQUEST URI : /gazelle_biz_manual/
MOD DETAILS:
   modFile   : /home/canmotalka/web/can-motalka.ru/public_html/vqmod/xml/lightning.xml
   id        : OpenCart Lightning
   version   : 3.37
   vqmver    : 
   author    : MaxD http://devs.mx

File Name    : system/library/cache.php(0)
VQModObject::applyMod - SEARCH NOT FOUND (SKIPPED): if (is_file(DIR_SYSTEM . 'library/journal3/vendor/SuperCache

----------------------------------------------------------------------


---------- Date: 2026-03-31 12:17:00 ~ IP : 185.179.188.62 ----------
REQUEST URI : /index.php?route=module/popupcart_extended
MOD DETAILS:
   modFile   : /home/canmotalka/web/can-motalka.ru/public_html/vqmod/xml/lightning.xml
   id        : OpenCart Lightning
   version   : 3.37
   vqmver    : 
   author    : MaxD http://devs.mx

File Name    : system/library/cache.php(0)
VQModObject::applyMod - SEARCH NOT FOUND (SKIPPED): if (is_file(DIR_SYSTEM . 'library/journal3/vendor/SuperCache

----------------------------------------------------------------------


---------- Date: 2026-03-31 12:18:35 ~ IP : 185.179.188.62 ----------
REQUEST URI : /index.php?route=common/footer/click_counter
MOD DETAILS:
   modFile   : /home/canmotalka/web/can-motalka.ru/public_html/vqmod/xml/lightning.xml
   id        : OpenCart Lightning
   version   : 3.37
   vqmver    : 
   author    : MaxD http://devs.mx

File Name    : system/library/cache.php(0)
VQModObject::applyMod - SEARCH NOT FOUND (SKIPPED): if (is_file(DIR_SYSTEM . 'library/journal3/vendor/SuperCache

----------------------------------------------------------------------


---------- Date: 2026-03-31 12:26:20 ~ IP : 185.179.188.62 ----------
REQUEST URI : /instrukciya-podmotka-kamaz/?ysclid=mneeww2hfk767305587
MOD DETAILS:
   modFile   : /home/canmotalka/web/can-motalka.ru/public_html/vqmod/xml/lightning.xml
   id        : OpenCart Lightning
   version   : 3.37
   vqmver    : 
   author    : MaxD http://devs.mx

File Name    : system/library/cache.php(0)
VQModObject::applyMod - SEARCH NOT FOUND (SKIPPED): if (is_file(DIR_SYSTEM . 'library/journal3/vendor/SuperCache

----------------------------------------------------------------------


---------- Date: 2026-03-31 12:27:12 ~ IP : 185.179.188.62 ----------
REQUEST URI : /podmotka-spidometra-uaz-profi/?ysclid=mneexz3h8k18539647
MOD DETAILS:
   modFile   : /home/canmotalka/web/can-motalka.ru/public_html/vqmod/xml/lightning.xml
   id        : OpenCart Lightning
   version   : 3.37
   vqmver    : 
   author    : MaxD http://devs.mx

File Name    : system/library/cache.php(0)
VQModObject::applyMod - SEARCH NOT FOUND (SKIPPED): if (is_file(DIR_SYSTEM . 'library/journal3/vendor/SuperCache

----------------------------------------------------------------------


---------- Date: 2026-03-31 12:27:12 ~ IP : 185.179.188.62 ----------
REQUEST URI : /podmotka-spidometra-uaz-profi/
MOD DETAILS:
   modFile   : /home/canmotalka/web/can-motalka.ru/public_html/vqmod/xml/lightning.xml
   id        : OpenCart Lightning
   version   : 3.37
   vqmver    : 
   author    : MaxD http://devs.mx

File Name    : system/library/cache.php(0)
VQModObject::applyMod - SEARCH NOT FOUND (SKIPPED): if (is_file(DIR_SYSTEM . 'library/journal3/vendor/SuperCache

----------------------------------------------------------------------


---------- Date: 2026-03-31 12:27:15 ~ IP : 185.179.188.62 ----------
REQUEST URI : /index.php?route=product/product/review&amp;product_id=279
MOD DETAILS:
   modFile   : /home/canmotalka/web/can-motalka.ru/public_html/vqmod/xml/lightning.xml
   id        : OpenCart Lightning
   version   : 3.37
   vqmver    : 
   author    : MaxD http://devs.mx

File Name    : system/library/cache.php(0)
VQModObject::applyMod - SEARCH NOT FOUND (SKIPPED): if (is_file(DIR_SYSTEM . 'library/journal3/vendor/SuperCache

----------------------------------------------------------------------


---------- Date: 2026-03-31 12:27:15 ~ IP : 185.179.188.62 ----------
REQUEST URI : /index.php?route=module/popupcart_extended
MOD DETAILS:
   modFile   : /home/canmotalka/web/can-motalka.ru/public_html/vqmod/xml/lightning.xml
   id        : OpenCart Lightning
   version   : 3.37
   vqmver    : 
   author    : MaxD http://devs.mx

File Name    : system/library/cache.php(0)
VQModObject::applyMod - SEARCH NOT FOUND (SKIPPED): if (is_file(DIR_SYSTEM . 'library/journal3/vendor/SuperCache

----------------------------------------------------------------------


---------- Date: 2026-03-31 12:28:11 ~ IP : 185.179.188.62 ----------
REQUEST URI : /sitemap.xml
MOD DETAILS:
   modFile   : /home/canmotalka/web/can-motalka.ru/public_html/vqmod/xml/lightning.xml
   id        : OpenCart Lightning
   version   : 3.37
   vqmver    : 
   author    : MaxD http://devs.mx

File Name    : system/library/cache.php(0)
VQModObject::applyMod - SEARCH NOT FOUND (SKIPPED): if (is_file(DIR_SYSTEM . 'library/journal3/vendor/SuperCache

----------------------------------------------------------------------


---------- Date: 2026-03-31 12:28:12 ~ IP : 185.179.188.62 ----------
REQUEST URI : /index.php?route=feed/google_sitemap_fast
MOD DETAILS:
   modFile   : /home/canmotalka/web/can-motalka.ru/public_html/vqmod/xml/lightning.xml
   id        : OpenCart Lightning
   version   : 3.37
   vqmver    : 
   author    : MaxD http://devs.mx

File Name    : system/library/cache.php(0)
VQModObject::applyMod - SEARCH NOT FOUND (SKIPPED): if (is_file(DIR_SYSTEM . 'library/journal3/vendor/SuperCache

----------------------------------------------------------------------


---------- Date: 2026-03-31 12:30:02 ~ IP : 185.179.188.62 ----------
REQUEST URI : /index.php?route=module/popupcart_extended
MOD DETAILS:
   modFile   : /home/canmotalka/web/can-motalka.ru/public_html/vqmod/xml/lightning.xml
   id        : OpenCart Lightning
   version   : 3.37
   vqmver    : 
   author    : MaxD http://devs.mx

File Name    : system/library/cache.php(0)
VQModObject::applyMod - SEARCH NOT FOUND (SKIPPED): if (is_file(DIR_SYSTEM . 'library/journal3/vendor/SuperCache

----------------------------------------------------------------------


---------- Date: 2026-03-31 12:30:06 ~ IP : 185.179.188.62 ----------
REQUEST URI : /sitemap.xml
MOD DETAILS:
   modFile   : /home/canmotalka/web/can-motalka.ru/public_html/vqmod/xml/lightning.xml
   id        : OpenCart Lightning
   version   : 3.37
   vqmver    : 
   author    : MaxD http://devs.mx

File Name    : system/library/cache.php(0)
VQModObject::applyMod - SEARCH NOT FOUND (SKIPPED): if (is_file(DIR_SYSTEM . 'library/journal3/vendor/SuperCache

----------------------------------------------------------------------


---------- Date: 2026-03-31 12:32:42 ~ IP : 185.179.188.62 ----------
REQUEST URI : /instrukciya-podmotka-kamaz/
MOD DETAILS:
   modFile   : /home/canmotalka/web/can-motalka.ru/public_html/vqmod/xml/lightning.xml
   id        : OpenCart Lightning
   version   : 3.37
   vqmver    : 
   author    : MaxD http://devs.mx

File Name    : system/library/cache.php(0)
VQModObject::applyMod - SEARCH NOT FOUND (SKIPPED): if (is_file(DIR_SYSTEM . 'library/journal3/vendor/SuperCache

----------------------------------------------------------------------


---------- Date: 2026-03-31 12:32:42 ~ IP : 185.179.188.62 ----------
REQUEST URI : /index.php?route=module/popupcart_extended
MOD DETAILS:
   modFile   : /home/canmotalka/web/can-motalka.ru/public_html/vqmod/xml/lightning.xml
   id        : OpenCart Lightning
   version   : 3.37
   vqmver    : 
   author    : MaxD http://devs.mx

File Name    : system/library/cache.php(0)
VQModObject::applyMod - SEARCH NOT FOUND (SKIPPED): if (is_file(DIR_SYSTEM . 'library/journal3/vendor/SuperCache

----------------------------------------------------------------------


---------- Date: 2026-03-31 12:41:57 ~ IP : 185.179.188.62 ----------
REQUEST URI : /.well-known/traffic-advice
MOD DETAILS:
   modFile   : /home/canmotalka/web/can-motalka.ru/public_html/vqmod/xml/lightning.xml
   id        : OpenCart Lightning
   version   : 3.37
   vqmver    : 
   author    : MaxD http://devs.mx

File Name    : system/library/cache.php(0)
VQModObject::applyMod - SEARCH NOT FOUND (SKIPPED): if (is_file(DIR_SYSTEM . 'library/journal3/vendor/SuperCache

----------------------------------------------------------------------


---------- Date: 2026-03-31 12:41:58 ~ IP : 185.179.188.62 ----------
REQUEST URI : /podmotka-spidometra-citroen-jumpy/
MOD DETAILS:
   modFile   : /home/canmotalka/web/can-motalka.ru/public_html/vqmod/xml/lightning.xml
   id        : OpenCart Lightning
   version   : 3.37
   vqmver    : 
   author    : MaxD http://devs.mx

File Name    : system/library/cache.php(0)
VQModObject::applyMod - SEARCH NOT FOUND (SKIPPED): if (is_file(DIR_SYSTEM . 'library/journal3/vendor/SuperCache

----------------------------------------------------------------------


---------- Date: 2026-03-31 12:42:20 ~ IP : 185.179.188.62 ----------
REQUEST URI : /krutilka-spidometra-dlya-citroen-jumper/
MOD DETAILS:
   modFile   : /home/canmotalka/web/can-motalka.ru/public_html/vqmod/xml/lightning.xml
   id        : OpenCart Lightning
   version   : 3.37
   vqmver    : 
   author    : MaxD http://devs.mx

File Name    : system/library/cache.php(0)
VQModObject::applyMod - SEARCH NOT FOUND (SKIPPED): if (is_file(DIR_SYSTEM . 'library/journal3/vendor/SuperCache

----------------------------------------------------------------------


---------- Date: 2026-03-31 12:42:21 ~ IP : 185.179.188.62 ----------
REQUEST URI : /podmotka-spidometra-citroen-jumper/
MOD DETAILS:
   modFile   : /home/canmotalka/web/can-motalka.ru/public_html/vqmod/xml/lightning.xml
   id        : OpenCart Lightning
   version   : 3.37
   vqmver    : 
   author    : MaxD http://devs.mx

File Name    : system/library/cache.php(0)
VQModObject::applyMod - SEARCH NOT FOUND (SKIPPED): if (is_file(DIR_SYSTEM . 'library/journal3/vendor/SuperCache

----------------------------------------------------------------------


---------- Date: 2026-03-31 12:42:22 ~ IP : 185.179.188.62 ----------
REQUEST URI : /index.php?route=product/product/review&amp;product_id=88
MOD DETAILS:
   modFile   : /home/canmotalka/web/can-motalka.ru/public_html/vqmod/xml/lightning.xml
   id        : OpenCart Lightning
   version   : 3.37
   vqmver    : 
   author    : MaxD http://devs.mx

File Name    : system/library/cache.php(0)
VQModObject::applyMod - SEARCH NOT FOUND (SKIPPED): if (is_file(DIR_SYSTEM . 'library/journal3/vendor/SuperCache

----------------------------------------------------------------------


---------- Date: 2026-03-31 12:42:22 ~ IP : 185.179.188.62 ----------
REQUEST URI : /index.php?route=module/popupcart_extended
MOD DETAILS:
   modFile   : /home/canmotalka/web/can-motalka.ru/public_html/vqmod/xml/lightning.xml
   id        : OpenCart Lightning
   version   : 3.37
   vqmver    : 
   author    : MaxD http://devs.mx

File Name    : system/library/cache.php(0)
VQModObject::applyMod - SEARCH NOT FOUND (SKIPPED): if (is_file(DIR_SYSTEM . 'library/journal3/vendor/SuperCache

----------------------------------------------------------------------


---------- Date: 2026-03-31 12:43:28 ~ IP : 185.179.188.62 ----------
REQUEST URI : /podmotka_uaz_re/
MOD DETAILS:
   modFile   : /home/canmotalka/web/can-motalka.ru/public_html/vqmod/xml/lightning.xml
   id        : OpenCart Lightning
   version   : 3.37
   vqmver    : 
   author    : MaxD http://devs.mx

File Name    : system/library/cache.php(0)
VQModObject::applyMod - SEARCH NOT FOUND (SKIPPED): if (is_file(DIR_SYSTEM . 'library/journal3/vendor/SuperCache

----------------------------------------------------------------------


---------- Date: 2026-03-31 12:43:29 ~ IP : 185.179.188.62 ----------
REQUEST URI : /index.php?route=module/popupcart_extended
MOD DETAILS:
   modFile   : /home/canmotalka/web/can-motalka.ru/public_html/vqmod/xml/lightning.xml
   id        : OpenCart Lightning
   version   : 3.37
   vqmver    : 
   author    : MaxD http://devs.mx

File Name    : system/library/cache.php(0)
VQModObject::applyMod - SEARCH NOT FOUND (SKIPPED): if (is_file(DIR_SYSTEM . 'library/journal3/vendor/SuperCache

----------------------------------------------------------------------


---------- Date: 2026-03-31 12:44:36 ~ IP : 185.179.188.62 ----------
REQUEST URI : /podmotka-spidometra-citroen-jumpy/
MOD DETAILS:
   modFile   : /home/canmotalka/web/can-motalka.ru/public_html/vqmod/xml/lightning.xml
   id        : OpenCart Lightning
   version   : 3.37
   vqmver    : 
   author    : MaxD http://devs.mx

File Name    : system/library/cache.php(0)
VQModObject::applyMod - SEARCH NOT FOUND (SKIPPED): if (is_file(DIR_SYSTEM . 'library/journal3/vendor/SuperCache

----------------------------------------------------------------------


---------- Date: 2026-03-31 12:44:52 ~ IP : 185.179.188.62 ----------
REQUEST URI : /largus_manual/
MOD DETAILS:
   modFile   : /home/canmotalka/web/can-motalka.ru/public_html/vqmod/xml/lightning.xml
   id        : OpenCart Lightning
   version   : 3.37
   vqmver    : 
   author    : MaxD http://devs.mx

File Name    : system/library/cache.php(0)
VQModObject::applyMod - SEARCH NOT FOUND (SKIPPED): if (is_file(DIR_SYSTEM . 'library/journal3/vendor/SuperCache

----------------------------------------------------------------------


---------- Date: 2026-03-31 12:45:14 ~ IP : 185.179.188.62 ----------
REQUEST URI : /podmotka-spidometra-citroen-jumpy/
MOD DETAILS:
   modFile   : /home/canmotalka/web/can-motalka.ru/public_html/vqmod/xml/lightning.xml
   id        : OpenCart Lightning
   version   : 3.37
   vqmver    : 
   author    : MaxD http://devs.mx

File Name    : system/library/cache.php(0)
VQModObject::applyMod - SEARCH NOT FOUND (SKIPPED): if (is_file(DIR_SYSTEM . 'library/journal3/vendor/SuperCache

----------------------------------------------------------------------


---------- Date: 2026-03-31 12:46:00 ~ IP : 185.179.188.62 ----------
REQUEST URI : /podmotka-spidometra-volkswagen-caddy/
MOD DETAILS:
   modFile   : /home/canmotalka/web/can-motalka.ru/public_html/vqmod/xml/lightning.xml
   id        : OpenCart Lightning
   version   : 3.37
   vqmver    : 
   author    : MaxD http://devs.mx

File Name    : system/library/cache.php(0)
VQModObject::applyMod - SEARCH NOT FOUND (SKIPPED): if (is_file(DIR_SYSTEM . 'library/journal3/vendor/SuperCache

----------------------------------------------------------------------


---------- Date: 2026-03-31 12:46:00 ~ IP : 185.179.188.62 ----------
REQUEST URI : /folksvagen-polo-podmotka-spidometra/
MOD DETAILS:
   modFile   : /home/canmotalka/web/can-motalka.ru/public_html/vqmod/xml/lightning.xml
   id        : OpenCart Lightning
   version   : 3.37
   vqmver    : 
   author    : MaxD http://devs.mx

File Name    : system/library/cache.php(0)
VQModObject::applyMod - SEARCH NOT FOUND (SKIPPED): if (is_file(DIR_SYSTEM . 'library/journal3/vendor/SuperCache

----------------------------------------------------------------------


---------- Date: 2026-03-31 12:46:36 ~ IP : 185.179.188.62 ----------
REQUEST URI : /gazelle_biz_manual/
MOD DETAILS:
   modFile   : /home/canmotalka/web/can-motalka.ru/public_html/vqmod/xml/lightning.xml
   id        : OpenCart Lightning
   version   : 3.37
   vqmver    : 
   author    : MaxD http://devs.mx

File Name    : system/library/cache.php(0)
VQModObject::applyMod - SEARCH NOT FOUND (SKIPPED): if (is_file(DIR_SYSTEM . 'library/journal3/vendor/SuperCache

----------------------------------------------------------------------


---------- Date: 2026-03-31 12:47:45 ~ IP : 185.179.188.62 ----------
REQUEST URI : /namotchik-probega-dlya-mazda-cx
MOD DETAILS:
   modFile   : /home/canmotalka/web/can-motalka.ru/public_html/vqmod/xml/lightning.xml
   id        : OpenCart Lightning
   version   : 3.37
   vqmver    : 
   author    : MaxD http://devs.mx

File Name    : system/library/cache.php(0)
VQModObject::applyMod - SEARCH NOT FOUND (SKIPPED): if (is_file(DIR_SYSTEM . 'library/journal3/vendor/SuperCache

----------------------------------------------------------------------


---------- Date: 2026-03-31 12:48:27 ~ IP : 185.179.188.62 ----------
REQUEST URI : /?ysclid=mnefpdq3c1446556721
MOD DETAILS:
   modFile   : /home/canmotalka/web/can-motalka.ru/public_html/vqmod/xml/lightning.xml
   id        : OpenCart Lightning
   version   : 3.37
   vqmver    : 
   author    : MaxD http://devs.mx

File Name    : system/library/cache.php(0)
VQModObject::applyMod - SEARCH NOT FOUND (SKIPPED): if (is_file(DIR_SYSTEM . 'library/journal3/vendor/SuperCache

----------------------------------------------------------------------


---------- Date: 2026-03-31 12:48:29 ~ IP : 185.179.188.62 ----------
REQUEST URI : /index.php?route=module/popupcart_extended
MOD DETAILS:
   modFile   : /home/canmotalka/web/can-motalka.ru/public_html/vqmod/xml/lightning.xml
   id        : OpenCart Lightning
   version   : 3.37
   vqmver    : 
   author    : MaxD http://devs.mx

File Name    : system/library/cache.php(0)
VQModObject::applyMod - SEARCH NOT FOUND (SKIPPED): if (is_file(DIR_SYSTEM . 'library/journal3/vendor/SuperCache

----------------------------------------------------------------------


---------- Date: 2026-03-31 12:48:37 ~ IP : 185.179.188.62 ----------
REQUEST URI : /contact/
MOD DETAILS:
   modFile   : /home/canmotalka/web/can-motalka.ru/public_html/vqmod/xml/lightning.xml
   id        : OpenCart Lightning
   version   : 3.37
   vqmver    : 
   author    : MaxD http://devs.mx

File Name    : system/library/cache.php(0)
VQModObject::applyMod - SEARCH NOT FOUND (SKIPPED): if (is_file(DIR_SYSTEM . 'library/journal3/vendor/SuperCache

----------------------------------------------------------------------


---------- Date: 2026-03-31 12:49:22 ~ IP : 185.179.188.62 ----------
REQUEST URI : /podmotka-spidometra-henday-sonata-8/
MOD DETAILS:
   modFile   : /home/canmotalka/web/can-motalka.ru/public_html/vqmod/xml/lightning.xml
   id        : OpenCart Lightning
   version   : 3.37
   vqmver    : 
   author    : MaxD http://devs.mx

File Name    : system/library/cache.php(0)
VQModObject::applyMod - SEARCH NOT FOUND (SKIPPED): if (is_file(DIR_SYSTEM . 'library/journal3/vendor/SuperCache

----------------------------------------------------------------------


---------- Date: 2026-03-31 12:49:22 ~ IP : 185.179.188.62 ----------
REQUEST URI : /?ysclid=mnefq7dpbg854710456
MOD DETAILS:
   modFile   : /home/canmotalka/web/can-motalka.ru/public_html/vqmod/xml/lightning.xml
   id        : OpenCart Lightning
   version   : 3.37
   vqmver    : 
   author    : MaxD http://devs.mx

File Name    : system/library/cache.php(0)
VQModObject::applyMod - SEARCH NOT FOUND (SKIPPED): if (is_file(DIR_SYSTEM . 'library/journal3/vendor/SuperCache

----------------------------------------------------------------------


---------- Date: 2026-03-31 12:49:22 ~ IP : 185.179.188.62 ----------
REQUEST URI : /otzyvy/
MOD DETAILS:
   modFile   : /home/canmotalka/web/can-motalka.ru/public_html/vqmod/xml/lightning.xml
   id        : OpenCart Lightning
   version   : 3.37
   vqmver    : 
   author    : MaxD http://devs.mx

File Name    : system/library/cache.php(0)
VQModObject::applyMod - SEARCH NOT FOUND (SKIPPED): if (is_file(DIR_SYSTEM . 'library/journal3/vendor/SuperCache

----------------------------------------------------------------------


---------- Date: 2026-03-31 12:49:31 ~ IP : 185.179.188.62 ----------
REQUEST URI : /niva_abs_re/
MOD DETAILS:
   modFile   : /home/canmotalka/web/can-motalka.ru/public_html/vqmod/xml/lightning.xml
   id        : OpenCart Lightning
   version   : 3.37
   vqmver    : 
   author    : MaxD http://devs.mx

File Name    : system/library/cache.php(0)
VQModObject::applyMod - SEARCH NOT FOUND (SKIPPED): if (is_file(DIR_SYSTEM . 'library/journal3/vendor/SuperCache

----------------------------------------------------------------------


---------- Date: 2026-03-31 12:49:32 ~ IP : 185.179.188.62 ----------
REQUEST URI : /index.php?route=module/popupcart_extended
MOD DETAILS:
   modFile   : /home/canmotalka/web/can-motalka.ru/public_html/vqmod/xml/lightning.xml
   id        : OpenCart Lightning
   version   : 3.37
   vqmver    : 
   author    : MaxD http://devs.mx

File Name    : system/library/cache.php(0)
VQModObject::applyMod - SEARCH NOT FOUND (SKIPPED): if (is_file(DIR_SYSTEM . 'library/journal3/vendor/SuperCache

----------------------------------------------------------------------


---------- Date: 2026-03-31 12:50:03 ~ IP : 185.179.188.62 ----------
REQUEST URI : /index.php?route=module/popupcart_extended
MOD DETAILS:
   modFile   : /home/canmotalka/web/can-motalka.ru/public_html/vqmod/xml/lightning.xml
   id        : OpenCart Lightning
   version   : 3.37
   vqmver    : 
   author    : MaxD http://devs.mx

File Name    : system/library/cache.php(0)
VQModObject::applyMod - SEARCH NOT FOUND (SKIPPED): if (is_file(DIR_SYSTEM . 'library/journal3/vendor/SuperCache

----------------------------------------------------------------------


---------- Date: 2026-03-31 12:55:16 ~ IP : 185.179.188.62 ----------
REQUEST URI : /gazelle_biz_manual/
MOD DETAILS:
   modFile   : /home/canmotalka/web/can-motalka.ru/public_html/vqmod/xml/lightning.xml
   id        : OpenCart Lightning
   version   : 3.37
   vqmver    : 
   author    : MaxD http://devs.mx

File Name    : system/library/cache.php(0)
VQModObject::applyMod - SEARCH NOT FOUND (SKIPPED): if (is_file(DIR_SYSTEM . 'library/journal3/vendor/SuperCache

----------------------------------------------------------------------


---------- Date: 2026-03-31 12:56:29 ~ IP : 185.179.188.62 ----------
REQUEST URI : /podmotka-spidometra-peugeot-traveller/
MOD DETAILS:
   modFile   : /home/canmotalka/web/can-motalka.ru/public_html/vqmod/xml/lightning.xml
   id        : OpenCart Lightning
   version   : 3.37
   vqmver    : 
   author    : MaxD http://devs.mx

File Name    : system/library/cache.php(0)
VQModObject::applyMod - SEARCH NOT FOUND (SKIPPED): if (is_file(DIR_SYSTEM . 'library/journal3/vendor/SuperCache

----------------------------------------------------------------------


---------- Date: 2026-03-31 12:58:34 ~ IP : 185.179.188.62 ----------
REQUEST URI : /setting_php/nabor-positivniy/493-tadasip-40-analog-pavlovskiy-posad/
MOD DETAILS:
   modFile   : /home/canmotalka/web/can-motalka.ru/public_html/vqmod/xml/lightning.xml
   id        : OpenCart Lightning
   version   : 3.37
   vqmver    : 
   author    : MaxD http://devs.mx

File Name    : system/library/cache.php(0)
VQModObject::applyMod - SEARCH NOT FOUND (SKIPPED): if (is_file(DIR_SYSTEM . 'library/journal3/vendor/SuperCache

----------------------------------------------------------------------


---------- Date: 2026-03-31 13:04:26 ~ IP : 185.179.188.62 ----------
REQUEST URI : /niva_abs_re/
MOD DETAILS:
   modFile   : /home/canmotalka/web/can-motalka.ru/public_html/vqmod/xml/lightning.xml
   id        : OpenCart Lightning
   version   : 3.37
   vqmver    : 
   author    : MaxD http://devs.mx

File Name    : system/library/cache.php(0)
VQModObject::applyMod - SEARCH NOT FOUND (SKIPPED): if (is_file(DIR_SYSTEM . 'library/journal3/vendor/SuperCache

----------------------------------------------------------------------


---------- Date: 2026-03-31 13:04:28 ~ IP : 185.179.188.62 ----------
REQUEST URI : /index.php?route=module/popupcart_extended
MOD DETAILS:
   modFile   : /home/canmotalka/web/can-motalka.ru/public_html/vqmod/xml/lightning.xml
   id        : OpenCart Lightning
   version   : 3.37
   vqmver    : 
   author    : MaxD http://devs.mx

File Name    : system/library/cache.php(0)
VQModObject::applyMod - SEARCH NOT FOUND (SKIPPED): if (is_file(DIR_SYSTEM . 'library/journal3/vendor/SuperCache

----------------------------------------------------------------------


---------- Date: 2026-03-31 13:08:17 ~ IP : 185.179.188.62 ----------
REQUEST URI : /index.php?route=module/popupcart_extended
MOD DETAILS:
   modFile   : /home/canmotalka/web/can-motalka.ru/public_html/vqmod/xml/lightning.xml
   id        : OpenCart Lightning
   version   : 3.37
   vqmver    : 
   author    : MaxD http://devs.mx

File Name    : system/library/cache.php(0)
VQModObject::applyMod - SEARCH NOT FOUND (SKIPPED): if (is_file(DIR_SYSTEM . 'library/journal3/vendor/SuperCache

----------------------------------------------------------------------


---------- Date: 2026-03-31 13:08:21 ~ IP : 185.179.188.62 ----------
REQUEST URI : /podmotka-spidometra-fiat-ducato/?ysclid=mnegex17vz929422349
MOD DETAILS:
   modFile   : /home/canmotalka/web/can-motalka.ru/public_html/vqmod/xml/lightning.xml
   id        : OpenCart Lightning
   version   : 3.37
   vqmver    : 
   author    : MaxD http://devs.mx

File Name    : system/library/cache.php(0)
VQModObject::applyMod - SEARCH NOT FOUND (SKIPPED): if (is_file(DIR_SYSTEM . 'library/journal3/vendor/SuperCache

----------------------------------------------------------------------


---------- Date: 2026-03-31 13:08:22 ~ IP : 185.179.188.62 ----------
REQUEST URI : /podmotka-spidometra-fiat-ducato/
MOD DETAILS:
   modFile   : /home/canmotalka/web/can-motalka.ru/public_html/vqmod/xml/lightning.xml
   id        : OpenCart Lightning
   version   : 3.37
   vqmver    : 
   author    : MaxD http://devs.mx

File Name    : system/library/cache.php(0)
VQModObject::applyMod - SEARCH NOT FOUND (SKIPPED): if (is_file(DIR_SYSTEM . 'library/journal3/vendor/SuperCache

----------------------------------------------------------------------


---------- Date: 2026-03-31 13:08:23 ~ IP : 185.179.188.62 ----------
REQUEST URI : /index.php?route=product/product/review&amp;product_id=94
MOD DETAILS:
   modFile   : /home/canmotalka/web/can-motalka.ru/public_html/vqmod/xml/lightning.xml
   id        : OpenCart Lightning
   version   : 3.37
   vqmver    : 
   author    : MaxD http://devs.mx

File Name    : system/library/cache.php(0)
VQModObject::applyMod - SEARCH NOT FOUND (SKIPPED): if (is_file(DIR_SYSTEM . 'library/journal3/vendor/SuperCache

----------------------------------------------------------------------


---------- Date: 2026-03-31 13:08:23 ~ IP : 185.179.188.62 ----------
REQUEST URI : /index.php?route=module/popupcart_extended
MOD DETAILS:
   modFile   : /home/canmotalka/web/can-motalka.ru/public_html/vqmod/xml/lightning.xml
   id        : OpenCart Lightning
   version   : 3.37
   vqmver    : 
   author    : MaxD http://devs.mx

File Name    : system/library/cache.php(0)
VQModObject::applyMod - SEARCH NOT FOUND (SKIPPED): if (is_file(DIR_SYSTEM . 'library/journal3/vendor/SuperCache

----------------------------------------------------------------------


---------- Date: 2026-03-31 13:10:23 ~ IP : 185.179.188.62 ----------
REQUEST URI : /podmotka-spidometra-renault-dokker/?ysclid=mneghkbp4f968708900
MOD DETAILS:
   modFile   : /home/canmotalka/web/can-motalka.ru/public_html/vqmod/xml/lightning.xml
   id        : OpenCart Lightning
   version   : 3.37
   vqmver    : 
   author    : MaxD http://devs.mx

File Name    : system/library/cache.php(0)
VQModObject::applyMod - SEARCH NOT FOUND (SKIPPED): if (is_file(DIR_SYSTEM . 'library/journal3/vendor/SuperCache

----------------------------------------------------------------------


---------- Date: 2026-03-31 13:10:35 ~ IP : 185.179.188.62 ----------
REQUEST URI : /instrukciya-dlya-podmotki-lada-niva/
MOD DETAILS:
   modFile   : /home/canmotalka/web/can-motalka.ru/public_html/vqmod/xml/lightning.xml
   id        : OpenCart Lightning
   version   : 3.37
   vqmver    : 
   author    : MaxD http://devs.mx

File Name    : system/library/cache.php(0)
VQModObject::applyMod - SEARCH NOT FOUND (SKIPPED): if (is_file(DIR_SYSTEM . 'library/journal3/vendor/SuperCache

----------------------------------------------------------------------


---------- Date: 2026-03-31 13:10:45 ~ IP : 185.179.188.62 ----------
REQUEST URI : /prado_video_manual/
MOD DETAILS:
   modFile   : /home/canmotalka/web/can-motalka.ru/public_html/vqmod/xml/lightning.xml
   id        : OpenCart Lightning
   version   : 3.37
   vqmver    : 
   author    : MaxD http://devs.mx

File Name    : system/library/cache.php(0)
VQModObject::applyMod - SEARCH NOT FOUND (SKIPPED): if (is_file(DIR_SYSTEM . 'library/journal3/vendor/SuperCache

----------------------------------------------------------------------


---------- Date: 2026-03-31 13:10:53 ~ IP : 185.179.188.62 ----------
REQUEST URI : /namotchik-probega-dlya-audi-a4/
MOD DETAILS:
   modFile   : /home/canmotalka/web/can-motalka.ru/public_html/vqmod/xml/lightning.xml
   id        : OpenCart Lightning
   version   : 3.37
   vqmver    : 
   author    : MaxD http://devs.mx

File Name    : system/library/cache.php(0)
VQModObject::applyMod - SEARCH NOT FOUND (SKIPPED): if (is_file(DIR_SYSTEM . 'library/journal3/vendor/SuperCache

----------------------------------------------------------------------


---------- Date: 2026-03-31 13:12:01 ~ IP : 185.179.188.62 ----------
REQUEST URI : /manuals/
MOD DETAILS:
   modFile   : /home/canmotalka/web/can-motalka.ru/public_html/vqmod/xml/lightning.xml
   id        : OpenCart Lightning
   version   : 3.37
   vqmver    : 
   author    : MaxD http://devs.mx

File Name    : system/library/cache.php(0)
VQModObject::applyMod - SEARCH NOT FOUND (SKIPPED): if (is_file(DIR_SYSTEM . 'library/journal3/vendor/SuperCache

----------------------------------------------------------------------


---------- Date: 2026-03-31 13:12:21 ~ IP : 185.179.188.62 ----------
REQUEST URI : /index.php?route=common/footer/click_counter
MOD DETAILS:
   modFile   : /home/canmotalka/web/can-motalka.ru/public_html/vqmod/xml/lightning.xml
   id        : OpenCart Lightning
   version   : 3.37
   vqmver    : 
   author    : MaxD http://devs.mx

File Name    : system/library/cache.php(0)
VQModObject::applyMod - SEARCH NOT FOUND (SKIPPED): if (is_file(DIR_SYSTEM . 'library/journal3/vendor/SuperCache

----------------------------------------------------------------------


---------- Date: 2026-03-31 13:14:35 ~ IP : 185.179.188.62 ----------
REQUEST URI : //wp-includes/wlwmanifest.xml
MOD DETAILS:
   modFile   : /home/canmotalka/web/can-motalka.ru/public_html/vqmod/xml/lightning.xml
   id        : OpenCart Lightning
   version   : 3.37
   vqmver    : 
   author    : MaxD http://devs.mx

File Name    : system/library/cache.php(0)
VQModObject::applyMod - SEARCH NOT FOUND (SKIPPED): if (is_file(DIR_SYSTEM . 'library/journal3/vendor/SuperCache

----------------------------------------------------------------------


---------- Date: 2026-03-31 13:14:36 ~ IP : 185.179.188.62 ----------
REQUEST URI : //xmlrpc.php?rsd
MOD DETAILS:
   modFile   : /home/canmotalka/web/can-motalka.ru/public_html/vqmod/xml/lightning.xml
   id        : OpenCart Lightning
   version   : 3.37
   vqmver    : 
   author    : MaxD http://devs.mx

File Name    : system/library/cache.php(0)
VQModObject::applyMod - SEARCH NOT FOUND (SKIPPED): if (is_file(DIR_SYSTEM . 'library/journal3/vendor/SuperCache

----------------------------------------------------------------------


---------- Date: 2026-03-31 13:14:36 ~ IP : 185.179.188.62 ----------
REQUEST URI : //blog/wp-includes/wlwmanifest.xml
MOD DETAILS:
   modFile   : /home/canmotalka/web/can-motalka.ru/public_html/vqmod/xml/lightning.xml
   id        : OpenCart Lightning
   version   : 3.37
   vqmver    : 
   author    : MaxD http://devs.mx

File Name    : system/library/cache.php(0)
VQModObject::applyMod - SEARCH NOT FOUND (SKIPPED): if (is_file(DIR_SYSTEM . 'library/journal3/vendor/SuperCache

----------------------------------------------------------------------


---------- Date: 2026-03-31 13:14:37 ~ IP : 185.179.188.62 ----------
REQUEST URI : //web/wp-includes/wlwmanifest.xml
MOD DETAILS:
   modFile   : /home/canmotalka/web/can-motalka.ru/public_html/vqmod/xml/lightning.xml
   id        : OpenCart Lightning
   version   : 3.37
   vqmver    : 
   author    : MaxD http://devs.mx

File Name    : system/library/cache.php(0)
VQModObject::applyMod - SEARCH NOT FOUND (SKIPPED): if (is_file(DIR_SYSTEM . 'library/journal3/vendor/SuperCache

----------------------------------------------------------------------


---------- Date: 2026-03-31 13:14:37 ~ IP : 185.179.188.62 ----------
REQUEST URI : //wordpress/wp-includes/wlwmanifest.xml
MOD DETAILS:
   modFile   : /home/canmotalka/web/can-motalka.ru/public_html/vqmod/xml/lightning.xml
   id        : OpenCart Lightning
   version   : 3.37
   vqmver    : 
   author    : MaxD http://devs.mx

File Name    : system/library/cache.php(0)
VQModObject::applyMod - SEARCH NOT FOUND (SKIPPED): if (is_file(DIR_SYSTEM . 'library/journal3/vendor/SuperCache

----------------------------------------------------------------------


---------- Date: 2026-03-31 13:14:37 ~ IP : 185.179.188.62 ----------
REQUEST URI : //website/wp-includes/wlwmanifest.xml
MOD DETAILS:
   modFile   : /home/canmotalka/web/can-motalka.ru/public_html/vqmod/xml/lightning.xml
   id        : OpenCart Lightning
   version   : 3.37
   vqmver    : 
   author    : MaxD http://devs.mx

File Name    : system/library/cache.php(0)
VQModObject::applyMod - SEARCH NOT FOUND (SKIPPED): if (is_file(DIR_SYSTEM . 'library/journal3/vendor/SuperCache

----------------------------------------------------------------------


---------- Date: 2026-03-31 13:14:38 ~ IP : 185.179.188.62 ----------
REQUEST URI : //wp/wp-includes/wlwmanifest.xml
MOD DETAILS:
   modFile   : /home/canmotalka/web/can-motalka.ru/public_html/vqmod/xml/lightning.xml
   id        : OpenCart Lightning
   version   : 3.37
   vqmver    : 
   author    : MaxD http://devs.mx

File Name    : system/library/cache.php(0)
VQModObject::applyMod - SEARCH NOT FOUND (SKIPPED): if (is_file(DIR_SYSTEM . 'library/journal3/vendor/SuperCache

----------------------------------------------------------------------


---------- Date: 2026-03-31 13:14:38 ~ IP : 185.179.188.62 ----------
REQUEST URI : //news/wp-includes/wlwmanifest.xml
MOD DETAILS:
   modFile   : /home/canmotalka/web/can-motalka.ru/public_html/vqmod/xml/lightning.xml
   id        : OpenCart Lightning
   version   : 3.37
   vqmver    : 
   author    : MaxD http://devs.mx

File Name    : system/library/cache.php(0)
VQModObject::applyMod - SEARCH NOT FOUND (SKIPPED): if (is_file(DIR_SYSTEM . 'library/journal3/vendor/SuperCache

----------------------------------------------------------------------


---------- Date: 2026-03-31 13:14:38 ~ IP : 185.179.188.62 ----------
REQUEST URI : //2018/wp-includes/wlwmanifest.xml
MOD DETAILS:
   modFile   : /home/canmotalka/web/can-motalka.ru/public_html/vqmod/xml/lightning.xml
   id        : OpenCart Lightning
   version   : 3.37
   vqmver    : 
   author    : MaxD http://devs.mx

File Name    : system/library/cache.php(0)
VQModObject::applyMod - SEARCH NOT FOUND (SKIPPED): if (is_file(DIR_SYSTEM . 'library/journal3/vendor/SuperCache

----------------------------------------------------------------------


---------- Date: 2026-03-31 13:14:39 ~ IP : 185.179.188.62 ----------
REQUEST URI : //2019/wp-includes/wlwmanifest.xml
MOD DETAILS:
   modFile   : /home/canmotalka/web/can-motalka.ru/public_html/vqmod/xml/lightning.xml
   id        : OpenCart Lightning
   version   : 3.37
   vqmver    : 
   author    : MaxD http://devs.mx

File Name    : system/library/cache.php(0)
VQModObject::applyMod - SEARCH NOT FOUND (SKIPPED): if (is_file(DIR_SYSTEM . 'library/journal3/vendor/SuperCache

----------------------------------------------------------------------


---------- Date: 2026-03-31 13:14:39 ~ IP : 185.179.188.62 ----------
REQUEST URI : //shop/wp-includes/wlwmanifest.xml
MOD DETAILS:
   modFile   : /home/canmotalka/web/can-motalka.ru/public_html/vqmod/xml/lightning.xml
   id        : OpenCart Lightning
   version   : 3.37
   vqmver    : 
   author    : MaxD http://devs.mx

File Name    : system/library/cache.php(0)
VQModObject::applyMod - SEARCH NOT FOUND (SKIPPED): if (is_file(DIR_SYSTEM . 'library/journal3/vendor/SuperCache

----------------------------------------------------------------------


---------- Date: 2026-03-31 13:14:39 ~ IP : 185.179.188.62 ----------
REQUEST URI : //wp1/wp-includes/wlwmanifest.xml
MOD DETAILS:
   modFile   : /home/canmotalka/web/can-motalka.ru/public_html/vqmod/xml/lightning.xml
   id        : OpenCart Lightning
   version   : 3.37
   vqmver    : 
   author    : MaxD http://devs.mx

File Name    : system/library/cache.php(0)
VQModObject::applyMod - SEARCH NOT FOUND (SKIPPED): if (is_file(DIR_SYSTEM . 'library/journal3/vendor/SuperCache

----------------------------------------------------------------------


---------- Date: 2026-03-31 13:14:40 ~ IP : 185.179.188.62 ----------
REQUEST URI : //test/wp-includes/wlwmanifest.xml
MOD DETAILS:
   modFile   : /home/canmotalka/web/can-motalka.ru/public_html/vqmod/xml/lightning.xml
   id        : OpenCart Lightning
   version   : 3.37
   vqmver    : 
   author    : MaxD http://devs.mx

File Name    : system/library/cache.php(0)
VQModObject::applyMod - SEARCH NOT FOUND (SKIPPED): if (is_file(DIR_SYSTEM . 'library/journal3/vendor/SuperCache

----------------------------------------------------------------------


---------- Date: 2026-03-31 13:14:40 ~ IP : 185.179.188.62 ----------
REQUEST URI : //media/wp-includes/wlwmanifest.xml
MOD DETAILS:
   modFile   : /home/canmotalka/web/can-motalka.ru/public_html/vqmod/xml/lightning.xml
   id        : OpenCart Lightning
   version   : 3.37
   vqmver    : 
   author    : MaxD http://devs.mx

File Name    : system/library/cache.php(0)
VQModObject::applyMod - SEARCH NOT FOUND (SKIPPED): if (is_file(DIR_SYSTEM . 'library/journal3/vendor/SuperCache

----------------------------------------------------------------------


---------- Date: 2026-03-31 13:14:40 ~ IP : 185.179.188.62 ----------
REQUEST URI : //wp2/wp-includes/wlwmanifest.xml
MOD DETAILS:
   modFile   : /home/canmotalka/web/can-motalka.ru/public_html/vqmod/xml/lightning.xml
   id        : OpenCart Lightning
   version   : 3.37
   vqmver    : 
   author    : MaxD http://devs.mx

File Name    : system/library/cache.php(0)
VQModObject::applyMod - SEARCH NOT FOUND (SKIPPED): if (is_file(DIR_SYSTEM . 'library/journal3/vendor/SuperCache

----------------------------------------------------------------------


---------- Date: 2026-03-31 13:14:41 ~ IP : 185.179.188.62 ----------
REQUEST URI : //site/wp-includes/wlwmanifest.xml
MOD DETAILS:
   modFile   : /home/canmotalka/web/can-motalka.ru/public_html/vqmod/xml/lightning.xml
   id        : OpenCart Lightning
   version   : 3.37
   vqmver    : 
   author    : MaxD http://devs.mx

File Name    : system/library/cache.php(0)
VQModObject::applyMod - SEARCH NOT FOUND (SKIPPED): if (is_file(DIR_SYSTEM . 'library/journal3/vendor/SuperCache

----------------------------------------------------------------------


---------- Date: 2026-03-31 13:14:41 ~ IP : 185.179.188.62 ----------
REQUEST URI : //cms/wp-includes/wlwmanifest.xml
MOD DETAILS:
   modFile   : /home/canmotalka/web/can-motalka.ru/public_html/vqmod/xml/lightning.xml
   id        : OpenCart Lightning
   version   : 3.37
   vqmver    : 
   author    : MaxD http://devs.mx

File Name    : system/library/cache.php(0)
VQModObject::applyMod - SEARCH NOT FOUND (SKIPPED): if (is_file(DIR_SYSTEM . 'library/journal3/vendor/SuperCache

----------------------------------------------------------------------


---------- Date: 2026-03-31 13:14:42 ~ IP : 185.179.188.62 ----------
REQUEST URI : //sito/wp-includes/wlwmanifest.xml
MOD DETAILS:
   modFile   : /home/canmotalka/web/can-motalka.ru/public_html/vqmod/xml/lightning.xml
   id        : OpenCart Lightning
   version   : 3.37
   vqmver    : 
   author    : MaxD http://devs.mx

File Name    : system/library/cache.php(0)
VQModObject::applyMod - SEARCH NOT FOUND (SKIPPED): if (is_file(DIR_SYSTEM . 'library/journal3/vendor/SuperCache

----------------------------------------------------------------------


---------- Date: 2026-03-31 13:16:24 ~ IP : 185.179.188.62 ----------
REQUEST URI : /sitemap.xml
MOD DETAILS:
   modFile   : /home/canmotalka/web/can-motalka.ru/public_html/vqmod/xml/lightning.xml
   id        : OpenCart Lightning
   version   : 3.37
   vqmver    : 
   author    : MaxD http://devs.mx

File Name    : system/library/cache.php(0)
VQModObject::applyMod - SEARCH NOT FOUND (SKIPPED): if (is_file(DIR_SYSTEM . 'library/journal3/vendor/SuperCache

----------------------------------------------------------------------


---------- Date: 2026-03-31 13:19:08 ~ IP : 185.179.188.62 ----------
REQUEST URI : /test/?ysclid=mnbr3w09fe224245956
MOD DETAILS:
   modFile   : /home/canmotalka/web/can-motalka.ru/public_html/vqmod/xml/lightning.xml
   id        : OpenCart Lightning
   version   : 3.37
   vqmver    : 
   author    : MaxD http://devs.mx

File Name    : system/library/cache.php(0)
VQModObject::applyMod - SEARCH NOT FOUND (SKIPPED): if (is_file(DIR_SYSTEM . 'library/journal3/vendor/SuperCache

----------------------------------------------------------------------


---------- Date: 2026-03-31 13:19:24 ~ IP : 185.179.188.62 ----------
REQUEST URI : /manuals/?ysclid=mnbgdxkuza390045489
MOD DETAILS:
   modFile   : /home/canmotalka/web/can-motalka.ru/public_html/vqmod/xml/lightning.xml
   id        : OpenCart Lightning
   version   : 3.37
   vqmver    : 
   author    : MaxD http://devs.mx

File Name    : system/library/cache.php(0)
VQModObject::applyMod - SEARCH NOT FOUND (SKIPPED): if (is_file(DIR_SYSTEM . 'library/journal3/vendor/SuperCache

----------------------------------------------------------------------


---------- Date: 2026-03-31 13:21:40 ~ IP : 185.179.188.62 ----------
REQUEST URI : /video-obzor/?ysclid=mnbul4rea5889100801
MOD DETAILS:
   modFile   : /home/canmotalka/web/can-motalka.ru/public_html/vqmod/xml/lightning.xml
   id        : OpenCart Lightning
   version   : 3.37
   vqmver    : 
   author    : MaxD http://devs.mx

File Name    : system/library/cache.php(0)
VQModObject::applyMod - SEARCH NOT FOUND (SKIPPED): if (is_file(DIR_SYSTEM . 'library/journal3/vendor/SuperCache

----------------------------------------------------------------------


---------- Date: 2026-03-31 13:22:04 ~ IP : 185.179.188.62 ----------
REQUEST URI : /setting_php/dapoksetin/617-djenerik-viagra-soft-gomel/
MOD DETAILS:
   modFile   : /home/canmotalka/web/can-motalka.ru/public_html/vqmod/xml/lightning.xml
   id        : OpenCart Lightning
   version   : 3.37
   vqmver    : 
   author    : MaxD http://devs.mx

File Name    : system/library/cache.php(0)
VQModObject::applyMod - SEARCH NOT FOUND (SKIPPED): if (is_file(DIR_SYSTEM . 'library/journal3/vendor/SuperCache

----------------------------------------------------------------------


---------- Date: 2026-03-31 13:23:00 ~ IP : 185.179.188.62 ----------
REQUEST URI : /podmotka_uaz_re/?ysclid=mnegxsq5kn116165093
MOD DETAILS:
   modFile   : /home/canmotalka/web/can-motalka.ru/public_html/vqmod/xml/lightning.xml
   id        : OpenCart Lightning
   version   : 3.37
   vqmver    : 
   author    : MaxD http://devs.mx

File Name    : system/library/cache.php(0)
VQModObject::applyMod - SEARCH NOT FOUND (SKIPPED): if (is_file(DIR_SYSTEM . 'library/journal3/vendor/SuperCache

----------------------------------------------------------------------


---------- Date: 2026-03-31 13:23:01 ~ IP : 185.179.188.62 ----------
REQUEST URI : /podmotka_uaz_re/
MOD DETAILS:
   modFile   : /home/canmotalka/web/can-motalka.ru/public_html/vqmod/xml/lightning.xml
   id        : OpenCart Lightning
   version   : 3.37
   vqmver    : 
   author    : MaxD http://devs.mx

File Name    : system/library/cache.php(0)
VQModObject::applyMod - SEARCH NOT FOUND (SKIPPED): if (is_file(DIR_SYSTEM . 'library/journal3/vendor/SuperCache

----------------------------------------------------------------------


---------- Date: 2026-03-31 13:23:02 ~ IP : 185.179.188.62 ----------
REQUEST URI : /index.php?route=module/popupcart_extended
MOD DETAILS:
   modFile   : /home/canmotalka/web/can-motalka.ru/public_html/vqmod/xml/lightning.xml
   id        : OpenCart Lightning
   version   : 3.37
   vqmver    : 
   author    : MaxD http://devs.mx

File Name    : system/library/cache.php(0)
VQModObject::applyMod - SEARCH NOT FOUND (SKIPPED): if (is_file(DIR_SYSTEM . 'library/journal3/vendor/SuperCache

----------------------------------------------------------------------


---------- Date: 2026-03-31 13:25:49 ~ IP : 185.179.188.62 ----------
REQUEST URI : /manuals/?ysclid=mnbnrpm7zs803840262
MOD DETAILS:
   modFile   : /home/canmotalka/web/can-motalka.ru/public_html/vqmod/xml/lightning.xml
   id        : OpenCart Lightning
   version   : 3.37
   vqmver    : 
   author    : MaxD http://devs.mx

File Name    : system/library/cache.php(0)
VQModObject::applyMod - SEARCH NOT FOUND (SKIPPED): if (is_file(DIR_SYSTEM . 'library/journal3/vendor/SuperCache

----------------------------------------------------------------------


---------- Date: 2026-03-31 13:28:31 ~ IP : 185.179.188.62 ----------
REQUEST URI : /motalka_spidometra_re/
MOD DETAILS:
   modFile   : /home/canmotalka/web/can-motalka.ru/public_html/vqmod/xml/lightning.xml
   id        : OpenCart Lightning
   version   : 3.37
   vqmver    : 
   author    : MaxD http://devs.mx

File Name    : system/library/cache.php(0)
VQModObject::applyMod - SEARCH NOT FOUND (SKIPPED): if (is_file(DIR_SYSTEM . 'library/journal3/vendor/SuperCache

----------------------------------------------------------------------


---------- Date: 2026-03-31 13:28:32 ~ IP : 185.179.188.62 ----------
REQUEST URI : /index.php?route=module/popupcart_extended
MOD DETAILS:
   modFile   : /home/canmotalka/web/can-motalka.ru/public_html/vqmod/xml/lightning.xml
   id        : OpenCart Lightning
   version   : 3.37
   vqmver    : 
   author    : MaxD http://devs.mx

File Name    : system/library/cache.php(0)
VQModObject::applyMod - SEARCH NOT FOUND (SKIPPED): if (is_file(DIR_SYSTEM . 'library/journal3/vendor/SuperCache

----------------------------------------------------------------------


---------- Date: 2026-03-31 13:32:57 ~ IP : 185.179.188.62 ----------
REQUEST URI : /otzyvy?page=13
MOD DETAILS:
   modFile   : /home/canmotalka/web/can-motalka.ru/public_html/vqmod/xml/lightning.xml
   id        : OpenCart Lightning
   version   : 3.37
   vqmver    : 
   author    : MaxD http://devs.mx

File Name    : system/library/cache.php(0)
VQModObject::applyMod - SEARCH NOT FOUND (SKIPPED): if (is_file(DIR_SYSTEM . 'library/journal3/vendor/SuperCache

----------------------------------------------------------------------


---------- Date: 2026-03-31 13:33:00 ~ IP : 185.179.188.62 ----------
REQUEST URI : /otzyvy/?page=13
MOD DETAILS:
   modFile   : /home/canmotalka/web/can-motalka.ru/public_html/vqmod/xml/lightning.xml
   id        : OpenCart Lightning
   version   : 3.37
   vqmver    : 
   author    : MaxD http://devs.mx

File Name    : system/library/cache.php(0)
VQModObject::applyMod - SEARCH NOT FOUND (SKIPPED): if (is_file(DIR_SYSTEM . 'library/journal3/vendor/SuperCache

----------------------------------------------------------------------


---------- Date: 2026-03-31 13:35:27 ~ IP : 185.179.188.62 ----------
REQUEST URI : /podmotka_uaz_re/
MOD DETAILS:
   modFile   : /home/canmotalka/web/can-motalka.ru/public_html/vqmod/xml/lightning.xml
   id        : OpenCart Lightning
   version   : 3.37
   vqmver    : 
   author    : MaxD http://devs.mx

File Name    : system/library/cache.php(0)
VQModObject::applyMod - SEARCH NOT FOUND (SKIPPED): if (is_file(DIR_SYSTEM . 'library/journal3/vendor/SuperCache

----------------------------------------------------------------------


---------- Date: 2026-03-31 13:35:28 ~ IP : 185.179.188.62 ----------
REQUEST URI : /index.php?route=module/popupcart_extended
MOD DETAILS:
   modFile   : /home/canmotalka/web/can-motalka.ru/public_html/vqmod/xml/lightning.xml
   id        : OpenCart Lightning
   version   : 3.37
   vqmver    : 
   author    : MaxD http://devs.mx

File Name    : system/library/cache.php(0)
VQModObject::applyMod - SEARCH NOT FOUND (SKIPPED): if (is_file(DIR_SYSTEM . 'library/journal3/vendor/SuperCache

----------------------------------------------------------------------


---------- Date: 2026-03-31 13:35:56 ~ IP : 185.179.188.62 ----------
REQUEST URI : /podmotka-spidometra-kia-carnival/
MOD DETAILS:
   modFile   : /home/canmotalka/web/can-motalka.ru/public_html/vqmod/xml/lightning.xml
   id        : OpenCart Lightning
   version   : 3.37
   vqmver    : 
   author    : MaxD http://devs.mx

File Name    : system/library/cache.php(0)
VQModObject::applyMod - SEARCH NOT FOUND (SKIPPED): if (is_file(DIR_SYSTEM . 'library/journal3/vendor/SuperCache

----------------------------------------------------------------------


---------- Date: 2026-03-31 13:37:02 ~ IP : 185.179.188.62 ----------
REQUEST URI : /podmotka-spidometra-uaz-buhanka/
MOD DETAILS:
   modFile   : /home/canmotalka/web/can-motalka.ru/public_html/vqmod/xml/lightning.xml
   id        : OpenCart Lightning
   version   : 3.37
   vqmver    : 
   author    : MaxD http://devs.mx

File Name    : system/library/cache.php(0)
VQModObject::applyMod - SEARCH NOT FOUND (SKIPPED): if (is_file(DIR_SYSTEM . 'library/journal3/vendor/SuperCache

----------------------------------------------------------------------


---------- Date: 2026-03-31 13:37:03 ~ IP : 185.179.188.62 ----------
REQUEST URI : /index.php?route=product/product/review&amp;product_id=257
MOD DETAILS:
   modFile   : /home/canmotalka/web/can-motalka.ru/public_html/vqmod/xml/lightning.xml
   id        : OpenCart Lightning
   version   : 3.37
   vqmver    : 
   author    : MaxD http://devs.mx

File Name    : system/library/cache.php(0)
VQModObject::applyMod - SEARCH NOT FOUND (SKIPPED): if (is_file(DIR_SYSTEM . 'library/journal3/vendor/SuperCache

----------------------------------------------------------------------


---------- Date: 2026-03-31 13:39:43 ~ IP : 185.179.188.62 ----------
REQUEST URI : /manuals/?page=2
MOD DETAILS:
   modFile   : /home/canmotalka/web/can-motalka.ru/public_html/vqmod/xml/lightning.xml
   id        : OpenCart Lightning
   version   : 3.37
   vqmver    : 
   author    : MaxD http://devs.mx

File Name    : system/library/cache.php(0)
VQModObject::applyMod - SEARCH NOT FOUND (SKIPPED): if (is_file(DIR_SYSTEM . 'library/journal3/vendor/SuperCache

----------------------------------------------------------------------


---------- Date: 2026-03-31 13:42:57 ~ IP : 185.179.188.62 ----------
REQUEST URI : /setting_php/uluchshenie-potencii/234-viagra-ivanovo-kupit/
MOD DETAILS:
   modFile   : /home/canmotalka/web/can-motalka.ru/public_html/vqmod/xml/lightning.xml
   id        : OpenCart Lightning
   version   : 3.37
   vqmver    : 
   author    : MaxD http://devs.mx

File Name    : system/library/cache.php(0)
VQModObject::applyMod - SEARCH NOT FOUND (SKIPPED): if (is_file(DIR_SYSTEM . 'library/journal3/vendor/SuperCache

----------------------------------------------------------------------


---------- Date: 2026-03-31 13:43:13 ~ IP : 185.179.188.62 ----------
REQUEST URI : /manuals/?ysclid=mnc2243j7w347660873
MOD DETAILS:
   modFile   : /home/canmotalka/web/can-motalka.ru/public_html/vqmod/xml/lightning.xml
   id        : OpenCart Lightning
   version   : 3.37
   vqmver    : 
   author    : MaxD http://devs.mx

File Name    : system/library/cache.php(0)
VQModObject::applyMod - SEARCH NOT FOUND (SKIPPED): if (is_file(DIR_SYSTEM . 'library/journal3/vendor/SuperCache

----------------------------------------------------------------------


---------- Date: 2026-03-31 13:44:14 ~ IP : 185.179.188.62 ----------
REQUEST URI : /podmotka-spidometra-na-lada-xray/?ysclid=mnehp2svh0880541783
MOD DETAILS:
   modFile   : /home/canmotalka/web/can-motalka.ru/public_html/vqmod/xml/lightning.xml
   id        : OpenCart Lightning
   version   : 3.37
   vqmver    : 
   author    : MaxD http://devs.mx

File Name    : system/library/cache.php(0)
VQModObject::applyMod - SEARCH NOT FOUND (SKIPPED): if (is_file(DIR_SYSTEM . 'library/journal3/vendor/SuperCache

----------------------------------------------------------------------


---------- Date: 2026-03-31 13:44:15 ~ IP : 185.179.188.62 ----------
REQUEST URI : /podmotka-spidometra-na-lada-xray/
MOD DETAILS:
   modFile   : /home/canmotalka/web/can-motalka.ru/public_html/vqmod/xml/lightning.xml
   id        : OpenCart Lightning
   version   : 3.37
   vqmver    : 
   author    : MaxD http://devs.mx

File Name    : system/library/cache.php(0)
VQModObject::applyMod - SEARCH NOT FOUND (SKIPPED): if (is_file(DIR_SYSTEM . 'library/journal3/vendor/SuperCache

----------------------------------------------------------------------


---------- Date: 2026-03-31 13:44:15 ~ IP : 185.179.188.62 ----------
REQUEST URI : /index.php?route=product/product/review&amp;product_id=248
MOD DETAILS:
   modFile   : /home/canmotalka/web/can-motalka.ru/public_html/vqmod/xml/lightning.xml
   id        : OpenCart Lightning
   version   : 3.37
   vqmver    : 
   author    : MaxD http://devs.mx

File Name    : system/library/cache.php(0)
VQModObject::applyMod - SEARCH NOT FOUND (SKIPPED): if (is_file(DIR_SYSTEM . 'library/journal3/vendor/SuperCache

----------------------------------------------------------------------


---------- Date: 2026-03-31 13:44:16 ~ IP : 185.179.188.62 ----------
REQUEST URI : /index.php?route=module/popupcart_extended
MOD DETAILS:
   modFile   : /home/canmotalka/web/can-motalka.ru/public_html/vqmod/xml/lightning.xml
   id        : OpenCart Lightning
   version   : 3.37
   vqmver    : 
   author    : MaxD http://devs.mx

File Name    : system/library/cache.php(0)
VQModObject::applyMod - SEARCH NOT FOUND (SKIPPED): if (is_file(DIR_SYSTEM . 'library/journal3/vendor/SuperCache

----------------------------------------------------------------------


---------- Date: 2026-03-31 13:45:17 ~ IP : 185.179.188.62 ----------
REQUEST URI : /podmotka_uaz_re/?ysclid=mnehqf0x1a786945711
MOD DETAILS:
   modFile   : /home/canmotalka/web/can-motalka.ru/public_html/vqmod/xml/lightning.xml
   id        : OpenCart Lightning
   version   : 3.37
   vqmver    : 
   author    : MaxD http://devs.mx

File Name    : system/library/cache.php(0)
VQModObject::applyMod - SEARCH NOT FOUND (SKIPPED): if (is_file(DIR_SYSTEM . 'library/journal3/vendor/SuperCache

----------------------------------------------------------------------


---------- Date: 2026-03-31 13:45:17 ~ IP : 185.179.188.62 ----------
REQUEST URI : /podmotka_uaz_re/
MOD DETAILS:
   modFile   : /home/canmotalka/web/can-motalka.ru/public_html/vqmod/xml/lightning.xml
   id        : OpenCart Lightning
   version   : 3.37
   vqmver    : 
   author    : MaxD http://devs.mx

File Name    : system/library/cache.php(0)
VQModObject::applyMod - SEARCH NOT FOUND (SKIPPED): if (is_file(DIR_SYSTEM . 'library/journal3/vendor/SuperCache

----------------------------------------------------------------------


---------- Date: 2026-03-31 13:45:18 ~ IP : 185.179.188.62 ----------
REQUEST URI : /index.php?route=module/popupcart_extended
MOD DETAILS:
   modFile   : /home/canmotalka/web/can-motalka.ru/public_html/vqmod/xml/lightning.xml
   id        : OpenCart Lightning
   version   : 3.37
   vqmver    : 
   author    : MaxD http://devs.mx

File Name    : system/library/cache.php(0)
VQModObject::applyMod - SEARCH NOT FOUND (SKIPPED): if (is_file(DIR_SYSTEM . 'library/journal3/vendor/SuperCache

----------------------------------------------------------------------


---------- Date: 2026-03-31 13:45:53 ~ IP : 185.179.188.62 ----------
REQUEST URI : /namotchik-probega-dlya-audi-a8/
MOD DETAILS:
   modFile   : /home/canmotalka/web/can-motalka.ru/public_html/vqmod/xml/lightning.xml
   id        : OpenCart Lightning
   version   : 3.37
   vqmver    : 
   author    : MaxD http://devs.mx

File Name    : system/library/cache.php(0)
VQModObject::applyMod - SEARCH NOT FOUND (SKIPPED): if (is_file(DIR_SYSTEM . 'library/journal3/vendor/SuperCache

----------------------------------------------------------------------


---------- Date: 2026-03-31 13:48:25 ~ IP : 185.179.188.62 ----------
REQUEST URI : /sitemap.xml:cen
MOD DETAILS:
   modFile   : /home/canmotalka/web/can-motalka.ru/public_html/vqmod/xml/lightning.xml
   id        : OpenCart Lightning
   version   : 3.37
   vqmver    : 
   author    : MaxD http://devs.mx

File Name    : system/library/cache.php(0)
VQModObject::applyMod - SEARCH NOT FOUND (SKIPPED): if (is_file(DIR_SYSTEM . 'library/journal3/vendor/SuperCache

----------------------------------------------------------------------


---------- Date: 2026-03-31 13:48:26 ~ IP : 185.179.188.62 ----------
REQUEST URI : /index.php?route=module/popupcart_extended
MOD DETAILS:
   modFile   : /home/canmotalka/web/can-motalka.ru/public_html/vqmod/xml/lightning.xml
   id        : OpenCart Lightning
   version   : 3.37
   vqmver    : 
   author    : MaxD http://devs.mx

File Name    : system/library/cache.php(0)
VQModObject::applyMod - SEARCH NOT FOUND (SKIPPED): if (is_file(DIR_SYSTEM . 'library/journal3/vendor/SuperCache

----------------------------------------------------------------------


---------- Date: 2026-03-31 13:48:26 ~ IP : 185.179.188.62 ----------
REQUEST URI : /sitemap/
MOD DETAILS:
   modFile   : /home/canmotalka/web/can-motalka.ru/public_html/vqmod/xml/lightning.xml
   id        : OpenCart Lightning
   version   : 3.37
   vqmver    : 
   author    : MaxD http://devs.mx

File Name    : system/library/cache.php(0)
VQModObject::applyMod - SEARCH NOT FOUND (SKIPPED): if (is_file(DIR_SYSTEM . 'library/journal3/vendor/SuperCache

----------------------------------------------------------------------


---------- Date: 2026-03-31 13:48:50 ~ IP : 185.179.188.62 ----------
REQUEST URI : /podmotka-spidometra-vesta-ng-np/
MOD DETAILS:
   modFile   : /home/canmotalka/web/can-motalka.ru/public_html/vqmod/xml/lightning.xml
   id        : OpenCart Lightning
   version   : 3.37
   vqmver    : 
   author    : MaxD http://devs.mx

File Name    : system/library/cache.php(0)
VQModObject::applyMod - SEARCH NOT FOUND (SKIPPED): if (is_file(DIR_SYSTEM . 'library/journal3/vendor/SuperCache

----------------------------------------------------------------------


---------- Date: 2026-03-31 13:48:51 ~ IP : 185.179.188.62 ----------
REQUEST URI : /index.php?route=product/product/review&amp;product_id=309
MOD DETAILS:
   modFile   : /home/canmotalka/web/can-motalka.ru/public_html/vqmod/xml/lightning.xml
   id        : OpenCart Lightning
   version   : 3.37
   vqmver    : 
   author    : MaxD http://devs.mx

File Name    : system/library/cache.php(0)
VQModObject::applyMod - SEARCH NOT FOUND (SKIPPED): if (is_file(DIR_SYSTEM . 'library/journal3/vendor/SuperCache

----------------------------------------------------------------------


---------- Date: 2026-03-31 13:48:51 ~ IP : 185.179.188.62 ----------
REQUEST URI : /index.php?route=module/popupcart_extended
MOD DETAILS:
   modFile   : /home/canmotalka/web/can-motalka.ru/public_html/vqmod/xml/lightning.xml
   id        : OpenCart Lightning
   version   : 3.37
   vqmver    : 
   author    : MaxD http://devs.mx

File Name    : system/library/cache.php(0)
VQModObject::applyMod - SEARCH NOT FOUND (SKIPPED): if (is_file(DIR_SYSTEM . 'library/journal3/vendor/SuperCache

----------------------------------------------------------------------


---------- Date: 2026-03-31 13:49:16 ~ IP : 185.179.188.62 ----------
REQUEST URI : /test/?ysclid=mnblxo4dkt792931829
MOD DETAILS:
   modFile   : /home/canmotalka/web/can-motalka.ru/public_html/vqmod/xml/lightning.xml
   id        : OpenCart Lightning
   version   : 3.37
   vqmver    : 
   author    : MaxD http://devs.mx

File Name    : system/library/cache.php(0)
VQModObject::applyMod - SEARCH NOT FOUND (SKIPPED): if (is_file(DIR_SYSTEM . 'library/journal3/vendor/SuperCache

----------------------------------------------------------------------


---------- Date: 2026-03-31 13:50:15 ~ IP : 185.179.188.62 ----------
REQUEST URI : /patriot_re/?ysclid=mnehwttvux668488490
MOD DETAILS:
   modFile   : /home/canmotalka/web/can-motalka.ru/public_html/vqmod/xml/lightning.xml
   id        : OpenCart Lightning
   version   : 3.37
   vqmver    : 
   author    : MaxD http://devs.mx

File Name    : system/library/cache.php(0)
VQModObject::applyMod - SEARCH NOT FOUND (SKIPPED): if (is_file(DIR_SYSTEM . 'library/journal3/vendor/SuperCache

----------------------------------------------------------------------


---------- Date: 2026-03-31 13:50:16 ~ IP : 185.179.188.62 ----------
REQUEST URI : /patriot_re/
MOD DETAILS:
   modFile   : /home/canmotalka/web/can-motalka.ru/public_html/vqmod/xml/lightning.xml
   id        : OpenCart Lightning
   version   : 3.37
   vqmver    : 
   author    : MaxD http://devs.mx

File Name    : system/library/cache.php(0)
VQModObject::applyMod - SEARCH NOT FOUND (SKIPPED): if (is_file(DIR_SYSTEM . 'library/journal3/vendor/SuperCache

----------------------------------------------------------------------


---------- Date: 2026-03-31 13:50:16 ~ IP : 185.179.188.62 ----------
REQUEST URI : /index.php?route=module/popupcart_extended
MOD DETAILS:
   modFile   : /home/canmotalka/web/can-motalka.ru/public_html/vqmod/xml/lightning.xml
   id        : OpenCart Lightning
   version   : 3.37
   vqmver    : 
   author    : MaxD http://devs.mx

File Name    : system/library/cache.php(0)
VQModObject::applyMod - SEARCH NOT FOUND (SKIPPED): if (is_file(DIR_SYSTEM . 'library/journal3/vendor/SuperCache

----------------------------------------------------------------------


---------- Date: 2026-03-31 13:53:17 ~ IP : 185.179.188.62 ----------
REQUEST URI : /podmotka-spidometra-lada-granta-fl/?ysclid=mnei0p388p314941544
MOD DETAILS:
   modFile   : /home/canmotalka/web/can-motalka.ru/public_html/vqmod/xml/lightning.xml
   id        : OpenCart Lightning
   version   : 3.37
   vqmver    : 
   author    : MaxD http://devs.mx

File Name    : system/library/cache.php(0)
VQModObject::applyMod - SEARCH NOT FOUND (SKIPPED): if (is_file(DIR_SYSTEM . 'library/journal3/vendor/SuperCache

----------------------------------------------------------------------


---------- Date: 2026-03-31 13:53:17 ~ IP : 185.179.188.62 ----------
REQUEST URI : /podmotka-spidometra-lada-granta-fl/
MOD DETAILS:
   modFile   : /home/canmotalka/web/can-motalka.ru/public_html/vqmod/xml/lightning.xml
   id        : OpenCart Lightning
   version   : 3.37
   vqmver    : 
   author    : MaxD http://devs.mx

File Name    : system/library/cache.php(0)
VQModObject::applyMod - SEARCH NOT FOUND (SKIPPED): if (is_file(DIR_SYSTEM . 'library/journal3/vendor/SuperCache

----------------------------------------------------------------------


---------- Date: 2026-03-31 13:53:20 ~ IP : 185.179.188.62 ----------
REQUEST URI : /index.php?route=product/product/review&amp;product_id=270
MOD DETAILS:
   modFile   : /home/canmotalka/web/can-motalka.ru/public_html/vqmod/xml/lightning.xml
   id        : OpenCart Lightning
   version   : 3.37
   vqmver    : 
   author    : MaxD http://devs.mx

File Name    : system/library/cache.php(0)
VQModObject::applyMod - SEARCH NOT FOUND (SKIPPED): if (is_file(DIR_SYSTEM . 'library/journal3/vendor/SuperCache

----------------------------------------------------------------------


---------- Date: 2026-03-31 13:53:20 ~ IP : 185.179.188.62 ----------
REQUEST URI : /index.php?route=module/popupcart_extended
MOD DETAILS:
   modFile   : /home/canmotalka/web/can-motalka.ru/public_html/vqmod/xml/lightning.xml
   id        : OpenCart Lightning
   version   : 3.37
   vqmver    : 
   author    : MaxD http://devs.mx

File Name    : system/library/cache.php(0)
VQModObject::applyMod - SEARCH NOT FOUND (SKIPPED): if (is_file(DIR_SYSTEM . 'library/journal3/vendor/SuperCache

----------------------------------------------------------------------


---------- Date: 2026-03-31 13:57:29 ~ IP : 185.179.188.62 ----------
REQUEST URI : /podmotka-spidometra-gazel-nekst/?ysclid=mnei65g0oh238315266
MOD DETAILS:
   modFile   : /home/canmotalka/web/can-motalka.ru/public_html/vqmod/xml/lightning.xml
   id        : OpenCart Lightning
   version   : 3.37
   vqmver    : 
   author    : MaxD http://devs.mx

File Name    : system/library/cache.php(0)
VQModObject::applyMod - SEARCH NOT FOUND (SKIPPED): if (is_file(DIR_SYSTEM . 'library/journal3/vendor/SuperCache

----------------------------------------------------------------------


---------- Date: 2026-03-31 13:57:30 ~ IP : 185.179.188.62 ----------
REQUEST URI : /podmotka-spidometra-gazel-nekst/
MOD DETAILS:
   modFile   : /home/canmotalka/web/can-motalka.ru/public_html/vqmod/xml/lightning.xml
   id        : OpenCart Lightning
   version   : 3.37
   vqmver    : 
   author    : MaxD http://devs.mx

File Name    : system/library/cache.php(0)
VQModObject::applyMod - SEARCH NOT FOUND (SKIPPED): if (is_file(DIR_SYSTEM . 'library/journal3/vendor/SuperCache

----------------------------------------------------------------------


---------- Date: 2026-03-31 13:57:30 ~ IP : 185.179.188.62 ----------
REQUEST URI : /index.php?route=product/product/review&amp;product_id=97
MOD DETAILS:
   modFile   : /home/canmotalka/web/can-motalka.ru/public_html/vqmod/xml/lightning.xml
   id        : OpenCart Lightning
   version   : 3.37
   vqmver    : 
   author    : MaxD http://devs.mx

File Name    : system/library/cache.php(0)
VQModObject::applyMod - SEARCH NOT FOUND (SKIPPED): if (is_file(DIR_SYSTEM . 'library/journal3/vendor/SuperCache

----------------------------------------------------------------------


---------- Date: 2026-03-31 13:57:31 ~ IP : 185.179.188.62 ----------
REQUEST URI : /index.php?route=module/popupcart_extended
MOD DETAILS:
   modFile   : /home/canmotalka/web/can-motalka.ru/public_html/vqmod/xml/lightning.xml
   id        : OpenCart Lightning
   version   : 3.37
   vqmver    : 
   author    : MaxD http://devs.mx

File Name    : system/library/cache.php(0)
VQModObject::applyMod - SEARCH NOT FOUND (SKIPPED): if (is_file(DIR_SYSTEM . 'library/journal3/vendor/SuperCache

----------------------------------------------------------------------


---------- Date: 2026-03-31 14:03:16 ~ IP : 185.179.188.62 ----------
REQUEST URI : /podmotka-spidometra-gazel-nekst/
MOD DETAILS:
   modFile   : /home/canmotalka/web/can-motalka.ru/public_html/vqmod/xml/lightning.xml
   id        : OpenCart Lightning
   version   : 3.37
   vqmver    : 
   author    : MaxD http://devs.mx

File Name    : system/library/cache.php(0)
VQModObject::applyMod - SEARCH NOT FOUND (SKIPPED): if (is_file(DIR_SYSTEM . 'library/journal3/vendor/SuperCache

----------------------------------------------------------------------


---------- Date: 2026-03-31 14:03:17 ~ IP : 185.179.188.62 ----------
REQUEST URI : /setting_php/dapoksetin-60/501-suhagra-analog-viborg/
MOD DETAILS:
   modFile   : /home/canmotalka/web/can-motalka.ru/public_html/vqmod/xml/lightning.xml
   id        : OpenCart Lightning
   version   : 3.37
   vqmver    : 
   author    : MaxD http://devs.mx

File Name    : system/library/cache.php(0)
VQModObject::applyMod - SEARCH NOT FOUND (SKIPPED): if (is_file(DIR_SYSTEM . 'library/journal3/vendor/SuperCache

----------------------------------------------------------------------


---------- Date: 2026-03-31 14:03:50 ~ IP : 185.179.188.62 ----------
REQUEST URI : /.well-known/traffic-advice
MOD DETAILS:
   modFile   : /home/canmotalka/web/can-motalka.ru/public_html/vqmod/xml/lightning.xml
   id        : OpenCart Lightning
   version   : 3.37
   vqmver    : 
   author    : MaxD http://devs.mx

File Name    : system/library/cache.php(0)
VQModObject::applyMod - SEARCH NOT FOUND (SKIPPED): if (is_file(DIR_SYSTEM . 'library/journal3/vendor/SuperCache

----------------------------------------------------------------------


---------- Date: 2026-03-31 14:03:50 ~ IP : 185.179.188.62 ----------
REQUEST URI : /podmotka_spidometra/
MOD DETAILS:
   modFile   : /home/canmotalka/web/can-motalka.ru/public_html/vqmod/xml/lightning.xml
   id        : OpenCart Lightning
   version   : 3.37
   vqmver    : 
   author    : MaxD http://devs.mx

File Name    : system/library/cache.php(0)
VQModObject::applyMod - SEARCH NOT FOUND (SKIPPED): if (is_file(DIR_SYSTEM . 'library/journal3/vendor/SuperCache

----------------------------------------------------------------------


---------- Date: 2026-03-31 14:08:00 ~ IP : 185.179.188.62 ----------
REQUEST URI : /podmotka_vw_manual/
MOD DETAILS:
   modFile   : /home/canmotalka/web/can-motalka.ru/public_html/vqmod/xml/lightning.xml
   id        : OpenCart Lightning
   version   : 3.37
   vqmver    : 
   author    : MaxD http://devs.mx

File Name    : system/library/cache.php(0)
VQModObject::applyMod - SEARCH NOT FOUND (SKIPPED): if (is_file(DIR_SYSTEM . 'library/journal3/vendor/SuperCache

----------------------------------------------------------------------


---------- Date: 2026-03-31 14:08:02 ~ IP : 185.179.188.62 ----------
REQUEST URI : /index.php?route=module/popupcart_extended
MOD DETAILS:
   modFile   : /home/canmotalka/web/can-motalka.ru/public_html/vqmod/xml/lightning.xml
   id        : OpenCart Lightning
   version   : 3.37
   vqmver    : 
   author    : MaxD http://devs.mx

File Name    : system/library/cache.php(0)
VQModObject::applyMod - SEARCH NOT FOUND (SKIPPED): if (is_file(DIR_SYSTEM . 'library/journal3/vendor/SuperCache

----------------------------------------------------------------------


---------- Date: 2026-03-31 14:10:35 ~ IP : 185.179.188.62 ----------
REQUEST URI : /motalka_spidometra/?ysclid=mneimysc7z379395964
MOD DETAILS:
   modFile   : /home/canmotalka/web/can-motalka.ru/public_html/vqmod/xml/lightning.xml
   id        : OpenCart Lightning
   version   : 3.37
   vqmver    : 
   author    : MaxD http://devs.mx

File Name    : system/library/cache.php(0)
VQModObject::applyMod - SEARCH NOT FOUND (SKIPPED): if (is_file(DIR_SYSTEM . 'library/journal3/vendor/SuperCache

----------------------------------------------------------------------


---------- Date: 2026-03-31 14:10:35 ~ IP : 185.179.188.62 ----------
REQUEST URI : /motalka_spidometra/
MOD DETAILS:
   modFile   : /home/canmotalka/web/can-motalka.ru/public_html/vqmod/xml/lightning.xml
   id        : OpenCart Lightning
   version   : 3.37
   vqmver    : 
   author    : MaxD http://devs.mx

File Name    : system/library/cache.php(0)
VQModObject::applyMod - SEARCH NOT FOUND (SKIPPED): if (is_file(DIR_SYSTEM . 'library/journal3/vendor/SuperCache

----------------------------------------------------------------------


---------- Date: 2026-03-31 14:10:36 ~ IP : 185.179.188.62 ----------
REQUEST URI : /index.php?route=module/popupcart_extended
MOD DETAILS:
   modFile   : /home/canmotalka/web/can-motalka.ru/public_html/vqmod/xml/lightning.xml
   id        : OpenCart Lightning
   version   : 3.37
   vqmver    : 
   author    : MaxD http://devs.mx

File Name    : system/library/cache.php(0)
VQModObject::applyMod - SEARCH NOT FOUND (SKIPPED): if (is_file(DIR_SYSTEM . 'library/journal3/vendor/SuperCache

----------------------------------------------------------------------


---------- Date: 2026-03-31 14:11:42 ~ IP : 185.179.188.62 ----------
REQUEST URI : /motalka_spidometra_re/
MOD DETAILS:
   modFile   : /home/canmotalka/web/can-motalka.ru/public_html/vqmod/xml/lightning.xml
   id        : OpenCart Lightning
   version   : 3.37
   vqmver    : 
   author    : MaxD http://devs.mx

File Name    : system/library/cache.php(0)
VQModObject::applyMod - SEARCH NOT FOUND (SKIPPED): if (is_file(DIR_SYSTEM . 'library/journal3/vendor/SuperCache

----------------------------------------------------------------------


---------- Date: 2026-03-31 14:11:43 ~ IP : 185.179.188.62 ----------
REQUEST URI : /index.php?route=module/popupcart_extended
MOD DETAILS:
   modFile   : /home/canmotalka/web/can-motalka.ru/public_html/vqmod/xml/lightning.xml
   id        : OpenCart Lightning
   version   : 3.37
   vqmver    : 
   author    : MaxD http://devs.mx

File Name    : system/library/cache.php(0)
VQModObject::applyMod - SEARCH NOT FOUND (SKIPPED): if (is_file(DIR_SYSTEM . 'library/journal3/vendor/SuperCache

----------------------------------------------------------------------


---------- Date: 2026-03-31 14:12:38 ~ IP : 185.179.188.62 ----------
REQUEST URI : /instrukciya-podmotka-kamaz/?ysclid=mneipmiaao812732707
MOD DETAILS:
   modFile   : /home/canmotalka/web/can-motalka.ru/public_html/vqmod/xml/lightning.xml
   id        : OpenCart Lightning
   version   : 3.37
   vqmver    : 
   author    : MaxD http://devs.mx

File Name    : system/library/cache.php(0)
VQModObject::applyMod - SEARCH NOT FOUND (SKIPPED): if (is_file(DIR_SYSTEM . 'library/journal3/vendor/SuperCache

----------------------------------------------------------------------


---------- Date: 2026-03-31 14:12:39 ~ IP : 185.179.188.62 ----------
REQUEST URI : /instrukciya-podmotka-kamaz/
MOD DETAILS:
   modFile   : /home/canmotalka/web/can-motalka.ru/public_html/vqmod/xml/lightning.xml
   id        : OpenCart Lightning
   version   : 3.37
   vqmver    : 
   author    : MaxD http://devs.mx

File Name    : system/library/cache.php(0)
VQModObject::applyMod - SEARCH NOT FOUND (SKIPPED): if (is_file(DIR_SYSTEM . 'library/journal3/vendor/SuperCache

----------------------------------------------------------------------


---------- Date: 2026-03-31 14:12:39 ~ IP : 185.179.188.62 ----------
REQUEST URI : /index.php?route=module/popupcart_extended
MOD DETAILS:
   modFile   : /home/canmotalka/web/can-motalka.ru/public_html/vqmod/xml/lightning.xml
   id        : OpenCart Lightning
   version   : 3.37
   vqmver    : 
   author    : MaxD http://devs.mx

File Name    : system/library/cache.php(0)
VQModObject::applyMod - SEARCH NOT FOUND (SKIPPED): if (is_file(DIR_SYSTEM . 'library/journal3/vendor/SuperCache

----------------------------------------------------------------------


---------- Date: 2026-03-31 14:12:56 ~ IP : 185.179.188.62 ----------
REQUEST URI : /podmotka_uaz_re/
MOD DETAILS:
   modFile   : /home/canmotalka/web/can-motalka.ru/public_html/vqmod/xml/lightning.xml
   id        : OpenCart Lightning
   version   : 3.37
   vqmver    : 
   author    : MaxD http://devs.mx

File Name    : system/library/cache.php(0)
VQModObject::applyMod - SEARCH NOT FOUND (SKIPPED): if (is_file(DIR_SYSTEM . 'library/journal3/vendor/SuperCache

----------------------------------------------------------------------


---------- Date: 2026-03-31 14:12:58 ~ IP : 185.179.188.62 ----------
REQUEST URI : /podmotka_uaz_re/
MOD DETAILS:
   modFile   : /home/canmotalka/web/can-motalka.ru/public_html/vqmod/xml/lightning.xml
   id        : OpenCart Lightning
   version   : 3.37
   vqmver    : 
   author    : MaxD http://devs.mx

File Name    : system/library/cache.php(0)
VQModObject::applyMod - SEARCH NOT FOUND (SKIPPED): if (is_file(DIR_SYSTEM . 'library/journal3/vendor/SuperCache

----------------------------------------------------------------------


---------- Date: 2026-03-31 14:12:59 ~ IP : 185.179.188.62 ----------
REQUEST URI : /index.php?route=module/popupcart_extended
MOD DETAILS:
   modFile   : /home/canmotalka/web/can-motalka.ru/public_html/vqmod/xml/lightning.xml
   id        : OpenCart Lightning
   version   : 3.37
   vqmver    : 
   author    : MaxD http://devs.mx

File Name    : system/library/cache.php(0)
VQModObject::applyMod - SEARCH NOT FOUND (SKIPPED): if (is_file(DIR_SYSTEM . 'library/journal3/vendor/SuperCache

----------------------------------------------------------------------


---------- Date: 2026-03-31 14:13:16 ~ IP : 185.179.188.62 ----------
REQUEST URI : /podmotka_spidometra/
MOD DETAILS:
   modFile   : /home/canmotalka/web/can-motalka.ru/public_html/vqmod/xml/lightning.xml
   id        : OpenCart Lightning
   version   : 3.37
   vqmver    : 
   author    : MaxD http://devs.mx

File Name    : system/library/cache.php(0)
VQModObject::applyMod - SEARCH NOT FOUND (SKIPPED): if (is_file(DIR_SYSTEM . 'library/journal3/vendor/SuperCache

----------------------------------------------------------------------


---------- Date: 2026-03-31 14:13:51 ~ IP : 185.179.188.62 ----------
REQUEST URI : /index.php?route=module/popupcart_extended
MOD DETAILS:
   modFile   : /home/canmotalka/web/can-motalka.ru/public_html/vqmod/xml/lightning.xml
   id        : OpenCart Lightning
   version   : 3.37
   vqmver    : 
   author    : MaxD http://devs.mx

File Name    : system/library/cache.php(0)
VQModObject::applyMod - SEARCH NOT FOUND (SKIPPED): if (is_file(DIR_SYSTEM . 'library/journal3/vendor/SuperCache

----------------------------------------------------------------------


---------- Date: 2026-03-31 14:15:45 ~ IP : 185.179.188.62 ----------
REQUEST URI : /granta_video_manual/
MOD DETAILS:
   modFile   : /home/canmotalka/web/can-motalka.ru/public_html/vqmod/xml/lightning.xml
   id        : OpenCart Lightning
   version   : 3.37
   vqmver    : 
   author    : MaxD http://devs.mx

File Name    : system/library/cache.php(0)
VQModObject::applyMod - SEARCH NOT FOUND (SKIPPED): if (is_file(DIR_SYSTEM . 'library/journal3/vendor/SuperCache

----------------------------------------------------------------------


---------- Date: 2026-03-31 14:18:38 ~ IP : 185.179.188.62 ----------
REQUEST URI : /namotchik-probega-dlya-audi-a6/
MOD DETAILS:
   modFile   : /home/canmotalka/web/can-motalka.ru/public_html/vqmod/xml/lightning.xml
   id        : OpenCart Lightning
   version   : 3.37
   vqmver    : 
   author    : MaxD http://devs.mx

File Name    : system/library/cache.php(0)
VQModObject::applyMod - SEARCH NOT FOUND (SKIPPED): if (is_file(DIR_SYSTEM . 'library/journal3/vendor/SuperCache

----------------------------------------------------------------------


---------- Date: 2026-03-31 14:18:42 ~ IP : 185.179.188.62 ----------
REQUEST URI : /podmotka-spidometra-shevrole-niva-abs-bezlimitnaya/
MOD DETAILS:
   modFile   : /home/canmotalka/web/can-motalka.ru/public_html/vqmod/xml/lightning.xml
   id        : OpenCart Lightning
   version   : 3.37
   vqmver    : 
   author    : MaxD http://devs.mx

File Name    : system/library/cache.php(0)
VQModObject::applyMod - SEARCH NOT FOUND (SKIPPED): if (is_file(DIR_SYSTEM . 'library/journal3/vendor/SuperCache

----------------------------------------------------------------------


---------- Date: 2026-03-31 14:18:46 ~ IP : 185.179.188.62 ----------
REQUEST URI : /namotchik-probega-dlya-mazda-cx
MOD DETAILS:
   modFile   : /home/canmotalka/web/can-motalka.ru/public_html/vqmod/xml/lightning.xml
   id        : OpenCart Lightning
   version   : 3.37
   vqmver    : 
   author    : MaxD http://devs.mx

File Name    : system/library/cache.php(0)
VQModObject::applyMod - SEARCH NOT FOUND (SKIPPED): if (is_file(DIR_SYSTEM . 'library/journal3/vendor/SuperCache

----------------------------------------------------------------------


---------- Date: 2026-03-31 14:19:45 ~ IP : 185.179.188.62 ----------
REQUEST URI : /podmotka_uaz_re/?ysclid=mneiypgc5j132575771
MOD DETAILS:
   modFile   : /home/canmotalka/web/can-motalka.ru/public_html/vqmod/xml/lightning.xml
   id        : OpenCart Lightning
   version   : 3.37
   vqmver    : 
   author    : MaxD http://devs.mx

File Name    : system/library/cache.php(0)
VQModObject::applyMod - SEARCH NOT FOUND (SKIPPED): if (is_file(DIR_SYSTEM . 'library/journal3/vendor/SuperCache

----------------------------------------------------------------------


---------- Date: 2026-03-31 14:19:46 ~ IP : 185.179.188.62 ----------
REQUEST URI : /podmotka_uaz_re/
MOD DETAILS:
   modFile   : /home/canmotalka/web/can-motalka.ru/public_html/vqmod/xml/lightning.xml
   id        : OpenCart Lightning
   version   : 3.37
   vqmver    : 
   author    : MaxD http://devs.mx

File Name    : system/library/cache.php(0)
VQModObject::applyMod - SEARCH NOT FOUND (SKIPPED): if (is_file(DIR_SYSTEM . 'library/journal3/vendor/SuperCache

----------------------------------------------------------------------


---------- Date: 2026-03-31 14:19:50 ~ IP : 185.179.188.62 ----------
REQUEST URI : /motalka_spidometra/
MOD DETAILS:
   modFile   : /home/canmotalka/web/can-motalka.ru/public_html/vqmod/xml/lightning.xml
   id        : OpenCart Lightning
   version   : 3.37
   vqmver    : 
   author    : MaxD http://devs.mx

File Name    : system/library/cache.php(0)
VQModObject::applyMod - SEARCH NOT FOUND (SKIPPED): if (is_file(DIR_SYSTEM . 'library/journal3/vendor/SuperCache

----------------------------------------------------------------------


---------- Date: 2026-03-31 14:20:05 ~ IP : 185.179.188.62 ----------
REQUEST URI : /podmotka-krutilka-spidometra-gazel-biznes-benzin-evotec-ili-cummins/
MOD DETAILS:
   modFile   : /home/canmotalka/web/can-motalka.ru/public_html/vqmod/xml/lightning.xml
   id        : OpenCart Lightning
   version   : 3.37
   vqmver    : 
   author    : MaxD http://devs.mx

File Name    : system/library/cache.php(0)
VQModObject::applyMod - SEARCH NOT FOUND (SKIPPED): if (is_file(DIR_SYSTEM . 'library/journal3/vendor/SuperCache

----------------------------------------------------------------------


---------- Date: 2026-03-31 14:20:14 ~ IP : 185.179.188.62 ----------
REQUEST URI : /podmotka-spidometra-renault-dokker/
MOD DETAILS:
   modFile   : /home/canmotalka/web/can-motalka.ru/public_html/vqmod/xml/lightning.xml
   id        : OpenCart Lightning
   version   : 3.37
   vqmver    : 
   author    : MaxD http://devs.mx

File Name    : system/library/cache.php(0)
VQModObject::applyMod - SEARCH NOT FOUND (SKIPPED): if (is_file(DIR_SYSTEM . 'library/journal3/vendor/SuperCache

----------------------------------------------------------------------


---------- Date: 2026-03-31 14:21:13 ~ IP : 185.179.188.62 ----------
REQUEST URI : /podmotka-spidometra-kia-rio/
MOD DETAILS:
   modFile   : /home/canmotalka/web/can-motalka.ru/public_html/vqmod/xml/lightning.xml
   id        : OpenCart Lightning
   version   : 3.37
   vqmver    : 
   author    : MaxD http://devs.mx

File Name    : system/library/cache.php(0)
VQModObject::applyMod - SEARCH NOT FOUND (SKIPPED): if (is_file(DIR_SYSTEM . 'library/journal3/vendor/SuperCache

----------------------------------------------------------------------


---------- Date: 2026-03-31 14:21:50 ~ IP : 185.179.188.62 ----------
REQUEST URI : /kak-perenatroit-podmotku-spidometra/
MOD DETAILS:
   modFile   : /home/canmotalka/web/can-motalka.ru/public_html/vqmod/xml/lightning.xml
   id        : OpenCart Lightning
   version   : 3.37
   vqmver    : 
   author    : MaxD http://devs.mx

File Name    : system/library/cache.php(0)
VQModObject::applyMod - SEARCH NOT FOUND (SKIPPED): if (is_file(DIR_SYSTEM . 'library/journal3/vendor/SuperCache

----------------------------------------------------------------------


---------- Date: 2026-03-31 14:22:12 ~ IP : 185.179.188.62 ----------
REQUEST URI : /setting_php/uluchshenie-potencii/724-kupit-viagra-150-himki/
MOD DETAILS:
   modFile   : /home/canmotalka/web/can-motalka.ru/public_html/vqmod/xml/lightning.xml
   id        : OpenCart Lightning
   version   : 3.37
   vqmver    : 
   author    : MaxD http://devs.mx

File Name    : system/library/cache.php(0)
VQModObject::applyMod - SEARCH NOT FOUND (SKIPPED): if (is_file(DIR_SYSTEM . 'library/journal3/vendor/SuperCache

----------------------------------------------------------------------


---------- Date: 2026-03-31 14:22:47 ~ IP : 185.179.188.62 ----------
REQUEST URI : /podmotka-spidometra-peugeot-boxer/
MOD DETAILS:
   modFile   : /home/canmotalka/web/can-motalka.ru/public_html/vqmod/xml/lightning.xml
   id        : OpenCart Lightning
   version   : 3.37
   vqmver    : 
   author    : MaxD http://devs.mx

File Name    : system/library/cache.php(0)
VQModObject::applyMod - SEARCH NOT FOUND (SKIPPED): if (is_file(DIR_SYSTEM . 'library/journal3/vendor/SuperCache

----------------------------------------------------------------------


---------- Date: 2026-03-31 14:22:53 ~ IP : 185.179.188.62 ----------
REQUEST URI : /instrukciya-podmotka-camry/
MOD DETAILS:
   modFile   : /home/canmotalka/web/can-motalka.ru/public_html/vqmod/xml/lightning.xml
   id        : OpenCart Lightning
   version   : 3.37
   vqmver    : 
   author    : MaxD http://devs.mx

File Name    : system/library/cache.php(0)
VQModObject::applyMod - SEARCH NOT FOUND (SKIPPED): if (is_file(DIR_SYSTEM . 'library/journal3/vendor/SuperCache

----------------------------------------------------------------------


---------- Date: 2026-03-31 14:24:24 ~ IP : 185.179.188.62 ----------
REQUEST URI : /index.php?route=common/footer/click_counter
MOD DETAILS:
   modFile   : /home/canmotalka/web/can-motalka.ru/public_html/vqmod/xml/lightning.xml
   id        : OpenCart Lightning
   version   : 3.37
   vqmver    : 
   author    : MaxD http://devs.mx

File Name    : system/library/cache.php(0)
VQModObject::applyMod - SEARCH NOT FOUND (SKIPPED): if (is_file(DIR_SYSTEM . 'library/journal3/vendor/SuperCache

----------------------------------------------------------------------


---------- Date: 2026-03-31 14:26:20 ~ IP : 185.179.188.62 ----------
REQUEST URI : /manuals/
MOD DETAILS:
   modFile   : /home/canmotalka/web/can-motalka.ru/public_html/vqmod/xml/lightning.xml
   id        : OpenCart Lightning
   version   : 3.37
   vqmver    : 
   author    : MaxD http://devs.mx

File Name    : system/library/cache.php(0)
VQModObject::applyMod - SEARCH NOT FOUND (SKIPPED): if (is_file(DIR_SYSTEM . 'library/journal3/vendor/SuperCache

----------------------------------------------------------------------


---------- Date: 2026-03-31 14:27:05 ~ IP : 185.179.188.62 ----------
REQUEST URI : /instrukciya-podmotka-kamaz/
MOD DETAILS:
   modFile   : /home/canmotalka/web/can-motalka.ru/public_html/vqmod/xml/lightning.xml
   id        : OpenCart Lightning
   version   : 3.37
   vqmver    : 
   author    : MaxD http://devs.mx

File Name    : system/library/cache.php(0)
VQModObject::applyMod - SEARCH NOT FOUND (SKIPPED): if (is_file(DIR_SYSTEM . 'library/journal3/vendor/SuperCache

----------------------------------------------------------------------


---------- Date: 2026-03-31 14:27:42 ~ IP : 185.179.188.62 ----------
REQUEST URI : /instrukciya-dlya-podmotki-lada-largus-2021/
MOD DETAILS:
   modFile   : /home/canmotalka/web/can-motalka.ru/public_html/vqmod/xml/lightning.xml
   id        : OpenCart Lightning
   version   : 3.37
   vqmver    : 
   author    : MaxD http://devs.mx

File Name    : system/library/cache.php(0)
VQModObject::applyMod - SEARCH NOT FOUND (SKIPPED): if (is_file(DIR_SYSTEM . 'library/journal3/vendor/SuperCache

----------------------------------------------------------------------


---------- Date: 2026-03-31 14:31:15 ~ IP : 185.179.188.62 ----------
REQUEST URI : /podmotka_uaz_re/
MOD DETAILS:
   modFile   : /home/canmotalka/web/can-motalka.ru/public_html/vqmod/xml/lightning.xml
   id        : OpenCart Lightning
   version   : 3.37
   vqmver    : 
   author    : MaxD http://devs.mx

File Name    : system/library/cache.php(0)
VQModObject::applyMod - SEARCH NOT FOUND (SKIPPED): if (is_file(DIR_SYSTEM . 'library/journal3/vendor/SuperCache

----------------------------------------------------------------------


---------- Date: 2026-03-31 14:31:49 ~ IP : 185.179.188.62 ----------
REQUEST URI : /patriot_re/
MOD DETAILS:
   modFile   : /home/canmotalka/web/can-motalka.ru/public_html/vqmod/xml/lightning.xml
   id        : OpenCart Lightning
   version   : 3.37
   vqmver    : 
   author    : MaxD http://devs.mx

File Name    : system/library/cache.php(0)
VQModObject::applyMod - SEARCH NOT FOUND (SKIPPED): if (is_file(DIR_SYSTEM . 'library/journal3/vendor/SuperCache

----------------------------------------------------------------------


---------- Date: 2026-03-31 14:32:02 ~ IP : 185.179.188.62 ----------
REQUEST URI : /podmotka-spidometra-henday-sonata-za-3000r/?ysclid=mnejek102637757338
MOD DETAILS:
   modFile   : /home/canmotalka/web/can-motalka.ru/public_html/vqmod/xml/lightning.xml
   id        : OpenCart Lightning
   version   : 3.37
   vqmver    : 
   author    : MaxD http://devs.mx

File Name    : system/library/cache.php(0)
VQModObject::applyMod - SEARCH NOT FOUND (SKIPPED): if (is_file(DIR_SYSTEM . 'library/journal3/vendor/SuperCache

----------------------------------------------------------------------


---------- Date: 2026-03-31 14:32:02 ~ IP : 185.179.188.62 ----------
REQUEST URI : /podmotka-spidometra-henday-sonata-za-3000r/
MOD DETAILS:
   modFile   : /home/canmotalka/web/can-motalka.ru/public_html/vqmod/xml/lightning.xml
   id        : OpenCart Lightning
   version   : 3.37
   vqmver    : 
   author    : MaxD http://devs.mx

File Name    : system/library/cache.php(0)
VQModObject::applyMod - SEARCH NOT FOUND (SKIPPED): if (is_file(DIR_SYSTEM . 'library/journal3/vendor/SuperCache

----------------------------------------------------------------------


---------- Date: 2026-03-31 14:32:03 ~ IP : 185.179.188.62 ----------
REQUEST URI : /index.php?route=product/product/review&amp;product_id=280
MOD DETAILS:
   modFile   : /home/canmotalka/web/can-motalka.ru/public_html/vqmod/xml/lightning.xml
   id        : OpenCart Lightning
   version   : 3.37
   vqmver    : 
   author    : MaxD http://devs.mx

File Name    : system/library/cache.php(0)
VQModObject::applyMod - SEARCH NOT FOUND (SKIPPED): if (is_file(DIR_SYSTEM . 'library/journal3/vendor/SuperCache

----------------------------------------------------------------------


---------- Date: 2026-03-31 14:32:03 ~ IP : 185.179.188.62 ----------
REQUEST URI : /index.php?route=module/popupcart_extended
MOD DETAILS:
   modFile   : /home/canmotalka/web/can-motalka.ru/public_html/vqmod/xml/lightning.xml
   id        : OpenCart Lightning
   version   : 3.37
   vqmver    : 
   author    : MaxD http://devs.mx

File Name    : system/library/cache.php(0)
VQModObject::applyMod - SEARCH NOT FOUND (SKIPPED): if (is_file(DIR_SYSTEM . 'library/journal3/vendor/SuperCache

----------------------------------------------------------------------


---------- Date: 2026-03-31 14:33:41 ~ IP : 185.179.188.62 ----------
REQUEST URI : /granta_video_manual/
MOD DETAILS:
   modFile   : /home/canmotalka/web/can-motalka.ru/public_html/vqmod/xml/lightning.xml
   id        : OpenCart Lightning
   version   : 3.37
   vqmver    : 
   author    : MaxD http://devs.mx

File Name    : system/library/cache.php(0)
VQModObject::applyMod - SEARCH NOT FOUND (SKIPPED): if (is_file(DIR_SYSTEM . 'library/journal3/vendor/SuperCache

----------------------------------------------------------------------


---------- Date: 2026-03-31 14:35:33 ~ IP : 185.179.188.62 ----------
REQUEST URI : /podmotka-spidometra-henday-sonata-za-3000r/
MOD DETAILS:
   modFile   : /home/canmotalka/web/can-motalka.ru/public_html/vqmod/xml/lightning.xml
   id        : OpenCart Lightning
   version   : 3.37
   vqmver    : 
   author    : MaxD http://devs.mx

File Name    : system/library/cache.php(0)
VQModObject::applyMod - SEARCH NOT FOUND (SKIPPED): if (is_file(DIR_SYSTEM . 'library/journal3/vendor/SuperCache

----------------------------------------------------------------------


---------- Date: 2026-03-31 14:36:06 ~ IP : 185.179.188.62 ----------
REQUEST URI : /kak-rabotaet-podmotka-spidometra/
MOD DETAILS:
   modFile   : /home/canmotalka/web/can-motalka.ru/public_html/vqmod/xml/lightning.xml
   id        : OpenCart Lightning
   version   : 3.37
   vqmver    : 
   author    : MaxD http://devs.mx

File Name    : system/library/cache.php(0)
VQModObject::applyMod - SEARCH NOT FOUND (SKIPPED): if (is_file(DIR_SYSTEM . 'library/journal3/vendor/SuperCache

----------------------------------------------------------------------


---------- Date: 2026-03-31 14:36:24 ~ IP : 185.179.188.62 ----------
REQUEST URI : /podmotka-spidometra-na-ford-fokus-3-za-3500-rubley/
MOD DETAILS:
   modFile   : /home/canmotalka/web/can-motalka.ru/public_html/vqmod/xml/lightning.xml
   id        : OpenCart Lightning
   version   : 3.37
   vqmver    : 
   author    : MaxD http://devs.mx

File Name    : system/library/cache.php(0)
VQModObject::applyMod - SEARCH NOT FOUND (SKIPPED): if (is_file(DIR_SYSTEM . 'library/journal3/vendor/SuperCache

----------------------------------------------------------------------


---------- Date: 2026-03-31 14:37:21 ~ IP : 185.179.188.62 ----------
REQUEST URI : /podmotka-spidometra-lada-kalina/
MOD DETAILS:
   modFile   : /home/canmotalka/web/can-motalka.ru/public_html/vqmod/xml/lightning.xml
   id        : OpenCart Lightning
   version   : 3.37
   vqmver    : 
   author    : MaxD http://devs.mx

File Name    : system/library/cache.php(0)
VQModObject::applyMod - SEARCH NOT FOUND (SKIPPED): if (is_file(DIR_SYSTEM . 'library/journal3/vendor/SuperCache

----------------------------------------------------------------------


---------- Date: 2026-03-31 14:37:54 ~ IP : 185.179.188.62 ----------
REQUEST URI : /?ysclid=mnejm3pabz635628416
MOD DETAILS:
   modFile   : /home/canmotalka/web/can-motalka.ru/public_html/vqmod/xml/lightning.xml
   id        : OpenCart Lightning
   version   : 3.37
   vqmver    : 
   author    : MaxD http://devs.mx

File Name    : system/library/cache.php(0)
VQModObject::applyMod - SEARCH NOT FOUND (SKIPPED): if (is_file(DIR_SYSTEM . 'library/journal3/vendor/SuperCache

----------------------------------------------------------------------


---------- Date: 2026-03-31 14:37:59 ~ IP : 185.179.188.62 ----------
REQUEST URI : /instrukciya-podmotka-niva-travel-chevrolet/
MOD DETAILS:
   modFile   : /home/canmotalka/web/can-motalka.ru/public_html/vqmod/xml/lightning.xml
   id        : OpenCart Lightning
   version   : 3.37
   vqmver    : 
   author    : MaxD http://devs.mx

File Name    : system/library/cache.php(0)
VQModObject::applyMod - SEARCH NOT FOUND (SKIPPED): if (is_file(DIR_SYSTEM . 'library/journal3/vendor/SuperCache

----------------------------------------------------------------------


---------- Date: 2026-03-31 14:38:27 ~ IP : 185.179.188.62 ----------
REQUEST URI : /index.php?route=module/popupcart_extended
MOD DETAILS:
   modFile   : /home/canmotalka/web/can-motalka.ru/public_html/vqmod/xml/lightning.xml
   id        : OpenCart Lightning
   version   : 3.37
   vqmver    : 
   author    : MaxD http://devs.mx

File Name    : system/library/cache.php(0)
VQModObject::applyMod - SEARCH NOT FOUND (SKIPPED): if (is_file(DIR_SYSTEM . 'library/journal3/vendor/SuperCache

----------------------------------------------------------------------


---------- Date: 2026-03-31 14:39:18 ~ IP : 185.179.188.62 ----------
REQUEST URI : /podmotka-spidometra-henday-sonata-za-3000r/?ysclid=mnejnwsea759585528
MOD DETAILS:
   modFile   : /home/canmotalka/web/can-motalka.ru/public_html/vqmod/xml/lightning.xml
   id        : OpenCart Lightning
   version   : 3.37
   vqmver    : 
   author    : MaxD http://devs.mx

File Name    : system/library/cache.php(0)
VQModObject::applyMod - SEARCH NOT FOUND (SKIPPED): if (is_file(DIR_SYSTEM . 'library/journal3/vendor/SuperCache

----------------------------------------------------------------------


---------- Date: 2026-03-31 14:39:19 ~ IP : 185.179.188.62 ----------
REQUEST URI : /podmotka-spidometra-gazel-nekst/
MOD DETAILS:
   modFile   : /home/canmotalka/web/can-motalka.ru/public_html/vqmod/xml/lightning.xml
   id        : OpenCart Lightning
   version   : 3.37
   vqmver    : 
   author    : MaxD http://devs.mx

File Name    : system/library/cache.php(0)
VQModObject::applyMod - SEARCH NOT FOUND (SKIPPED): if (is_file(DIR_SYSTEM . 'library/journal3/vendor/SuperCache

----------------------------------------------------------------------


---------- Date: 2026-03-31 14:39:23 ~ IP : 185.179.188.62 ----------
REQUEST URI : /namotchik-probega-dlya-audi-q5/
MOD DETAILS:
   modFile   : /home/canmotalka/web/can-motalka.ru/public_html/vqmod/xml/lightning.xml
   id        : OpenCart Lightning
   version   : 3.37
   vqmver    : 
   author    : MaxD http://devs.mx

File Name    : system/library/cache.php(0)
VQModObject::applyMod - SEARCH NOT FOUND (SKIPPED): if (is_file(DIR_SYSTEM . 'library/journal3/vendor/SuperCache

----------------------------------------------------------------------


---------- Date: 2026-03-31 14:39:48 ~ IP : 185.179.188.62 ----------
REQUEST URI : /index.php?route=checkout/cart/add
MOD DETAILS:
   modFile   : /home/canmotalka/web/can-motalka.ru/public_html/vqmod/xml/lightning.xml
   id        : OpenCart Lightning
   version   : 3.37
   vqmver    : 
   author    : MaxD http://devs.mx

File Name    : system/library/cache.php(0)
VQModObject::applyMod - SEARCH NOT FOUND (SKIPPED): if (is_file(DIR_SYSTEM . 'library/journal3/vendor/SuperCache

----------------------------------------------------------------------


---------- Date: 2026-03-31 14:39:49 ~ IP : 185.179.188.62 ----------
REQUEST URI : /index.php?route=checkout/simplecheckout
MOD DETAILS:
   modFile   : /home/canmotalka/web/can-motalka.ru/public_html/vqmod/xml/lightning.xml
   id        : OpenCart Lightning
   version   : 3.37
   vqmver    : 
   author    : MaxD http://devs.mx

File Name    : system/library/cache.php(0)
VQModObject::applyMod - SEARCH NOT FOUND (SKIPPED): if (is_file(DIR_SYSTEM . 'library/journal3/vendor/SuperCache

----------------------------------------------------------------------


---------- Date: 2026-03-31 14:39:49 ~ IP : 185.179.188.62 ----------
REQUEST URI : /zakaz/
MOD DETAILS:
   modFile   : /home/canmotalka/web/can-motalka.ru/public_html/vqmod/xml/lightning.xml
   id        : OpenCart Lightning
   version   : 3.37
   vqmver    : 
   author    : MaxD http://devs.mx

File Name    : system/library/cache.php(0)
VQModObject::applyMod - SEARCH NOT FOUND (SKIPPED): if (is_file(DIR_SYSTEM . 'library/journal3/vendor/SuperCache

----------------------------------------------------------------------


---------- Date: 2026-03-31 14:40:23 ~ IP : 185.179.188.62 ----------
REQUEST URI : /index.php?route=module/popupcart_extended
MOD DETAILS:
   modFile   : /home/canmotalka/web/can-motalka.ru/public_html/vqmod/xml/lightning.xml
   id        : OpenCart Lightning
   version   : 3.37
   vqmver    : 
   author    : MaxD http://devs.mx

File Name    : system/library/cache.php(0)
VQModObject::applyMod - SEARCH NOT FOUND (SKIPPED): if (is_file(DIR_SYSTEM . 'library/journal3/vendor/SuperCache

----------------------------------------------------------------------


---------- Date: 2026-03-31 14:41:01 ~ IP : 185.179.188.62 ----------
REQUEST URI : /index.php?route=checkout/simplecheckout
MOD DETAILS:
   modFile   : /home/canmotalka/web/can-motalka.ru/public_html/vqmod/xml/lightning.xml
   id        : OpenCart Lightning
   version   : 3.37
   vqmver    : 
   author    : MaxD http://devs.mx

File Name    : system/library/cache.php(0)
VQModObject::applyMod - SEARCH NOT FOUND (SKIPPED): if (is_file(DIR_SYSTEM . 'library/journal3/vendor/SuperCache

----------------------------------------------------------------------


---------- Date: 2026-03-31 14:41:02 ~ IP : 185.179.188.62 ----------
REQUEST URI : /index.php?route=checkout/simplecheckout/prevent_delete
MOD DETAILS:
   modFile   : /home/canmotalka/web/can-motalka.ru/public_html/vqmod/xml/lightning.xml
   id        : OpenCart Lightning
   version   : 3.37
   vqmver    : 
   author    : MaxD http://devs.mx

File Name    : system/library/cache.php(0)
VQModObject::applyMod - SEARCH NOT FOUND (SKIPPED): if (is_file(DIR_SYSTEM . 'library/journal3/vendor/SuperCache

----------------------------------------------------------------------


---------- Date: 2026-03-31 14:41:02 ~ IP : 185.179.188.62 ----------
REQUEST URI : /index.php?route=payment/cod/confirm
MOD DETAILS:
   modFile   : /home/canmotalka/web/can-motalka.ru/public_html/vqmod/xml/lightning.xml
   id        : OpenCart Lightning
   version   : 3.37
   vqmver    : 
   author    : MaxD http://devs.mx

File Name    : system/library/cache.php(0)
VQModObject::applyMod - SEARCH NOT FOUND (SKIPPED): if (is_file(DIR_SYSTEM . 'library/journal3/vendor/SuperCache

----------------------------------------------------------------------


---------- Date: 2026-03-31 14:41:03 ~ IP : 185.179.188.62 ----------
REQUEST URI : /spasibo/
MOD DETAILS:
   modFile   : /home/canmotalka/web/can-motalka.ru/public_html/vqmod/xml/lightning.xml
   id        : OpenCart Lightning
   version   : 3.37
   vqmver    : 
   author    : MaxD http://devs.mx

File Name    : system/library/cache.php(0)
VQModObject::applyMod - SEARCH NOT FOUND (SKIPPED): if (is_file(DIR_SYSTEM . 'library/journal3/vendor/SuperCache

----------------------------------------------------------------------


---------- Date: 2026-03-31 14:41:11 ~ IP : 185.179.188.62 ----------
REQUEST URI : /podmotka-spidometra-podoidet-li-razyom/
MOD DETAILS:
   modFile   : /home/canmotalka/web/can-motalka.ru/public_html/vqmod/xml/lightning.xml
   id        : OpenCart Lightning
   version   : 3.37
   vqmver    : 
   author    : MaxD http://devs.mx

File Name    : system/library/cache.php(0)
VQModObject::applyMod - SEARCH NOT FOUND (SKIPPED): if (is_file(DIR_SYSTEM . 'library/journal3/vendor/SuperCache

----------------------------------------------------------------------


---------- Date: 2026-03-31 14:41:11 ~ IP : 185.179.188.62 ----------
REQUEST URI : /index.php?route=module/popupcart_extended
MOD DETAILS:
   modFile   : /home/canmotalka/web/can-motalka.ru/public_html/vqmod/xml/lightning.xml
   id        : OpenCart Lightning
   version   : 3.37
   vqmver    : 
   author    : MaxD http://devs.mx

File Name    : system/library/cache.php(0)
VQModObject::applyMod - SEARCH NOT FOUND (SKIPPED): if (is_file(DIR_SYSTEM . 'library/journal3/vendor/SuperCache

----------------------------------------------------------------------


---------- Date: 2026-03-31 14:42:12 ~ IP : 185.179.188.62 ----------
REQUEST URI : /spasibo/
MOD DETAILS:
   modFile   : /home/canmotalka/web/can-motalka.ru/public_html/vqmod/xml/lightning.xml
   id        : OpenCart Lightning
   version   : 3.37
   vqmver    : 
   author    : MaxD http://devs.mx

File Name    : system/library/cache.php(0)
VQModObject::applyMod - SEARCH NOT FOUND (SKIPPED): if (is_file(DIR_SYSTEM . 'library/journal3/vendor/SuperCache

----------------------------------------------------------------------


---------- Date: 2026-03-31 14:42:31 ~ IP : 185.179.188.62 ----------
REQUEST URI : /podmotka_vw_manual/
MOD DETAILS:
   modFile   : /home/canmotalka/web/can-motalka.ru/public_html/vqmod/xml/lightning.xml
   id        : OpenCart Lightning
   version   : 3.37
   vqmver    : 
   author    : MaxD http://devs.mx

File Name    : system/library/cache.php(0)
VQModObject::applyMod - SEARCH NOT FOUND (SKIPPED): if (is_file(DIR_SYSTEM . 'library/journal3/vendor/SuperCache

----------------------------------------------------------------------


---------- Date: 2026-03-31 14:44:43 ~ IP : 185.179.188.62 ----------
REQUEST URI : /podmotka-spidometra-lada-kalina/
MOD DETAILS:
   modFile   : /home/canmotalka/web/can-motalka.ru/public_html/vqmod/xml/lightning.xml
   id        : OpenCart Lightning
   version   : 3.37
   vqmver    : 
   author    : MaxD http://devs.mx

File Name    : system/library/cache.php(0)
VQModObject::applyMod - SEARCH NOT FOUND (SKIPPED): if (is_file(DIR_SYSTEM . 'library/journal3/vendor/SuperCache

----------------------------------------------------------------------


---------- Date: 2026-03-31 14:44:46 ~ IP : 185.179.188.62 ----------
REQUEST URI : /garantiya/
MOD DETAILS:
   modFile   : /home/canmotalka/web/can-motalka.ru/public_html/vqmod/xml/lightning.xml
   id        : OpenCart Lightning
   version   : 3.37
   vqmver    : 
   author    : MaxD http://devs.mx

File Name    : system/library/cache.php(0)
VQModObject::applyMod - SEARCH NOT FOUND (SKIPPED): if (is_file(DIR_SYSTEM . 'library/journal3/vendor/SuperCache

----------------------------------------------------------------------


---------- Date: 2026-03-31 14:46:04 ~ IP : 185.179.188.62 ----------
REQUEST URI : /instrukciya-dlya-podmotki-lada-niva/
MOD DETAILS:
   modFile   : /home/canmotalka/web/can-motalka.ru/public_html/vqmod/xml/lightning.xml
   id        : OpenCart Lightning
   version   : 3.37
   vqmver    : 
   author    : MaxD http://devs.mx

File Name    : system/library/cache.php(0)
VQModObject::applyMod - SEARCH NOT FOUND (SKIPPED): if (is_file(DIR_SYSTEM . 'library/journal3/vendor/SuperCache

----------------------------------------------------------------------


---------- Date: 2026-03-31 14:46:34 ~ IP : 185.179.188.62 ----------
REQUEST URI : /namotchik-probega-dlya-audi-q5/
MOD DETAILS:
   modFile   : /home/canmotalka/web/can-motalka.ru/public_html/vqmod/xml/lightning.xml
   id        : OpenCart Lightning
   version   : 3.37
   vqmver    : 
   author    : MaxD http://devs.mx

File Name    : system/library/cache.php(0)
VQModObject::applyMod - SEARCH NOT FOUND (SKIPPED): if (is_file(DIR_SYSTEM . 'library/journal3/vendor/SuperCache

----------------------------------------------------------------------


---------- Date: 2026-03-31 14:46:40 ~ IP : 185.179.188.62 ----------
REQUEST URI : /podmotka-spidometra-renault-dokker/
MOD DETAILS:
   modFile   : /home/canmotalka/web/can-motalka.ru/public_html/vqmod/xml/lightning.xml
   id        : OpenCart Lightning
   version   : 3.37
   vqmver    : 
   author    : MaxD http://devs.mx

File Name    : system/library/cache.php(0)
VQModObject::applyMod - SEARCH NOT FOUND (SKIPPED): if (is_file(DIR_SYSTEM . 'library/journal3/vendor/SuperCache

----------------------------------------------------------------------


---------- Date: 2026-03-31 14:46:42 ~ IP : 185.179.188.62 ----------
REQUEST URI : /podmotka_vw_manual/
MOD DETAILS:
   modFile   : /home/canmotalka/web/can-motalka.ru/public_html/vqmod/xml/lightning.xml
   id        : OpenCart Lightning
   version   : 3.37
   vqmver    : 
   author    : MaxD http://devs.mx

File Name    : system/library/cache.php(0)
VQModObject::applyMod - SEARCH NOT FOUND (SKIPPED): if (is_file(DIR_SYSTEM . 'library/journal3/vendor/SuperCache

----------------------------------------------------------------------


---------- Date: 2026-03-31 14:46:45 ~ IP : 185.179.188.62 ----------
REQUEST URI : /index.php?route=module/popupcart_extended
MOD DETAILS:
   modFile   : /home/canmotalka/web/can-motalka.ru/public_html/vqmod/xml/lightning.xml
   id        : OpenCart Lightning
   version   : 3.37
   vqmver    : 
   author    : MaxD http://devs.mx

File Name    : system/library/cache.php(0)
VQModObject::applyMod - SEARCH NOT FOUND (SKIPPED): if (is_file(DIR_SYSTEM . 'library/journal3/vendor/SuperCache

----------------------------------------------------------------------


---------- Date: 2026-03-31 14:46:54 ~ IP : 185.179.188.62 ----------
REQUEST URI : /index.php?route=product/product/review&amp;product_id=237
MOD DETAILS:
   modFile   : /home/canmotalka/web/can-motalka.ru/public_html/vqmod/xml/lightning.xml
   id        : OpenCart Lightning
   version   : 3.37
   vqmver    : 
   author    : MaxD http://devs.mx

File Name    : system/library/cache.php(0)
VQModObject::applyMod - SEARCH NOT FOUND (SKIPPED): if (is_file(DIR_SYSTEM . 'library/journal3/vendor/SuperCache

----------------------------------------------------------------------


---------- Date: 2026-03-31 14:47:02 ~ IP : 185.179.188.62 ----------
REQUEST URI : /index.php?route=module/popupcart_extended
MOD DETAILS:
   modFile   : /home/canmotalka/web/can-motalka.ru/public_html/vqmod/xml/lightning.xml
   id        : OpenCart Lightning
   version   : 3.37
   vqmver    : 
   author    : MaxD http://devs.mx

File Name    : system/library/cache.php(0)
VQModObject::applyMod - SEARCH NOT FOUND (SKIPPED): if (is_file(DIR_SYSTEM . 'library/journal3/vendor/SuperCache

----------------------------------------------------------------------


---------- Date: 2026-03-31 14:47:30 ~ IP : 185.179.188.62 ----------
REQUEST URI : /podmotka-spidometra-toyota-rav4
MOD DETAILS:
   modFile   : /home/canmotalka/web/can-motalka.ru/public_html/vqmod/xml/lightning.xml
   id        : OpenCart Lightning
   version   : 3.37
   vqmver    : 
   author    : MaxD http://devs.mx

File Name    : system/library/cache.php(0)
VQModObject::applyMod - SEARCH NOT FOUND (SKIPPED): if (is_file(DIR_SYSTEM . 'library/journal3/vendor/SuperCache

----------------------------------------------------------------------


---------- Date: 2026-03-31 14:47:35 ~ IP : 185.179.188.62 ----------
REQUEST URI : /podmotka-spidometra-toyota-rav4/
MOD DETAILS:
   modFile   : /home/canmotalka/web/can-motalka.ru/public_html/vqmod/xml/lightning.xml
   id        : OpenCart Lightning
   version   : 3.37
   vqmver    : 
   author    : MaxD http://devs.mx

File Name    : system/library/cache.php(0)
VQModObject::applyMod - SEARCH NOT FOUND (SKIPPED): if (is_file(DIR_SYSTEM . 'library/journal3/vendor/SuperCache

----------------------------------------------------------------------


---------- Date: 2026-03-31 14:53:30 ~ IP : 185.179.188.62 ----------
REQUEST URI : /podmotka-spidometra-ford...
MOD DETAILS:
   modFile   : /home/canmotalka/web/can-motalka.ru/public_html/vqmod/xml/lightning.xml
   id        : OpenCart Lightning
   version   : 3.37
   vqmver    : 
   author    : MaxD http://devs.mx

File Name    : system/library/cache.php(0)
VQModObject::applyMod - SEARCH NOT FOUND (SKIPPED): if (is_file(DIR_SYSTEM . 'library/journal3/vendor/SuperCache

----------------------------------------------------------------------


---------- Date: 2026-03-31 14:54:40 ~ IP : 185.179.188.62 ----------
REQUEST URI : /instrukciya-podmotka-camry/
MOD DETAILS:
   modFile   : /home/canmotalka/web/can-motalka.ru/public_html/vqmod/xml/lightning.xml
   id        : OpenCart Lightning
   version   : 3.37
   vqmver    : 
   author    : MaxD http://devs.mx

File Name    : system/library/cache.php(0)
VQModObject::applyMod - SEARCH NOT FOUND (SKIPPED): if (is_file(DIR_SYSTEM . 'library/journal3/vendor/SuperCache

----------------------------------------------------------------------


---------- Date: 2026-03-31 14:55:18 ~ IP : 185.179.188.62 ----------
REQUEST URI : /podmotka_vesta_re/
MOD DETAILS:
   modFile   : /home/canmotalka/web/can-motalka.ru/public_html/vqmod/xml/lightning.xml
   id        : OpenCart Lightning
   version   : 3.37
   vqmver    : 
   author    : MaxD http://devs.mx

File Name    : system/library/cache.php(0)
VQModObject::applyMod - SEARCH NOT FOUND (SKIPPED): if (is_file(DIR_SYSTEM . 'library/journal3/vendor/SuperCache

----------------------------------------------------------------------


---------- Date: 2026-03-31 15:02:50 ~ IP : 185.179.188.62 ----------
REQUEST URI : /index.php?route=module/popupcart_extended
MOD DETAILS:
   modFile   : /home/canmotalka/web/can-motalka.ru/public_html/vqmod/xml/lightning.xml
   id        : OpenCart Lightning
   version   : 3.37
   vqmver    : 
   author    : MaxD http://devs.mx

File Name    : system/library/cache.php(0)
VQModObject::applyMod - SEARCH NOT FOUND (SKIPPED): if (is_file(DIR_SYSTEM . 'library/journal3/vendor/SuperCache

----------------------------------------------------------------------


---------- Date: 2026-03-31 15:03:32 ~ IP : 185.179.188.62 ----------
REQUEST URI : /podmotka-spidometra-nissan-almera/?ysclid=mnekj2asyj235749253
MOD DETAILS:
   modFile   : /home/canmotalka/web/can-motalka.ru/public_html/vqmod/xml/lightning.xml
   id        : OpenCart Lightning
   version   : 3.37
   vqmver    : 
   author    : MaxD http://devs.mx

File Name    : system/library/cache.php(0)
VQModObject::applyMod - SEARCH NOT FOUND (SKIPPED): if (is_file(DIR_SYSTEM . 'library/journal3/vendor/SuperCache

----------------------------------------------------------------------


---------- Date: 2026-03-31 15:03:33 ~ IP : 185.179.188.62 ----------
REQUEST URI : /podmotka-spidometra-nissan-almera/
MOD DETAILS:
   modFile   : /home/canmotalka/web/can-motalka.ru/public_html/vqmod/xml/lightning.xml
   id        : OpenCart Lightning
   version   : 3.37
   vqmver    : 
   author    : MaxD http://devs.mx

File Name    : system/library/cache.php(0)
VQModObject::applyMod - SEARCH NOT FOUND (SKIPPED): if (is_file(DIR_SYSTEM . 'library/journal3/vendor/SuperCache

----------------------------------------------------------------------


---------- Date: 2026-03-31 15:03:34 ~ IP : 185.179.188.62 ----------
REQUEST URI : /index.php?route=product/product/review&amp;product_id=289
MOD DETAILS:
   modFile   : /home/canmotalka/web/can-motalka.ru/public_html/vqmod/xml/lightning.xml
   id        : OpenCart Lightning
   version   : 3.37
   vqmver    : 
   author    : MaxD http://devs.mx

File Name    : system/library/cache.php(0)
VQModObject::applyMod - SEARCH NOT FOUND (SKIPPED): if (is_file(DIR_SYSTEM . 'library/journal3/vendor/SuperCache

----------------------------------------------------------------------


---------- Date: 2026-03-31 15:03:34 ~ IP : 185.179.188.62 ----------
REQUEST URI : /index.php?route=module/popupcart_extended
MOD DETAILS:
   modFile   : /home/canmotalka/web/can-motalka.ru/public_html/vqmod/xml/lightning.xml
   id        : OpenCart Lightning
   version   : 3.37
   vqmver    : 
   author    : MaxD http://devs.mx

File Name    : system/library/cache.php(0)
VQModObject::applyMod - SEARCH NOT FOUND (SKIPPED): if (is_file(DIR_SYSTEM . 'library/journal3/vendor/SuperCache

----------------------------------------------------------------------


---------- Date: 2026-03-31 15:13:46 ~ IP : 185.179.188.62 ----------
REQUEST URI : /http://can-motalka.ru/chevrolet_niva_manual
MOD DETAILS:
   modFile   : /home/canmotalka/web/can-motalka.ru/public_html/vqmod/xml/lightning.xml
   id        : OpenCart Lightning
   version   : 3.37
   vqmver    : 
   author    : MaxD http://devs.mx

File Name    : system/library/cache.php(0)
VQModObject::applyMod - SEARCH NOT FOUND (SKIPPED): if (is_file(DIR_SYSTEM . 'library/journal3/vendor/SuperCache

----------------------------------------------------------------------


---------- Date: 2026-03-31 15:13:47 ~ IP : 185.179.188.62 ----------
REQUEST URI : /index.php?route=module/popupcart_extended
MOD DETAILS:
   modFile   : /home/canmotalka/web/can-motalka.ru/public_html/vqmod/xml/lightning.xml
   id        : OpenCart Lightning
   version   : 3.37
   vqmver    : 
   author    : MaxD http://devs.mx

File Name    : system/library/cache.php(0)
VQModObject::applyMod - SEARCH NOT FOUND (SKIPPED): if (is_file(DIR_SYSTEM . 'library/journal3/vendor/SuperCache

----------------------------------------------------------------------


---------- Date: 2026-03-31 15:14:01 ~ IP : 185.179.188.62 ----------
REQUEST URI : /http://can-motalka.ru/chevrolet_niva_manual
MOD DETAILS:
   modFile   : /home/canmotalka/web/can-motalka.ru/public_html/vqmod/xml/lightning.xml
   id        : OpenCart Lightning
   version   : 3.37
   vqmver    : 
   author    : MaxD http://devs.mx

File Name    : system/library/cache.php(0)
VQModObject::applyMod - SEARCH NOT FOUND (SKIPPED): if (is_file(DIR_SYSTEM . 'library/journal3/vendor/SuperCache

----------------------------------------------------------------------


---------- Date: 2026-03-31 15:14:16 ~ IP : 185.179.188.62 ----------
REQUEST URI : /contact/
MOD DETAILS:
   modFile   : /home/canmotalka/web/can-motalka.ru/public_html/vqmod/xml/lightning.xml
   id        : OpenCart Lightning
   version   : 3.37
   vqmver    : 
   author    : MaxD http://devs.mx

File Name    : system/library/cache.php(0)
VQModObject::applyMod - SEARCH NOT FOUND (SKIPPED): if (is_file(DIR_SYSTEM . 'library/journal3/vendor/SuperCache

----------------------------------------------------------------------


---------- Date: 2026-03-31 15:14:17 ~ IP : 185.179.188.62 ----------
REQUEST URI : /index.php?route=module/popupcart_extended
MOD DETAILS:
   modFile   : /home/canmotalka/web/can-motalka.ru/public_html/vqmod/xml/lightning.xml
   id        : OpenCart Lightning
   version   : 3.37
   vqmver    : 
   author    : MaxD http://devs.mx

File Name    : system/library/cache.php(0)
VQModObject::applyMod - SEARCH NOT FOUND (SKIPPED): if (is_file(DIR_SYSTEM . 'library/journal3/vendor/SuperCache

----------------------------------------------------------------------


---------- Date: 2026-03-31 15:14:59 ~ IP : 185.179.188.62 ----------
REQUEST URI : /index.php?route=module/popupcart_extended
MOD DETAILS:
   modFile   : /home/canmotalka/web/can-motalka.ru/public_html/vqmod/xml/lightning.xml
   id        : OpenCart Lightning
   version   : 3.37
   vqmver    : 
   author    : MaxD http://devs.mx

File Name    : system/library/cache.php(0)
VQModObject::applyMod - SEARCH NOT FOUND (SKIPPED): if (is_file(DIR_SYSTEM . 'library/journal3/vendor/SuperCache

----------------------------------------------------------------------


---------- Date: 2026-03-31 15:15:04 ~ IP : 185.179.188.62 ----------
REQUEST URI : /motalki/gaz/
MOD DETAILS:
   modFile   : /home/canmotalka/web/can-motalka.ru/public_html/vqmod/xml/lightning.xml
   id        : OpenCart Lightning
   version   : 3.37
   vqmver    : 
   author    : MaxD http://devs.mx

File Name    : system/library/cache.php(0)
VQModObject::applyMod - SEARCH NOT FOUND (SKIPPED): if (is_file(DIR_SYSTEM . 'library/journal3/vendor/SuperCache

----------------------------------------------------------------------


---------- Date: 2026-03-31 15:16:46 ~ IP : 185.179.188.62 ----------
REQUEST URI : /index.php?route=checkout/cart/add
MOD DETAILS:
   modFile   : /home/canmotalka/web/can-motalka.ru/public_html/vqmod/xml/lightning.xml
   id        : OpenCart Lightning
   version   : 3.37
   vqmver    : 
   author    : MaxD http://devs.mx

File Name    : system/library/cache.php(0)
VQModObject::applyMod - SEARCH NOT FOUND (SKIPPED): if (is_file(DIR_SYSTEM . 'library/journal3/vendor/SuperCache

----------------------------------------------------------------------


---------- Date: 2026-03-31 15:16:46 ~ IP : 185.179.188.62 ----------
REQUEST URI : /index.php?route=checkout/simplecheckout
MOD DETAILS:
   modFile   : /home/canmotalka/web/can-motalka.ru/public_html/vqmod/xml/lightning.xml
   id        : OpenCart Lightning
   version   : 3.37
   vqmver    : 
   author    : MaxD http://devs.mx

File Name    : system/library/cache.php(0)
VQModObject::applyMod - SEARCH NOT FOUND (SKIPPED): if (is_file(DIR_SYSTEM . 'library/journal3/vendor/SuperCache

----------------------------------------------------------------------


---------- Date: 2026-03-31 15:16:47 ~ IP : 185.179.188.62 ----------
REQUEST URI : /zakaz/
MOD DETAILS:
   modFile   : /home/canmotalka/web/can-motalka.ru/public_html/vqmod/xml/lightning.xml
   id        : OpenCart Lightning
   version   : 3.37
   vqmver    : 
   author    : MaxD http://devs.mx

File Name    : system/library/cache.php(0)
VQModObject::applyMod - SEARCH NOT FOUND (SKIPPED): if (is_file(DIR_SYSTEM . 'library/journal3/vendor/SuperCache

----------------------------------------------------------------------


---------- Date: 2026-03-31 15:19:49 ~ IP : 185.179.188.62 ----------
REQUEST URI : /podmotka-spidometra-lada-granta-fl/
MOD DETAILS:
   modFile   : /home/canmotalka/web/can-motalka.ru/public_html/vqmod/xml/lightning.xml
   id        : OpenCart Lightning
   version   : 3.37
   vqmver    : 
   author    : MaxD http://devs.mx

File Name    : system/library/cache.php(0)
VQModObject::applyMod - SEARCH NOT FOUND (SKIPPED): if (is_file(DIR_SYSTEM . 'library/journal3/vendor/SuperCache

----------------------------------------------------------------------


---------- Date: 2026-03-31 15:19:50 ~ IP : 185.179.188.62 ----------
REQUEST URI : /index.php?route=product/product/review&amp;product_id=270
MOD DETAILS:
   modFile   : /home/canmotalka/web/can-motalka.ru/public_html/vqmod/xml/lightning.xml
   id        : OpenCart Lightning
   version   : 3.37
   vqmver    : 
   author    : MaxD http://devs.mx

File Name    : system/library/cache.php(0)
VQModObject::applyMod - SEARCH NOT FOUND (SKIPPED): if (is_file(DIR_SYSTEM . 'library/journal3/vendor/SuperCache

----------------------------------------------------------------------


---------- Date: 2026-03-31 15:19:50 ~ IP : 185.179.188.62 ----------
REQUEST URI : /index.php?route=module/popupcart_extended
MOD DETAILS:
   modFile   : /home/canmotalka/web/can-motalka.ru/public_html/vqmod/xml/lightning.xml
   id        : OpenCart Lightning
   version   : 3.37
   vqmver    : 
   author    : MaxD http://devs.mx

File Name    : system/library/cache.php(0)
VQModObject::applyMod - SEARCH NOT FOUND (SKIPPED): if (is_file(DIR_SYSTEM . 'library/journal3/vendor/SuperCache

----------------------------------------------------------------------


---------- Date: 2026-03-31 15:21:23 ~ IP : 185.179.188.62 ----------
REQUEST URI : /sitemap.xml
MOD DETAILS:
   modFile   : /home/canmotalka/web/can-motalka.ru/public_html/vqmod/xml/lightning.xml
   id        : OpenCart Lightning
   version   : 3.37
   vqmver    : 
   author    : MaxD http://devs.mx

File Name    : system/library/cache.php(0)
VQModObject::applyMod - SEARCH NOT FOUND (SKIPPED): if (is_file(DIR_SYSTEM . 'library/journal3/vendor/SuperCache

----------------------------------------------------------------------


---------- Date: 2026-03-31 15:21:33 ~ IP : 185.179.188.62 ----------
REQUEST URI : /.well-known/traffic-advice
MOD DETAILS:
   modFile   : /home/canmotalka/web/can-motalka.ru/public_html/vqmod/xml/lightning.xml
   id        : OpenCart Lightning
   version   : 3.37
   vqmver    : 
   author    : MaxD http://devs.mx

File Name    : system/library/cache.php(0)
VQModObject::applyMod - SEARCH NOT FOUND (SKIPPED): if (is_file(DIR_SYSTEM . 'library/journal3/vendor/SuperCache

----------------------------------------------------------------------


---------- Date: 2026-03-31 15:21:33 ~ IP : 185.179.188.62 ----------
REQUEST URI : /tranzit_new_videomanual/
MOD DETAILS:
   modFile   : /home/canmotalka/web/can-motalka.ru/public_html/vqmod/xml/lightning.xml
   id        : OpenCart Lightning
   version   : 3.37
   vqmver    : 
   author    : MaxD http://devs.mx

File Name    : system/library/cache.php(0)
VQModObject::applyMod - SEARCH NOT FOUND (SKIPPED): if (is_file(DIR_SYSTEM . 'library/journal3/vendor/SuperCache

----------------------------------------------------------------------


---------- Date: 2026-03-31 15:23:56 ~ IP : 185.179.188.62 ----------
REQUEST URI : /namotchik-probega-dlya-audi-q5/
MOD DETAILS:
   modFile   : /home/canmotalka/web/can-motalka.ru/public_html/vqmod/xml/lightning.xml
   id        : OpenCart Lightning
   version   : 3.37
   vqmver    : 
   author    : MaxD http://devs.mx

File Name    : system/library/cache.php(0)
VQModObject::applyMod - SEARCH NOT FOUND (SKIPPED): if (is_file(DIR_SYSTEM . 'library/journal3/vendor/SuperCache

----------------------------------------------------------------------


---------- Date: 2026-03-31 15:24:11 ~ IP : 185.179.188.62 ----------
REQUEST URI : /index.php?route=product/product/review&amp;product_id=237
MOD DETAILS:
   modFile   : /home/canmotalka/web/can-motalka.ru/public_html/vqmod/xml/lightning.xml
   id        : OpenCart Lightning
   version   : 3.37
   vqmver    : 
   author    : MaxD http://devs.mx

File Name    : system/library/cache.php(0)
VQModObject::applyMod - SEARCH NOT FOUND (SKIPPED): if (is_file(DIR_SYSTEM . 'library/journal3/vendor/SuperCache

----------------------------------------------------------------------


---------- Date: 2026-03-31 15:24:20 ~ IP : 185.179.188.62 ----------
REQUEST URI : /index.php?route=module/popupcart_extended
MOD DETAILS:
   modFile   : /home/canmotalka/web/can-motalka.ru/public_html/vqmod/xml/lightning.xml
   id        : OpenCart Lightning
   version   : 3.37
   vqmver    : 
   author    : MaxD http://devs.mx

File Name    : system/library/cache.php(0)
VQModObject::applyMod - SEARCH NOT FOUND (SKIPPED): if (is_file(DIR_SYSTEM . 'library/journal3/vendor/SuperCache

----------------------------------------------------------------------


---------- Date: 2026-03-31 15:25:40 ~ IP : 185.179.188.62 ----------
REQUEST URI : /instrukciya-podmotka-kamaz/?ysclid=mnelb2fawc908545089
MOD DETAILS:
   modFile   : /home/canmotalka/web/can-motalka.ru/public_html/vqmod/xml/lightning.xml
   id        : OpenCart Lightning
   version   : 3.37
   vqmver    : 
   author    : MaxD http://devs.mx

File Name    : system/library/cache.php(0)
VQModObject::applyMod - SEARCH NOT FOUND (SKIPPED): if (is_file(DIR_SYSTEM . 'library/journal3/vendor/SuperCache

----------------------------------------------------------------------


---------- Date: 2026-03-31 15:25:41 ~ IP : 185.179.188.62 ----------
REQUEST URI : /instrukciya-podmotka-kamaz/
MOD DETAILS:
   modFile   : /home/canmotalka/web/can-motalka.ru/public_html/vqmod/xml/lightning.xml
   id        : OpenCart Lightning
   version   : 3.37
   vqmver    : 
   author    : MaxD http://devs.mx

File Name    : system/library/cache.php(0)
VQModObject::applyMod - SEARCH NOT FOUND (SKIPPED): if (is_file(DIR_SYSTEM . 'library/journal3/vendor/SuperCache

----------------------------------------------------------------------


---------- Date: 2026-03-31 15:25:42 ~ IP : 185.179.188.62 ----------
REQUEST URI : /index.php?route=module/popupcart_extended
MOD DETAILS:
   modFile   : /home/canmotalka/web/can-motalka.ru/public_html/vqmod/xml/lightning.xml
   id        : OpenCart Lightning
   version   : 3.37
   vqmver    : 
   author    : MaxD http://devs.mx

File Name    : system/library/cache.php(0)
VQModObject::applyMod - SEARCH NOT FOUND (SKIPPED): if (is_file(DIR_SYSTEM . 'library/journal3/vendor/SuperCache

----------------------------------------------------------------------


---------- Date: 2026-03-31 15:27:30 ~ IP : 185.179.188.62 ----------
REQUEST URI : /podmotka_vw_manual/
MOD DETAILS:
   modFile   : /home/canmotalka/web/can-motalka.ru/public_html/vqmod/xml/lightning.xml
   id        : OpenCart Lightning
   version   : 3.37
   vqmver    : 
   author    : MaxD http://devs.mx

File Name    : system/library/cache.php(0)
VQModObject::applyMod - SEARCH NOT FOUND (SKIPPED): if (is_file(DIR_SYSTEM . 'library/journal3/vendor/SuperCache

----------------------------------------------------------------------


---------- Date: 2026-03-31 15:29:00 ~ IP : 185.179.188.62 ----------
REQUEST URI : /motalka_spidometra_re/
MOD DETAILS:
   modFile   : /home/canmotalka/web/can-motalka.ru/public_html/vqmod/xml/lightning.xml
   id        : OpenCart Lightning
   version   : 3.37
   vqmver    : 
   author    : MaxD http://devs.mx

File Name    : system/library/cache.php(0)
VQModObject::applyMod - SEARCH NOT FOUND (SKIPPED): if (is_file(DIR_SYSTEM . 'library/journal3/vendor/SuperCache

----------------------------------------------------------------------


---------- Date: 2026-03-31 15:30:21 ~ IP : 185.179.188.62 ----------
REQUEST URI : /setting_php/uluchshenie-potencii/802-kamagra-gold-kingisepp/
MOD DETAILS:
   modFile   : /home/canmotalka/web/can-motalka.ru/public_html/vqmod/xml/lightning.xml
   id        : OpenCart Lightning
   version   : 3.37
   vqmver    : 
   author    : MaxD http://devs.mx

File Name    : system/library/cache.php(0)
VQModObject::applyMod - SEARCH NOT FOUND (SKIPPED): if (is_file(DIR_SYSTEM . 'library/journal3/vendor/SuperCache

----------------------------------------------------------------------


---------- Date: 2026-03-31 15:32:17 ~ IP : 185.179.188.62 ----------
REQUEST URI : /gazelle_biz_manual/
MOD DETAILS:
   modFile   : /home/canmotalka/web/can-motalka.ru/public_html/vqmod/xml/lightning.xml
   id        : OpenCart Lightning
   version   : 3.37
   vqmver    : 
   author    : MaxD http://devs.mx

File Name    : system/library/cache.php(0)
VQModObject::applyMod - SEARCH NOT FOUND (SKIPPED): if (is_file(DIR_SYSTEM . 'library/journal3/vendor/SuperCache

----------------------------------------------------------------------


---------- Date: 2026-03-31 15:32:21 ~ IP : 185.179.188.62 ----------
REQUEST URI : /index.php?route=module/popupcart_extended
MOD DETAILS:
   modFile   : /home/canmotalka/web/can-motalka.ru/public_html/vqmod/xml/lightning.xml
   id        : OpenCart Lightning
   version   : 3.37
   vqmver    : 
   author    : MaxD http://devs.mx

File Name    : system/library/cache.php(0)
VQModObject::applyMod - SEARCH NOT FOUND (SKIPPED): if (is_file(DIR_SYSTEM . 'library/journal3/vendor/SuperCache

----------------------------------------------------------------------


---------- Date: 2026-03-31 15:32:34 ~ IP : 185.179.188.62 ----------
REQUEST URI : /gazelle_biz_manual/
MOD DETAILS:
   modFile   : /home/canmotalka/web/can-motalka.ru/public_html/vqmod/xml/lightning.xml
   id        : OpenCart Lightning
   version   : 3.37
   vqmver    : 
   author    : MaxD http://devs.mx

File Name    : system/library/cache.php(0)
VQModObject::applyMod - SEARCH NOT FOUND (SKIPPED): if (is_file(DIR_SYSTEM . 'library/journal3/vendor/SuperCache

----------------------------------------------------------------------


---------- Date: 2026-03-31 15:33:38 ~ IP : 185.179.188.62 ----------
REQUEST URI : /podmotka_vw_manual/
MOD DETAILS:
   modFile   : /home/canmotalka/web/can-motalka.ru/public_html/vqmod/xml/lightning.xml
   id        : OpenCart Lightning
   version   : 3.37
   vqmver    : 
   author    : MaxD http://devs.mx

File Name    : system/library/cache.php(0)
VQModObject::applyMod - SEARCH NOT FOUND (SKIPPED): if (is_file(DIR_SYSTEM . 'library/journal3/vendor/SuperCache

----------------------------------------------------------------------


---------- Date: 2026-03-31 15:34:47 ~ IP : 185.179.188.62 ----------
REQUEST URI : /manuals/?page=2
MOD DETAILS:
   modFile   : /home/canmotalka/web/can-motalka.ru/public_html/vqmod/xml/lightning.xml
   id        : OpenCart Lightning
   version   : 3.37
   vqmver    : 
   author    : MaxD http://devs.mx

File Name    : system/library/cache.php(0)
VQModObject::applyMod - SEARCH NOT FOUND (SKIPPED): if (is_file(DIR_SYSTEM . 'library/journal3/vendor/SuperCache

----------------------------------------------------------------------


---------- Date: 2026-03-31 15:35:57 ~ IP : 185.179.188.62 ----------
REQUEST URI : /instrukciya-lada-granta-2021/
MOD DETAILS:
   modFile   : /home/canmotalka/web/can-motalka.ru/public_html/vqmod/xml/lightning.xml
   id        : OpenCart Lightning
   version   : 3.37
   vqmver    : 
   author    : MaxD http://devs.mx

File Name    : system/library/cache.php(0)
VQModObject::applyMod - SEARCH NOT FOUND (SKIPPED): if (is_file(DIR_SYSTEM . 'library/journal3/vendor/SuperCache

----------------------------------------------------------------------


---------- Date: 2026-03-31 15:35:58 ~ IP : 185.179.188.62 ----------
REQUEST URI : /index.php?route=module/popupcart_extended
MOD DETAILS:
   modFile   : /home/canmotalka/web/can-motalka.ru/public_html/vqmod/xml/lightning.xml
   id        : OpenCart Lightning
   version   : 3.37
   vqmver    : 
   author    : MaxD http://devs.mx

File Name    : system/library/cache.php(0)
VQModObject::applyMod - SEARCH NOT FOUND (SKIPPED): if (is_file(DIR_SYSTEM . 'library/journal3/vendor/SuperCache

----------------------------------------------------------------------


---------- Date: 2026-03-31 15:39:49 ~ IP : 185.179.188.62 ----------
REQUEST URI : /podmotka-spidometra-uaz-patriot/&amp;sa=U
MOD DETAILS:
   modFile   : /home/canmotalka/web/can-motalka.ru/public_html/vqmod/xml/lightning.xml
   id        : OpenCart Lightning
   version   : 3.37
   vqmver    : 
   author    : MaxD http://devs.mx

File Name    : system/library/cache.php(0)
VQModObject::applyMod - SEARCH NOT FOUND (SKIPPED): if (is_file(DIR_SYSTEM . 'library/journal3/vendor/SuperCache

----------------------------------------------------------------------


---------- Date: 2026-03-31 15:39:59 ~ IP : 185.179.188.62 ----------
REQUEST URI : /podmotka-spidometra-uaz-patriot/
MOD DETAILS:
   modFile   : /home/canmotalka/web/can-motalka.ru/public_html/vqmod/xml/lightning.xml
   id        : OpenCart Lightning
   version   : 3.37
   vqmver    : 
   author    : MaxD http://devs.mx

File Name    : system/library/cache.php(0)
VQModObject::applyMod - SEARCH NOT FOUND (SKIPPED): if (is_file(DIR_SYSTEM . 'library/journal3/vendor/SuperCache

----------------------------------------------------------------------


---------- Date: 2026-03-31 15:42:46 ~ IP : 185.179.188.62 ----------
REQUEST URI : /otzyvy?page=21
MOD DETAILS:
   modFile   : /home/canmotalka/web/can-motalka.ru/public_html/vqmod/xml/lightning.xml
   id        : OpenCart Lightning
   version   : 3.37
   vqmver    : 
   author    : MaxD http://devs.mx

File Name    : system/library/cache.php(0)
VQModObject::applyMod - SEARCH NOT FOUND (SKIPPED): if (is_file(DIR_SYSTEM . 'library/journal3/vendor/SuperCache

----------------------------------------------------------------------


---------- Date: 2026-03-31 15:45:25 ~ IP : 185.179.188.62 ----------
REQUEST URI : /granta_video_manual/&amp;sa=U
MOD DETAILS:
   modFile   : /home/canmotalka/web/can-motalka.ru/public_html/vqmod/xml/lightning.xml
   id        : OpenCart Lightning
   version   : 3.37
   vqmver    : 
   author    : MaxD http://devs.mx

File Name    : system/library/cache.php(0)
VQModObject::applyMod - SEARCH NOT FOUND (SKIPPED): if (is_file(DIR_SYSTEM . 'library/journal3/vendor/SuperCache

----------------------------------------------------------------------


---------- Date: 2026-03-31 15:45:29 ~ IP : 185.179.188.62 ----------
REQUEST URI : /granta_video_manual/
MOD DETAILS:
   modFile   : /home/canmotalka/web/can-motalka.ru/public_html/vqmod/xml/lightning.xml
   id        : OpenCart Lightning
   version   : 3.37
   vqmver    : 
   author    : MaxD http://devs.mx

File Name    : system/library/cache.php(0)
VQModObject::applyMod - SEARCH NOT FOUND (SKIPPED): if (is_file(DIR_SYSTEM . 'library/journal3/vendor/SuperCache

----------------------------------------------------------------------


---------- Date: 2026-03-31 15:49:05 ~ IP : 185.179.188.62 ----------
REQUEST URI : /manuals/?ysclid=mnem5mtb1o72243480
MOD DETAILS:
   modFile   : /home/canmotalka/web/can-motalka.ru/public_html/vqmod/xml/lightning.xml
   id        : OpenCart Lightning
   version   : 3.37
   vqmver    : 
   author    : MaxD http://devs.mx

File Name    : system/library/cache.php(0)
VQModObject::applyMod - SEARCH NOT FOUND (SKIPPED): if (is_file(DIR_SYSTEM . 'library/journal3/vendor/SuperCache

----------------------------------------------------------------------


---------- Date: 2026-03-31 15:49:06 ~ IP : 185.179.188.62 ----------
REQUEST URI : /index.php?route=module/popupcart_extended
MOD DETAILS:
   modFile   : /home/canmotalka/web/can-motalka.ru/public_html/vqmod/xml/lightning.xml
   id        : OpenCart Lightning
   version   : 3.37
   vqmver    : 
   author    : MaxD http://devs.mx

File Name    : system/library/cache.php(0)
VQModObject::applyMod - SEARCH NOT FOUND (SKIPPED): if (is_file(DIR_SYSTEM . 'library/journal3/vendor/SuperCache

----------------------------------------------------------------------


---------- Date: 2026-03-31 15:49:06 ~ IP : 185.179.188.62 ----------
REQUEST URI : /podmotka-spidometra-fiat-ducato/
MOD DETAILS:
   modFile   : /home/canmotalka/web/can-motalka.ru/public_html/vqmod/xml/lightning.xml
   id        : OpenCart Lightning
   version   : 3.37
   vqmver    : 
   author    : MaxD http://devs.mx

File Name    : system/library/cache.php(0)
VQModObject::applyMod - SEARCH NOT FOUND (SKIPPED): if (is_file(DIR_SYSTEM . 'library/journal3/vendor/SuperCache

----------------------------------------------------------------------


---------- Date: 2026-03-31 15:49:06 ~ IP : 185.179.188.62 ----------
REQUEST URI : /tranzit_new_videomanual/
MOD DETAILS:
   modFile   : /home/canmotalka/web/can-motalka.ru/public_html/vqmod/xml/lightning.xml
   id        : OpenCart Lightning
   version   : 3.37
   vqmver    : 
   author    : MaxD http://devs.mx

File Name    : system/library/cache.php(0)
VQModObject::applyMod - SEARCH NOT FOUND (SKIPPED): if (is_file(DIR_SYSTEM . 'library/journal3/vendor/SuperCache

----------------------------------------------------------------------


---------- Date: 2026-03-31 15:49:06 ~ IP : 185.179.188.62 ----------
REQUEST URI : /podmotka-spidometra-hyundai-i40/
MOD DETAILS:
   modFile   : /home/canmotalka/web/can-motalka.ru/public_html/vqmod/xml/lightning.xml
   id        : OpenCart Lightning
   version   : 3.37
   vqmver    : 
   author    : MaxD http://devs.mx

File Name    : system/library/cache.php(0)
VQModObject::applyMod - SEARCH NOT FOUND (SKIPPED): if (is_file(DIR_SYSTEM . 'library/journal3/vendor/SuperCache

----------------------------------------------------------------------


---------- Date: 2026-03-31 15:49:07 ~ IP : 185.179.188.62 ----------
REQUEST URI : /namotchik-probega-dlya-audi-q7/
MOD DETAILS:
   modFile   : /home/canmotalka/web/can-motalka.ru/public_html/vqmod/xml/lightning.xml
   id        : OpenCart Lightning
   version   : 3.37
   vqmver    : 
   author    : MaxD http://devs.mx

File Name    : system/library/cache.php(0)
VQModObject::applyMod - SEARCH NOT FOUND (SKIPPED): if (is_file(DIR_SYSTEM . 'library/journal3/vendor/SuperCache

----------------------------------------------------------------------


---------- Date: 2026-03-31 15:49:07 ~ IP : 185.179.188.62 ----------
REQUEST URI : /podmotka-spidometra-lada-priora/
MOD DETAILS:
   modFile   : /home/canmotalka/web/can-motalka.ru/public_html/vqmod/xml/lightning.xml
   id        : OpenCart Lightning
   version   : 3.37
   vqmver    : 
   author    : MaxD http://devs.mx

File Name    : system/library/cache.php(0)
VQModObject::applyMod - SEARCH NOT FOUND (SKIPPED): if (is_file(DIR_SYSTEM . 'library/journal3/vendor/SuperCache

----------------------------------------------------------------------


---------- Date: 2026-03-31 15:49:09 ~ IP : 185.179.188.62 ----------
REQUEST URI : /index.php?route=product/product/review&amp;product_id=94
MOD DETAILS:
   modFile   : /home/canmotalka/web/can-motalka.ru/public_html/vqmod/xml/lightning.xml
   id        : OpenCart Lightning
   version   : 3.37
   vqmver    : 
   author    : MaxD http://devs.mx

File Name    : system/library/cache.php(0)
VQModObject::applyMod - SEARCH NOT FOUND (SKIPPED): if (is_file(DIR_SYSTEM . 'library/journal3/vendor/SuperCache

----------------------------------------------------------------------


---------- Date: 2026-03-31 15:49:12 ~ IP : 185.179.188.62 ----------
REQUEST URI : /index.php?route=product/product/review&amp;product_id=238
MOD DETAILS:
   modFile   : /home/canmotalka/web/can-motalka.ru/public_html/vqmod/xml/lightning.xml
   id        : OpenCart Lightning
   version   : 3.37
   vqmver    : 
   author    : MaxD http://devs.mx

File Name    : system/library/cache.php(0)
VQModObject::applyMod - SEARCH NOT FOUND (SKIPPED): if (is_file(DIR_SYSTEM . 'library/journal3/vendor/SuperCache

----------------------------------------------------------------------


---------- Date: 2026-03-31 15:49:13 ~ IP : 185.179.188.62 ----------
REQUEST URI : /index.php?route=module/popupcart_extended
MOD DETAILS:
   modFile   : /home/canmotalka/web/can-motalka.ru/public_html/vqmod/xml/lightning.xml
   id        : OpenCart Lightning
   version   : 3.37
   vqmver    : 
   author    : MaxD http://devs.mx

File Name    : system/library/cache.php(0)
VQModObject::applyMod - SEARCH NOT FOUND (SKIPPED): if (is_file(DIR_SYSTEM . 'library/journal3/vendor/SuperCache

----------------------------------------------------------------------


---------- Date: 2026-03-31 15:49:15 ~ IP : 185.179.188.62 ----------
REQUEST URI : /podmotka-spidometra-skoda-rapid/
MOD DETAILS:
   modFile   : /home/canmotalka/web/can-motalka.ru/public_html/vqmod/xml/lightning.xml
   id        : OpenCart Lightning
   version   : 3.37
   vqmver    : 
   author    : MaxD http://devs.mx

File Name    : system/library/cache.php(0)
VQModObject::applyMod - SEARCH NOT FOUND (SKIPPED): if (is_file(DIR_SYSTEM . 'library/journal3/vendor/SuperCache

----------------------------------------------------------------------


---------- Date: 2026-03-31 15:49:25 ~ IP : 185.179.188.62 ----------
REQUEST URI : /index.php?route=product/product/review&amp;product_id=215
MOD DETAILS:
   modFile   : /home/canmotalka/web/can-motalka.ru/public_html/vqmod/xml/lightning.xml
   id        : OpenCart Lightning
   version   : 3.37
   vqmver    : 
   author    : MaxD http://devs.mx

File Name    : system/library/cache.php(0)
VQModObject::applyMod - SEARCH NOT FOUND (SKIPPED): if (is_file(DIR_SYSTEM . 'library/journal3/vendor/SuperCache

----------------------------------------------------------------------


---------- Date: 2026-03-31 15:49:30 ~ IP : 185.179.188.62 ----------
REQUEST URI : /index.php?route=module/popupcart_extended
MOD DETAILS:
   modFile   : /home/canmotalka/web/can-motalka.ru/public_html/vqmod/xml/lightning.xml
   id        : OpenCart Lightning
   version   : 3.37
   vqmver    : 
   author    : MaxD http://devs.mx

File Name    : system/library/cache.php(0)
VQModObject::applyMod - SEARCH NOT FOUND (SKIPPED): if (is_file(DIR_SYSTEM . 'library/journal3/vendor/SuperCache

----------------------------------------------------------------------


---------- Date: 2026-03-31 15:49:50 ~ IP : 185.179.188.62 ----------
REQUEST URI : /video-obzor/
MOD DETAILS:
   modFile   : /home/canmotalka/web/can-motalka.ru/public_html/vqmod/xml/lightning.xml
   id        : OpenCart Lightning
   version   : 3.37
   vqmver    : 
   author    : MaxD http://devs.mx

File Name    : system/library/cache.php(0)
VQModObject::applyMod - SEARCH NOT FOUND (SKIPPED): if (is_file(DIR_SYSTEM . 'library/journal3/vendor/SuperCache

----------------------------------------------------------------------


---------- Date: 2026-03-31 15:52:17 ~ IP : 185.179.188.62 ----------
REQUEST URI : /instrukciya-dlya-podmotki-lada-niva/
MOD DETAILS:
   modFile   : /home/canmotalka/web/can-motalka.ru/public_html/vqmod/xml/lightning.xml
   id        : OpenCart Lightning
   version   : 3.37
   vqmver    : 
   author    : MaxD http://devs.mx

File Name    : system/library/cache.php(0)
VQModObject::applyMod - SEARCH NOT FOUND (SKIPPED): if (is_file(DIR_SYSTEM . 'library/journal3/vendor/SuperCache

----------------------------------------------------------------------


---------- Date: 2026-03-31 15:52:18 ~ IP : 185.179.188.62 ----------
REQUEST URI : /index.php?route=module/popupcart_extended
MOD DETAILS:
   modFile   : /home/canmotalka/web/can-motalka.ru/public_html/vqmod/xml/lightning.xml
   id        : OpenCart Lightning
   version   : 3.37
   vqmver    : 
   author    : MaxD http://devs.mx

File Name    : system/library/cache.php(0)
VQModObject::applyMod - SEARCH NOT FOUND (SKIPPED): if (is_file(DIR_SYSTEM . 'library/journal3/vendor/SuperCache

----------------------------------------------------------------------


---------- Date: 2026-03-31 15:54:36 ~ IP : 185.179.188.62 ----------
REQUEST URI : /podmotka-spidometra-renault-fluence/
MOD DETAILS:
   modFile   : /home/canmotalka/web/can-motalka.ru/public_html/vqmod/xml/lightning.xml
   id        : OpenCart Lightning
   version   : 3.37
   vqmver    : 
   author    : MaxD http://devs.mx

File Name    : system/library/cache.php(0)
VQModObject::applyMod - SEARCH NOT FOUND (SKIPPED): if (is_file(DIR_SYSTEM . 'library/journal3/vendor/SuperCache

----------------------------------------------------------------------


---------- Date: 2026-03-31 15:54:37 ~ IP : 185.179.188.62 ----------
REQUEST URI : /index.php?route=product/product/review&amp;product_id=174
MOD DETAILS:
   modFile   : /home/canmotalka/web/can-motalka.ru/public_html/vqmod/xml/lightning.xml
   id        : OpenCart Lightning
   version   : 3.37
   vqmver    : 
   author    : MaxD http://devs.mx

File Name    : system/library/cache.php(0)
VQModObject::applyMod - SEARCH NOT FOUND (SKIPPED): if (is_file(DIR_SYSTEM . 'library/journal3/vendor/SuperCache

----------------------------------------------------------------------


---------- Date: 2026-03-31 15:54:37 ~ IP : 185.179.188.62 ----------
REQUEST URI : /index.php?route=module/popupcart_extended
MOD DETAILS:
   modFile   : /home/canmotalka/web/can-motalka.ru/public_html/vqmod/xml/lightning.xml
   id        : OpenCart Lightning
   version   : 3.37
   vqmver    : 
   author    : MaxD http://devs.mx

File Name    : system/library/cache.php(0)
VQModObject::applyMod - SEARCH NOT FOUND (SKIPPED): if (is_file(DIR_SYSTEM . 'library/journal3/vendor/SuperCache

----------------------------------------------------------------------


---------- Date: 2026-03-31 15:54:44 ~ IP : 185.179.188.62 ----------
REQUEST URI : /podmotka-krutilka-spidometra-gazel-biznes-benzin-evotec-ili-cummins/?ysclid=mnemcwmbix602114056
MOD DETAILS:
   modFile   : /home/canmotalka/web/can-motalka.ru/public_html/vqmod/xml/lightning.xml
   id        : OpenCart Lightning
   version   : 3.37
   vqmver    : 
   author    : MaxD http://devs.mx

File Name    : system/library/cache.php(0)
VQModObject::applyMod - SEARCH NOT FOUND (SKIPPED): if (is_file(DIR_SYSTEM . 'library/journal3/vendor/SuperCache

----------------------------------------------------------------------


---------- Date: 2026-03-31 15:54:44 ~ IP : 185.179.188.62 ----------
REQUEST URI : /podmotka-krutilka-spidometra-gazel-biznes-benzin-evotec-ili-cummins/
MOD DETAILS:
   modFile   : /home/canmotalka/web/can-motalka.ru/public_html/vqmod/xml/lightning.xml
   id        : OpenCart Lightning
   version   : 3.37
   vqmver    : 
   author    : MaxD http://devs.mx

File Name    : system/library/cache.php(0)
VQModObject::applyMod - SEARCH NOT FOUND (SKIPPED): if (is_file(DIR_SYSTEM . 'library/journal3/vendor/SuperCache

----------------------------------------------------------------------


---------- Date: 2026-03-31 15:54:45 ~ IP : 185.179.188.62 ----------
REQUEST URI : /index.php?route=product/product/review&amp;product_id=98
MOD DETAILS:
   modFile   : /home/canmotalka/web/can-motalka.ru/public_html/vqmod/xml/lightning.xml
   id        : OpenCart Lightning
   version   : 3.37
   vqmver    : 
   author    : MaxD http://devs.mx

File Name    : system/library/cache.php(0)
VQModObject::applyMod - SEARCH NOT FOUND (SKIPPED): if (is_file(DIR_SYSTEM . 'library/journal3/vendor/SuperCache

----------------------------------------------------------------------


---------- Date: 2026-03-31 15:54:45 ~ IP : 185.179.188.62 ----------
REQUEST URI : /index.php?route=module/popupcart_extended
MOD DETAILS:
   modFile   : /home/canmotalka/web/can-motalka.ru/public_html/vqmod/xml/lightning.xml
   id        : OpenCart Lightning
   version   : 3.37
   vqmver    : 
   author    : MaxD http://devs.mx

File Name    : system/library/cache.php(0)
VQModObject::applyMod - SEARCH NOT FOUND (SKIPPED): if (is_file(DIR_SYSTEM . 'library/journal3/vendor/SuperCache

----------------------------------------------------------------------


---------- Date: 2026-03-31 15:54:48 ~ IP : 185.179.188.62 ----------
REQUEST URI : /index.php?route=common/footer/click_counter
MOD DETAILS:
   modFile   : /home/canmotalka/web/can-motalka.ru/public_html/vqmod/xml/lightning.xml
   id        : OpenCart Lightning
   version   : 3.37
   vqmver    : 
   author    : MaxD http://devs.mx

File Name    : system/library/cache.php(0)
VQModObject::applyMod - SEARCH NOT FOUND (SKIPPED): if (is_file(DIR_SYSTEM . 'library/journal3/vendor/SuperCache

----------------------------------------------------------------------


---------- Date: 2026-03-31 15:56:58 ~ IP : 185.179.188.62 ----------
REQUEST URI : /podmotka_uaz_re/
MOD DETAILS:
   modFile   : /home/canmotalka/web/can-motalka.ru/public_html/vqmod/xml/lightning.xml
   id        : OpenCart Lightning
   version   : 3.37
   vqmver    : 
   author    : MaxD http://devs.mx

File Name    : system/library/cache.php(0)
VQModObject::applyMod - SEARCH NOT FOUND (SKIPPED): if (is_file(DIR_SYSTEM . 'library/journal3/vendor/SuperCache

----------------------------------------------------------------------


---------- Date: 2026-03-31 15:56:59 ~ IP : 185.179.188.62 ----------
REQUEST URI : /index.php?route=module/popupcart_extended
MOD DETAILS:
   modFile   : /home/canmotalka/web/can-motalka.ru/public_html/vqmod/xml/lightning.xml
   id        : OpenCart Lightning
   version   : 3.37
   vqmver    : 
   author    : MaxD http://devs.mx

File Name    : system/library/cache.php(0)
VQModObject::applyMod - SEARCH NOT FOUND (SKIPPED): if (is_file(DIR_SYSTEM . 'library/journal3/vendor/SuperCache

----------------------------------------------------------------------


---------- Date: 2026-03-31 15:57:57 ~ IP : 185.179.188.62 ----------
REQUEST URI : /manuals/
MOD DETAILS:
   modFile   : /home/canmotalka/web/can-motalka.ru/public_html/vqmod/xml/lightning.xml
   id        : OpenCart Lightning
   version   : 3.37
   vqmver    : 
   author    : MaxD http://devs.mx

File Name    : system/library/cache.php(0)
VQModObject::applyMod - SEARCH NOT FOUND (SKIPPED): if (is_file(DIR_SYSTEM . 'library/journal3/vendor/SuperCache

----------------------------------------------------------------------


---------- Date: 2026-03-31 15:58:07 ~ IP : 185.179.188.62 ----------
REQUEST URI : /index.php?route=product/product/review&amp;product_id=174
MOD DETAILS:
   modFile   : /home/canmotalka/web/can-motalka.ru/public_html/vqmod/xml/lightning.xml
   id        : OpenCart Lightning
   version   : 3.37
   vqmver    : 
   author    : MaxD http://devs.mx

File Name    : system/library/cache.php(0)
VQModObject::applyMod - SEARCH NOT FOUND (SKIPPED): if (is_file(DIR_SYSTEM . 'library/journal3/vendor/SuperCache

----------------------------------------------------------------------


---------- Date: 2026-03-31 15:58:12 ~ IP : 185.179.188.62 ----------
REQUEST URI : /instrukciya-podmotka-niva-travel-chevrolet/
MOD DETAILS:
   modFile   : /home/canmotalka/web/can-motalka.ru/public_html/vqmod/xml/lightning.xml
   id        : OpenCart Lightning
   version   : 3.37
   vqmver    : 
   author    : MaxD http://devs.mx

File Name    : system/library/cache.php(0)
VQModObject::applyMod - SEARCH NOT FOUND (SKIPPED): if (is_file(DIR_SYSTEM . 'library/journal3/vendor/SuperCache

----------------------------------------------------------------------


---------- Date: 2026-03-31 15:58:26 ~ IP : 185.179.188.62 ----------
REQUEST URI : /index.php?route=checkout/cart/add
MOD DETAILS:
   modFile   : /home/canmotalka/web/can-motalka.ru/public_html/vqmod/xml/lightning.xml
   id        : OpenCart Lightning
   version   : 3.37
   vqmver    : 
   author    : MaxD http://devs.mx

File Name    : system/library/cache.php(0)
VQModObject::applyMod - SEARCH NOT FOUND (SKIPPED): if (is_file(DIR_SYSTEM . 'library/journal3/vendor/SuperCache

----------------------------------------------------------------------


---------- Date: 2026-03-31 15:58:26 ~ IP : 185.179.188.62 ----------
REQUEST URI : /index.php?route=checkout/simplecheckout
MOD DETAILS:
   modFile   : /home/canmotalka/web/can-motalka.ru/public_html/vqmod/xml/lightning.xml
   id        : OpenCart Lightning
   version   : 3.37
   vqmver    : 
   author    : MaxD http://devs.mx

File Name    : system/library/cache.php(0)
VQModObject::applyMod - SEARCH NOT FOUND (SKIPPED): if (is_file(DIR_SYSTEM . 'library/journal3/vendor/SuperCache

----------------------------------------------------------------------


---------- Date: 2026-03-31 15:58:27 ~ IP : 185.179.188.62 ----------
REQUEST URI : /zakaz/
MOD DETAILS:
   modFile   : /home/canmotalka/web/can-motalka.ru/public_html/vqmod/xml/lightning.xml
   id        : OpenCart Lightning
   version   : 3.37
   vqmver    : 
   author    : MaxD http://devs.mx

File Name    : system/library/cache.php(0)
VQModObject::applyMod - SEARCH NOT FOUND (SKIPPED): if (is_file(DIR_SYSTEM . 'library/journal3/vendor/SuperCache

----------------------------------------------------------------------


---------- Date: 2026-03-31 15:58:51 ~ IP : 185.179.188.62 ----------
REQUEST URI : /index.php?route=common/footer/click_counter
MOD DETAILS:
   modFile   : /home/canmotalka/web/can-motalka.ru/public_html/vqmod/xml/lightning.xml
   id        : OpenCart Lightning
   version   : 3.37
   vqmver    : 
   author    : MaxD http://devs.mx

File Name    : system/library/cache.php(0)
VQModObject::applyMod - SEARCH NOT FOUND (SKIPPED): if (is_file(DIR_SYSTEM . 'library/journal3/vendor/SuperCache

----------------------------------------------------------------------


---------- Date: 2026-03-31 16:00:29 ~ IP : 185.179.188.62 ----------
REQUEST URI : /podmotka_uaz_re/
MOD DETAILS:
   modFile   : /home/canmotalka/web/can-motalka.ru/public_html/vqmod/xml/lightning.xml
   id        : OpenCart Lightning
   version   : 3.37
   vqmver    : 
   author    : MaxD http://devs.mx

File Name    : system/library/cache.php(0)
VQModObject::applyMod - SEARCH NOT FOUND (SKIPPED): if (is_file(DIR_SYSTEM . 'library/journal3/vendor/SuperCache

----------------------------------------------------------------------


---------- Date: 2026-03-31 16:02:41 ~ IP : 185.179.188.62 ----------
REQUEST URI : /instrukciya-podmotka-kamaz/
MOD DETAILS:
   modFile   : /home/canmotalka/web/can-motalka.ru/public_html/vqmod/xml/lightning.xml
   id        : OpenCart Lightning
   version   : 3.37
   vqmver    : 
   author    : MaxD http://devs.mx

File Name    : system/library/cache.php(0)
VQModObject::applyMod - SEARCH NOT FOUND (SKIPPED): if (is_file(DIR_SYSTEM . 'library/journal3/vendor/SuperCache

----------------------------------------------------------------------


---------- Date: 2026-03-31 16:02:56 ~ IP : 185.179.188.62 ----------
REQUEST URI : /podmotka_uaz_re/
MOD DETAILS:
   modFile   : /home/canmotalka/web/can-motalka.ru/public_html/vqmod/xml/lightning.xml
   id        : OpenCart Lightning
   version   : 3.37
   vqmver    : 
   author    : MaxD http://devs.mx

File Name    : system/library/cache.php(0)
VQModObject::applyMod - SEARCH NOT FOUND (SKIPPED): if (is_file(DIR_SYSTEM . 'library/journal3/vendor/SuperCache

----------------------------------------------------------------------


---------- Date: 2026-03-31 16:02:57 ~ IP : 185.179.188.62 ----------
REQUEST URI : /index.php?route=module/popupcart_extended
MOD DETAILS:
   modFile   : /home/canmotalka/web/can-motalka.ru/public_html/vqmod/xml/lightning.xml
   id        : OpenCart Lightning
   version   : 3.37
   vqmver    : 
   author    : MaxD http://devs.mx

File Name    : system/library/cache.php(0)
VQModObject::applyMod - SEARCH NOT FOUND (SKIPPED): if (is_file(DIR_SYSTEM . 'library/journal3/vendor/SuperCache

----------------------------------------------------------------------


---------- Date: 2026-03-31 16:09:42 ~ IP : 185.179.188.62 ----------
REQUEST URI : /podmotka-spidometra-henday-sonata-8/;/
MOD DETAILS:
   modFile   : /home/canmotalka/web/can-motalka.ru/public_html/vqmod/xml/lightning.xml
   id        : OpenCart Lightning
   version   : 3.37
   vqmver    : 
   author    : MaxD http://devs.mx

File Name    : system/library/cache.php(0)
VQModObject::applyMod - SEARCH NOT FOUND (SKIPPED): if (is_file(DIR_SYSTEM . 'library/journal3/vendor/SuperCache

----------------------------------------------------------------------


---------- Date: 2026-03-31 16:09:43 ~ IP : 185.179.188.62 ----------
REQUEST URI : /otzyvy/
MOD DETAILS:
   modFile   : /home/canmotalka/web/can-motalka.ru/public_html/vqmod/xml/lightning.xml
   id        : OpenCart Lightning
   version   : 3.37
   vqmver    : 
   author    : MaxD http://devs.mx

File Name    : system/library/cache.php(0)
VQModObject::applyMod - SEARCH NOT FOUND (SKIPPED): if (is_file(DIR_SYSTEM . 'library/journal3/vendor/SuperCache

----------------------------------------------------------------------


---------- Date: 2026-03-31 16:09:59 ~ IP : 185.179.188.62 ----------
REQUEST URI : /manual-podmotka-toyota-camry-corolla-tlc-rav4/
MOD DETAILS:
   modFile   : /home/canmotalka/web/can-motalka.ru/public_html/vqmod/xml/lightning.xml
   id        : OpenCart Lightning
   version   : 3.37
   vqmver    : 
   author    : MaxD http://devs.mx

File Name    : system/library/cache.php(0)
VQModObject::applyMod - SEARCH NOT FOUND (SKIPPED): if (is_file(DIR_SYSTEM . 'library/journal3/vendor/SuperCache

----------------------------------------------------------------------


---------- Date: 2026-03-31 16:10:00 ~ IP : 185.179.188.62 ----------
REQUEST URI : /index.php?route=module/popupcart_extended
MOD DETAILS:
   modFile   : /home/canmotalka/web/can-motalka.ru/public_html/vqmod/xml/lightning.xml
   id        : OpenCart Lightning
   version   : 3.37
   vqmver    : 
   author    : MaxD http://devs.mx

File Name    : system/library/cache.php(0)
VQModObject::applyMod - SEARCH NOT FOUND (SKIPPED): if (is_file(DIR_SYSTEM . 'library/journal3/vendor/SuperCache

----------------------------------------------------------------------


---------- Date: 2026-03-31 16:10:01 ~ IP : 185.179.188.62 ----------
REQUEST URI : /manual-podmotka-toyota-camry-corolla-tlc-rav4/
MOD DETAILS:
   modFile   : /home/canmotalka/web/can-motalka.ru/public_html/vqmod/xml/lightning.xml
   id        : OpenCart Lightning
   version   : 3.37
   vqmver    : 
   author    : MaxD http://devs.mx

File Name    : system/library/cache.php(0)
VQModObject::applyMod - SEARCH NOT FOUND (SKIPPED): if (is_file(DIR_SYSTEM . 'library/journal3/vendor/SuperCache

----------------------------------------------------------------------


---------- Date: 2026-03-31 16:12:15 ~ IP : 185.179.188.62 ----------
REQUEST URI : /namotchik-probega-dlya-uaz-patriot-konec-do-2016-zelenyy-displey/?ysclid=mnemzfraky672522946
MOD DETAILS:
   modFile   : /home/canmotalka/web/can-motalka.ru/public_html/vqmod/xml/lightning.xml
   id        : OpenCart Lightning
   version   : 3.37
   vqmver    : 
   author    : MaxD http://devs.mx

File Name    : system/library/cache.php(0)
VQModObject::applyMod - SEARCH NOT FOUND (SKIPPED): if (is_file(DIR_SYSTEM . 'library/journal3/vendor/SuperCache

----------------------------------------------------------------------


---------- Date: 2026-03-31 16:12:16 ~ IP : 185.179.188.62 ----------
REQUEST URI : /namotchik-probega-dlya-uaz-patriot-konec-do-2016-zelenyy-displey/
MOD DETAILS:
   modFile   : /home/canmotalka/web/can-motalka.ru/public_html/vqmod/xml/lightning.xml
   id        : OpenCart Lightning
   version   : 3.37
   vqmver    : 
   author    : MaxD http://devs.mx

File Name    : system/library/cache.php(0)
VQModObject::applyMod - SEARCH NOT FOUND (SKIPPED): if (is_file(DIR_SYSTEM . 'library/journal3/vendor/SuperCache

----------------------------------------------------------------------


---------- Date: 2026-03-31 16:12:17 ~ IP : 185.179.188.62 ----------
REQUEST URI : /index.php?route=product/product/review&amp;product_id=262
MOD DETAILS:
   modFile   : /home/canmotalka/web/can-motalka.ru/public_html/vqmod/xml/lightning.xml
   id        : OpenCart Lightning
   version   : 3.37
   vqmver    : 
   author    : MaxD http://devs.mx

File Name    : system/library/cache.php(0)
VQModObject::applyMod - SEARCH NOT FOUND (SKIPPED): if (is_file(DIR_SYSTEM . 'library/journal3/vendor/SuperCache

----------------------------------------------------------------------


---------- Date: 2026-03-31 16:12:17 ~ IP : 185.179.188.62 ----------
REQUEST URI : /index.php?route=module/popupcart_extended
MOD DETAILS:
   modFile   : /home/canmotalka/web/can-motalka.ru/public_html/vqmod/xml/lightning.xml
   id        : OpenCart Lightning
   version   : 3.37
   vqmver    : 
   author    : MaxD http://devs.mx

File Name    : system/library/cache.php(0)
VQModObject::applyMod - SEARCH NOT FOUND (SKIPPED): if (is_file(DIR_SYSTEM . 'library/journal3/vendor/SuperCache

----------------------------------------------------------------------


---------- Date: 2026-03-31 16:12:38 ~ IP : 185.179.188.62 ----------
REQUEST URI : /sitemap.xml%200
MOD DETAILS:
   modFile   : /home/canmotalka/web/can-motalka.ru/public_html/vqmod/xml/lightning.xml
   id        : OpenCart Lightning
   version   : 3.37
   vqmver    : 
   author    : MaxD http://devs.mx

File Name    : system/library/cache.php(0)
VQModObject::applyMod - SEARCH NOT FOUND (SKIPPED): if (is_file(DIR_SYSTEM . 'library/journal3/vendor/SuperCache

----------------------------------------------------------------------


---------- Date: 2026-03-31 16:12:39 ~ IP : 185.179.188.62 ----------
REQUEST URI : /sitemap/
MOD DETAILS:
   modFile   : /home/canmotalka/web/can-motalka.ru/public_html/vqmod/xml/lightning.xml
   id        : OpenCart Lightning
   version   : 3.37
   vqmver    : 
   author    : MaxD http://devs.mx

File Name    : system/library/cache.php(0)
VQModObject::applyMod - SEARCH NOT FOUND (SKIPPED): if (is_file(DIR_SYSTEM . 'library/journal3/vendor/SuperCache

----------------------------------------------------------------------


---------- Date: 2026-03-31 16:14:09 ~ IP : 185.179.188.62 ----------
REQUEST URI : /manual-podmotka-toyota-camry-corolla-tlc-rav4/
MOD DETAILS:
   modFile   : /home/canmotalka/web/can-motalka.ru/public_html/vqmod/xml/lightning.xml
   id        : OpenCart Lightning
   version   : 3.37
   vqmver    : 
   author    : MaxD http://devs.mx

File Name    : system/library/cache.php(0)
VQModObject::applyMod - SEARCH NOT FOUND (SKIPPED): if (is_file(DIR_SYSTEM . 'library/journal3/vendor/SuperCache

----------------------------------------------------------------------


---------- Date: 2026-03-31 16:15:40 ~ IP : 185.179.188.62 ----------
REQUEST URI : /patriot_re/
MOD DETAILS:
   modFile   : /home/canmotalka/web/can-motalka.ru/public_html/vqmod/xml/lightning.xml
   id        : OpenCart Lightning
   version   : 3.37
   vqmver    : 
   author    : MaxD http://devs.mx

File Name    : system/library/cache.php(0)
VQModObject::applyMod - SEARCH NOT FOUND (SKIPPED): if (is_file(DIR_SYSTEM . 'library/journal3/vendor/SuperCache

----------------------------------------------------------------------


---------- Date: 2026-03-31 16:15:40 ~ IP : 185.179.188.62 ----------
REQUEST URI : /index.php?route=module/popupcart_extended
MOD DETAILS:
   modFile   : /home/canmotalka/web/can-motalka.ru/public_html/vqmod/xml/lightning.xml
   id        : OpenCart Lightning
   version   : 3.37
   vqmver    : 
   author    : MaxD http://devs.mx

File Name    : system/library/cache.php(0)
VQModObject::applyMod - SEARCH NOT FOUND (SKIPPED): if (is_file(DIR_SYSTEM . 'library/journal3/vendor/SuperCache

----------------------------------------------------------------------


---------- Date: 2026-03-31 16:19:28 ~ IP : 185.179.188.62 ----------
REQUEST URI : /hyundai_h1_manual/
MOD DETAILS:
   modFile   : /home/canmotalka/web/can-motalka.ru/public_html/vqmod/xml/lightning.xml
   id        : OpenCart Lightning
   version   : 3.37
   vqmver    : 
   author    : MaxD http://devs.mx

File Name    : system/library/cache.php(0)
VQModObject::applyMod - SEARCH NOT FOUND (SKIPPED): if (is_file(DIR_SYSTEM . 'library/journal3/vendor/SuperCache

----------------------------------------------------------------------


---------- Date: 2026-03-31 16:19:30 ~ IP : 185.179.188.62 ----------
REQUEST URI : /index.php?route=module/popupcart_extended
MOD DETAILS:
   modFile   : /home/canmotalka/web/can-motalka.ru/public_html/vqmod/xml/lightning.xml
   id        : OpenCart Lightning
   version   : 3.37
   vqmver    : 
   author    : MaxD http://devs.mx

File Name    : system/library/cache.php(0)
VQModObject::applyMod - SEARCH NOT FOUND (SKIPPED): if (is_file(DIR_SYSTEM . 'library/journal3/vendor/SuperCache

----------------------------------------------------------------------


---------- Date: 2026-03-31 16:19:55 ~ IP : 185.179.188.62 ----------
REQUEST URI : /podmotka-spidometra-gazon-nekst/
MOD DETAILS:
   modFile   : /home/canmotalka/web/can-motalka.ru/public_html/vqmod/xml/lightning.xml
   id        : OpenCart Lightning
   version   : 3.37
   vqmver    : 
   author    : MaxD http://devs.mx

File Name    : system/library/cache.php(0)
VQModObject::applyMod - SEARCH NOT FOUND (SKIPPED): if (is_file(DIR_SYSTEM . 'library/journal3/vendor/SuperCache

----------------------------------------------------------------------


---------- Date: 2026-03-31 16:21:44 ~ IP : 185.179.188.62 ----------
REQUEST URI : /index.php?route=module/popupcart_extended
MOD DETAILS:
   modFile   : /home/canmotalka/web/can-motalka.ru/public_html/vqmod/xml/lightning.xml
   id        : OpenCart Lightning
   version   : 3.37
   vqmver    : 
   author    : MaxD http://devs.mx

File Name    : system/library/cache.php(0)
VQModObject::applyMod - SEARCH NOT FOUND (SKIPPED): if (is_file(DIR_SYSTEM . 'library/journal3/vendor/SuperCache

----------------------------------------------------------------------


---------- Date: 2026-03-31 16:29:24 ~ IP : 185.179.188.62 ----------
REQUEST URI : /gazelle_biz_manual/?ysclid=mnenli14id699091137
MOD DETAILS:
   modFile   : /home/canmotalka/web/can-motalka.ru/public_html/vqmod/xml/lightning.xml
   id        : OpenCart Lightning
   version   : 3.37
   vqmver    : 
   author    : MaxD http://devs.mx

File Name    : system/library/cache.php(0)
VQModObject::applyMod - SEARCH NOT FOUND (SKIPPED): if (is_file(DIR_SYSTEM . 'library/journal3/vendor/SuperCache

----------------------------------------------------------------------


---------- Date: 2026-03-31 16:29:24 ~ IP : 185.179.188.62 ----------
REQUEST URI : /gazelle_biz_manual/
MOD DETAILS:
   modFile   : /home/canmotalka/web/can-motalka.ru/public_html/vqmod/xml/lightning.xml
   id        : OpenCart Lightning
   version   : 3.37
   vqmver    : 
   author    : MaxD http://devs.mx

File Name    : system/library/cache.php(0)
VQModObject::applyMod - SEARCH NOT FOUND (SKIPPED): if (is_file(DIR_SYSTEM . 'library/journal3/vendor/SuperCache

----------------------------------------------------------------------


---------- Date: 2026-03-31 16:29:25 ~ IP : 185.179.188.62 ----------
REQUEST URI : /index.php?route=module/popupcart_extended
MOD DETAILS:
   modFile   : /home/canmotalka/web/can-motalka.ru/public_html/vqmod/xml/lightning.xml
   id        : OpenCart Lightning
   version   : 3.37
   vqmver    : 
   author    : MaxD http://devs.mx

File Name    : system/library/cache.php(0)
VQModObject::applyMod - SEARCH NOT FOUND (SKIPPED): if (is_file(DIR_SYSTEM . 'library/journal3/vendor/SuperCache

----------------------------------------------------------------------


---------- Date: 2026-03-31 16:29:49 ~ IP : 185.179.188.62 ----------
REQUEST URI : /instrukciya-dlya-ford-tranzit/?ysclid=mnenlzd5t778289144
MOD DETAILS:
   modFile   : /home/canmotalka/web/can-motalka.ru/public_html/vqmod/xml/lightning.xml
   id        : OpenCart Lightning
   version   : 3.37
   vqmver    : 
   author    : MaxD http://devs.mx

File Name    : system/library/cache.php(0)
VQModObject::applyMod - SEARCH NOT FOUND (SKIPPED): if (is_file(DIR_SYSTEM . 'library/journal3/vendor/SuperCache

----------------------------------------------------------------------


---------- Date: 2026-03-31 16:29:49 ~ IP : 185.179.188.62 ----------
REQUEST URI : /instrukciya-dlya-ford-tranzit/
MOD DETAILS:
   modFile   : /home/canmotalka/web/can-motalka.ru/public_html/vqmod/xml/lightning.xml
   id        : OpenCart Lightning
   version   : 3.37
   vqmver    : 
   author    : MaxD http://devs.mx

File Name    : system/library/cache.php(0)
VQModObject::applyMod - SEARCH NOT FOUND (SKIPPED): if (is_file(DIR_SYSTEM . 'library/journal3/vendor/SuperCache

----------------------------------------------------------------------


---------- Date: 2026-03-31 16:29:51 ~ IP : 185.179.188.62 ----------
REQUEST URI : /index.php?route=module/popupcart_extended
MOD DETAILS:
   modFile   : /home/canmotalka/web/can-motalka.ru/public_html/vqmod/xml/lightning.xml
   id        : OpenCart Lightning
   version   : 3.37
   vqmver    : 
   author    : MaxD http://devs.mx

File Name    : system/library/cache.php(0)
VQModObject::applyMod - SEARCH NOT FOUND (SKIPPED): if (is_file(DIR_SYSTEM . 'library/journal3/vendor/SuperCache

----------------------------------------------------------------------


---------- Date: 2026-03-31 16:30:44 ~ IP : 185.179.188.62 ----------
REQUEST URI : /.well-known/traffic-advice
MOD DETAILS:
   modFile   : /home/canmotalka/web/can-motalka.ru/public_html/vqmod/xml/lightning.xml
   id        : OpenCart Lightning
   version   : 3.37
   vqmver    : 
   author    : MaxD http://devs.mx

File Name    : system/library/cache.php(0)
VQModObject::applyMod - SEARCH NOT FOUND (SKIPPED): if (is_file(DIR_SYSTEM . 'library/journal3/vendor/SuperCache

----------------------------------------------------------------------


---------- Date: 2026-03-31 16:30:44 ~ IP : 185.179.188.62 ----------
REQUEST URI : /podmotka_uaz_re/
MOD DETAILS:
   modFile   : /home/canmotalka/web/can-motalka.ru/public_html/vqmod/xml/lightning.xml
   id        : OpenCart Lightning
   version   : 3.37
   vqmver    : 
   author    : MaxD http://devs.mx

File Name    : system/library/cache.php(0)
VQModObject::applyMod - SEARCH NOT FOUND (SKIPPED): if (is_file(DIR_SYSTEM . 'library/journal3/vendor/SuperCache

----------------------------------------------------------------------


---------- Date: 2026-03-31 16:32:00 ~ IP : 185.179.188.62 ----------
REQUEST URI : /podmotka_uaz_re/
MOD DETAILS:
   modFile   : /home/canmotalka/web/can-motalka.ru/public_html/vqmod/xml/lightning.xml
   id        : OpenCart Lightning
   version   : 3.37
   vqmver    : 
   author    : MaxD http://devs.mx

File Name    : system/library/cache.php(0)
VQModObject::applyMod - SEARCH NOT FOUND (SKIPPED): if (is_file(DIR_SYSTEM . 'library/journal3/vendor/SuperCache

----------------------------------------------------------------------


---------- Date: 2026-03-31 16:32:57 ~ IP : 185.179.188.62 ----------
REQUEST URI : /podmotka_uaz_re/?ysclid=mnenq1o8hr416386425
MOD DETAILS:
   modFile   : /home/canmotalka/web/can-motalka.ru/public_html/vqmod/xml/lightning.xml
   id        : OpenCart Lightning
   version   : 3.37
   vqmver    : 
   author    : MaxD http://devs.mx

File Name    : system/library/cache.php(0)
VQModObject::applyMod - SEARCH NOT FOUND (SKIPPED): if (is_file(DIR_SYSTEM . 'library/journal3/vendor/SuperCache

----------------------------------------------------------------------


---------- Date: 2026-03-31 16:32:57 ~ IP : 185.179.188.62 ----------
REQUEST URI : /podmotka_uaz_re/
MOD DETAILS:
   modFile   : /home/canmotalka/web/can-motalka.ru/public_html/vqmod/xml/lightning.xml
   id        : OpenCart Lightning
   version   : 3.37
   vqmver    : 
   author    : MaxD http://devs.mx

File Name    : system/library/cache.php(0)
VQModObject::applyMod - SEARCH NOT FOUND (SKIPPED): if (is_file(DIR_SYSTEM . 'library/journal3/vendor/SuperCache

----------------------------------------------------------------------


---------- Date: 2026-03-31 16:32:58 ~ IP : 185.179.188.62 ----------
REQUEST URI : /index.php?route=module/popupcart_extended
MOD DETAILS:
   modFile   : /home/canmotalka/web/can-motalka.ru/public_html/vqmod/xml/lightning.xml
   id        : OpenCart Lightning
   version   : 3.37
   vqmver    : 
   author    : MaxD http://devs.mx

File Name    : system/library/cache.php(0)
VQModObject::applyMod - SEARCH NOT FOUND (SKIPPED): if (is_file(DIR_SYSTEM . 'library/journal3/vendor/SuperCache

----------------------------------------------------------------------


---------- Date: 2026-03-31 16:33:20 ~ IP : 185.179.188.62 ----------
REQUEST URI : /motalki/%20moskvich/
MOD DETAILS:
   modFile   : /home/canmotalka/web/can-motalka.ru/public_html/vqmod/xml/lightning.xml
   id        : OpenCart Lightning
   version   : 3.37
   vqmver    : 
   author    : MaxD http://devs.mx

File Name    : system/library/cache.php(0)
VQModObject::applyMod - SEARCH NOT FOUND (SKIPPED): if (is_file(DIR_SYSTEM . 'library/journal3/vendor/SuperCache

----------------------------------------------------------------------


---------- Date: 2026-03-31 16:35:21 ~ IP : 185.179.188.62 ----------
REQUEST URI : /podmotka_uaz_re/
MOD DETAILS:
   modFile   : /home/canmotalka/web/can-motalka.ru/public_html/vqmod/xml/lightning.xml
   id        : OpenCart Lightning
   version   : 3.37
   vqmver    : 
   author    : MaxD http://devs.mx

File Name    : system/library/cache.php(0)
VQModObject::applyMod - SEARCH NOT FOUND (SKIPPED): if (is_file(DIR_SYSTEM . 'library/journal3/vendor/SuperCache

----------------------------------------------------------------------


---------- Date: 2026-03-31 16:48:01 ~ IP : 185.179.188.62 ----------
REQUEST URI : /kak-rabotaet-podmotka-spidometra/
MOD DETAILS:
   modFile   : /home/canmotalka/web/can-motalka.ru/public_html/vqmod/xml/lightning.xml
   id        : OpenCart Lightning
   version   : 3.37
   vqmver    : 
   author    : MaxD http://devs.mx

File Name    : system/library/cache.php(0)
VQModObject::applyMod - SEARCH NOT FOUND (SKIPPED): if (is_file(DIR_SYSTEM . 'library/journal3/vendor/SuperCache

----------------------------------------------------------------------


---------- Date: 2026-03-31 16:48:12 ~ IP : 185.179.188.62 ----------
REQUEST URI : /niva_abs_re/
MOD DETAILS:
   modFile   : /home/canmotalka/web/can-motalka.ru/public_html/vqmod/xml/lightning.xml
   id        : OpenCart Lightning
   version   : 3.37
   vqmver    : 
   author    : MaxD http://devs.mx

File Name    : system/library/cache.php(0)
VQModObject::applyMod - SEARCH NOT FOUND (SKIPPED): if (is_file(DIR_SYSTEM . 'library/journal3/vendor/SuperCache

----------------------------------------------------------------------


---------- Date: 2026-03-31 16:48:15 ~ IP : 185.179.188.62 ----------
REQUEST URI : /index.php?route=module/popupcart_extended
MOD DETAILS:
   modFile   : /home/canmotalka/web/can-motalka.ru/public_html/vqmod/xml/lightning.xml
   id        : OpenCart Lightning
   version   : 3.37
   vqmver    : 
   author    : MaxD http://devs.mx

File Name    : system/library/cache.php(0)
VQModObject::applyMod - SEARCH NOT FOUND (SKIPPED): if (is_file(DIR_SYSTEM . 'library/journal3/vendor/SuperCache

----------------------------------------------------------------------


---------- Date: 2026-03-31 16:48:32 ~ IP : 185.179.188.62 ----------
REQUEST URI : /gazelle_biz_manual/
MOD DETAILS:
   modFile   : /home/canmotalka/web/can-motalka.ru/public_html/vqmod/xml/lightning.xml
   id        : OpenCart Lightning
   version   : 3.37
   vqmver    : 
   author    : MaxD http://devs.mx

File Name    : system/library/cache.php(0)
VQModObject::applyMod - SEARCH NOT FOUND (SKIPPED): if (is_file(DIR_SYSTEM . 'library/journal3/vendor/SuperCache

----------------------------------------------------------------------


---------- Date: 2026-03-31 16:48:33 ~ IP : 185.179.188.62 ----------
REQUEST URI : /index.php?route=module/popupcart_extended
MOD DETAILS:
   modFile   : /home/canmotalka/web/can-motalka.ru/public_html/vqmod/xml/lightning.xml
   id        : OpenCart Lightning
   version   : 3.37
   vqmver    : 
   author    : MaxD http://devs.mx

File Name    : system/library/cache.php(0)
VQModObject::applyMod - SEARCH NOT FOUND (SKIPPED): if (is_file(DIR_SYSTEM . 'library/journal3/vendor/SuperCache

----------------------------------------------------------------------


---------- Date: 2026-03-31 16:48:47 ~ IP : 185.179.188.62 ----------
REQUEST URI : /index.php?route=common/footer/click_counter
MOD DETAILS:
   modFile   : /home/canmotalka/web/can-motalka.ru/public_html/vqmod/xml/lightning.xml
   id        : OpenCart Lightning
   version   : 3.37
   vqmver    : 
   author    : MaxD http://devs.mx

File Name    : system/library/cache.php(0)
VQModObject::applyMod - SEARCH NOT FOUND (SKIPPED): if (is_file(DIR_SYSTEM . 'library/journal3/vendor/SuperCache

----------------------------------------------------------------------


---------- Date: 2026-03-31 16:50:14 ~ IP : 185.179.188.62 ----------
REQUEST URI : /niva_abs_re/
MOD DETAILS:
   modFile   : /home/canmotalka/web/can-motalka.ru/public_html/vqmod/xml/lightning.xml
   id        : OpenCart Lightning
   version   : 3.37
   vqmver    : 
   author    : MaxD http://devs.mx

File Name    : system/library/cache.php(0)
VQModObject::applyMod - SEARCH NOT FOUND (SKIPPED): if (is_file(DIR_SYSTEM . 'library/journal3/vendor/SuperCache

----------------------------------------------------------------------


---------- Date: 2026-03-31 16:56:42 ~ IP : 185.179.188.62 ----------
REQUEST URI : /?ysclid=mneoklblm1566465146
MOD DETAILS:
   modFile   : /home/canmotalka/web/can-motalka.ru/public_html/vqmod/xml/lightning.xml
   id        : OpenCart Lightning
   version   : 3.37
   vqmver    : 
   author    : MaxD http://devs.mx

File Name    : system/library/cache.php(0)
VQModObject::applyMod - SEARCH NOT FOUND (SKIPPED): if (is_file(DIR_SYSTEM . 'library/journal3/vendor/SuperCache

----------------------------------------------------------------------


---------- Date: 2026-03-31 16:57:39 ~ IP : 185.179.188.62 ----------
REQUEST URI : /podmotka-spidometra-henday-sonata-8/
MOD DETAILS:
   modFile   : /home/canmotalka/web/can-motalka.ru/public_html/vqmod/xml/lightning.xml
   id        : OpenCart Lightning
   version   : 3.37
   vqmver    : 
   author    : MaxD http://devs.mx

File Name    : system/library/cache.php(0)
VQModObject::applyMod - SEARCH NOT FOUND (SKIPPED): if (is_file(DIR_SYSTEM . 'library/journal3/vendor/SuperCache

----------------------------------------------------------------------


---------- Date: 2026-03-31 16:57:39 ~ IP : 185.179.188.62 ----------
REQUEST URI : /otzyvy/
MOD DETAILS:
   modFile   : /home/canmotalka/web/can-motalka.ru/public_html/vqmod/xml/lightning.xml
   id        : OpenCart Lightning
   version   : 3.37
   vqmver    : 
   author    : MaxD http://devs.mx

File Name    : system/library/cache.php(0)
VQModObject::applyMod - SEARCH NOT FOUND (SKIPPED): if (is_file(DIR_SYSTEM . 'library/journal3/vendor/SuperCache

----------------------------------------------------------------------


---------- Date: 2026-03-31 16:57:43 ~ IP : 185.179.188.62 ----------
REQUEST URI : /podmotka-spidometra-henday-sonata-8/
MOD DETAILS:
   modFile   : /home/canmotalka/web/can-motalka.ru/public_html/vqmod/xml/lightning.xml
   id        : OpenCart Lightning
   version   : 3.37
   vqmver    : 
   author    : MaxD http://devs.mx

File Name    : system/library/cache.php(0)
VQModObject::applyMod - SEARCH NOT FOUND (SKIPPED): if (is_file(DIR_SYSTEM . 'library/journal3/vendor/SuperCache

----------------------------------------------------------------------


---------- Date: 2026-03-31 16:57:43 ~ IP : 185.179.188.62 ----------
REQUEST URI : /otzyvy/
MOD DETAILS:
   modFile   : /home/canmotalka/web/can-motalka.ru/public_html/vqmod/xml/lightning.xml
   id        : OpenCart Lightning
   version   : 3.37
   vqmver    : 
   author    : MaxD http://devs.mx

File Name    : system/library/cache.php(0)
VQModObject::applyMod - SEARCH NOT FOUND (SKIPPED): if (is_file(DIR_SYSTEM . 'library/journal3/vendor/SuperCache

----------------------------------------------------------------------


---------- Date: 2026-03-31 16:58:34 ~ IP : 185.179.188.62 ----------
REQUEST URI : /index.php?route=module/popupcart_extended
MOD DETAILS:
   modFile   : /home/canmotalka/web/can-motalka.ru/public_html/vqmod/xml/lightning.xml
   id        : OpenCart Lightning
   version   : 3.37
   vqmver    : 
   author    : MaxD http://devs.mx

File Name    : system/library/cache.php(0)
VQModObject::applyMod - SEARCH NOT FOUND (SKIPPED): if (is_file(DIR_SYSTEM . 'library/journal3/vendor/SuperCache

----------------------------------------------------------------------


---------- Date: 2026-03-31 17:00:22 ~ IP : 185.179.188.62 ----------
REQUEST URI : /index.php?route=module/popupcart_extended
MOD DETAILS:
   modFile   : /home/canmotalka/web/can-motalka.ru/public_html/vqmod/xml/lightning.xml
   id        : OpenCart Lightning
   version   : 3.37
   vqmver    : 
   author    : MaxD http://devs.mx

File Name    : system/library/cache.php(0)
VQModObject::applyMod - SEARCH NOT FOUND (SKIPPED): if (is_file(DIR_SYSTEM . 'library/journal3/vendor/SuperCache

----------------------------------------------------------------------


---------- Date: 2026-03-31 17:00:25 ~ IP : 185.179.188.62 ----------
REQUEST URI : /contact/
MOD DETAILS:
   modFile   : /home/canmotalka/web/can-motalka.ru/public_html/vqmod/xml/lightning.xml
   id        : OpenCart Lightning
   version   : 3.37
   vqmver    : 
   author    : MaxD http://devs.mx

File Name    : system/library/cache.php(0)
VQModObject::applyMod - SEARCH NOT FOUND (SKIPPED): if (is_file(DIR_SYSTEM . 'library/journal3/vendor/SuperCache

----------------------------------------------------------------------


---------- Date: 2026-03-31 17:03:22 ~ IP : 185.179.188.62 ----------
REQUEST URI : /podmotka-spidometra-reno-daster-za-3000r/
MOD DETAILS:
   modFile   : /home/canmotalka/web/can-motalka.ru/public_html/vqmod/xml/lightning.xml
   id        : OpenCart Lightning
   version   : 3.37
   vqmver    : 
   author    : MaxD http://devs.mx

File Name    : system/library/cache.php(0)
VQModObject::applyMod - SEARCH NOT FOUND (SKIPPED): if (is_file(DIR_SYSTEM . 'library/journal3/vendor/SuperCache

----------------------------------------------------------------------


---------- Date: 2026-03-31 17:11:31 ~ IP : 185.179.188.62 ----------
REQUEST URI : /podmotka_uaz_re/
MOD DETAILS:
   modFile   : /home/canmotalka/web/can-motalka.ru/public_html/vqmod/xml/lightning.xml
   id        : OpenCart Lightning
   version   : 3.37
   vqmver    : 
   author    : MaxD http://devs.mx

File Name    : system/library/cache.php(0)
VQModObject::applyMod - SEARCH NOT FOUND (SKIPPED): if (is_file(DIR_SYSTEM . 'library/journal3/vendor/SuperCache

----------------------------------------------------------------------


---------- Date: 2026-03-31 17:16:23 ~ IP : 185.179.188.62 ----------
REQUEST URI : /instrukciya-podmotka-kamaz/
MOD DETAILS:
   modFile   : /home/canmotalka/web/can-motalka.ru/public_html/vqmod/xml/lightning.xml
   id        : OpenCart Lightning
   version   : 3.37
   vqmver    : 
   author    : MaxD http://devs.mx

File Name    : system/library/cache.php(0)
VQModObject::applyMod - SEARCH NOT FOUND (SKIPPED): if (is_file(DIR_SYSTEM . 'library/journal3/vendor/SuperCache

----------------------------------------------------------------------


---------- Date: 2026-03-31 17:16:24 ~ IP : 185.179.188.62 ----------
REQUEST URI : /index.php?route=module/popupcart_extended
MOD DETAILS:
   modFile   : /home/canmotalka/web/can-motalka.ru/public_html/vqmod/xml/lightning.xml
   id        : OpenCart Lightning
   version   : 3.37
   vqmver    : 
   author    : MaxD http://devs.mx

File Name    : system/library/cache.php(0)
VQModObject::applyMod - SEARCH NOT FOUND (SKIPPED): if (is_file(DIR_SYSTEM . 'library/journal3/vendor/SuperCache

----------------------------------------------------------------------


---------- Date: 2026-03-31 17:17:03 ~ IP : 185.179.188.62 ----------
REQUEST URI : /manuals/
MOD DETAILS:
   modFile   : /home/canmotalka/web/can-motalka.ru/public_html/vqmod/xml/lightning.xml
   id        : OpenCart Lightning
   version   : 3.37
   vqmver    : 
   author    : MaxD http://devs.mx

File Name    : system/library/cache.php(0)
VQModObject::applyMod - SEARCH NOT FOUND (SKIPPED): if (is_file(DIR_SYSTEM . 'library/journal3/vendor/SuperCache

----------------------------------------------------------------------


---------- Date: 2026-03-31 17:27:00 ~ IP : 185.179.188.62 ----------
REQUEST URI : /patriot_re/
MOD DETAILS:
   modFile   : /home/canmotalka/web/can-motalka.ru/public_html/vqmod/xml/lightning.xml
   id        : OpenCart Lightning
   version   : 3.37
   vqmver    : 
   author    : MaxD http://devs.mx

File Name    : system/library/cache.php(0)
VQModObject::applyMod - SEARCH NOT FOUND (SKIPPED): if (is_file(DIR_SYSTEM . 'library/journal3/vendor/SuperCache

----------------------------------------------------------------------


---------- Date: 2026-03-31 17:27:36 ~ IP : 185.179.188.62 ----------
REQUEST URI : /podmotka-spidometra-niva-travel/
MOD DETAILS:
   modFile   : /home/canmotalka/web/can-motalka.ru/public_html/vqmod/xml/lightning.xml
   id        : OpenCart Lightning
   version   : 3.37
   vqmver    : 
   author    : MaxD http://devs.mx

File Name    : system/library/cache.php(0)
VQModObject::applyMod - SEARCH NOT FOUND (SKIPPED): if (is_file(DIR_SYSTEM . 'library/journal3/vendor/SuperCache

----------------------------------------------------------------------


---------- Date: 2026-03-31 17:27:38 ~ IP : 185.179.188.62 ----------
REQUEST URI : /index.php?route=product/product/review&amp;product_id=291
MOD DETAILS:
   modFile   : /home/canmotalka/web/can-motalka.ru/public_html/vqmod/xml/lightning.xml
   id        : OpenCart Lightning
   version   : 3.37
   vqmver    : 
   author    : MaxD http://devs.mx

File Name    : system/library/cache.php(0)
VQModObject::applyMod - SEARCH NOT FOUND (SKIPPED): if (is_file(DIR_SYSTEM . 'library/journal3/vendor/SuperCache

----------------------------------------------------------------------


---------- Date: 2026-03-31 17:27:38 ~ IP : 185.179.188.62 ----------
REQUEST URI : /index.php?route=module/popupcart_extended
MOD DETAILS:
   modFile   : /home/canmotalka/web/can-motalka.ru/public_html/vqmod/xml/lightning.xml
   id        : OpenCart Lightning
   version   : 3.37
   vqmver    : 
   author    : MaxD http://devs.mx

File Name    : system/library/cache.php(0)
VQModObject::applyMod - SEARCH NOT FOUND (SKIPPED): if (is_file(DIR_SYSTEM . 'library/journal3/vendor/SuperCache

----------------------------------------------------------------------


---------- Date: 2026-03-31 17:31:02 ~ IP : 185.179.188.62 ----------
REQUEST URI : /podmotka_uaz_re/?ysclid=mnepqif442824126400
MOD DETAILS:
   modFile   : /home/canmotalka/web/can-motalka.ru/public_html/vqmod/xml/lightning.xml
   id        : OpenCart Lightning
   version   : 3.37
   vqmver    : 
   author    : MaxD http://devs.mx

File Name    : system/library/cache.php(0)
VQModObject::applyMod - SEARCH NOT FOUND (SKIPPED): if (is_file(DIR_SYSTEM . 'library/journal3/vendor/SuperCache

----------------------------------------------------------------------


---------- Date: 2026-03-31 17:31:03 ~ IP : 185.179.188.62 ----------
REQUEST URI : /podmotka_uaz_re/
MOD DETAILS:
   modFile   : /home/canmotalka/web/can-motalka.ru/public_html/vqmod/xml/lightning.xml
   id        : OpenCart Lightning
   version   : 3.37
   vqmver    : 
   author    : MaxD http://devs.mx

File Name    : system/library/cache.php(0)
VQModObject::applyMod - SEARCH NOT FOUND (SKIPPED): if (is_file(DIR_SYSTEM . 'library/journal3/vendor/SuperCache

----------------------------------------------------------------------


---------- Date: 2026-03-31 17:31:03 ~ IP : 185.179.188.62 ----------
REQUEST URI : /index.php?route=module/popupcart_extended
MOD DETAILS:
   modFile   : /home/canmotalka/web/can-motalka.ru/public_html/vqmod/xml/lightning.xml
   id        : OpenCart Lightning
   version   : 3.37
   vqmver    : 
   author    : MaxD http://devs.mx

File Name    : system/library/cache.php(0)
VQModObject::applyMod - SEARCH NOT FOUND (SKIPPED): if (is_file(DIR_SYSTEM . 'library/journal3/vendor/SuperCache

----------------------------------------------------------------------


---------- Date: 2026-03-31 17:32:35 ~ IP : 185.179.188.62 ----------
REQUEST URI : /instrukciya-podmotka-niva-travel-chevrolet/
MOD DETAILS:
   modFile   : /home/canmotalka/web/can-motalka.ru/public_html/vqmod/xml/lightning.xml
   id        : OpenCart Lightning
   version   : 3.37
   vqmver    : 
   author    : MaxD http://devs.mx

File Name    : system/library/cache.php(0)
VQModObject::applyMod - SEARCH NOT FOUND (SKIPPED): if (is_file(DIR_SYSTEM . 'library/journal3/vendor/SuperCache

----------------------------------------------------------------------


---------- Date: 2026-03-31 17:33:35 ~ IP : 185.179.188.62 ----------
REQUEST URI : /.well-known/traffic-advice
MOD DETAILS:
   modFile   : /home/canmotalka/web/can-motalka.ru/public_html/vqmod/xml/lightning.xml
   id        : OpenCart Lightning
   version   : 3.37
   vqmver    : 
   author    : MaxD http://devs.mx

File Name    : system/library/cache.php(0)
VQModObject::applyMod - SEARCH NOT FOUND (SKIPPED): if (is_file(DIR_SYSTEM . 'library/journal3/vendor/SuperCache

----------------------------------------------------------------------


---------- Date: 2026-03-31 17:34:08 ~ IP : 185.179.188.62 ----------
REQUEST URI : /granta_video_manual/
MOD DETAILS:
   modFile   : /home/canmotalka/web/can-motalka.ru/public_html/vqmod/xml/lightning.xml
   id        : OpenCart Lightning
   version   : 3.37
   vqmver    : 
   author    : MaxD http://devs.mx

File Name    : system/library/cache.php(0)
VQModObject::applyMod - SEARCH NOT FOUND (SKIPPED): if (is_file(DIR_SYSTEM . 'library/journal3/vendor/SuperCache

----------------------------------------------------------------------


---------- Date: 2026-03-31 17:34:45 ~ IP : 185.179.188.62 ----------
REQUEST URI : /podmotka_vw_manual/?ysclid=mnepxjfp6g573623781
MOD DETAILS:
   modFile   : /home/canmotalka/web/can-motalka.ru/public_html/vqmod/xml/lightning.xml
   id        : OpenCart Lightning
   version   : 3.37
   vqmver    : 
   author    : MaxD http://devs.mx

File Name    : system/library/cache.php(0)
VQModObject::applyMod - SEARCH NOT FOUND (SKIPPED): if (is_file(DIR_SYSTEM . 'library/journal3/vendor/SuperCache

----------------------------------------------------------------------


---------- Date: 2026-03-31 17:34:46 ~ IP : 185.179.188.62 ----------
REQUEST URI : /podmotka_vw_manual/
MOD DETAILS:
   modFile   : /home/canmotalka/web/can-motalka.ru/public_html/vqmod/xml/lightning.xml
   id        : OpenCart Lightning
   version   : 3.37
   vqmver    : 
   author    : MaxD http://devs.mx

File Name    : system/library/cache.php(0)
VQModObject::applyMod - SEARCH NOT FOUND (SKIPPED): if (is_file(DIR_SYSTEM . 'library/journal3/vendor/SuperCache

----------------------------------------------------------------------


---------- Date: 2026-03-31 17:34:46 ~ IP : 185.179.188.62 ----------
REQUEST URI : /index.php?route=module/popupcart_extended
MOD DETAILS:
   modFile   : /home/canmotalka/web/can-motalka.ru/public_html/vqmod/xml/lightning.xml
   id        : OpenCart Lightning
   version   : 3.37
   vqmver    : 
   author    : MaxD http://devs.mx

File Name    : system/library/cache.php(0)
VQModObject::applyMod - SEARCH NOT FOUND (SKIPPED): if (is_file(DIR_SYSTEM . 'library/journal3/vendor/SuperCache

----------------------------------------------------------------------


---------- Date: 2026-03-31 17:35:15 ~ IP : 185.179.188.62 ----------
REQUEST URI : /podmotka-spidometra-podoidet-li-razyom/
MOD DETAILS:
   modFile   : /home/canmotalka/web/can-motalka.ru/public_html/vqmod/xml/lightning.xml
   id        : OpenCart Lightning
   version   : 3.37
   vqmver    : 
   author    : MaxD http://devs.mx

File Name    : system/library/cache.php(0)
VQModObject::applyMod - SEARCH NOT FOUND (SKIPPED): if (is_file(DIR_SYSTEM . 'library/journal3/vendor/SuperCache

----------------------------------------------------------------------


---------- Date: 2026-03-31 17:37:05 ~ IP : 185.179.188.62 ----------
REQUEST URI : /podmotka-spidometra-largus/
MOD DETAILS:
   modFile   : /home/canmotalka/web/can-motalka.ru/public_html/vqmod/xml/lightning.xml
   id        : OpenCart Lightning
   version   : 3.37
   vqmver    : 
   author    : MaxD http://devs.mx

File Name    : system/library/cache.php(0)
VQModObject::applyMod - SEARCH NOT FOUND (SKIPPED): if (is_file(DIR_SYSTEM . 'library/journal3/vendor/SuperCache

----------------------------------------------------------------------


---------- Date: 2026-03-31 17:37:53 ~ IP : 185.179.188.62 ----------
REQUEST URI : /index.php?route=product/product/review&amp;product_id=258
MOD DETAILS:
   modFile   : /home/canmotalka/web/can-motalka.ru/public_html/vqmod/xml/lightning.xml
   id        : OpenCart Lightning
   version   : 3.37
   vqmver    : 
   author    : MaxD http://devs.mx

File Name    : system/library/cache.php(0)
VQModObject::applyMod - SEARCH NOT FOUND (SKIPPED): if (is_file(DIR_SYSTEM . 'library/journal3/vendor/SuperCache

----------------------------------------------------------------------


---------- Date: 2026-03-31 17:37:54 ~ IP : 185.179.188.62 ----------
REQUEST URI : /index.php?route=module/popupcart_extended
MOD DETAILS:
   modFile   : /home/canmotalka/web/can-motalka.ru/public_html/vqmod/xml/lightning.xml
   id        : OpenCart Lightning
   version   : 3.37
   vqmver    : 
   author    : MaxD http://devs.mx

File Name    : system/library/cache.php(0)
VQModObject::applyMod - SEARCH NOT FOUND (SKIPPED): if (is_file(DIR_SYSTEM . 'library/journal3/vendor/SuperCache

----------------------------------------------------------------------


---------- Date: 2026-03-31 17:41:00 ~ IP : 185.179.188.62 ----------
REQUEST URI : /podmotka-spidometra-largus-new/
MOD DETAILS:
   modFile   : /home/canmotalka/web/can-motalka.ru/public_html/vqmod/xml/lightning.xml
   id        : OpenCart Lightning
   version   : 3.37
   vqmver    : 
   author    : MaxD http://devs.mx

File Name    : system/library/cache.php(0)
VQModObject::applyMod - SEARCH NOT FOUND (SKIPPED): if (is_file(DIR_SYSTEM . 'library/journal3/vendor/SuperCache

----------------------------------------------------------------------


---------- Date: 2026-03-31 17:44:29 ~ IP : 185.179.188.62 ----------
REQUEST URI : /instrukciya-dlya-ford-tranzit/?ysclid=mneqa1bmtj162038363
MOD DETAILS:
   modFile   : /home/canmotalka/web/can-motalka.ru/public_html/vqmod/xml/lightning.xml
   id        : OpenCart Lightning
   version   : 3.37
   vqmver    : 
   author    : MaxD http://devs.mx

File Name    : system/library/cache.php(0)
VQModObject::applyMod - SEARCH NOT FOUND (SKIPPED): if (is_file(DIR_SYSTEM . 'library/journal3/vendor/SuperCache

----------------------------------------------------------------------


---------- Date: 2026-03-31 17:44:29 ~ IP : 185.179.188.62 ----------
REQUEST URI : /instrukciya-dlya-ford-tranzit/
MOD DETAILS:
   modFile   : /home/canmotalka/web/can-motalka.ru/public_html/vqmod/xml/lightning.xml
   id        : OpenCart Lightning
   version   : 3.37
   vqmver    : 
   author    : MaxD http://devs.mx

File Name    : system/library/cache.php(0)
VQModObject::applyMod - SEARCH NOT FOUND (SKIPPED): if (is_file(DIR_SYSTEM . 'library/journal3/vendor/SuperCache

----------------------------------------------------------------------


---------- Date: 2026-03-31 17:44:30 ~ IP : 185.179.188.62 ----------
REQUEST URI : /index.php?route=module/popupcart_extended
MOD DETAILS:
   modFile   : /home/canmotalka/web/can-motalka.ru/public_html/vqmod/xml/lightning.xml
   id        : OpenCart Lightning
   version   : 3.37
   vqmver    : 
   author    : MaxD http://devs.mx

File Name    : system/library/cache.php(0)
VQModObject::applyMod - SEARCH NOT FOUND (SKIPPED): if (is_file(DIR_SYSTEM . 'library/journal3/vendor/SuperCache

----------------------------------------------------------------------


---------- Date: 2026-03-31 17:44:56 ~ IP : 185.179.188.62 ----------
REQUEST URI : /instrukciya-podmotka-niva-travel-chevrolet/
MOD DETAILS:
   modFile   : /home/canmotalka/web/can-motalka.ru/public_html/vqmod/xml/lightning.xml
   id        : OpenCart Lightning
   version   : 3.37
   vqmver    : 
   author    : MaxD http://devs.mx

File Name    : system/library/cache.php(0)
VQModObject::applyMod - SEARCH NOT FOUND (SKIPPED): if (is_file(DIR_SYSTEM . 'library/journal3/vendor/SuperCache

----------------------------------------------------------------------


---------- Date: 2026-03-31 17:44:57 ~ IP : 185.179.188.62 ----------
REQUEST URI : /index.php?route=module/popupcart_extended
MOD DETAILS:
   modFile   : /home/canmotalka/web/can-motalka.ru/public_html/vqmod/xml/lightning.xml
   id        : OpenCart Lightning
   version   : 3.37
   vqmver    : 
   author    : MaxD http://devs.mx

File Name    : system/library/cache.php(0)
VQModObject::applyMod - SEARCH NOT FOUND (SKIPPED): if (is_file(DIR_SYSTEM . 'library/journal3/vendor/SuperCache

----------------------------------------------------------------------


---------- Date: 2026-03-31 17:45:11 ~ IP : 185.179.188.62 ----------
REQUEST URI : /podmotka-spidometra-na-shkoda-oktaviya/?ysclid=mneqaxtqxz610255377
MOD DETAILS:
   modFile   : /home/canmotalka/web/can-motalka.ru/public_html/vqmod/xml/lightning.xml
   id        : OpenCart Lightning
   version   : 3.37
   vqmver    : 
   author    : MaxD http://devs.mx

File Name    : system/library/cache.php(0)
VQModObject::applyMod - SEARCH NOT FOUND (SKIPPED): if (is_file(DIR_SYSTEM . 'library/journal3/vendor/SuperCache

----------------------------------------------------------------------


---------- Date: 2026-03-31 17:45:11 ~ IP : 185.179.188.62 ----------
REQUEST URI : /podmotka-spidometra-na-shkoda-oktaviya/
MOD DETAILS:
   modFile   : /home/canmotalka/web/can-motalka.ru/public_html/vqmod/xml/lightning.xml
   id        : OpenCart Lightning
   version   : 3.37
   vqmver    : 
   author    : MaxD http://devs.mx

File Name    : system/library/cache.php(0)
VQModObject::applyMod - SEARCH NOT FOUND (SKIPPED): if (is_file(DIR_SYSTEM . 'library/journal3/vendor/SuperCache

----------------------------------------------------------------------


---------- Date: 2026-03-31 17:45:13 ~ IP : 185.179.188.62 ----------
REQUEST URI : /index.php?route=module/popupcart_extended
MOD DETAILS:
   modFile   : /home/canmotalka/web/can-motalka.ru/public_html/vqmod/xml/lightning.xml
   id        : OpenCart Lightning
   version   : 3.37
   vqmver    : 
   author    : MaxD http://devs.mx

File Name    : system/library/cache.php(0)
VQModObject::applyMod - SEARCH NOT FOUND (SKIPPED): if (is_file(DIR_SYSTEM . 'library/journal3/vendor/SuperCache

----------------------------------------------------------------------


---------- Date: 2026-03-31 17:45:36 ~ IP : 185.179.188.62 ----------
REQUEST URI : /podmotka-spidometra-kia-sorento/
MOD DETAILS:
   modFile   : /home/canmotalka/web/can-motalka.ru/public_html/vqmod/xml/lightning.xml
   id        : OpenCart Lightning
   version   : 3.37
   vqmver    : 
   author    : MaxD http://devs.mx

File Name    : system/library/cache.php(0)
VQModObject::applyMod - SEARCH NOT FOUND (SKIPPED): if (is_file(DIR_SYSTEM . 'library/journal3/vendor/SuperCache

----------------------------------------------------------------------


---------- Date: 2026-03-31 17:47:38 ~ IP : 185.179.188.62 ----------
REQUEST URI : /index.php?route=common/footer/click_counter
MOD DETAILS:
   modFile   : /home/canmotalka/web/can-motalka.ru/public_html/vqmod/xml/lightning.xml
   id        : OpenCart Lightning
   version   : 3.37
   vqmver    : 
   author    : MaxD http://devs.mx

File Name    : system/library/cache.php(0)
VQModObject::applyMod - SEARCH NOT FOUND (SKIPPED): if (is_file(DIR_SYSTEM . 'library/journal3/vendor/SuperCache

----------------------------------------------------------------------


---------- Date: 2026-03-31 17:47:55 ~ IP : 185.179.188.62 ----------
REQUEST URI : /podmotka-spidometra-na-shkoda-oktaviya/
MOD DETAILS:
   modFile   : /home/canmotalka/web/can-motalka.ru/public_html/vqmod/xml/lightning.xml
   id        : OpenCart Lightning
   version   : 3.37
   vqmver    : 
   author    : MaxD http://devs.mx

File Name    : system/library/cache.php(0)
VQModObject::applyMod - SEARCH NOT FOUND (SKIPPED): if (is_file(DIR_SYSTEM . 'library/journal3/vendor/SuperCache

----------------------------------------------------------------------


---------- Date: 2026-03-31 17:49:28 ~ IP : 185.179.188.62 ----------
REQUEST URI : /podmotka-spidometra-lada-priora/
MOD DETAILS:
   modFile   : /home/canmotalka/web/can-motalka.ru/public_html/vqmod/xml/lightning.xml
   id        : OpenCart Lightning
   version   : 3.37
   vqmver    : 
   author    : MaxD http://devs.mx

File Name    : system/library/cache.php(0)
VQModObject::applyMod - SEARCH NOT FOUND (SKIPPED): if (is_file(DIR_SYSTEM . 'library/journal3/vendor/SuperCache

----------------------------------------------------------------------


---------- Date: 2026-03-31 17:49:30 ~ IP : 185.179.188.62 ----------
REQUEST URI : /index.php?route=product/product/review&amp;product_id=112
MOD DETAILS:
   modFile   : /home/canmotalka/web/can-motalka.ru/public_html/vqmod/xml/lightning.xml
   id        : OpenCart Lightning
   version   : 3.37
   vqmver    : 
   author    : MaxD http://devs.mx

File Name    : system/library/cache.php(0)
VQModObject::applyMod - SEARCH NOT FOUND (SKIPPED): if (is_file(DIR_SYSTEM . 'library/journal3/vendor/SuperCache

----------------------------------------------------------------------


---------- Date: 2026-03-31 17:50:14 ~ IP : 185.179.188.62 ----------
REQUEST URI : /wp-content/plugins/hellopress/wp_filemanager.php
MOD DETAILS:
   modFile   : /home/canmotalka/web/can-motalka.ru/public_html/vqmod/xml/lightning.xml
   id        : OpenCart Lightning
   version   : 3.37
   vqmver    : 
   author    : MaxD http://devs.mx

File Name    : system/library/cache.php(0)
VQModObject::applyMod - SEARCH NOT FOUND (SKIPPED): if (is_file(DIR_SYSTEM . 'library/journal3/vendor/SuperCache

----------------------------------------------------------------------


---------- Date: 2026-03-31 17:50:15 ~ IP : 185.179.188.62 ----------
REQUEST URI : /fffff.php
MOD DETAILS:
   modFile   : /home/canmotalka/web/can-motalka.ru/public_html/vqmod/xml/lightning.xml
   id        : OpenCart Lightning
   version   : 3.37
   vqmver    : 
   author    : MaxD http://devs.mx

File Name    : system/library/cache.php(0)
VQModObject::applyMod - SEARCH NOT FOUND (SKIPPED): if (is_file(DIR_SYSTEM . 'library/journal3/vendor/SuperCache

----------------------------------------------------------------------


---------- Date: 2026-03-31 17:50:16 ~ IP : 185.179.188.62 ----------
REQUEST URI : /w2025.php
MOD DETAILS:
   modFile   : /home/canmotalka/web/can-motalka.ru/public_html/vqmod/xml/lightning.xml
   id        : OpenCart Lightning
   version   : 3.37
   vqmver    : 
   author    : MaxD http://devs.mx

File Name    : system/library/cache.php(0)
VQModObject::applyMod - SEARCH NOT FOUND (SKIPPED): if (is_file(DIR_SYSTEM . 'library/journal3/vendor/SuperCache

----------------------------------------------------------------------


---------- Date: 2026-03-31 17:50:16 ~ IP : 185.179.188.62 ----------
REQUEST URI : /xdd.php
MOD DETAILS:
   modFile   : /home/canmotalka/web/can-motalka.ru/public_html/vqmod/xml/lightning.xml
   id        : OpenCart Lightning
   version   : 3.37
   vqmver    : 
   author    : MaxD http://devs.mx

File Name    : system/library/cache.php(0)
VQModObject::applyMod - SEARCH NOT FOUND (SKIPPED): if (is_file(DIR_SYSTEM . 'library/journal3/vendor/SuperCache

----------------------------------------------------------------------


---------- Date: 2026-03-31 17:50:17 ~ IP : 185.179.188.62 ----------
REQUEST URI : /wo.php
MOD DETAILS:
   modFile   : /home/canmotalka/web/can-motalka.ru/public_html/vqmod/xml/lightning.xml
   id        : OpenCart Lightning
   version   : 3.37
   vqmver    : 
   author    : MaxD http://devs.mx

File Name    : system/library/cache.php(0)
VQModObject::applyMod - SEARCH NOT FOUND (SKIPPED): if (is_file(DIR_SYSTEM . 'library/journal3/vendor/SuperCache

----------------------------------------------------------------------


---------- Date: 2026-03-31 17:50:17 ~ IP : 185.179.188.62 ----------
REQUEST URI : /wdone1.php
MOD DETAILS:
   modFile   : /home/canmotalka/web/can-motalka.ru/public_html/vqmod/xml/lightning.xml
   id        : OpenCart Lightning
   version   : 3.37
   vqmver    : 
   author    : MaxD http://devs.mx

File Name    : system/library/cache.php(0)
VQModObject::applyMod - SEARCH NOT FOUND (SKIPPED): if (is_file(DIR_SYSTEM . 'library/journal3/vendor/SuperCache

----------------------------------------------------------------------


---------- Date: 2026-03-31 17:50:18 ~ IP : 185.179.188.62 ----------
REQUEST URI : /ws79.php
MOD DETAILS:
   modFile   : /home/canmotalka/web/can-motalka.ru/public_html/vqmod/xml/lightning.xml
   id        : OpenCart Lightning
   version   : 3.37
   vqmver    : 
   author    : MaxD http://devs.mx

File Name    : system/library/cache.php(0)
VQModObject::applyMod - SEARCH NOT FOUND (SKIPPED): if (is_file(DIR_SYSTEM . 'library/journal3/vendor/SuperCache

----------------------------------------------------------------------


---------- Date: 2026-03-31 17:50:19 ~ IP : 185.179.188.62 ----------
REQUEST URI : /aee.php
MOD DETAILS:
   modFile   : /home/canmotalka/web/can-motalka.ru/public_html/vqmod/xml/lightning.xml
   id        : OpenCart Lightning
   version   : 3.37
   vqmver    : 
   author    : MaxD http://devs.mx

File Name    : system/library/cache.php(0)
VQModObject::applyMod - SEARCH NOT FOUND (SKIPPED): if (is_file(DIR_SYSTEM . 'library/journal3/vendor/SuperCache

----------------------------------------------------------------------


---------- Date: 2026-03-31 17:50:19 ~ IP : 185.179.188.62 ----------
REQUEST URI : /max.php
MOD DETAILS:
   modFile   : /home/canmotalka/web/can-motalka.ru/public_html/vqmod/xml/lightning.xml
   id        : OpenCart Lightning
   version   : 3.37
   vqmver    : 
   author    : MaxD http://devs.mx

File Name    : system/library/cache.php(0)
VQModObject::applyMod - SEARCH NOT FOUND (SKIPPED): if (is_file(DIR_SYSTEM . 'library/journal3/vendor/SuperCache

----------------------------------------------------------------------


---------- Date: 2026-03-31 17:50:20 ~ IP : 185.179.188.62 ----------
REQUEST URI : /ccs.php
MOD DETAILS:
   modFile   : /home/canmotalka/web/can-motalka.ru/public_html/vqmod/xml/lightning.xml
   id        : OpenCart Lightning
   version   : 3.37
   vqmver    : 
   author    : MaxD http://devs.mx

File Name    : system/library/cache.php(0)
VQModObject::applyMod - SEARCH NOT FOUND (SKIPPED): if (is_file(DIR_SYSTEM . 'library/journal3/vendor/SuperCache

----------------------------------------------------------------------


---------- Date: 2026-03-31 17:50:21 ~ IP : 185.179.188.62 ----------
REQUEST URI : /wglum1.php
MOD DETAILS:
   modFile   : /home/canmotalka/web/can-motalka.ru/public_html/vqmod/xml/lightning.xml
   id        : OpenCart Lightning
   version   : 3.37
   vqmver    : 
   author    : MaxD http://devs.mx

File Name    : system/library/cache.php(0)
VQModObject::applyMod - SEARCH NOT FOUND (SKIPPED): if (is_file(DIR_SYSTEM . 'library/journal3/vendor/SuperCache

----------------------------------------------------------------------


---------- Date: 2026-03-31 17:50:21 ~ IP : 185.179.188.62 ----------
REQUEST URI : /xwx1.php
MOD DETAILS:
   modFile   : /home/canmotalka/web/can-motalka.ru/public_html/vqmod/xml/lightning.xml
   id        : OpenCart Lightning
   version   : 3.37
   vqmver    : 
   author    : MaxD http://devs.mx

File Name    : system/library/cache.php(0)
VQModObject::applyMod - SEARCH NOT FOUND (SKIPPED): if (is_file(DIR_SYSTEM . 'library/journal3/vendor/SuperCache

----------------------------------------------------------------------


---------- Date: 2026-03-31 17:50:22 ~ IP : 185.179.188.62 ----------
REQUEST URI : /wp-true.php
MOD DETAILS:
   modFile   : /home/canmotalka/web/can-motalka.ru/public_html/vqmod/xml/lightning.xml
   id        : OpenCart Lightning
   version   : 3.37
   vqmver    : 
   author    : MaxD http://devs.mx

File Name    : system/library/cache.php(0)
VQModObject::applyMod - SEARCH NOT FOUND (SKIPPED): if (is_file(DIR_SYSTEM . 'library/journal3/vendor/SuperCache

----------------------------------------------------------------------


---------- Date: 2026-03-31 17:50:22 ~ IP : 185.179.188.62 ----------
REQUEST URI : /ws42.php
MOD DETAILS:
   modFile   : /home/canmotalka/web/can-motalka.ru/public_html/vqmod/xml/lightning.xml
   id        : OpenCart Lightning
   version   : 3.37
   vqmver    : 
   author    : MaxD http://devs.mx

File Name    : system/library/cache.php(0)
VQModObject::applyMod - SEARCH NOT FOUND (SKIPPED): if (is_file(DIR_SYSTEM . 'library/journal3/vendor/SuperCache

----------------------------------------------------------------------


---------- Date: 2026-03-31 17:50:23 ~ IP : 185.179.188.62 ----------
REQUEST URI : /66.php
MOD DETAILS:
   modFile   : /home/canmotalka/web/can-motalka.ru/public_html/vqmod/xml/lightning.xml
   id        : OpenCart Lightning
   version   : 3.37
   vqmver    : 
   author    : MaxD http://devs.mx

File Name    : system/library/cache.php(0)
VQModObject::applyMod - SEARCH NOT FOUND (SKIPPED): if (is_file(DIR_SYSTEM . 'library/journal3/vendor/SuperCache

----------------------------------------------------------------------


---------- Date: 2026-03-31 17:50:23 ~ IP : 185.179.188.62 ----------
REQUEST URI : /wgift1.php
MOD DETAILS:
   modFile   : /home/canmotalka/web/can-motalka.ru/public_html/vqmod/xml/lightning.xml
   id        : OpenCart Lightning
   version   : 3.37
   vqmver    : 
   author    : MaxD http://devs.mx

File Name    : system/library/cache.php(0)
VQModObject::applyMod - SEARCH NOT FOUND (SKIPPED): if (is_file(DIR_SYSTEM . 'library/journal3/vendor/SuperCache

----------------------------------------------------------------------


---------- Date: 2026-03-31 17:50:24 ~ IP : 185.179.188.62 ----------
REQUEST URI : /aa.php
MOD DETAILS:
   modFile   : /home/canmotalka/web/can-motalka.ru/public_html/vqmod/xml/lightning.xml
   id        : OpenCart Lightning
   version   : 3.37
   vqmver    : 
   author    : MaxD http://devs.mx

File Name    : system/library/cache.php(0)
VQModObject::applyMod - SEARCH NOT FOUND (SKIPPED): if (is_file(DIR_SYSTEM . 'library/journal3/vendor/SuperCache

----------------------------------------------------------------------


---------- Date: 2026-03-31 17:50:25 ~ IP : 185.179.188.62 ----------
REQUEST URI : /north1.php
MOD DETAILS:
   modFile   : /home/canmotalka/web/can-motalka.ru/public_html/vqmod/xml/lightning.xml
   id        : OpenCart Lightning
   version   : 3.37
   vqmver    : 
   author    : MaxD http://devs.mx

File Name    : system/library/cache.php(0)
VQModObject::applyMod - SEARCH NOT FOUND (SKIPPED): if (is_file(DIR_SYSTEM . 'library/journal3/vendor/SuperCache

----------------------------------------------------------------------


---------- Date: 2026-03-31 17:50:25 ~ IP : 185.179.188.62 ----------
REQUEST URI : /eee.php
MOD DETAILS:
   modFile   : /home/canmotalka/web/can-motalka.ru/public_html/vqmod/xml/lightning.xml
   id        : OpenCart Lightning
   version   : 3.37
   vqmver    : 
   author    : MaxD http://devs.mx

File Name    : system/library/cache.php(0)
VQModObject::applyMod - SEARCH NOT FOUND (SKIPPED): if (is_file(DIR_SYSTEM . 'library/journal3/vendor/SuperCache

----------------------------------------------------------------------


---------- Date: 2026-03-31 17:50:26 ~ IP : 185.179.188.62 ----------
REQUEST URI : /ggb.php
MOD DETAILS:
   modFile   : /home/canmotalka/web/can-motalka.ru/public_html/vqmod/xml/lightning.xml
   id        : OpenCart Lightning
   version   : 3.37
   vqmver    : 
   author    : MaxD http://devs.mx

File Name    : system/library/cache.php(0)
VQModObject::applyMod - SEARCH NOT FOUND (SKIPPED): if (is_file(DIR_SYSTEM . 'library/journal3/vendor/SuperCache

----------------------------------------------------------------------


---------- Date: 2026-03-31 17:50:27 ~ IP : 185.179.188.62 ----------
REQUEST URI : /wp-admin/admin.php
MOD DETAILS:
   modFile   : /home/canmotalka/web/can-motalka.ru/public_html/vqmod/xml/lightning.xml
   id        : OpenCart Lightning
   version   : 3.37
   vqmver    : 
   author    : MaxD http://devs.mx

File Name    : system/library/cache.php(0)
VQModObject::applyMod - SEARCH NOT FOUND (SKIPPED): if (is_file(DIR_SYSTEM . 'library/journal3/vendor/SuperCache

----------------------------------------------------------------------


---------- Date: 2026-03-31 17:50:27 ~ IP : 185.179.188.62 ----------
REQUEST URI : /ws77.php
MOD DETAILS:
   modFile   : /home/canmotalka/web/can-motalka.ru/public_html/vqmod/xml/lightning.xml
   id        : OpenCart Lightning
   version   : 3.37
   vqmver    : 
   author    : MaxD http://devs.mx

File Name    : system/library/cache.php(0)
VQModObject::applyMod - SEARCH NOT FOUND (SKIPPED): if (is_file(DIR_SYSTEM . 'library/journal3/vendor/SuperCache

----------------------------------------------------------------------


---------- Date: 2026-03-31 17:50:28 ~ IP : 185.179.188.62 ----------
REQUEST URI : /gpt-sh.php
MOD DETAILS:
   modFile   : /home/canmotalka/web/can-motalka.ru/public_html/vqmod/xml/lightning.xml
   id        : OpenCart Lightning
   version   : 3.37
   vqmver    : 
   author    : MaxD http://devs.mx

File Name    : system/library/cache.php(0)
VQModObject::applyMod - SEARCH NOT FOUND (SKIPPED): if (is_file(DIR_SYSTEM . 'library/journal3/vendor/SuperCache

----------------------------------------------------------------------


---------- Date: 2026-03-31 17:50:29 ~ IP : 185.179.188.62 ----------
REQUEST URI : /f6.php
MOD DETAILS:
   modFile   : /home/canmotalka/web/can-motalka.ru/public_html/vqmod/xml/lightning.xml
   id        : OpenCart Lightning
   version   : 3.37
   vqmver    : 
   author    : MaxD http://devs.mx

File Name    : system/library/cache.php(0)
VQModObject::applyMod - SEARCH NOT FOUND (SKIPPED): if (is_file(DIR_SYSTEM . 'library/journal3/vendor/SuperCache

----------------------------------------------------------------------


---------- Date: 2026-03-31 17:50:30 ~ IP : 185.179.188.62 ----------
REQUEST URI : /ws85.php
MOD DETAILS:
   modFile   : /home/canmotalka/web/can-motalka.ru/public_html/vqmod/xml/lightning.xml
   id        : OpenCart Lightning
   version   : 3.37
   vqmver    : 
   author    : MaxD http://devs.mx

File Name    : system/library/cache.php(0)
VQModObject::applyMod - SEARCH NOT FOUND (SKIPPED): if (is_file(DIR_SYSTEM . 'library/journal3/vendor/SuperCache

----------------------------------------------------------------------


---------- Date: 2026-03-31 17:50:30 ~ IP : 185.179.188.62 ----------
REQUEST URI : /wander.php
MOD DETAILS:
   modFile   : /home/canmotalka/web/can-motalka.ru/public_html/vqmod/xml/lightning.xml
   id        : OpenCart Lightning
   version   : 3.37
   vqmver    : 
   author    : MaxD http://devs.mx

File Name    : system/library/cache.php(0)
VQModObject::applyMod - SEARCH NOT FOUND (SKIPPED): if (is_file(DIR_SYSTEM . 'library/journal3/vendor/SuperCache

----------------------------------------------------------------------


---------- Date: 2026-03-31 17:50:32 ~ IP : 185.179.188.62 ----------
REQUEST URI : /h02ugyh.php
MOD DETAILS:
   modFile   : /home/canmotalka/web/can-motalka.ru/public_html/vqmod/xml/lightning.xml
   id        : OpenCart Lightning
   version   : 3.37
   vqmver    : 
   author    : MaxD http://devs.mx

File Name    : system/library/cache.php(0)
VQModObject::applyMod - SEARCH NOT FOUND (SKIPPED): if (is_file(DIR_SYSTEM . 'library/journal3/vendor/SuperCache

----------------------------------------------------------------------


---------- Date: 2026-03-31 17:50:32 ~ IP : 185.179.188.62 ----------
REQUEST URI : /ad.php
MOD DETAILS:
   modFile   : /home/canmotalka/web/can-motalka.ru/public_html/vqmod/xml/lightning.xml
   id        : OpenCart Lightning
   version   : 3.37
   vqmver    : 
   author    : MaxD http://devs.mx

File Name    : system/library/cache.php(0)
VQModObject::applyMod - SEARCH NOT FOUND (SKIPPED): if (is_file(DIR_SYSTEM . 'library/journal3/vendor/SuperCache

----------------------------------------------------------------------


---------- Date: 2026-03-31 17:50:33 ~ IP : 185.179.188.62 ----------
REQUEST URI : /z60.php
MOD DETAILS:
   modFile   : /home/canmotalka/web/can-motalka.ru/public_html/vqmod/xml/lightning.xml
   id        : OpenCart Lightning
   version   : 3.37
   vqmver    : 
   author    : MaxD http://devs.mx

File Name    : system/library/cache.php(0)
VQModObject::applyMod - SEARCH NOT FOUND (SKIPPED): if (is_file(DIR_SYSTEM . 'library/journal3/vendor/SuperCache

----------------------------------------------------------------------


---------- Date: 2026-03-31 17:50:34 ~ IP : 185.179.188.62 ----------
REQUEST URI : /gptsh.php
MOD DETAILS:
   modFile   : /home/canmotalka/web/can-motalka.ru/public_html/vqmod/xml/lightning.xml
   id        : OpenCart Lightning
   version   : 3.37
   vqmver    : 
   author    : MaxD http://devs.mx

File Name    : system/library/cache.php(0)
VQModObject::applyMod - SEARCH NOT FOUND (SKIPPED): if (is_file(DIR_SYSTEM . 'library/journal3/vendor/SuperCache

----------------------------------------------------------------------


---------- Date: 2026-03-31 17:50:34 ~ IP : 185.179.188.62 ----------
REQUEST URI : /wp-admin/maint/wta.php
MOD DETAILS:
   modFile   : /home/canmotalka/web/can-motalka.ru/public_html/vqmod/xml/lightning.xml
   id        : OpenCart Lightning
   version   : 3.37
   vqmver    : 
   author    : MaxD http://devs.mx

File Name    : system/library/cache.php(0)
VQModObject::applyMod - SEARCH NOT FOUND (SKIPPED): if (is_file(DIR_SYSTEM . 'library/journal3/vendor/SuperCache

----------------------------------------------------------------------


---------- Date: 2026-03-31 17:50:35 ~ IP : 185.179.188.62 ----------
REQUEST URI : /sql.php
MOD DETAILS:
   modFile   : /home/canmotalka/web/can-motalka.ru/public_html/vqmod/xml/lightning.xml
   id        : OpenCart Lightning
   version   : 3.37
   vqmver    : 
   author    : MaxD http://devs.mx

File Name    : system/library/cache.php(0)
VQModObject::applyMod - SEARCH NOT FOUND (SKIPPED): if (is_file(DIR_SYSTEM . 'library/journal3/vendor/SuperCache

----------------------------------------------------------------------


---------- Date: 2026-03-31 17:50:35 ~ IP : 185.179.188.62 ----------
REQUEST URI : /rithin.php
MOD DETAILS:
   modFile   : /home/canmotalka/web/can-motalka.ru/public_html/vqmod/xml/lightning.xml
   id        : OpenCart Lightning
   version   : 3.37
   vqmver    : 
   author    : MaxD http://devs.mx

File Name    : system/library/cache.php(0)
VQModObject::applyMod - SEARCH NOT FOUND (SKIPPED): if (is_file(DIR_SYSTEM . 'library/journal3/vendor/SuperCache

----------------------------------------------------------------------


---------- Date: 2026-03-31 17:50:36 ~ IP : 185.179.188.62 ----------
REQUEST URI : /wp-class.php
MOD DETAILS:
   modFile   : /home/canmotalka/web/can-motalka.ru/public_html/vqmod/xml/lightning.xml
   id        : OpenCart Lightning
   version   : 3.37
   vqmver    : 
   author    : MaxD http://devs.mx

File Name    : system/library/cache.php(0)
VQModObject::applyMod - SEARCH NOT FOUND (SKIPPED): if (is_file(DIR_SYSTEM . 'library/journal3/vendor/SuperCache

----------------------------------------------------------------------


---------- Date: 2026-03-31 17:50:37 ~ IP : 185.179.188.62 ----------
REQUEST URI : /xper1.php
MOD DETAILS:
   modFile   : /home/canmotalka/web/can-motalka.ru/public_html/vqmod/xml/lightning.xml
   id        : OpenCart Lightning
   version   : 3.37
   vqmver    : 
   author    : MaxD http://devs.mx

File Name    : system/library/cache.php(0)
VQModObject::applyMod - SEARCH NOT FOUND (SKIPPED): if (is_file(DIR_SYSTEM . 'library/journal3/vendor/SuperCache

----------------------------------------------------------------------


---------- Date: 2026-03-31 17:50:37 ~ IP : 185.179.188.62 ----------
REQUEST URI : /ws78.php
MOD DETAILS:
   modFile   : /home/canmotalka/web/can-motalka.ru/public_html/vqmod/xml/lightning.xml
   id        : OpenCart Lightning
   version   : 3.37
   vqmver    : 
   author    : MaxD http://devs.mx

File Name    : system/library/cache.php(0)
VQModObject::applyMod - SEARCH NOT FOUND (SKIPPED): if (is_file(DIR_SYSTEM . 'library/journal3/vendor/SuperCache

----------------------------------------------------------------------


---------- Date: 2026-03-31 17:50:38 ~ IP : 185.179.188.62 ----------
REQUEST URI : /uang.php
MOD DETAILS:
   modFile   : /home/canmotalka/web/can-motalka.ru/public_html/vqmod/xml/lightning.xml
   id        : OpenCart Lightning
   version   : 3.37
   vqmver    : 
   author    : MaxD http://devs.mx

File Name    : system/library/cache.php(0)
VQModObject::applyMod - SEARCH NOT FOUND (SKIPPED): if (is_file(DIR_SYSTEM . 'library/journal3/vendor/SuperCache

----------------------------------------------------------------------


---------- Date: 2026-03-31 17:50:39 ~ IP : 185.179.188.62 ----------
REQUEST URI : /save.php
MOD DETAILS:
   modFile   : /home/canmotalka/web/can-motalka.ru/public_html/vqmod/xml/lightning.xml
   id        : OpenCart Lightning
   version   : 3.37
   vqmver    : 
   author    : MaxD http://devs.mx

File Name    : system/library/cache.php(0)
VQModObject::applyMod - SEARCH NOT FOUND (SKIPPED): if (is_file(DIR_SYSTEM . 'library/journal3/vendor/SuperCache

----------------------------------------------------------------------


---------- Date: 2026-03-31 17:50:39 ~ IP : 185.179.188.62 ----------
REQUEST URI : /wtiiy.php
MOD DETAILS:
   modFile   : /home/canmotalka/web/can-motalka.ru/public_html/vqmod/xml/lightning.xml
   id        : OpenCart Lightning
   version   : 3.37
   vqmver    : 
   author    : MaxD http://devs.mx

File Name    : system/library/cache.php(0)
VQModObject::applyMod - SEARCH NOT FOUND (SKIPPED): if (is_file(DIR_SYSTEM . 'library/journal3/vendor/SuperCache

----------------------------------------------------------------------


---------- Date: 2026-03-31 17:50:40 ~ IP : 185.179.188.62 ----------
REQUEST URI : /xs.php
MOD DETAILS:
   modFile   : /home/canmotalka/web/can-motalka.ru/public_html/vqmod/xml/lightning.xml
   id        : OpenCart Lightning
   version   : 3.37
   vqmver    : 
   author    : MaxD http://devs.mx

File Name    : system/library/cache.php(0)
VQModObject::applyMod - SEARCH NOT FOUND (SKIPPED): if (is_file(DIR_SYSTEM . 'library/journal3/vendor/SuperCache

----------------------------------------------------------------------


---------- Date: 2026-03-31 17:50:40 ~ IP : 185.179.188.62 ----------
REQUEST URI : /bolt.php
MOD DETAILS:
   modFile   : /home/canmotalka/web/can-motalka.ru/public_html/vqmod/xml/lightning.xml
   id        : OpenCart Lightning
   version   : 3.37
   vqmver    : 
   author    : MaxD http://devs.mx

File Name    : system/library/cache.php(0)
VQModObject::applyMod - SEARCH NOT FOUND (SKIPPED): if (is_file(DIR_SYSTEM . 'library/journal3/vendor/SuperCache

----------------------------------------------------------------------


---------- Date: 2026-03-31 17:50:42 ~ IP : 185.179.188.62 ----------
REQUEST URI : /gelio1.php
MOD DETAILS:
   modFile   : /home/canmotalka/web/can-motalka.ru/public_html/vqmod/xml/lightning.xml
   id        : OpenCart Lightning
   version   : 3.37
   vqmver    : 
   author    : MaxD http://devs.mx

File Name    : system/library/cache.php(0)
VQModObject::applyMod - SEARCH NOT FOUND (SKIPPED): if (is_file(DIR_SYSTEM . 'library/journal3/vendor/SuperCache

----------------------------------------------------------------------


---------- Date: 2026-03-31 17:50:42 ~ IP : 185.179.188.62 ----------
REQUEST URI : /as.php
MOD DETAILS:
   modFile   : /home/canmotalka/web/can-motalka.ru/public_html/vqmod/xml/lightning.xml
   id        : OpenCart Lightning
   version   : 3.37
   vqmver    : 
   author    : MaxD http://devs.mx

File Name    : system/library/cache.php(0)
VQModObject::applyMod - SEARCH NOT FOUND (SKIPPED): if (is_file(DIR_SYSTEM . 'library/journal3/vendor/SuperCache

----------------------------------------------------------------------


---------- Date: 2026-03-31 17:50:43 ~ IP : 185.179.188.62 ----------
REQUEST URI : /yuzuru1.php
MOD DETAILS:
   modFile   : /home/canmotalka/web/can-motalka.ru/public_html/vqmod/xml/lightning.xml
   id        : OpenCart Lightning
   version   : 3.37
   vqmver    : 
   author    : MaxD http://devs.mx

File Name    : system/library/cache.php(0)
VQModObject::applyMod - SEARCH NOT FOUND (SKIPPED): if (is_file(DIR_SYSTEM . 'library/journal3/vendor/SuperCache

----------------------------------------------------------------------


---------- Date: 2026-03-31 17:50:44 ~ IP : 185.179.188.62 ----------
REQUEST URI : /gettest.php
MOD DETAILS:
   modFile   : /home/canmotalka/web/can-motalka.ru/public_html/vqmod/xml/lightning.xml
   id        : OpenCart Lightning
   version   : 3.37
   vqmver    : 
   author    : MaxD http://devs.mx

File Name    : system/library/cache.php(0)
VQModObject::applyMod - SEARCH NOT FOUND (SKIPPED): if (is_file(DIR_SYSTEM . 'library/journal3/vendor/SuperCache

----------------------------------------------------------------------


---------- Date: 2026-03-31 17:50:44 ~ IP : 185.179.188.62 ----------
REQUEST URI : /sweg.php
MOD DETAILS:
   modFile   : /home/canmotalka/web/can-motalka.ru/public_html/vqmod/xml/lightning.xml
   id        : OpenCart Lightning
   version   : 3.37
   vqmver    : 
   author    : MaxD http://devs.mx

File Name    : system/library/cache.php(0)
VQModObject::applyMod - SEARCH NOT FOUND (SKIPPED): if (is_file(DIR_SYSTEM . 'library/journal3/vendor/SuperCache

----------------------------------------------------------------------


---------- Date: 2026-03-31 17:50:45 ~ IP : 185.179.188.62 ----------
REQUEST URI : /xpwer1.php
MOD DETAILS:
   modFile   : /home/canmotalka/web/can-motalka.ru/public_html/vqmod/xml/lightning.xml
   id        : OpenCart Lightning
   version   : 3.37
   vqmver    : 
   author    : MaxD http://devs.mx

File Name    : system/library/cache.php(0)
VQModObject::applyMod - SEARCH NOT FOUND (SKIPPED): if (is_file(DIR_SYSTEM . 'library/journal3/vendor/SuperCache

----------------------------------------------------------------------


---------- Date: 2026-03-31 17:50:45 ~ IP : 185.179.188.62 ----------
REQUEST URI : /ws40.php
MOD DETAILS:
   modFile   : /home/canmotalka/web/can-motalka.ru/public_html/vqmod/xml/lightning.xml
   id        : OpenCart Lightning
   version   : 3.37
   vqmver    : 
   author    : MaxD http://devs.mx

File Name    : system/library/cache.php(0)
VQModObject::applyMod - SEARCH NOT FOUND (SKIPPED): if (is_file(DIR_SYSTEM . 'library/journal3/vendor/SuperCache

----------------------------------------------------------------------


---------- Date: 2026-03-31 17:50:46 ~ IP : 185.179.188.62 ----------
REQUEST URI : /albin.php
MOD DETAILS:
   modFile   : /home/canmotalka/web/can-motalka.ru/public_html/vqmod/xml/lightning.xml
   id        : OpenCart Lightning
   version   : 3.37
   vqmver    : 
   author    : MaxD http://devs.mx

File Name    : system/library/cache.php(0)
VQModObject::applyMod - SEARCH NOT FOUND (SKIPPED): if (is_file(DIR_SYSTEM . 'library/journal3/vendor/SuperCache

----------------------------------------------------------------------


---------- Date: 2026-03-31 17:50:47 ~ IP : 185.179.188.62 ----------
REQUEST URI : /awh.php
MOD DETAILS:
   modFile   : /home/canmotalka/web/can-motalka.ru/public_html/vqmod/xml/lightning.xml
   id        : OpenCart Lightning
   version   : 3.37
   vqmver    : 
   author    : MaxD http://devs.mx

File Name    : system/library/cache.php(0)
VQModObject::applyMod - SEARCH NOT FOUND (SKIPPED): if (is_file(DIR_SYSTEM . 'library/journal3/vendor/SuperCache

----------------------------------------------------------------------


---------- Date: 2026-03-31 17:50:47 ~ IP : 185.179.188.62 ----------
REQUEST URI : /shellerr.php
MOD DETAILS:
   modFile   : /home/canmotalka/web/can-motalka.ru/public_html/vqmod/xml/lightning.xml
   id        : OpenCart Lightning
   version   : 3.37
   vqmver    : 
   author    : MaxD http://devs.mx

File Name    : system/library/cache.php(0)
VQModObject::applyMod - SEARCH NOT FOUND (SKIPPED): if (is_file(DIR_SYSTEM . 'library/journal3/vendor/SuperCache

----------------------------------------------------------------------


---------- Date: 2026-03-31 17:50:48 ~ IP : 185.179.188.62 ----------
REQUEST URI : /wp-scanner.php
MOD DETAILS:
   modFile   : /home/canmotalka/web/can-motalka.ru/public_html/vqmod/xml/lightning.xml
   id        : OpenCart Lightning
   version   : 3.37
   vqmver    : 
   author    : MaxD http://devs.mx

File Name    : system/library/cache.php(0)
VQModObject::applyMod - SEARCH NOT FOUND (SKIPPED): if (is_file(DIR_SYSTEM . 'library/journal3/vendor/SuperCache

----------------------------------------------------------------------


---------- Date: 2026-03-31 17:50:49 ~ IP : 185.179.188.62 ----------
REQUEST URI : /8.php
MOD DETAILS:
   modFile   : /home/canmotalka/web/can-motalka.ru/public_html/vqmod/xml/lightning.xml
   id        : OpenCart Lightning
   version   : 3.37
   vqmver    : 
   author    : MaxD http://devs.mx

File Name    : system/library/cache.php(0)
VQModObject::applyMod - SEARCH NOT FOUND (SKIPPED): if (is_file(DIR_SYSTEM . 'library/journal3/vendor/SuperCache

----------------------------------------------------------------------


---------- Date: 2026-03-31 17:50:49 ~ IP : 185.179.188.62 ----------
REQUEST URI : /to.php
MOD DETAILS:
   modFile   : /home/canmotalka/web/can-motalka.ru/public_html/vqmod/xml/lightning.xml
   id        : OpenCart Lightning
   version   : 3.37
   vqmver    : 
   author    : MaxD http://devs.mx

File Name    : system/library/cache.php(0)
VQModObject::applyMod - SEARCH NOT FOUND (SKIPPED): if (is_file(DIR_SYSTEM . 'library/journal3/vendor/SuperCache

----------------------------------------------------------------------


---------- Date: 2026-03-31 17:50:50 ~ IP : 185.179.188.62 ----------
REQUEST URI : /wp9.php
MOD DETAILS:
   modFile   : /home/canmotalka/web/can-motalka.ru/public_html/vqmod/xml/lightning.xml
   id        : OpenCart Lightning
   version   : 3.37
   vqmver    : 
   author    : MaxD http://devs.mx

File Name    : system/library/cache.php(0)
VQModObject::applyMod - SEARCH NOT FOUND (SKIPPED): if (is_file(DIR_SYSTEM . 'library/journal3/vendor/SuperCache

----------------------------------------------------------------------


---------- Date: 2026-03-31 17:50:51 ~ IP : 185.179.188.62 ----------
REQUEST URI : /ant.php
MOD DETAILS:
   modFile   : /home/canmotalka/web/can-motalka.ru/public_html/vqmod/xml/lightning.xml
   id        : OpenCart Lightning
   version   : 3.37
   vqmver    : 
   author    : MaxD http://devs.mx

File Name    : system/library/cache.php(0)
VQModObject::applyMod - SEARCH NOT FOUND (SKIPPED): if (is_file(DIR_SYSTEM . 'library/journal3/vendor/SuperCache

----------------------------------------------------------------------


---------- Date: 2026-03-31 17:50:51 ~ IP : 185.179.188.62 ----------
REQUEST URI : /ws86.php
MOD DETAILS:
   modFile   : /home/canmotalka/web/can-motalka.ru/public_html/vqmod/xml/lightning.xml
   id        : OpenCart Lightning
   version   : 3.37
   vqmver    : 
   author    : MaxD http://devs.mx

File Name    : system/library/cache.php(0)
VQModObject::applyMod - SEARCH NOT FOUND (SKIPPED): if (is_file(DIR_SYSTEM . 'library/journal3/vendor/SuperCache

----------------------------------------------------------------------


---------- Date: 2026-03-31 17:50:52 ~ IP : 185.179.188.62 ----------
REQUEST URI : /jga.php
MOD DETAILS:
   modFile   : /home/canmotalka/web/can-motalka.ru/public_html/vqmod/xml/lightning.xml
   id        : OpenCart Lightning
   version   : 3.37
   vqmver    : 
   author    : MaxD http://devs.mx

File Name    : system/library/cache.php(0)
VQModObject::applyMod - SEARCH NOT FOUND (SKIPPED): if (is_file(DIR_SYSTEM . 'library/journal3/vendor/SuperCache

----------------------------------------------------------------------


---------- Date: 2026-03-31 17:50:53 ~ IP : 185.179.188.62 ----------
REQUEST URI : /xda.php
MOD DETAILS:
   modFile   : /home/canmotalka/web/can-motalka.ru/public_html/vqmod/xml/lightning.xml
   id        : OpenCart Lightning
   version   : 3.37
   vqmver    : 
   author    : MaxD http://devs.mx

File Name    : system/library/cache.php(0)
VQModObject::applyMod - SEARCH NOT FOUND (SKIPPED): if (is_file(DIR_SYSTEM . 'library/journal3/vendor/SuperCache

----------------------------------------------------------------------


---------- Date: 2026-03-31 17:50:54 ~ IP : 185.179.188.62 ----------
REQUEST URI : /classgoto24.php
MOD DETAILS:
   modFile   : /home/canmotalka/web/can-motalka.ru/public_html/vqmod/xml/lightning.xml
   id        : OpenCart Lightning
   version   : 3.37
   vqmver    : 
   author    : MaxD http://devs.mx

File Name    : system/library/cache.php(0)
VQModObject::applyMod - SEARCH NOT FOUND (SKIPPED): if (is_file(DIR_SYSTEM . 'library/journal3/vendor/SuperCache

----------------------------------------------------------------------


---------- Date: 2026-03-31 17:50:54 ~ IP : 185.179.188.62 ----------
REQUEST URI : /ws82.php
MOD DETAILS:
   modFile   : /home/canmotalka/web/can-motalka.ru/public_html/vqmod/xml/lightning.xml
   id        : OpenCart Lightning
   version   : 3.37
   vqmver    : 
   author    : MaxD http://devs.mx

File Name    : system/library/cache.php(0)
VQModObject::applyMod - SEARCH NOT FOUND (SKIPPED): if (is_file(DIR_SYSTEM . 'library/journal3/vendor/SuperCache

----------------------------------------------------------------------


---------- Date: 2026-03-31 17:50:55 ~ IP : 185.179.188.62 ----------
REQUEST URI : /ws43.php
MOD DETAILS:
   modFile   : /home/canmotalka/web/can-motalka.ru/public_html/vqmod/xml/lightning.xml
   id        : OpenCart Lightning
   version   : 3.37
   vqmver    : 
   author    : MaxD http://devs.mx

File Name    : system/library/cache.php(0)
VQModObject::applyMod - SEARCH NOT FOUND (SKIPPED): if (is_file(DIR_SYSTEM . 'library/journal3/vendor/SuperCache

----------------------------------------------------------------------


---------- Date: 2026-03-31 17:50:55 ~ IP : 185.179.188.62 ----------
REQUEST URI : /gec.php
MOD DETAILS:
   modFile   : /home/canmotalka/web/can-motalka.ru/public_html/vqmod/xml/lightning.xml
   id        : OpenCart Lightning
   version   : 3.37
   vqmver    : 
   author    : MaxD http://devs.mx

File Name    : system/library/cache.php(0)
VQModObject::applyMod - SEARCH NOT FOUND (SKIPPED): if (is_file(DIR_SYSTEM . 'library/journal3/vendor/SuperCache

----------------------------------------------------------------------


---------- Date: 2026-03-31 17:50:56 ~ IP : 185.179.188.62 ----------
REQUEST URI : /uuu.php
MOD DETAILS:
   modFile   : /home/canmotalka/web/can-motalka.ru/public_html/vqmod/xml/lightning.xml
   id        : OpenCart Lightning
   version   : 3.37
   vqmver    : 
   author    : MaxD http://devs.mx

File Name    : system/library/cache.php(0)
VQModObject::applyMod - SEARCH NOT FOUND (SKIPPED): if (is_file(DIR_SYSTEM . 'library/journal3/vendor/SuperCache

----------------------------------------------------------------------


---------- Date: 2026-03-31 17:50:57 ~ IP : 185.179.188.62 ----------
REQUEST URI : /1.php
MOD DETAILS:
   modFile   : /home/canmotalka/web/can-motalka.ru/public_html/vqmod/xml/lightning.xml
   id        : OpenCart Lightning
   version   : 3.37
   vqmver    : 
   author    : MaxD http://devs.mx

File Name    : system/library/cache.php(0)
VQModObject::applyMod - SEARCH NOT FOUND (SKIPPED): if (is_file(DIR_SYSTEM . 'library/journal3/vendor/SuperCache

----------------------------------------------------------------------


---------- Date: 2026-03-31 17:50:57 ~ IP : 185.179.188.62 ----------
REQUEST URI : /size.php
MOD DETAILS:
   modFile   : /home/canmotalka/web/can-motalka.ru/public_html/vqmod/xml/lightning.xml
   id        : OpenCart Lightning
   version   : 3.37
   vqmver    : 
   author    : MaxD http://devs.mx

File Name    : system/library/cache.php(0)
VQModObject::applyMod - SEARCH NOT FOUND (SKIPPED): if (is_file(DIR_SYSTEM . 'library/journal3/vendor/SuperCache

----------------------------------------------------------------------


---------- Date: 2026-03-31 17:50:58 ~ IP : 185.179.188.62 ----------
REQUEST URI : /lib.php
MOD DETAILS:
   modFile   : /home/canmotalka/web/can-motalka.ru/public_html/vqmod/xml/lightning.xml
   id        : OpenCart Lightning
   version   : 3.37
   vqmver    : 
   author    : MaxD http://devs.mx

File Name    : system/library/cache.php(0)
VQModObject::applyMod - SEARCH NOT FOUND (SKIPPED): if (is_file(DIR_SYSTEM . 'library/journal3/vendor/SuperCache

----------------------------------------------------------------------


---------- Date: 2026-03-31 17:50:59 ~ IP : 185.179.188.62 ----------
REQUEST URI : /wp-load.php
MOD DETAILS:
   modFile   : /home/canmotalka/web/can-motalka.ru/public_html/vqmod/xml/lightning.xml
   id        : OpenCart Lightning
   version   : 3.37
   vqmver    : 
   author    : MaxD http://devs.mx

File Name    : system/library/cache.php(0)
VQModObject::applyMod - SEARCH NOT FOUND (SKIPPED): if (is_file(DIR_SYSTEM . 'library/journal3/vendor/SuperCache

----------------------------------------------------------------------


---------- Date: 2026-03-31 17:50:59 ~ IP : 185.179.188.62 ----------
REQUEST URI : /torsa1.php
MOD DETAILS:
   modFile   : /home/canmotalka/web/can-motalka.ru/public_html/vqmod/xml/lightning.xml
   id        : OpenCart Lightning
   version   : 3.37
   vqmver    : 
   author    : MaxD http://devs.mx

File Name    : system/library/cache.php(0)
VQModObject::applyMod - SEARCH NOT FOUND (SKIPPED): if (is_file(DIR_SYSTEM . 'library/journal3/vendor/SuperCache

----------------------------------------------------------------------


---------- Date: 2026-03-31 17:51:00 ~ IP : 185.179.188.62 ----------
REQUEST URI : /b.php
MOD DETAILS:
   modFile   : /home/canmotalka/web/can-motalka.ru/public_html/vqmod/xml/lightning.xml
   id        : OpenCart Lightning
   version   : 3.37
   vqmver    : 
   author    : MaxD http://devs.mx

File Name    : system/library/cache.php(0)
VQModObject::applyMod - SEARCH NOT FOUND (SKIPPED): if (is_file(DIR_SYSTEM . 'library/journal3/vendor/SuperCache

----------------------------------------------------------------------


---------- Date: 2026-03-31 17:51:01 ~ IP : 185.179.188.62 ----------
REQUEST URI : /vaza.php
MOD DETAILS:
   modFile   : /home/canmotalka/web/can-motalka.ru/public_html/vqmod/xml/lightning.xml
   id        : OpenCart Lightning
   version   : 3.37
   vqmver    : 
   author    : MaxD http://devs.mx

File Name    : system/library/cache.php(0)
VQModObject::applyMod - SEARCH NOT FOUND (SKIPPED): if (is_file(DIR_SYSTEM . 'library/journal3/vendor/SuperCache

----------------------------------------------------------------------


---------- Date: 2026-03-31 17:51:01 ~ IP : 185.179.188.62 ----------
REQUEST URI : /bnm.php
MOD DETAILS:
   modFile   : /home/canmotalka/web/can-motalka.ru/public_html/vqmod/xml/lightning.xml
   id        : OpenCart Lightning
   version   : 3.37
   vqmver    : 
   author    : MaxD http://devs.mx

File Name    : system/library/cache.php(0)
VQModObject::applyMod - SEARCH NOT FOUND (SKIPPED): if (is_file(DIR_SYSTEM . 'library/journal3/vendor/SuperCache

----------------------------------------------------------------------


---------- Date: 2026-03-31 17:51:02 ~ IP : 185.179.188.62 ----------
REQUEST URI : /wp-admin/maint/admin.php
MOD DETAILS:
   modFile   : /home/canmotalka/web/can-motalka.ru/public_html/vqmod/xml/lightning.xml
   id        : OpenCart Lightning
   version   : 3.37
   vqmver    : 
   author    : MaxD http://devs.mx

File Name    : system/library/cache.php(0)
VQModObject::applyMod - SEARCH NOT FOUND (SKIPPED): if (is_file(DIR_SYSTEM . 'library/journal3/vendor/SuperCache

----------------------------------------------------------------------


---------- Date: 2026-03-31 17:51:02 ~ IP : 185.179.188.62 ----------
REQUEST URI : /xc0252.php
MOD DETAILS:
   modFile   : /home/canmotalka/web/can-motalka.ru/public_html/vqmod/xml/lightning.xml
   id        : OpenCart Lightning
   version   : 3.37
   vqmver    : 
   author    : MaxD http://devs.mx

File Name    : system/library/cache.php(0)
VQModObject::applyMod - SEARCH NOT FOUND (SKIPPED): if (is_file(DIR_SYSTEM . 'library/journal3/vendor/SuperCache

----------------------------------------------------------------------


---------- Date: 2026-03-31 17:51:03 ~ IP : 185.179.188.62 ----------
REQUEST URI : /saorix1.php
MOD DETAILS:
   modFile   : /home/canmotalka/web/can-motalka.ru/public_html/vqmod/xml/lightning.xml
   id        : OpenCart Lightning
   version   : 3.37
   vqmver    : 
   author    : MaxD http://devs.mx

File Name    : system/library/cache.php(0)
VQModObject::applyMod - SEARCH NOT FOUND (SKIPPED): if (is_file(DIR_SYSTEM . 'library/journal3/vendor/SuperCache

----------------------------------------------------------------------


---------- Date: 2026-03-31 17:51:04 ~ IP : 185.179.188.62 ----------
REQUEST URI : /tx79.php
MOD DETAILS:
   modFile   : /home/canmotalka/web/can-motalka.ru/public_html/vqmod/xml/lightning.xml
   id        : OpenCart Lightning
   version   : 3.37
   vqmver    : 
   author    : MaxD http://devs.mx

File Name    : system/library/cache.php(0)
VQModObject::applyMod - SEARCH NOT FOUND (SKIPPED): if (is_file(DIR_SYSTEM . 'library/journal3/vendor/SuperCache

----------------------------------------------------------------------


---------- Date: 2026-03-31 17:51:05 ~ IP : 185.179.188.62 ----------
REQUEST URI : /wp-admin/images/admin.php
MOD DETAILS:
   modFile   : /home/canmotalka/web/can-motalka.ru/public_html/vqmod/xml/lightning.xml
   id        : OpenCart Lightning
   version   : 3.37
   vqmver    : 
   author    : MaxD http://devs.mx

File Name    : system/library/cache.php(0)
VQModObject::applyMod - SEARCH NOT FOUND (SKIPPED): if (is_file(DIR_SYSTEM . 'library/journal3/vendor/SuperCache

----------------------------------------------------------------------


---------- Date: 2026-03-31 17:51:06 ~ IP : 185.179.188.62 ----------
REQUEST URI : /wp3.php
MOD DETAILS:
   modFile   : /home/canmotalka/web/can-motalka.ru/public_html/vqmod/xml/lightning.xml
   id        : OpenCart Lightning
   version   : 3.37
   vqmver    : 
   author    : MaxD http://devs.mx

File Name    : system/library/cache.php(0)
VQModObject::applyMod - SEARCH NOT FOUND (SKIPPED): if (is_file(DIR_SYSTEM . 'library/journal3/vendor/SuperCache

----------------------------------------------------------------------


---------- Date: 2026-03-31 17:51:07 ~ IP : 185.179.188.62 ----------
REQUEST URI : /v3.php
MOD DETAILS:
   modFile   : /home/canmotalka/web/can-motalka.ru/public_html/vqmod/xml/lightning.xml
   id        : OpenCart Lightning
   version   : 3.37
   vqmver    : 
   author    : MaxD http://devs.mx

File Name    : system/library/cache.php(0)
VQModObject::applyMod - SEARCH NOT FOUND (SKIPPED): if (is_file(DIR_SYSTEM . 'library/journal3/vendor/SuperCache

----------------------------------------------------------------------


---------- Date: 2026-03-31 17:51:07 ~ IP : 185.179.188.62 ----------
REQUEST URI : /v.php
MOD DETAILS:
   modFile   : /home/canmotalka/web/can-motalka.ru/public_html/vqmod/xml/lightning.xml
   id        : OpenCart Lightning
   version   : 3.37
   vqmver    : 
   author    : MaxD http://devs.mx

File Name    : system/library/cache.php(0)
VQModObject::applyMod - SEARCH NOT FOUND (SKIPPED): if (is_file(DIR_SYSTEM . 'library/journal3/vendor/SuperCache

----------------------------------------------------------------------


---------- Date: 2026-03-31 17:51:08 ~ IP : 185.179.188.62 ----------
REQUEST URI : /d2.php
MOD DETAILS:
   modFile   : /home/canmotalka/web/can-motalka.ru/public_html/vqmod/xml/lightning.xml
   id        : OpenCart Lightning
   version   : 3.37
   vqmver    : 
   author    : MaxD http://devs.mx

File Name    : system/library/cache.php(0)
VQModObject::applyMod - SEARCH NOT FOUND (SKIPPED): if (is_file(DIR_SYSTEM . 'library/journal3/vendor/SuperCache

----------------------------------------------------------------------


---------- Date: 2026-03-31 17:51:08 ~ IP : 185.179.188.62 ----------
REQUEST URI : /index.php?information_id=9&amp;route=information/information
MOD DETAILS:
   modFile   : /home/canmotalka/web/can-motalka.ru/public_html/vqmod/xml/lightning.xml
   id        : OpenCart Lightning
   version   : 3.37
   vqmver    : 
   author    : MaxD http://devs.mx

File Name    : system/library/cache.php(0)
VQModObject::applyMod - SEARCH NOT FOUND (SKIPPED): if (is_file(DIR_SYSTEM . 'library/journal3/vendor/SuperCache

----------------------------------------------------------------------


---------- Date: 2026-03-31 17:51:09 ~ IP : 185.179.188.62 ----------
REQUEST URI : /xc.php
MOD DETAILS:
   modFile   : /home/canmotalka/web/can-motalka.ru/public_html/vqmod/xml/lightning.xml
   id        : OpenCart Lightning
   version   : 3.37
   vqmver    : 
   author    : MaxD http://devs.mx

File Name    : system/library/cache.php(0)
VQModObject::applyMod - SEARCH NOT FOUND (SKIPPED): if (is_file(DIR_SYSTEM . 'library/journal3/vendor/SuperCache

----------------------------------------------------------------------


---------- Date: 2026-03-31 17:51:09 ~ IP : 185.179.188.62 ----------
REQUEST URI : /g.php
MOD DETAILS:
   modFile   : /home/canmotalka/web/can-motalka.ru/public_html/vqmod/xml/lightning.xml
   id        : OpenCart Lightning
   version   : 3.37
   vqmver    : 
   author    : MaxD http://devs.mx

File Name    : system/library/cache.php(0)
VQModObject::applyMod - SEARCH NOT FOUND (SKIPPED): if (is_file(DIR_SYSTEM . 'library/journal3/vendor/SuperCache

----------------------------------------------------------------------


---------- Date: 2026-03-31 17:51:10 ~ IP : 185.179.188.62 ----------
REQUEST URI : /gmo.php
MOD DETAILS:
   modFile   : /home/canmotalka/web/can-motalka.ru/public_html/vqmod/xml/lightning.xml
   id        : OpenCart Lightning
   version   : 3.37
   vqmver    : 
   author    : MaxD http://devs.mx

File Name    : system/library/cache.php(0)
VQModObject::applyMod - SEARCH NOT FOUND (SKIPPED): if (is_file(DIR_SYSTEM . 'library/journal3/vendor/SuperCache

----------------------------------------------------------------------


---------- Date: 2026-03-31 17:51:10 ~ IP : 185.179.188.62 ----------
REQUEST URI : /index.php?route=information/information&amp;information_id=9
MOD DETAILS:
   modFile   : /home/canmotalka/web/can-motalka.ru/public_html/vqmod/xml/lightning.xml
   id        : OpenCart Lightning
   version   : 3.37
   vqmver    : 
   author    : MaxD http://devs.mx

File Name    : system/library/cache.php(0)
VQModObject::applyMod - SEARCH NOT FOUND (SKIPPED): if (is_file(DIR_SYSTEM . 'library/journal3/vendor/SuperCache

----------------------------------------------------------------------


---------- Date: 2026-03-31 17:51:10 ~ IP : 185.179.188.62 ----------
REQUEST URI : /11.php
MOD DETAILS:
   modFile   : /home/canmotalka/web/can-motalka.ru/public_html/vqmod/xml/lightning.xml
   id        : OpenCart Lightning
   version   : 3.37
   vqmver    : 
   author    : MaxD http://devs.mx

File Name    : system/library/cache.php(0)
VQModObject::applyMod - SEARCH NOT FOUND (SKIPPED): if (is_file(DIR_SYSTEM . 'library/journal3/vendor/SuperCache

----------------------------------------------------------------------


---------- Date: 2026-03-31 17:51:11 ~ IP : 185.179.188.62 ----------
REQUEST URI : /20.php
MOD DETAILS:
   modFile   : /home/canmotalka/web/can-motalka.ru/public_html/vqmod/xml/lightning.xml
   id        : OpenCart Lightning
   version   : 3.37
   vqmver    : 
   author    : MaxD http://devs.mx

File Name    : system/library/cache.php(0)
VQModObject::applyMod - SEARCH NOT FOUND (SKIPPED): if (is_file(DIR_SYSTEM . 'library/journal3/vendor/SuperCache

----------------------------------------------------------------------


---------- Date: 2026-03-31 17:51:12 ~ IP : 185.179.188.62 ----------
REQUEST URI : /f35.php
MOD DETAILS:
   modFile   : /home/canmotalka/web/can-motalka.ru/public_html/vqmod/xml/lightning.xml
   id        : OpenCart Lightning
   version   : 3.37
   vqmver    : 
   author    : MaxD http://devs.mx

File Name    : system/library/cache.php(0)
VQModObject::applyMod - SEARCH NOT FOUND (SKIPPED): if (is_file(DIR_SYSTEM . 'library/journal3/vendor/SuperCache

----------------------------------------------------------------------


---------- Date: 2026-03-31 17:51:12 ~ IP : 185.179.188.62 ----------
REQUEST URI : /c.php
MOD DETAILS:
   modFile   : /home/canmotalka/web/can-motalka.ru/public_html/vqmod/xml/lightning.xml
   id        : OpenCart Lightning
   version   : 3.37
   vqmver    : 
   author    : MaxD http://devs.mx

File Name    : system/library/cache.php(0)
VQModObject::applyMod - SEARCH NOT FOUND (SKIPPED): if (is_file(DIR_SYSTEM . 'library/journal3/vendor/SuperCache

----------------------------------------------------------------------


---------- Date: 2026-03-31 17:51:13 ~ IP : 185.179.188.62 ----------
REQUEST URI : /we2.php
MOD DETAILS:
   modFile   : /home/canmotalka/web/can-motalka.ru/public_html/vqmod/xml/lightning.xml
   id        : OpenCart Lightning
   version   : 3.37
   vqmver    : 
   author    : MaxD http://devs.mx

File Name    : system/library/cache.php(0)
VQModObject::applyMod - SEARCH NOT FOUND (SKIPPED): if (is_file(DIR_SYSTEM . 'library/journal3/vendor/SuperCache

----------------------------------------------------------------------


---------- Date: 2026-03-31 17:51:13 ~ IP : 185.179.188.62 ----------
REQUEST URI : /04.php
MOD DETAILS:
   modFile   : /home/canmotalka/web/can-motalka.ru/public_html/vqmod/xml/lightning.xml
   id        : OpenCart Lightning
   version   : 3.37
   vqmver    : 
   author    : MaxD http://devs.mx

File Name    : system/library/cache.php(0)
VQModObject::applyMod - SEARCH NOT FOUND (SKIPPED): if (is_file(DIR_SYSTEM . 'library/journal3/vendor/SuperCache

----------------------------------------------------------------------


---------- Date: 2026-03-31 17:51:14 ~ IP : 185.179.188.62 ----------
REQUEST URI : /333.php
MOD DETAILS:
   modFile   : /home/canmotalka/web/can-motalka.ru/public_html/vqmod/xml/lightning.xml
   id        : OpenCart Lightning
   version   : 3.37
   vqmver    : 
   author    : MaxD http://devs.mx

File Name    : system/library/cache.php(0)
VQModObject::applyMod - SEARCH NOT FOUND (SKIPPED): if (is_file(DIR_SYSTEM . 'library/journal3/vendor/SuperCache

----------------------------------------------------------------------


---------- Date: 2026-03-31 17:51:28 ~ IP : 185.179.188.62 ----------
REQUEST URI : /podmotka-spidometra-gazon-nekst/
MOD DETAILS:
   modFile   : /home/canmotalka/web/can-motalka.ru/public_html/vqmod/xml/lightning.xml
   id        : OpenCart Lightning
   version   : 3.37
   vqmver    : 
   author    : MaxD http://devs.mx

File Name    : system/library/cache.php(0)
VQModObject::applyMod - SEARCH NOT FOUND (SKIPPED): if (is_file(DIR_SYSTEM . 'library/journal3/vendor/SuperCache

----------------------------------------------------------------------


---------- Date: 2026-03-31 17:51:48 ~ IP : 185.179.188.62 ----------
REQUEST URI : /instrukciya-podmotka-camry/
MOD DETAILS:
   modFile   : /home/canmotalka/web/can-motalka.ru/public_html/vqmod/xml/lightning.xml
   id        : OpenCart Lightning
   version   : 3.37
   vqmver    : 
   author    : MaxD http://devs.mx

File Name    : system/library/cache.php(0)
VQModObject::applyMod - SEARCH NOT FOUND (SKIPPED): if (is_file(DIR_SYSTEM . 'library/journal3/vendor/SuperCache

----------------------------------------------------------------------


---------- Date: 2026-03-31 17:52:16 ~ IP : 185.179.188.62 ----------
REQUEST URI : /kak-rabotaet-podmotka-spidometra/
MOD DETAILS:
   modFile   : /home/canmotalka/web/can-motalka.ru/public_html/vqmod/xml/lightning.xml
   id        : OpenCart Lightning
   version   : 3.37
   vqmver    : 
   author    : MaxD http://devs.mx

File Name    : system/library/cache.php(0)
VQModObject::applyMod - SEARCH NOT FOUND (SKIPPED): if (is_file(DIR_SYSTEM . 'library/journal3/vendor/SuperCache

----------------------------------------------------------------------


---------- Date: 2026-03-31 17:52:16 ~ IP : 185.179.188.62 ----------
REQUEST URI : /podmotka_spidometra/
MOD DETAILS:
   modFile   : /home/canmotalka/web/can-motalka.ru/public_html/vqmod/xml/lightning.xml
   id        : OpenCart Lightning
   version   : 3.37
   vqmver    : 
   author    : MaxD http://devs.mx

File Name    : system/library/cache.php(0)
VQModObject::applyMod - SEARCH NOT FOUND (SKIPPED): if (is_file(DIR_SYSTEM . 'library/journal3/vendor/SuperCache

----------------------------------------------------------------------


---------- Date: 2026-03-31 17:52:18 ~ IP : 185.179.188.62 ----------
REQUEST URI : /granta_video_manual/
MOD DETAILS:
   modFile   : /home/canmotalka/web/can-motalka.ru/public_html/vqmod/xml/lightning.xml
   id        : OpenCart Lightning
   version   : 3.37
   vqmver    : 
   author    : MaxD http://devs.mx

File Name    : system/library/cache.php(0)
VQModObject::applyMod - SEARCH NOT FOUND (SKIPPED): if (is_file(DIR_SYSTEM . 'library/journal3/vendor/SuperCache

----------------------------------------------------------------------


---------- Date: 2026-03-31 17:52:20 ~ IP : 185.179.188.62 ----------
REQUEST URI : /index.php?route=module/popupcart_extended
MOD DETAILS:
   modFile   : /home/canmotalka/web/can-motalka.ru/public_html/vqmod/xml/lightning.xml
   id        : OpenCart Lightning
   version   : 3.37
   vqmver    : 
   author    : MaxD http://devs.mx

File Name    : system/library/cache.php(0)
VQModObject::applyMod - SEARCH NOT FOUND (SKIPPED): if (is_file(DIR_SYSTEM . 'library/journal3/vendor/SuperCache

----------------------------------------------------------------------


---------- Date: 2026-03-31 17:52:31 ~ IP : 185.179.188.62 ----------
REQUEST URI : /podmotka-spidometra-henday-solyaris/
MOD DETAILS:
   modFile   : /home/canmotalka/web/can-motalka.ru/public_html/vqmod/xml/lightning.xml
   id        : OpenCart Lightning
   version   : 3.37
   vqmver    : 
   author    : MaxD http://devs.mx

File Name    : system/library/cache.php(0)
VQModObject::applyMod - SEARCH NOT FOUND (SKIPPED): if (is_file(DIR_SYSTEM . 'library/journal3/vendor/SuperCache

----------------------------------------------------------------------


---------- Date: 2026-03-31 17:52:34 ~ IP : 185.179.188.62 ----------
REQUEST URI : /index.php?route=product/product/review&amp;product_id=272
MOD DETAILS:
   modFile   : /home/canmotalka/web/can-motalka.ru/public_html/vqmod/xml/lightning.xml
   id        : OpenCart Lightning
   version   : 3.37
   vqmver    : 
   author    : MaxD http://devs.mx

File Name    : system/library/cache.php(0)
VQModObject::applyMod - SEARCH NOT FOUND (SKIPPED): if (is_file(DIR_SYSTEM . 'library/journal3/vendor/SuperCache

----------------------------------------------------------------------


---------- Date: 2026-03-31 17:52:35 ~ IP : 185.179.188.62 ----------
REQUEST URI : /index.php?route=module/popupcart_extended
MOD DETAILS:
   modFile   : /home/canmotalka/web/can-motalka.ru/public_html/vqmod/xml/lightning.xml
   id        : OpenCart Lightning
   version   : 3.37
   vqmver    : 
   author    : MaxD http://devs.mx

File Name    : system/library/cache.php(0)
VQModObject::applyMod - SEARCH NOT FOUND (SKIPPED): if (is_file(DIR_SYSTEM . 'library/journal3/vendor/SuperCache

----------------------------------------------------------------------


---------- Date: 2026-03-31 17:52:38 ~ IP : 185.179.188.62 ----------
REQUEST URI : /podmotka-spidometra-uaz-patriot/
MOD DETAILS:
   modFile   : /home/canmotalka/web/can-motalka.ru/public_html/vqmod/xml/lightning.xml
   id        : OpenCart Lightning
   version   : 3.37
   vqmver    : 
   author    : MaxD http://devs.mx

File Name    : system/library/cache.php(0)
VQModObject::applyMod - SEARCH NOT FOUND (SKIPPED): if (is_file(DIR_SYSTEM . 'library/journal3/vendor/SuperCache

----------------------------------------------------------------------


---------- Date: 2026-03-31 17:52:51 ~ IP : 185.179.188.62 ----------
REQUEST URI : /patriot_re/
MOD DETAILS:
   modFile   : /home/canmotalka/web/can-motalka.ru/public_html/vqmod/xml/lightning.xml
   id        : OpenCart Lightning
   version   : 3.37
   vqmver    : 
   author    : MaxD http://devs.mx

File Name    : system/library/cache.php(0)
VQModObject::applyMod - SEARCH NOT FOUND (SKIPPED): if (is_file(DIR_SYSTEM . 'library/journal3/vendor/SuperCache

----------------------------------------------------------------------


---------- Date: 2026-03-31 17:52:53 ~ IP : 185.179.188.62 ----------
REQUEST URI : /index.php?route=module/popupcart_extended
MOD DETAILS:
   modFile   : /home/canmotalka/web/can-motalka.ru/public_html/vqmod/xml/lightning.xml
   id        : OpenCart Lightning
   version   : 3.37
   vqmver    : 
   author    : MaxD http://devs.mx

File Name    : system/library/cache.php(0)
VQModObject::applyMod - SEARCH NOT FOUND (SKIPPED): if (is_file(DIR_SYSTEM . 'library/journal3/vendor/SuperCache

----------------------------------------------------------------------


---------- Date: 2026-03-31 17:52:59 ~ IP : 185.179.188.62 ----------
REQUEST URI : /index.php?route=common/footer/click_counter
MOD DETAILS:
   modFile   : /home/canmotalka/web/can-motalka.ru/public_html/vqmod/xml/lightning.xml
   id        : OpenCart Lightning
   version   : 3.37
   vqmver    : 
   author    : MaxD http://devs.mx

File Name    : system/library/cache.php(0)
VQModObject::applyMod - SEARCH NOT FOUND (SKIPPED): if (is_file(DIR_SYSTEM . 'library/journal3/vendor/SuperCache

----------------------------------------------------------------------


---------- Date: 2026-03-31 17:53:11 ~ IP : 185.179.188.62 ----------
REQUEST URI : /instrukciya-podmotka-vesta/
MOD DETAILS:
   modFile   : /home/canmotalka/web/can-motalka.ru/public_html/vqmod/xml/lightning.xml
   id        : OpenCart Lightning
   version   : 3.37
   vqmver    : 
   author    : MaxD http://devs.mx

File Name    : system/library/cache.php(0)
VQModObject::applyMod - SEARCH NOT FOUND (SKIPPED): if (is_file(DIR_SYSTEM . 'library/journal3/vendor/SuperCache

----------------------------------------------------------------------


---------- Date: 2026-03-31 17:53:12 ~ IP : 185.179.188.62 ----------
REQUEST URI : /index.php?route=module/popupcart_extended
MOD DETAILS:
   modFile   : /home/canmotalka/web/can-motalka.ru/public_html/vqmod/xml/lightning.xml
   id        : OpenCart Lightning
   version   : 3.37
   vqmver    : 
   author    : MaxD http://devs.mx

File Name    : system/library/cache.php(0)
VQModObject::applyMod - SEARCH NOT FOUND (SKIPPED): if (is_file(DIR_SYSTEM . 'library/journal3/vendor/SuperCache

----------------------------------------------------------------------


---------- Date: 2026-03-31 17:53:35 ~ IP : 185.179.188.62 ----------
REQUEST URI : /podmotka-spidometra-uaz-patriot/
MOD DETAILS:
   modFile   : /home/canmotalka/web/can-motalka.ru/public_html/vqmod/xml/lightning.xml
   id        : OpenCart Lightning
   version   : 3.37
   vqmver    : 
   author    : MaxD http://devs.mx

File Name    : system/library/cache.php(0)
VQModObject::applyMod - SEARCH NOT FOUND (SKIPPED): if (is_file(DIR_SYSTEM . 'library/journal3/vendor/SuperCache

----------------------------------------------------------------------


---------- Date: 2026-03-31 17:53:36 ~ IP : 185.179.188.62 ----------
REQUEST URI : /index.php?route=product/product/review&amp;product_id=277
MOD DETAILS:
   modFile   : /home/canmotalka/web/can-motalka.ru/public_html/vqmod/xml/lightning.xml
   id        : OpenCart Lightning
   version   : 3.37
   vqmver    : 
   author    : MaxD http://devs.mx

File Name    : system/library/cache.php(0)
VQModObject::applyMod - SEARCH NOT FOUND (SKIPPED): if (is_file(DIR_SYSTEM . 'library/journal3/vendor/SuperCache

----------------------------------------------------------------------


---------- Date: 2026-03-31 17:53:36 ~ IP : 185.179.188.62 ----------
REQUEST URI : /index.php?route=module/popupcart_extended
MOD DETAILS:
   modFile   : /home/canmotalka/web/can-motalka.ru/public_html/vqmod/xml/lightning.xml
   id        : OpenCart Lightning
   version   : 3.37
   vqmver    : 
   author    : MaxD http://devs.mx

File Name    : system/library/cache.php(0)
VQModObject::applyMod - SEARCH NOT FOUND (SKIPPED): if (is_file(DIR_SYSTEM . 'library/journal3/vendor/SuperCache

----------------------------------------------------------------------


---------- Date: 2026-03-31 17:55:23 ~ IP : 185.179.188.62 ----------
REQUEST URI : /podmotka-spidometra-renault-kangoo/
MOD DETAILS:
   modFile   : /home/canmotalka/web/can-motalka.ru/public_html/vqmod/xml/lightning.xml
   id        : OpenCart Lightning
   version   : 3.37
   vqmver    : 
   author    : MaxD http://devs.mx

File Name    : system/library/cache.php(0)
VQModObject::applyMod - SEARCH NOT FOUND (SKIPPED): if (is_file(DIR_SYSTEM . 'library/journal3/vendor/SuperCache

----------------------------------------------------------------------


---------- Date: 2026-03-31 17:56:19 ~ IP : 185.179.188.62 ----------
REQUEST URI : /index.php?route=module/popupcart_extended
MOD DETAILS:
   modFile   : /home/canmotalka/web/can-motalka.ru/public_html/vqmod/xml/lightning.xml
   id        : OpenCart Lightning
   version   : 3.37
   vqmver    : 
   author    : MaxD http://devs.mx

File Name    : system/library/cache.php(0)
VQModObject::applyMod - SEARCH NOT FOUND (SKIPPED): if (is_file(DIR_SYSTEM . 'library/journal3/vendor/SuperCache

----------------------------------------------------------------------


---------- Date: 2026-03-31 17:58:57 ~ IP : 185.179.188.62 ----------
REQUEST URI : /podmotka-spidometra-lada-granta-fl/
MOD DETAILS:
   modFile   : /home/canmotalka/web/can-motalka.ru/public_html/vqmod/xml/lightning.xml
   id        : OpenCart Lightning
   version   : 3.37
   vqmver    : 
   author    : MaxD http://devs.mx

File Name    : system/library/cache.php(0)
VQModObject::applyMod - SEARCH NOT FOUND (SKIPPED): if (is_file(DIR_SYSTEM . 'library/journal3/vendor/SuperCache

----------------------------------------------------------------------


---------- Date: 2026-03-31 17:59:34 ~ IP : 185.179.188.62 ----------
REQUEST URI : /podmotka-spidometra-nissan-almera/
MOD DETAILS:
   modFile   : /home/canmotalka/web/can-motalka.ru/public_html/vqmod/xml/lightning.xml
   id        : OpenCart Lightning
   version   : 3.37
   vqmver    : 
   author    : MaxD http://devs.mx

File Name    : system/library/cache.php(0)
VQModObject::applyMod - SEARCH NOT FOUND (SKIPPED): if (is_file(DIR_SYSTEM . 'library/journal3/vendor/SuperCache

----------------------------------------------------------------------


---------- Date: 2026-03-31 18:01:58 ~ IP : 185.179.188.62 ----------
REQUEST URI : /podmotka-spidometra-hyundai-genesis-g80/
MOD DETAILS:
   modFile   : /home/canmotalka/web/can-motalka.ru/public_html/vqmod/xml/lightning.xml
   id        : OpenCart Lightning
   version   : 3.37
   vqmver    : 
   author    : MaxD http://devs.mx

File Name    : system/library/cache.php(0)
VQModObject::applyMod - SEARCH NOT FOUND (SKIPPED): if (is_file(DIR_SYSTEM . 'library/journal3/vendor/SuperCache

----------------------------------------------------------------------


---------- Date: 2026-03-31 18:02:06 ~ IP : 185.179.188.62 ----------
REQUEST URI : /index.php?route=module/popupcart_extended
MOD DETAILS:
   modFile   : /home/canmotalka/web/can-motalka.ru/public_html/vqmod/xml/lightning.xml
   id        : OpenCart Lightning
   version   : 3.37
   vqmver    : 
   author    : MaxD http://devs.mx

File Name    : system/library/cache.php(0)
VQModObject::applyMod - SEARCH NOT FOUND (SKIPPED): if (is_file(DIR_SYSTEM . 'library/journal3/vendor/SuperCache

----------------------------------------------------------------------


---------- Date: 2026-03-31 18:02:42 ~ IP : 185.179.188.62 ----------
REQUEST URI : /motalki/?ysclid=mneqxgpd8339593887
MOD DETAILS:
   modFile   : /home/canmotalka/web/can-motalka.ru/public_html/vqmod/xml/lightning.xml
   id        : OpenCart Lightning
   version   : 3.37
   vqmver    : 
   author    : MaxD http://devs.mx

File Name    : system/library/cache.php(0)
VQModObject::applyMod - SEARCH NOT FOUND (SKIPPED): if (is_file(DIR_SYSTEM . 'library/journal3/vendor/SuperCache

----------------------------------------------------------------------


---------- Date: 2026-03-31 18:02:43 ~ IP : 185.179.188.62 ----------
REQUEST URI : /index.php?route=module/popupcart_extended
MOD DETAILS:
   modFile   : /home/canmotalka/web/can-motalka.ru/public_html/vqmod/xml/lightning.xml
   id        : OpenCart Lightning
   version   : 3.37
   vqmver    : 
   author    : MaxD http://devs.mx

File Name    : system/library/cache.php(0)
VQModObject::applyMod - SEARCH NOT FOUND (SKIPPED): if (is_file(DIR_SYSTEM . 'library/journal3/vendor/SuperCache

----------------------------------------------------------------------


---------- Date: 2026-03-31 18:03:40 ~ IP : 185.179.188.62 ----------
REQUEST URI : /gazelle_biz_manual/?ysclid=mneqypwqle201294216
MOD DETAILS:
   modFile   : /home/canmotalka/web/can-motalka.ru/public_html/vqmod/xml/lightning.xml
   id        : OpenCart Lightning
   version   : 3.37
   vqmver    : 
   author    : MaxD http://devs.mx

File Name    : system/library/cache.php(0)
VQModObject::applyMod - SEARCH NOT FOUND (SKIPPED): if (is_file(DIR_SYSTEM . 'library/journal3/vendor/SuperCache

----------------------------------------------------------------------


---------- Date: 2026-03-31 18:03:41 ~ IP : 185.179.188.62 ----------
REQUEST URI : /gazelle_biz_manual/
MOD DETAILS:
   modFile   : /home/canmotalka/web/can-motalka.ru/public_html/vqmod/xml/lightning.xml
   id        : OpenCart Lightning
   version   : 3.37
   vqmver    : 
   author    : MaxD http://devs.mx

File Name    : system/library/cache.php(0)
VQModObject::applyMod - SEARCH NOT FOUND (SKIPPED): if (is_file(DIR_SYSTEM . 'library/journal3/vendor/SuperCache

----------------------------------------------------------------------


---------- Date: 2026-03-31 18:03:42 ~ IP : 185.179.188.62 ----------
REQUEST URI : /index.php?route=module/popupcart_extended
MOD DETAILS:
   modFile   : /home/canmotalka/web/can-motalka.ru/public_html/vqmod/xml/lightning.xml
   id        : OpenCart Lightning
   version   : 3.37
   vqmver    : 
   author    : MaxD http://devs.mx

File Name    : system/library/cache.php(0)
VQModObject::applyMod - SEARCH NOT FOUND (SKIPPED): if (is_file(DIR_SYSTEM . 'library/journal3/vendor/SuperCache

----------------------------------------------------------------------


---------- Date: 2026-03-31 18:04:28 ~ IP : 185.179.188.62 ----------
REQUEST URI : /podmotka-krutilka-spidometra-gazel-biznes-benzin-evotec-ili-cummins/
MOD DETAILS:
   modFile   : /home/canmotalka/web/can-motalka.ru/public_html/vqmod/xml/lightning.xml
   id        : OpenCart Lightning
   version   : 3.37
   vqmver    : 
   author    : MaxD http://devs.mx

File Name    : system/library/cache.php(0)
VQModObject::applyMod - SEARCH NOT FOUND (SKIPPED): if (is_file(DIR_SYSTEM . 'library/journal3/vendor/SuperCache

----------------------------------------------------------------------


---------- Date: 2026-03-31 18:05:00 ~ IP : 185.179.188.62 ----------
REQUEST URI : /podmotka_uaz_re/
MOD DETAILS:
   modFile   : /home/canmotalka/web/can-motalka.ru/public_html/vqmod/xml/lightning.xml
   id        : OpenCart Lightning
   version   : 3.37
   vqmver    : 
   author    : MaxD http://devs.mx

File Name    : system/library/cache.php(0)
VQModObject::applyMod - SEARCH NOT FOUND (SKIPPED): if (is_file(DIR_SYSTEM . 'library/journal3/vendor/SuperCache

----------------------------------------------------------------------


---------- Date: 2026-03-31 18:05:19 ~ IP : 185.179.188.62 ----------
REQUEST URI : /patriot_re/
MOD DETAILS:
   modFile   : /home/canmotalka/web/can-motalka.ru/public_html/vqmod/xml/lightning.xml
   id        : OpenCart Lightning
   version   : 3.37
   vqmver    : 
   author    : MaxD http://devs.mx

File Name    : system/library/cache.php(0)
VQModObject::applyMod - SEARCH NOT FOUND (SKIPPED): if (is_file(DIR_SYSTEM . 'library/journal3/vendor/SuperCache

----------------------------------------------------------------------


---------- Date: 2026-03-31 18:06:18 ~ IP : 185.179.188.62 ----------
REQUEST URI : /podmotka-spidometra-toyota-highlander/
MOD DETAILS:
   modFile   : /home/canmotalka/web/can-motalka.ru/public_html/vqmod/xml/lightning.xml
   id        : OpenCart Lightning
   version   : 3.37
   vqmver    : 
   author    : MaxD http://devs.mx

File Name    : system/library/cache.php(0)
VQModObject::applyMod - SEARCH NOT FOUND (SKIPPED): if (is_file(DIR_SYSTEM . 'library/journal3/vendor/SuperCache

----------------------------------------------------------------------


---------- Date: 2026-03-31 18:07:00 ~ IP : 185.179.188.62 ----------
REQUEST URI : /podmotka-spidometra-largus/
MOD DETAILS:
   modFile   : /home/canmotalka/web/can-motalka.ru/public_html/vqmod/xml/lightning.xml
   id        : OpenCart Lightning
   version   : 3.37
   vqmver    : 
   author    : MaxD http://devs.mx

File Name    : system/library/cache.php(0)
VQModObject::applyMod - SEARCH NOT FOUND (SKIPPED): if (is_file(DIR_SYSTEM . 'library/journal3/vendor/SuperCache

----------------------------------------------------------------------


---------- Date: 2026-03-31 18:07:02 ~ IP : 185.179.188.62 ----------
REQUEST URI : /index.php?route=product/product/review&amp;product_id=258
MOD DETAILS:
   modFile   : /home/canmotalka/web/can-motalka.ru/public_html/vqmod/xml/lightning.xml
   id        : OpenCart Lightning
   version   : 3.37
   vqmver    : 
   author    : MaxD http://devs.mx

File Name    : system/library/cache.php(0)
VQModObject::applyMod - SEARCH NOT FOUND (SKIPPED): if (is_file(DIR_SYSTEM . 'library/journal3/vendor/SuperCache

----------------------------------------------------------------------


---------- Date: 2026-03-31 18:07:03 ~ IP : 185.179.188.62 ----------
REQUEST URI : /index.php?route=module/popupcart_extended
MOD DETAILS:
   modFile   : /home/canmotalka/web/can-motalka.ru/public_html/vqmod/xml/lightning.xml
   id        : OpenCart Lightning
   version   : 3.37
   vqmver    : 
   author    : MaxD http://devs.mx

File Name    : system/library/cache.php(0)
VQModObject::applyMod - SEARCH NOT FOUND (SKIPPED): if (is_file(DIR_SYSTEM . 'library/journal3/vendor/SuperCache

----------------------------------------------------------------------


---------- Date: 2026-03-31 18:07:23 ~ IP : 185.179.188.62 ----------
REQUEST URI : /podmotka-spidometra-toyota-avensis/
MOD DETAILS:
   modFile   : /home/canmotalka/web/can-motalka.ru/public_html/vqmod/xml/lightning.xml
   id        : OpenCart Lightning
   version   : 3.37
   vqmver    : 
   author    : MaxD http://devs.mx

File Name    : system/library/cache.php(0)
VQModObject::applyMod - SEARCH NOT FOUND (SKIPPED): if (is_file(DIR_SYSTEM . 'library/journal3/vendor/SuperCache

----------------------------------------------------------------------


---------- Date: 2026-03-31 18:08:03 ~ IP : 185.179.188.62 ----------
REQUEST URI : /podmotka_uaz_re/?ysclid=mner4aet3734065332
MOD DETAILS:
   modFile   : /home/canmotalka/web/can-motalka.ru/public_html/vqmod/xml/lightning.xml
   id        : OpenCart Lightning
   version   : 3.37
   vqmver    : 
   author    : MaxD http://devs.mx

File Name    : system/library/cache.php(0)
VQModObject::applyMod - SEARCH NOT FOUND (SKIPPED): if (is_file(DIR_SYSTEM . 'library/journal3/vendor/SuperCache

----------------------------------------------------------------------


---------- Date: 2026-03-31 18:08:03 ~ IP : 185.179.188.62 ----------
REQUEST URI : /podmotka_uaz_re/
MOD DETAILS:
   modFile   : /home/canmotalka/web/can-motalka.ru/public_html/vqmod/xml/lightning.xml
   id        : OpenCart Lightning
   version   : 3.37
   vqmver    : 
   author    : MaxD http://devs.mx

File Name    : system/library/cache.php(0)
VQModObject::applyMod - SEARCH NOT FOUND (SKIPPED): if (is_file(DIR_SYSTEM . 'library/journal3/vendor/SuperCache

----------------------------------------------------------------------


---------- Date: 2026-03-31 18:08:04 ~ IP : 185.179.188.62 ----------
REQUEST URI : /index.php?route=module/popupcart_extended
MOD DETAILS:
   modFile   : /home/canmotalka/web/can-motalka.ru/public_html/vqmod/xml/lightning.xml
   id        : OpenCart Lightning
   version   : 3.37
   vqmver    : 
   author    : MaxD http://devs.mx

File Name    : system/library/cache.php(0)
VQModObject::applyMod - SEARCH NOT FOUND (SKIPPED): if (is_file(DIR_SYSTEM . 'library/journal3/vendor/SuperCache

----------------------------------------------------------------------


---------- Date: 2026-03-31 18:09:52 ~ IP : 185.179.188.62 ----------
REQUEST URI : /podmotka-spidometra-gazel-nekst/
MOD DETAILS:
   modFile   : /home/canmotalka/web/can-motalka.ru/public_html/vqmod/xml/lightning.xml
   id        : OpenCart Lightning
   version   : 3.37
   vqmver    : 
   author    : MaxD http://devs.mx

File Name    : system/library/cache.php(0)
VQModObject::applyMod - SEARCH NOT FOUND (SKIPPED): if (is_file(DIR_SYSTEM . 'library/journal3/vendor/SuperCache

----------------------------------------------------------------------


---------- Date: 2026-03-31 18:10:11 ~ IP : 185.179.188.62 ----------
REQUEST URI : /namotchik-probega-dlya-mazda-cx
MOD DETAILS:
   modFile   : /home/canmotalka/web/can-motalka.ru/public_html/vqmod/xml/lightning.xml
   id        : OpenCart Lightning
   version   : 3.37
   vqmver    : 
   author    : MaxD http://devs.mx

File Name    : system/library/cache.php(0)
VQModObject::applyMod - SEARCH NOT FOUND (SKIPPED): if (is_file(DIR_SYSTEM . 'library/journal3/vendor/SuperCache

----------------------------------------------------------------------


---------- Date: 2026-03-31 18:10:14 ~ IP : 185.179.188.62 ----------
REQUEST URI : /kak-rabotaet-podmotka-spidometra/
MOD DETAILS:
   modFile   : /home/canmotalka/web/can-motalka.ru/public_html/vqmod/xml/lightning.xml
   id        : OpenCart Lightning
   version   : 3.37
   vqmver    : 
   author    : MaxD http://devs.mx

File Name    : system/library/cache.php(0)
VQModObject::applyMod - SEARCH NOT FOUND (SKIPPED): if (is_file(DIR_SYSTEM . 'library/journal3/vendor/SuperCache

----------------------------------------------------------------------


---------- Date: 2026-03-31 18:10:41 ~ IP : 185.179.188.62 ----------
REQUEST URI : /podmotka-spidometra-uaz-profi/
MOD DETAILS:
   modFile   : /home/canmotalka/web/can-motalka.ru/public_html/vqmod/xml/lightning.xml
   id        : OpenCart Lightning
   version   : 3.37
   vqmver    : 
   author    : MaxD http://devs.mx

File Name    : system/library/cache.php(0)
VQModObject::applyMod - SEARCH NOT FOUND (SKIPPED): if (is_file(DIR_SYSTEM . 'library/journal3/vendor/SuperCache

----------------------------------------------------------------------


---------- Date: 2026-03-31 18:12:11 ~ IP : 185.179.188.62 ----------
REQUEST URI : /namotchik-probega-dlya-uaz-patriot-konec-do-2016-zelenyy-displey/
MOD DETAILS:
   modFile   : /home/canmotalka/web/can-motalka.ru/public_html/vqmod/xml/lightning.xml
   id        : OpenCart Lightning
   version   : 3.37
   vqmver    : 
   author    : MaxD http://devs.mx

File Name    : system/library/cache.php(0)
VQModObject::applyMod - SEARCH NOT FOUND (SKIPPED): if (is_file(DIR_SYSTEM . 'library/journal3/vendor/SuperCache

----------------------------------------------------------------------


---------- Date: 2026-03-31 18:12:52 ~ IP : 185.179.188.62 ----------
REQUEST URI : /xmlrpc.php
MOD DETAILS:
   modFile   : /home/canmotalka/web/can-motalka.ru/public_html/vqmod/xml/lightning.xml
   id        : OpenCart Lightning
   version   : 3.37
   vqmver    : 
   author    : MaxD http://devs.mx

File Name    : system/library/cache.php(0)
VQModObject::applyMod - SEARCH NOT FOUND (SKIPPED): if (is_file(DIR_SYSTEM . 'library/journal3/vendor/SuperCache

----------------------------------------------------------------------


---------- Date: 2026-03-31 18:13:58 ~ IP : 185.179.188.62 ----------
REQUEST URI : /podmotka-spidometra-largus/
MOD DETAILS:
   modFile   : /home/canmotalka/web/can-motalka.ru/public_html/vqmod/xml/lightning.xml
   id        : OpenCart Lightning
   version   : 3.37
   vqmver    : 
   author    : MaxD http://devs.mx

File Name    : system/library/cache.php(0)
VQModObject::applyMod - SEARCH NOT FOUND (SKIPPED): if (is_file(DIR_SYSTEM . 'library/journal3/vendor/SuperCache

----------------------------------------------------------------------


---------- Date: 2026-03-31 18:16:24 ~ IP : 185.179.188.62 ----------
REQUEST URI : /setting_php/uluchshenie-potencii/576-yabloki-pri-pielonefrite/
MOD DETAILS:
   modFile   : /home/canmotalka/web/can-motalka.ru/public_html/vqmod/xml/lightning.xml
   id        : OpenCart Lightning
   version   : 3.37
   vqmver    : 
   author    : MaxD http://devs.mx

File Name    : system/library/cache.php(0)
VQModObject::applyMod - SEARCH NOT FOUND (SKIPPED): if (is_file(DIR_SYSTEM . 'library/journal3/vendor/SuperCache

----------------------------------------------------------------------


---------- Date: 2026-03-31 18:17:20 ~ IP : 185.179.188.62 ----------
REQUEST URI : /sitemap.xml
MOD DETAILS:
   modFile   : /home/canmotalka/web/can-motalka.ru/public_html/vqmod/xml/lightning.xml
   id        : OpenCart Lightning
   version   : 3.37
   vqmver    : 
   author    : MaxD http://devs.mx

File Name    : system/library/cache.php(0)
VQModObject::applyMod - SEARCH NOT FOUND (SKIPPED): if (is_file(DIR_SYSTEM . 'library/journal3/vendor/SuperCache

----------------------------------------------------------------------


---------- Date: 2026-03-31 18:17:28 ~ IP : 185.179.188.62 ----------
REQUEST URI : /podmotka-spidometra-haval-h9/
MOD DETAILS:
   modFile   : /home/canmotalka/web/can-motalka.ru/public_html/vqmod/xml/lightning.xml
   id        : OpenCart Lightning
   version   : 3.37
   vqmver    : 
   author    : MaxD http://devs.mx

File Name    : system/library/cache.php(0)
VQModObject::applyMod - SEARCH NOT FOUND (SKIPPED): if (is_file(DIR_SYSTEM . 'library/journal3/vendor/SuperCache

----------------------------------------------------------------------


---------- Date: 2026-03-31 18:18:06 ~ IP : 185.179.188.62 ----------
REQUEST URI : /podmotka-spidometra-ford-mondeo-4/
MOD DETAILS:
   modFile   : /home/canmotalka/web/can-motalka.ru/public_html/vqmod/xml/lightning.xml
   id        : OpenCart Lightning
   version   : 3.37
   vqmver    : 
   author    : MaxD http://devs.mx

File Name    : system/library/cache.php(0)
VQModObject::applyMod - SEARCH NOT FOUND (SKIPPED): if (is_file(DIR_SYSTEM . 'library/journal3/vendor/SuperCache

----------------------------------------------------------------------


---------- Date: 2026-03-31 18:18:18 ~ IP : 185.179.188.62 ----------
REQUEST URI : /podmotka_spidometra/
MOD DETAILS:
   modFile   : /home/canmotalka/web/can-motalka.ru/public_html/vqmod/xml/lightning.xml
   id        : OpenCart Lightning
   version   : 3.37
   vqmver    : 
   author    : MaxD http://devs.mx

File Name    : system/library/cache.php(0)
VQModObject::applyMod - SEARCH NOT FOUND (SKIPPED): if (is_file(DIR_SYSTEM . 'library/journal3/vendor/SuperCache

----------------------------------------------------------------------


---------- Date: 2026-03-31 18:18:20 ~ IP : 185.179.188.62 ----------
REQUEST URI : /podmotka_vesta_re/
MOD DETAILS:
   modFile   : /home/canmotalka/web/can-motalka.ru/public_html/vqmod/xml/lightning.xml
   id        : OpenCart Lightning
   version   : 3.37
   vqmver    : 
   author    : MaxD http://devs.mx

File Name    : system/library/cache.php(0)
VQModObject::applyMod - SEARCH NOT FOUND (SKIPPED): if (is_file(DIR_SYSTEM . 'library/journal3/vendor/SuperCache

----------------------------------------------------------------------


---------- Date: 2026-03-31 18:20:58 ~ IP : 185.179.188.62 ----------
REQUEST URI : /podmotka_uaz_re/?ysclid=mnerky0igy327195469
MOD DETAILS:
   modFile   : /home/canmotalka/web/can-motalka.ru/public_html/vqmod/xml/lightning.xml
   id        : OpenCart Lightning
   version   : 3.37
   vqmver    : 
   author    : MaxD http://devs.mx

File Name    : system/library/cache.php(0)
VQModObject::applyMod - SEARCH NOT FOUND (SKIPPED): if (is_file(DIR_SYSTEM . 'library/journal3/vendor/SuperCache

----------------------------------------------------------------------


---------- Date: 2026-03-31 18:20:59 ~ IP : 185.179.188.62 ----------
REQUEST URI : /podmotka_uaz_re/
MOD DETAILS:
   modFile   : /home/canmotalka/web/can-motalka.ru/public_html/vqmod/xml/lightning.xml
   id        : OpenCart Lightning
   version   : 3.37
   vqmver    : 
   author    : MaxD http://devs.mx

File Name    : system/library/cache.php(0)
VQModObject::applyMod - SEARCH NOT FOUND (SKIPPED): if (is_file(DIR_SYSTEM . 'library/journal3/vendor/SuperCache

----------------------------------------------------------------------


---------- Date: 2026-03-31 18:21:00 ~ IP : 185.179.188.62 ----------
REQUEST URI : /index.php?route=module/popupcart_extended
MOD DETAILS:
   modFile   : /home/canmotalka/web/can-motalka.ru/public_html/vqmod/xml/lightning.xml
   id        : OpenCart Lightning
   version   : 3.37
   vqmver    : 
   author    : MaxD http://devs.mx

File Name    : system/library/cache.php(0)
VQModObject::applyMod - SEARCH NOT FOUND (SKIPPED): if (is_file(DIR_SYSTEM . 'library/journal3/vendor/SuperCache

----------------------------------------------------------------------


---------- Date: 2026-03-31 18:22:48 ~ IP : 185.179.188.62 ----------
REQUEST URI : /podmotka-krutilka-spidometra-gazel-biznes-benzin-evotec-ili-cummins/
MOD DETAILS:
   modFile   : /home/canmotalka/web/can-motalka.ru/public_html/vqmod/xml/lightning.xml
   id        : OpenCart Lightning
   version   : 3.37
   vqmver    : 
   author    : MaxD http://devs.mx

File Name    : system/library/cache.php(0)
VQModObject::applyMod - SEARCH NOT FOUND (SKIPPED): if (is_file(DIR_SYSTEM . 'library/journal3/vendor/SuperCache

----------------------------------------------------------------------


---------- Date: 2026-03-31 18:27:02 ~ IP : 185.179.188.62 ----------
REQUEST URI : /patriot_re/
MOD DETAILS:
   modFile   : /home/canmotalka/web/can-motalka.ru/public_html/vqmod/xml/lightning.xml
   id        : OpenCart Lightning
   version   : 3.37
   vqmver    : 
   author    : MaxD http://devs.mx

File Name    : system/library/cache.php(0)
VQModObject::applyMod - SEARCH NOT FOUND (SKIPPED): if (is_file(DIR_SYSTEM . 'library/journal3/vendor/SuperCache

----------------------------------------------------------------------


---------- Date: 2026-03-31 18:27:33 ~ IP : 185.179.188.62 ----------
REQUEST URI : /patriot_re/
MOD DETAILS:
   modFile   : /home/canmotalka/web/can-motalka.ru/public_html/vqmod/xml/lightning.xml
   id        : OpenCart Lightning
   version   : 3.37
   vqmver    : 
   author    : MaxD http://devs.mx

File Name    : system/library/cache.php(0)
VQModObject::applyMod - SEARCH NOT FOUND (SKIPPED): if (is_file(DIR_SYSTEM . 'library/journal3/vendor/SuperCache

----------------------------------------------------------------------


---------- Date: 2026-03-31 18:29:40 ~ IP : 185.179.188.62 ----------
REQUEST URI : /patriot_re/
MOD DETAILS:
   modFile   : /home/canmotalka/web/can-motalka.ru/public_html/vqmod/xml/lightning.xml
   id        : OpenCart Lightning
   version   : 3.37
   vqmver    : 
   author    : MaxD http://devs.mx

File Name    : system/library/cache.php(0)
VQModObject::applyMod - SEARCH NOT FOUND (SKIPPED): if (is_file(DIR_SYSTEM . 'library/journal3/vendor/SuperCache

----------------------------------------------------------------------


---------- Date: 2026-03-31 18:30:38 ~ IP : 185.179.188.62 ----------
REQUEST URI : /instrukciya-podmotka-kamaz/
MOD DETAILS:
   modFile   : /home/canmotalka/web/can-motalka.ru/public_html/vqmod/xml/lightning.xml
   id        : OpenCart Lightning
   version   : 3.37
   vqmver    : 
   author    : MaxD http://devs.mx

File Name    : system/library/cache.php(0)
VQModObject::applyMod - SEARCH NOT FOUND (SKIPPED): if (is_file(DIR_SYSTEM . 'library/journal3/vendor/SuperCache

----------------------------------------------------------------------


---------- Date: 2026-03-31 18:31:17 ~ IP : 185.179.188.62 ----------
REQUEST URI : /instrukciya-podmotka-kamaz/
MOD DETAILS:
   modFile   : /home/canmotalka/web/can-motalka.ru/public_html/vqmod/xml/lightning.xml
   id        : OpenCart Lightning
   version   : 3.37
   vqmver    : 
   author    : MaxD http://devs.mx

File Name    : system/library/cache.php(0)
VQModObject::applyMod - SEARCH NOT FOUND (SKIPPED): if (is_file(DIR_SYSTEM . 'library/journal3/vendor/SuperCache

----------------------------------------------------------------------


---------- Date: 2026-03-31 18:33:24 ~ IP : 185.179.188.62 ----------
REQUEST URI : /tranzit_new_videomanual/
MOD DETAILS:
   modFile   : /home/canmotalka/web/can-motalka.ru/public_html/vqmod/xml/lightning.xml
   id        : OpenCart Lightning
   version   : 3.37
   vqmver    : 
   author    : MaxD http://devs.mx

File Name    : system/library/cache.php(0)
VQModObject::applyMod - SEARCH NOT FOUND (SKIPPED): if (is_file(DIR_SYSTEM . 'library/journal3/vendor/SuperCache

----------------------------------------------------------------------


---------- Date: 2026-03-31 18:33:28 ~ IP : 185.179.188.62 ----------
REQUEST URI : /index.php?route=module/popupcart_extended
MOD DETAILS:
   modFile   : /home/canmotalka/web/can-motalka.ru/public_html/vqmod/xml/lightning.xml
   id        : OpenCart Lightning
   version   : 3.37
   vqmver    : 
   author    : MaxD http://devs.mx

File Name    : system/library/cache.php(0)
VQModObject::applyMod - SEARCH NOT FOUND (SKIPPED): if (is_file(DIR_SYSTEM . 'library/journal3/vendor/SuperCache

----------------------------------------------------------------------


---------- Date: 2026-03-31 18:33:53 ~ IP : 185.179.188.62 ----------
REQUEST URI : /namotchik-probega-dlya-audi-a8/
MOD DETAILS:
   modFile   : /home/canmotalka/web/can-motalka.ru/public_html/vqmod/xml/lightning.xml
   id        : OpenCart Lightning
   version   : 3.37
   vqmver    : 
   author    : MaxD http://devs.mx

File Name    : system/library/cache.php(0)
VQModObject::applyMod - SEARCH NOT FOUND (SKIPPED): if (is_file(DIR_SYSTEM . 'library/journal3/vendor/SuperCache

----------------------------------------------------------------------


---------- Date: 2026-03-31 18:34:06 ~ IP : 185.179.188.62 ----------
REQUEST URI : /index.php?route=product/product/review&amp;product_id=235
MOD DETAILS:
   modFile   : /home/canmotalka/web/can-motalka.ru/public_html/vqmod/xml/lightning.xml
   id        : OpenCart Lightning
   version   : 3.37
   vqmver    : 
   author    : MaxD http://devs.mx

File Name    : system/library/cache.php(0)
VQModObject::applyMod - SEARCH NOT FOUND (SKIPPED): if (is_file(DIR_SYSTEM . 'library/journal3/vendor/SuperCache

----------------------------------------------------------------------


---------- Date: 2026-03-31 18:34:12 ~ IP : 185.179.188.62 ----------
REQUEST URI : /podmotka-spidometra-volkswagen-caddy/?ysclid=mnes1zyjif192266532
MOD DETAILS:
   modFile   : /home/canmotalka/web/can-motalka.ru/public_html/vqmod/xml/lightning.xml
   id        : OpenCart Lightning
   version   : 3.37
   vqmver    : 
   author    : MaxD http://devs.mx

File Name    : system/library/cache.php(0)
VQModObject::applyMod - SEARCH NOT FOUND (SKIPPED): if (is_file(DIR_SYSTEM . 'library/journal3/vendor/SuperCache

----------------------------------------------------------------------


---------- Date: 2026-03-31 18:34:12 ~ IP : 185.179.188.62 ----------
REQUEST URI : /podmotka-spidometra-volkswagen-caddy/
MOD DETAILS:
   modFile   : /home/canmotalka/web/can-motalka.ru/public_html/vqmod/xml/lightning.xml
   id        : OpenCart Lightning
   version   : 3.37
   vqmver    : 
   author    : MaxD http://devs.mx

File Name    : system/library/cache.php(0)
VQModObject::applyMod - SEARCH NOT FOUND (SKIPPED): if (is_file(DIR_SYSTEM . 'library/journal3/vendor/SuperCache

----------------------------------------------------------------------


---------- Date: 2026-03-31 18:34:13 ~ IP : 185.179.188.62 ----------
REQUEST URI : /index.php?route=product/product/review&amp;product_id=223
MOD DETAILS:
   modFile   : /home/canmotalka/web/can-motalka.ru/public_html/vqmod/xml/lightning.xml
   id        : OpenCart Lightning
   version   : 3.37
   vqmver    : 
   author    : MaxD http://devs.mx

File Name    : system/library/cache.php(0)
VQModObject::applyMod - SEARCH NOT FOUND (SKIPPED): if (is_file(DIR_SYSTEM . 'library/journal3/vendor/SuperCache

----------------------------------------------------------------------


---------- Date: 2026-03-31 18:34:13 ~ IP : 185.179.188.62 ----------
REQUEST URI : /index.php?route=module/popupcart_extended
MOD DETAILS:
   modFile   : /home/canmotalka/web/can-motalka.ru/public_html/vqmod/xml/lightning.xml
   id        : OpenCart Lightning
   version   : 3.37
   vqmver    : 
   author    : MaxD http://devs.mx

File Name    : system/library/cache.php(0)
VQModObject::applyMod - SEARCH NOT FOUND (SKIPPED): if (is_file(DIR_SYSTEM . 'library/journal3/vendor/SuperCache

----------------------------------------------------------------------


---------- Date: 2026-03-31 18:34:13 ~ IP : 185.179.188.62 ----------
REQUEST URI : /index.php?route=module/popupcart_extended
MOD DETAILS:
   modFile   : /home/canmotalka/web/can-motalka.ru/public_html/vqmod/xml/lightning.xml
   id        : OpenCart Lightning
   version   : 3.37
   vqmver    : 
   author    : MaxD http://devs.mx

File Name    : system/library/cache.php(0)
VQModObject::applyMod - SEARCH NOT FOUND (SKIPPED): if (is_file(DIR_SYSTEM . 'library/journal3/vendor/SuperCache

----------------------------------------------------------------------


---------- Date: 2026-03-31 18:34:24 ~ IP : 185.179.188.62 ----------
REQUEST URI : /podmotka-spidometra-lada-priora/
MOD DETAILS:
   modFile   : /home/canmotalka/web/can-motalka.ru/public_html/vqmod/xml/lightning.xml
   id        : OpenCart Lightning
   version   : 3.37
   vqmver    : 
   author    : MaxD http://devs.mx

File Name    : system/library/cache.php(0)
VQModObject::applyMod - SEARCH NOT FOUND (SKIPPED): if (is_file(DIR_SYSTEM . 'library/journal3/vendor/SuperCache

----------------------------------------------------------------------


---------- Date: 2026-03-31 18:35:43 ~ IP : 185.179.188.62 ----------
REQUEST URI : /motalki/?ysclid=mnes40n46b975694822
MOD DETAILS:
   modFile   : /home/canmotalka/web/can-motalka.ru/public_html/vqmod/xml/lightning.xml
   id        : OpenCart Lightning
   version   : 3.37
   vqmver    : 
   author    : MaxD http://devs.mx

File Name    : system/library/cache.php(0)
VQModObject::applyMod - SEARCH NOT FOUND (SKIPPED): if (is_file(DIR_SYSTEM . 'library/journal3/vendor/SuperCache

----------------------------------------------------------------------


---------- Date: 2026-03-31 18:35:44 ~ IP : 185.179.188.62 ----------
REQUEST URI : /index.php?route=module/popupcart_extended
MOD DETAILS:
   modFile   : /home/canmotalka/web/can-motalka.ru/public_html/vqmod/xml/lightning.xml
   id        : OpenCart Lightning
   version   : 3.37
   vqmver    : 
   author    : MaxD http://devs.mx

File Name    : system/library/cache.php(0)
VQModObject::applyMod - SEARCH NOT FOUND (SKIPPED): if (is_file(DIR_SYSTEM . 'library/journal3/vendor/SuperCache

----------------------------------------------------------------------


---------- Date: 2026-03-31 18:35:49 ~ IP : 185.179.188.62 ----------
REQUEST URI : /motalki/gaz/
MOD DETAILS:
   modFile   : /home/canmotalka/web/can-motalka.ru/public_html/vqmod/xml/lightning.xml
   id        : OpenCart Lightning
   version   : 3.37
   vqmver    : 
   author    : MaxD http://devs.mx

File Name    : system/library/cache.php(0)
VQModObject::applyMod - SEARCH NOT FOUND (SKIPPED): if (is_file(DIR_SYSTEM . 'library/journal3/vendor/SuperCache

----------------------------------------------------------------------


---------- Date: 2026-03-31 18:36:58 ~ IP : 185.179.188.62 ----------
REQUEST URI : /podmotka-spidometra-na-shkoda-oktaviya/?ysclid=mnes5izsvc205066037
MOD DETAILS:
   modFile   : /home/canmotalka/web/can-motalka.ru/public_html/vqmod/xml/lightning.xml
   id        : OpenCart Lightning
   version   : 3.37
   vqmver    : 
   author    : MaxD http://devs.mx

File Name    : system/library/cache.php(0)
VQModObject::applyMod - SEARCH NOT FOUND (SKIPPED): if (is_file(DIR_SYSTEM . 'library/journal3/vendor/SuperCache

----------------------------------------------------------------------


---------- Date: 2026-03-31 18:36:58 ~ IP : 185.179.188.62 ----------
REQUEST URI : /podmotka-spidometra-na-shkoda-oktaviya/
MOD DETAILS:
   modFile   : /home/canmotalka/web/can-motalka.ru/public_html/vqmod/xml/lightning.xml
   id        : OpenCart Lightning
   version   : 3.37
   vqmver    : 
   author    : MaxD http://devs.mx

File Name    : system/library/cache.php(0)
VQModObject::applyMod - SEARCH NOT FOUND (SKIPPED): if (is_file(DIR_SYSTEM . 'library/journal3/vendor/SuperCache

----------------------------------------------------------------------


---------- Date: 2026-03-31 18:36:59 ~ IP : 185.179.188.62 ----------
REQUEST URI : /index.php?route=module/popupcart_extended
MOD DETAILS:
   modFile   : /home/canmotalka/web/can-motalka.ru/public_html/vqmod/xml/lightning.xml
   id        : OpenCart Lightning
   version   : 3.37
   vqmver    : 
   author    : MaxD http://devs.mx

File Name    : system/library/cache.php(0)
VQModObject::applyMod - SEARCH NOT FOUND (SKIPPED): if (is_file(DIR_SYSTEM . 'library/journal3/vendor/SuperCache

----------------------------------------------------------------------


---------- Date: 2026-03-31 18:39:12 ~ IP : 185.179.188.62 ----------
REQUEST URI : /.well-known/traffic-advice
MOD DETAILS:
   modFile   : /home/canmotalka/web/can-motalka.ru/public_html/vqmod/xml/lightning.xml
   id        : OpenCart Lightning
   version   : 3.37
   vqmver    : 
   author    : MaxD http://devs.mx

File Name    : system/library/cache.php(0)
VQModObject::applyMod - SEARCH NOT FOUND (SKIPPED): if (is_file(DIR_SYSTEM . 'library/journal3/vendor/SuperCache

----------------------------------------------------------------------


---------- Date: 2026-03-31 18:39:12 ~ IP : 185.179.188.62 ----------
REQUEST URI : /instrukciya-podmotka-kamaz/
MOD DETAILS:
   modFile   : /home/canmotalka/web/can-motalka.ru/public_html/vqmod/xml/lightning.xml
   id        : OpenCart Lightning
   version   : 3.37
   vqmver    : 
   author    : MaxD http://devs.mx

File Name    : system/library/cache.php(0)
VQModObject::applyMod - SEARCH NOT FOUND (SKIPPED): if (is_file(DIR_SYSTEM . 'library/journal3/vendor/SuperCache

----------------------------------------------------------------------


---------- Date: 2026-03-31 18:44:43 ~ IP : 185.179.188.62 ----------
REQUEST URI : /hyundai_h1_manual/
MOD DETAILS:
   modFile   : /home/canmotalka/web/can-motalka.ru/public_html/vqmod/xml/lightning.xml
   id        : OpenCart Lightning
   version   : 3.37
   vqmver    : 
   author    : MaxD http://devs.mx

File Name    : system/library/cache.php(0)
VQModObject::applyMod - SEARCH NOT FOUND (SKIPPED): if (is_file(DIR_SYSTEM . 'library/journal3/vendor/SuperCache

----------------------------------------------------------------------


---------- Date: 2026-03-31 18:45:34 ~ IP : 185.179.188.62 ----------
REQUEST URI : /index.php?route=module/popupcart_extended
MOD DETAILS:
   modFile   : /home/canmotalka/web/can-motalka.ru/public_html/vqmod/xml/lightning.xml
   id        : OpenCart Lightning
   version   : 3.37
   vqmver    : 
   author    : MaxD http://devs.mx

File Name    : system/library/cache.php(0)
VQModObject::applyMod - SEARCH NOT FOUND (SKIPPED): if (is_file(DIR_SYSTEM . 'library/journal3/vendor/SuperCache

----------------------------------------------------------------------


---------- Date: 2026-03-31 18:46:01 ~ IP : 185.179.188.62 ----------
REQUEST URI : /podmotka-spidometra-mercedes-sprinter/
MOD DETAILS:
   modFile   : /home/canmotalka/web/can-motalka.ru/public_html/vqmod/xml/lightning.xml
   id        : OpenCart Lightning
   version   : 3.37
   vqmver    : 
   author    : MaxD http://devs.mx

File Name    : system/library/cache.php(0)
VQModObject::applyMod - SEARCH NOT FOUND (SKIPPED): if (is_file(DIR_SYSTEM . 'library/journal3/vendor/SuperCache

----------------------------------------------------------------------


---------- Date: 2026-03-31 18:46:02 ~ IP : 185.179.188.62 ----------
REQUEST URI : /index.php?route=product/product/review&amp;product_id=244
MOD DETAILS:
   modFile   : /home/canmotalka/web/can-motalka.ru/public_html/vqmod/xml/lightning.xml
   id        : OpenCart Lightning
   version   : 3.37
   vqmver    : 
   author    : MaxD http://devs.mx

File Name    : system/library/cache.php(0)
VQModObject::applyMod - SEARCH NOT FOUND (SKIPPED): if (is_file(DIR_SYSTEM . 'library/journal3/vendor/SuperCache

----------------------------------------------------------------------


---------- Date: 2026-03-31 18:46:32 ~ IP : 185.179.188.62 ----------
REQUEST URI : /podmotka-spidometra-hyundai-genesis-g80/?ysclid=mnesht3dq2403182052
MOD DETAILS:
   modFile   : /home/canmotalka/web/can-motalka.ru/public_html/vqmod/xml/lightning.xml
   id        : OpenCart Lightning
   version   : 3.37
   vqmver    : 
   author    : MaxD http://devs.mx

File Name    : system/library/cache.php(0)
VQModObject::applyMod - SEARCH NOT FOUND (SKIPPED): if (is_file(DIR_SYSTEM . 'library/journal3/vendor/SuperCache

----------------------------------------------------------------------


---------- Date: 2026-03-31 18:46:32 ~ IP : 185.179.188.62 ----------
REQUEST URI : /podmotka-spidometra-hyundai-genesis-g80/
MOD DETAILS:
   modFile   : /home/canmotalka/web/can-motalka.ru/public_html/vqmod/xml/lightning.xml
   id        : OpenCart Lightning
   version   : 3.37
   vqmver    : 
   author    : MaxD http://devs.mx

File Name    : system/library/cache.php(0)
VQModObject::applyMod - SEARCH NOT FOUND (SKIPPED): if (is_file(DIR_SYSTEM . 'library/journal3/vendor/SuperCache

----------------------------------------------------------------------


---------- Date: 2026-03-31 18:46:33 ~ IP : 185.179.188.62 ----------
REQUEST URI : /index.php?route=product/product/review&amp;product_id=286
MOD DETAILS:
   modFile   : /home/canmotalka/web/can-motalka.ru/public_html/vqmod/xml/lightning.xml
   id        : OpenCart Lightning
   version   : 3.37
   vqmver    : 
   author    : MaxD http://devs.mx

File Name    : system/library/cache.php(0)
VQModObject::applyMod - SEARCH NOT FOUND (SKIPPED): if (is_file(DIR_SYSTEM . 'library/journal3/vendor/SuperCache

----------------------------------------------------------------------


---------- Date: 2026-03-31 18:46:33 ~ IP : 185.179.188.62 ----------
REQUEST URI : /index.php?route=module/popupcart_extended
MOD DETAILS:
   modFile   : /home/canmotalka/web/can-motalka.ru/public_html/vqmod/xml/lightning.xml
   id        : OpenCart Lightning
   version   : 3.37
   vqmver    : 
   author    : MaxD http://devs.mx

File Name    : system/library/cache.php(0)
VQModObject::applyMod - SEARCH NOT FOUND (SKIPPED): if (is_file(DIR_SYSTEM . 'library/journal3/vendor/SuperCache

----------------------------------------------------------------------


---------- Date: 2026-03-31 18:47:48 ~ IP : 185.179.188.62 ----------
REQUEST URI : /podmotka_uaz_re/
MOD DETAILS:
   modFile   : /home/canmotalka/web/can-motalka.ru/public_html/vqmod/xml/lightning.xml
   id        : OpenCart Lightning
   version   : 3.37
   vqmver    : 
   author    : MaxD http://devs.mx

File Name    : system/library/cache.php(0)
VQModObject::applyMod - SEARCH NOT FOUND (SKIPPED): if (is_file(DIR_SYSTEM . 'library/journal3/vendor/SuperCache

----------------------------------------------------------------------


---------- Date: 2026-03-31 18:49:12 ~ IP : 185.179.188.62 ----------
REQUEST URI : /podmotka-spidometra-renault-kaptur/?ysclid=mneslap28v752096265
MOD DETAILS:
   modFile   : /home/canmotalka/web/can-motalka.ru/public_html/vqmod/xml/lightning.xml
   id        : OpenCart Lightning
   version   : 3.37
   vqmver    : 
   author    : MaxD http://devs.mx

File Name    : system/library/cache.php(0)
VQModObject::applyMod - SEARCH NOT FOUND (SKIPPED): if (is_file(DIR_SYSTEM . 'library/journal3/vendor/SuperCache

----------------------------------------------------------------------


---------- Date: 2026-03-31 18:49:13 ~ IP : 185.179.188.62 ----------
REQUEST URI : /podmotka-spidometra-renault-kaptur/
MOD DETAILS:
   modFile   : /home/canmotalka/web/can-motalka.ru/public_html/vqmod/xml/lightning.xml
   id        : OpenCart Lightning
   version   : 3.37
   vqmver    : 
   author    : MaxD http://devs.mx

File Name    : system/library/cache.php(0)
VQModObject::applyMod - SEARCH NOT FOUND (SKIPPED): if (is_file(DIR_SYSTEM . 'library/journal3/vendor/SuperCache

----------------------------------------------------------------------


---------- Date: 2026-03-31 18:49:14 ~ IP : 185.179.188.62 ----------
REQUEST URI : /index.php?route=module/popupcart_extended
MOD DETAILS:
   modFile   : /home/canmotalka/web/can-motalka.ru/public_html/vqmod/xml/lightning.xml
   id        : OpenCart Lightning
   version   : 3.37
   vqmver    : 
   author    : MaxD http://devs.mx

File Name    : system/library/cache.php(0)
VQModObject::applyMod - SEARCH NOT FOUND (SKIPPED): if (is_file(DIR_SYSTEM . 'library/journal3/vendor/SuperCache

----------------------------------------------------------------------


---------- Date: 2026-03-31 18:49:14 ~ IP : 185.179.188.62 ----------
REQUEST URI : /index.php?route=product/product/review&amp;product_id=252
MOD DETAILS:
   modFile   : /home/canmotalka/web/can-motalka.ru/public_html/vqmod/xml/lightning.xml
   id        : OpenCart Lightning
   version   : 3.37
   vqmver    : 
   author    : MaxD http://devs.mx

File Name    : system/library/cache.php(0)
VQModObject::applyMod - SEARCH NOT FOUND (SKIPPED): if (is_file(DIR_SYSTEM . 'library/journal3/vendor/SuperCache

----------------------------------------------------------------------


---------- Date: 2026-03-31 18:57:51 ~ IP : 185.179.188.62 ----------
REQUEST URI : /podmotka-spidometra-uaz-buhanka/
MOD DETAILS:
   modFile   : /home/canmotalka/web/can-motalka.ru/public_html/vqmod/xml/lightning.xml
   id        : OpenCart Lightning
   version   : 3.37
   vqmver    : 
   author    : MaxD http://devs.mx

File Name    : system/library/cache.php(0)
VQModObject::applyMod - SEARCH NOT FOUND (SKIPPED): if (is_file(DIR_SYSTEM . 'library/journal3/vendor/SuperCache

----------------------------------------------------------------------


---------- Date: 2026-03-31 19:03:13 ~ IP : 185.179.188.62 ----------
REQUEST URI : /podmotka_vw_manual/
MOD DETAILS:
   modFile   : /home/canmotalka/web/can-motalka.ru/public_html/vqmod/xml/lightning.xml
   id        : OpenCart Lightning
   version   : 3.37
   vqmver    : 
   author    : MaxD http://devs.mx

File Name    : system/library/cache.php(0)
VQModObject::applyMod - SEARCH NOT FOUND (SKIPPED): if (is_file(DIR_SYSTEM . 'library/journal3/vendor/SuperCache

----------------------------------------------------------------------


---------- Date: 2026-03-31 19:03:14 ~ IP : 185.179.188.62 ----------
REQUEST URI : /index.php?route=module/popupcart_extended
MOD DETAILS:
   modFile   : /home/canmotalka/web/can-motalka.ru/public_html/vqmod/xml/lightning.xml
   id        : OpenCart Lightning
   version   : 3.37
   vqmver    : 
   author    : MaxD http://devs.mx

File Name    : system/library/cache.php(0)
VQModObject::applyMod - SEARCH NOT FOUND (SKIPPED): if (is_file(DIR_SYSTEM . 'library/journal3/vendor/SuperCache

----------------------------------------------------------------------


---------- Date: 2026-03-31 19:03:36 ~ IP : 185.179.188.62 ----------
REQUEST URI : /instrukciya-dlya-podmotki-lada-niva/
MOD DETAILS:
   modFile   : /home/canmotalka/web/can-motalka.ru/public_html/vqmod/xml/lightning.xml
   id        : OpenCart Lightning
   version   : 3.37
   vqmver    : 
   author    : MaxD http://devs.mx

File Name    : system/library/cache.php(0)
VQModObject::applyMod - SEARCH NOT FOUND (SKIPPED): if (is_file(DIR_SYSTEM . 'library/journal3/vendor/SuperCache

----------------------------------------------------------------------


---------- Date: 2026-03-31 19:03:39 ~ IP : 185.179.188.62 ----------
REQUEST URI : /index.php?route=module/popupcart_extended
MOD DETAILS:
   modFile   : /home/canmotalka/web/can-motalka.ru/public_html/vqmod/xml/lightning.xml
   id        : OpenCart Lightning
   version   : 3.37
   vqmver    : 
   author    : MaxD http://devs.mx

File Name    : system/library/cache.php(0)
VQModObject::applyMod - SEARCH NOT FOUND (SKIPPED): if (is_file(DIR_SYSTEM . 'library/journal3/vendor/SuperCache

----------------------------------------------------------------------


---------- Date: 2026-03-31 19:04:25 ~ IP : 185.179.188.62 ----------
REQUEST URI : /podmotka-spidometra-renault-kaptur/?ysclid=mnet4vfdtd410380505
MOD DETAILS:
   modFile   : /home/canmotalka/web/can-motalka.ru/public_html/vqmod/xml/lightning.xml
   id        : OpenCart Lightning
   version   : 3.37
   vqmver    : 
   author    : MaxD http://devs.mx

File Name    : system/library/cache.php(0)
VQModObject::applyMod - SEARCH NOT FOUND (SKIPPED): if (is_file(DIR_SYSTEM . 'library/journal3/vendor/SuperCache

----------------------------------------------------------------------


---------- Date: 2026-03-31 19:05:41 ~ IP : 185.179.188.62 ----------
REQUEST URI : /configuration.php.7z
MOD DETAILS:
   modFile   : /home/canmotalka/web/can-motalka.ru/public_html/vqmod/xml/lightning.xml
   id        : OpenCart Lightning
   version   : 3.37
   vqmver    : 
   author    : MaxD http://devs.mx

File Name    : system/library/cache.php(0)
VQModObject::applyMod - SEARCH NOT FOUND (SKIPPED): if (is_file(DIR_SYSTEM . 'library/journal3/vendor/SuperCache

----------------------------------------------------------------------


---------- Date: 2026-03-31 19:08:10 ~ IP : 185.179.188.62 ----------
REQUEST URI : /podmotka-spidometra-renault-kaptur/
MOD DETAILS:
   modFile   : /home/canmotalka/web/can-motalka.ru/public_html/vqmod/xml/lightning.xml
   id        : OpenCart Lightning
   version   : 3.37
   vqmver    : 
   author    : MaxD http://devs.mx

File Name    : system/library/cache.php(0)
VQModObject::applyMod - SEARCH NOT FOUND (SKIPPED): if (is_file(DIR_SYSTEM . 'library/journal3/vendor/SuperCache

----------------------------------------------------------------------


---------- Date: 2026-03-31 19:16:27 ~ IP : 185.179.188.62 ----------
REQUEST URI : /podmotka-spidometra-uaz-buhanka/
MOD DETAILS:
   modFile   : /home/canmotalka/web/can-motalka.ru/public_html/vqmod/xml/lightning.xml
   id        : OpenCart Lightning
   version   : 3.37
   vqmver    : 
   author    : MaxD http://devs.mx

File Name    : system/library/cache.php(0)
VQModObject::applyMod - SEARCH NOT FOUND (SKIPPED): if (is_file(DIR_SYSTEM . 'library/journal3/vendor/SuperCache

----------------------------------------------------------------------


---------- Date: 2026-03-31 19:16:32 ~ IP : 185.179.188.62 ----------
REQUEST URI : /granta_video_manual/
MOD DETAILS:
   modFile   : /home/canmotalka/web/can-motalka.ru/public_html/vqmod/xml/lightning.xml
   id        : OpenCart Lightning
   version   : 3.37
   vqmver    : 
   author    : MaxD http://devs.mx

File Name    : system/library/cache.php(0)
VQModObject::applyMod - SEARCH NOT FOUND (SKIPPED): if (is_file(DIR_SYSTEM . 'library/journal3/vendor/SuperCache

----------------------------------------------------------------------


---------- Date: 2026-03-31 19:16:34 ~ IP : 185.179.188.62 ----------
REQUEST URI : /index.php?route=module/popupcart_extended
MOD DETAILS:
   modFile   : /home/canmotalka/web/can-motalka.ru/public_html/vqmod/xml/lightning.xml
   id        : OpenCart Lightning
   version   : 3.37
   vqmver    : 
   author    : MaxD http://devs.mx

File Name    : system/library/cache.php(0)
VQModObject::applyMod - SEARCH NOT FOUND (SKIPPED): if (is_file(DIR_SYSTEM . 'library/journal3/vendor/SuperCache

----------------------------------------------------------------------


---------- Date: 2026-03-31 19:23:19 ~ IP : 185.179.188.62 ----------
REQUEST URI : /index.php?route=module/popupcart_extended
MOD DETAILS:
   modFile   : /home/canmotalka/web/can-motalka.ru/public_html/vqmod/xml/lightning.xml
   id        : OpenCart Lightning
   version   : 3.37
   vqmver    : 
   author    : MaxD http://devs.mx

File Name    : system/library/cache.php(0)
VQModObject::applyMod - SEARCH NOT FOUND (SKIPPED): if (is_file(DIR_SYSTEM . 'library/journal3/vendor/SuperCache

----------------------------------------------------------------------


---------- Date: 2026-03-31 19:23:26 ~ IP : 185.179.188.62 ----------
REQUEST URI : /manuals/
MOD DETAILS:
   modFile   : /home/canmotalka/web/can-motalka.ru/public_html/vqmod/xml/lightning.xml
   id        : OpenCart Lightning
   version   : 3.37
   vqmver    : 
   author    : MaxD http://devs.mx

File Name    : system/library/cache.php(0)
VQModObject::applyMod - SEARCH NOT FOUND (SKIPPED): if (is_file(DIR_SYSTEM . 'library/journal3/vendor/SuperCache

----------------------------------------------------------------------


---------- Date: 2026-03-31 19:23:48 ~ IP : 185.179.188.62 ----------
REQUEST URI : /motalki/renault/
MOD DETAILS:
   modFile   : /home/canmotalka/web/can-motalka.ru/public_html/vqmod/xml/lightning.xml
   id        : OpenCart Lightning
   version   : 3.37
   vqmver    : 
   author    : MaxD http://devs.mx

File Name    : system/library/cache.php(0)
VQModObject::applyMod - SEARCH NOT FOUND (SKIPPED): if (is_file(DIR_SYSTEM . 'library/journal3/vendor/SuperCache

----------------------------------------------------------------------


---------- Date: 2026-03-31 19:23:58 ~ IP : 185.179.188.62 ----------
REQUEST URI : /podmotka-spidometra-reno-daster-za-3000r/
MOD DETAILS:
   modFile   : /home/canmotalka/web/can-motalka.ru/public_html/vqmod/xml/lightning.xml
   id        : OpenCart Lightning
   version   : 3.37
   vqmver    : 
   author    : MaxD http://devs.mx

File Name    : system/library/cache.php(0)
VQModObject::applyMod - SEARCH NOT FOUND (SKIPPED): if (is_file(DIR_SYSTEM . 'library/journal3/vendor/SuperCache

----------------------------------------------------------------------


---------- Date: 2026-03-31 19:23:59 ~ IP : 185.179.188.62 ----------
REQUEST URI : /index.php?route=product/product/review&amp;product_id=189
MOD DETAILS:
   modFile   : /home/canmotalka/web/can-motalka.ru/public_html/vqmod/xml/lightning.xml
   id        : OpenCart Lightning
   version   : 3.37
   vqmver    : 
   author    : MaxD http://devs.mx

File Name    : system/library/cache.php(0)
VQModObject::applyMod - SEARCH NOT FOUND (SKIPPED): if (is_file(DIR_SYSTEM . 'library/journal3/vendor/SuperCache

----------------------------------------------------------------------


---------- Date: 2026-03-31 19:24:11 ~ IP : 185.179.188.62 ----------
REQUEST URI : /wp-login.php
MOD DETAILS:
   modFile   : /home/canmotalka/web/can-motalka.ru/public_html/vqmod/xml/lightning.xml
   id        : OpenCart Lightning
   version   : 3.37
   vqmver    : 
   author    : MaxD http://devs.mx

File Name    : system/library/cache.php(0)
VQModObject::applyMod - SEARCH NOT FOUND (SKIPPED): if (is_file(DIR_SYSTEM . 'library/journal3/vendor/SuperCache

----------------------------------------------------------------------


---------- Date: 2026-03-31 19:24:12 ~ IP : 185.179.188.62 ----------
REQUEST URI : /?author=1
MOD DETAILS:
   modFile   : /home/canmotalka/web/can-motalka.ru/public_html/vqmod/xml/lightning.xml
   id        : OpenCart Lightning
   version   : 3.37
   vqmver    : 
   author    : MaxD http://devs.mx

File Name    : system/library/cache.php(0)
VQModObject::applyMod - SEARCH NOT FOUND (SKIPPED): if (is_file(DIR_SYSTEM . 'library/journal3/vendor/SuperCache

----------------------------------------------------------------------


---------- Date: 2026-03-31 19:24:14 ~ IP : 185.179.188.62 ----------
REQUEST URI : /?author=2
MOD DETAILS:
   modFile   : /home/canmotalka/web/can-motalka.ru/public_html/vqmod/xml/lightning.xml
   id        : OpenCart Lightning
   version   : 3.37
   vqmver    : 
   author    : MaxD http://devs.mx

File Name    : system/library/cache.php(0)
VQModObject::applyMod - SEARCH NOT FOUND (SKIPPED): if (is_file(DIR_SYSTEM . 'library/journal3/vendor/SuperCache

----------------------------------------------------------------------


---------- Date: 2026-03-31 19:24:15 ~ IP : 185.179.188.62 ----------
REQUEST URI : /?author=3
MOD DETAILS:
   modFile   : /home/canmotalka/web/can-motalka.ru/public_html/vqmod/xml/lightning.xml
   id        : OpenCart Lightning
   version   : 3.37
   vqmver    : 
   author    : MaxD http://devs.mx

File Name    : system/library/cache.php(0)
VQModObject::applyMod - SEARCH NOT FOUND (SKIPPED): if (is_file(DIR_SYSTEM . 'library/journal3/vendor/SuperCache

----------------------------------------------------------------------


---------- Date: 2026-03-31 19:24:17 ~ IP : 185.179.188.62 ----------
REQUEST URI : /?author=4
MOD DETAILS:
   modFile   : /home/canmotalka/web/can-motalka.ru/public_html/vqmod/xml/lightning.xml
   id        : OpenCart Lightning
   version   : 3.37
   vqmver    : 
   author    : MaxD http://devs.mx

File Name    : system/library/cache.php(0)
VQModObject::applyMod - SEARCH NOT FOUND (SKIPPED): if (is_file(DIR_SYSTEM . 'library/journal3/vendor/SuperCache

----------------------------------------------------------------------


---------- Date: 2026-03-31 19:24:19 ~ IP : 185.179.188.62 ----------
REQUEST URI : /?author=5
MOD DETAILS:
   modFile   : /home/canmotalka/web/can-motalka.ru/public_html/vqmod/xml/lightning.xml
   id        : OpenCart Lightning
   version   : 3.37
   vqmver    : 
   author    : MaxD http://devs.mx

File Name    : system/library/cache.php(0)
VQModObject::applyMod - SEARCH NOT FOUND (SKIPPED): if (is_file(DIR_SYSTEM . 'library/journal3/vendor/SuperCache

----------------------------------------------------------------------


---------- Date: 2026-03-31 19:24:20 ~ IP : 185.179.188.62 ----------
REQUEST URI : /?author=6
MOD DETAILS:
   modFile   : /home/canmotalka/web/can-motalka.ru/public_html/vqmod/xml/lightning.xml
   id        : OpenCart Lightning
   version   : 3.37
   vqmver    : 
   author    : MaxD http://devs.mx

File Name    : system/library/cache.php(0)
VQModObject::applyMod - SEARCH NOT FOUND (SKIPPED): if (is_file(DIR_SYSTEM . 'library/journal3/vendor/SuperCache

----------------------------------------------------------------------


---------- Date: 2026-03-31 19:24:23 ~ IP : 185.179.188.62 ----------
REQUEST URI : /?author=7
MOD DETAILS:
   modFile   : /home/canmotalka/web/can-motalka.ru/public_html/vqmod/xml/lightning.xml
   id        : OpenCart Lightning
   version   : 3.37
   vqmver    : 
   author    : MaxD http://devs.mx

File Name    : system/library/cache.php(0)
VQModObject::applyMod - SEARCH NOT FOUND (SKIPPED): if (is_file(DIR_SYSTEM . 'library/journal3/vendor/SuperCache

----------------------------------------------------------------------


---------- Date: 2026-03-31 19:24:25 ~ IP : 185.179.188.62 ----------
REQUEST URI : /?author=8
MOD DETAILS:
   modFile   : /home/canmotalka/web/can-motalka.ru/public_html/vqmod/xml/lightning.xml
   id        : OpenCart Lightning
   version   : 3.37
   vqmver    : 
   author    : MaxD http://devs.mx

File Name    : system/library/cache.php(0)
VQModObject::applyMod - SEARCH NOT FOUND (SKIPPED): if (is_file(DIR_SYSTEM . 'library/journal3/vendor/SuperCache

----------------------------------------------------------------------


---------- Date: 2026-03-31 19:24:27 ~ IP : 185.179.188.62 ----------
REQUEST URI : /?author=9
MOD DETAILS:
   modFile   : /home/canmotalka/web/can-motalka.ru/public_html/vqmod/xml/lightning.xml
   id        : OpenCart Lightning
   version   : 3.37
   vqmver    : 
   author    : MaxD http://devs.mx

File Name    : system/library/cache.php(0)
VQModObject::applyMod - SEARCH NOT FOUND (SKIPPED): if (is_file(DIR_SYSTEM . 'library/journal3/vendor/SuperCache

----------------------------------------------------------------------


---------- Date: 2026-03-31 19:24:30 ~ IP : 185.179.188.62 ----------
REQUEST URI : /podmotka_spidometra/?ysclid=mnetumpwg262342137
MOD DETAILS:
   modFile   : /home/canmotalka/web/can-motalka.ru/public_html/vqmod/xml/lightning.xml
   id        : OpenCart Lightning
   version   : 3.37
   vqmver    : 
   author    : MaxD http://devs.mx

File Name    : system/library/cache.php(0)
VQModObject::applyMod - SEARCH NOT FOUND (SKIPPED): if (is_file(DIR_SYSTEM . 'library/journal3/vendor/SuperCache

----------------------------------------------------------------------


---------- Date: 2026-03-31 19:24:30 ~ IP : 185.179.188.62 ----------
REQUEST URI : /?author=10
MOD DETAILS:
   modFile   : /home/canmotalka/web/can-motalka.ru/public_html/vqmod/xml/lightning.xml
   id        : OpenCart Lightning
   version   : 3.37
   vqmver    : 
   author    : MaxD http://devs.mx

File Name    : system/library/cache.php(0)
VQModObject::applyMod - SEARCH NOT FOUND (SKIPPED): if (is_file(DIR_SYSTEM . 'library/journal3/vendor/SuperCache

----------------------------------------------------------------------


---------- Date: 2026-03-31 19:24:30 ~ IP : 185.179.188.62 ----------
REQUEST URI : /podmotka_spidometra/
MOD DETAILS:
   modFile   : /home/canmotalka/web/can-motalka.ru/public_html/vqmod/xml/lightning.xml
   id        : OpenCart Lightning
   version   : 3.37
   vqmver    : 
   author    : MaxD http://devs.mx

File Name    : system/library/cache.php(0)
VQModObject::applyMod - SEARCH NOT FOUND (SKIPPED): if (is_file(DIR_SYSTEM . 'library/journal3/vendor/SuperCache

----------------------------------------------------------------------


---------- Date: 2026-03-31 19:24:31 ~ IP : 185.179.188.62 ----------
REQUEST URI : /index.php?route=module/popupcart_extended
MOD DETAILS:
   modFile   : /home/canmotalka/web/can-motalka.ru/public_html/vqmod/xml/lightning.xml
   id        : OpenCart Lightning
   version   : 3.37
   vqmver    : 
   author    : MaxD http://devs.mx

File Name    : system/library/cache.php(0)
VQModObject::applyMod - SEARCH NOT FOUND (SKIPPED): if (is_file(DIR_SYSTEM . 'library/journal3/vendor/SuperCache

----------------------------------------------------------------------


---------- Date: 2026-03-31 19:24:32 ~ IP : 185.179.188.62 ----------
REQUEST URI : /?author=11
MOD DETAILS:
   modFile   : /home/canmotalka/web/can-motalka.ru/public_html/vqmod/xml/lightning.xml
   id        : OpenCart Lightning
   version   : 3.37
   vqmver    : 
   author    : MaxD http://devs.mx

File Name    : system/library/cache.php(0)
VQModObject::applyMod - SEARCH NOT FOUND (SKIPPED): if (is_file(DIR_SYSTEM . 'library/journal3/vendor/SuperCache

----------------------------------------------------------------------


---------- Date: 2026-03-31 19:24:34 ~ IP : 185.179.188.62 ----------
REQUEST URI : /?author=12
MOD DETAILS:
   modFile   : /home/canmotalka/web/can-motalka.ru/public_html/vqmod/xml/lightning.xml
   id        : OpenCart Lightning
   version   : 3.37
   vqmver    : 
   author    : MaxD http://devs.mx

File Name    : system/library/cache.php(0)
VQModObject::applyMod - SEARCH NOT FOUND (SKIPPED): if (is_file(DIR_SYSTEM . 'library/journal3/vendor/SuperCache

----------------------------------------------------------------------


---------- Date: 2026-03-31 19:24:36 ~ IP : 185.179.188.62 ----------
REQUEST URI : /?author=13
MOD DETAILS:
   modFile   : /home/canmotalka/web/can-motalka.ru/public_html/vqmod/xml/lightning.xml
   id        : OpenCart Lightning
   version   : 3.37
   vqmver    : 
   author    : MaxD http://devs.mx

File Name    : system/library/cache.php(0)
VQModObject::applyMod - SEARCH NOT FOUND (SKIPPED): if (is_file(DIR_SYSTEM . 'library/journal3/vendor/SuperCache

----------------------------------------------------------------------


---------- Date: 2026-03-31 19:24:38 ~ IP : 185.179.188.62 ----------
REQUEST URI : /?author=14
MOD DETAILS:
   modFile   : /home/canmotalka/web/can-motalka.ru/public_html/vqmod/xml/lightning.xml
   id        : OpenCart Lightning
   version   : 3.37
   vqmver    : 
   author    : MaxD http://devs.mx

File Name    : system/library/cache.php(0)
VQModObject::applyMod - SEARCH NOT FOUND (SKIPPED): if (is_file(DIR_SYSTEM . 'library/journal3/vendor/SuperCache

----------------------------------------------------------------------


---------- Date: 2026-03-31 19:24:40 ~ IP : 185.179.188.62 ----------
REQUEST URI : /?author=15
MOD DETAILS:
   modFile   : /home/canmotalka/web/can-motalka.ru/public_html/vqmod/xml/lightning.xml
   id        : OpenCart Lightning
   version   : 3.37
   vqmver    : 
   author    : MaxD http://devs.mx

File Name    : system/library/cache.php(0)
VQModObject::applyMod - SEARCH NOT FOUND (SKIPPED): if (is_file(DIR_SYSTEM . 'library/journal3/vendor/SuperCache

----------------------------------------------------------------------


---------- Date: 2026-03-31 19:24:42 ~ IP : 185.179.188.62 ----------
REQUEST URI : /?author=16
MOD DETAILS:
   modFile   : /home/canmotalka/web/can-motalka.ru/public_html/vqmod/xml/lightning.xml
   id        : OpenCart Lightning
   version   : 3.37
   vqmver    : 
   author    : MaxD http://devs.mx

File Name    : system/library/cache.php(0)
VQModObject::applyMod - SEARCH NOT FOUND (SKIPPED): if (is_file(DIR_SYSTEM . 'library/journal3/vendor/SuperCache

----------------------------------------------------------------------


---------- Date: 2026-03-31 19:24:44 ~ IP : 185.179.188.62 ----------
REQUEST URI : /?author=17
MOD DETAILS:
   modFile   : /home/canmotalka/web/can-motalka.ru/public_html/vqmod/xml/lightning.xml
   id        : OpenCart Lightning
   version   : 3.37
   vqmver    : 
   author    : MaxD http://devs.mx

File Name    : system/library/cache.php(0)
VQModObject::applyMod - SEARCH NOT FOUND (SKIPPED): if (is_file(DIR_SYSTEM . 'library/journal3/vendor/SuperCache

----------------------------------------------------------------------


---------- Date: 2026-03-31 19:24:46 ~ IP : 185.179.188.62 ----------
REQUEST URI : /?author=18
MOD DETAILS:
   modFile   : /home/canmotalka/web/can-motalka.ru/public_html/vqmod/xml/lightning.xml
   id        : OpenCart Lightning
   version   : 3.37
   vqmver    : 
   author    : MaxD http://devs.mx

File Name    : system/library/cache.php(0)
VQModObject::applyMod - SEARCH NOT FOUND (SKIPPED): if (is_file(DIR_SYSTEM . 'library/journal3/vendor/SuperCache

----------------------------------------------------------------------


---------- Date: 2026-03-31 19:24:48 ~ IP : 185.179.188.62 ----------
REQUEST URI : /?author=19
MOD DETAILS:
   modFile   : /home/canmotalka/web/can-motalka.ru/public_html/vqmod/xml/lightning.xml
   id        : OpenCart Lightning
   version   : 3.37
   vqmver    : 
   author    : MaxD http://devs.mx

File Name    : system/library/cache.php(0)
VQModObject::applyMod - SEARCH NOT FOUND (SKIPPED): if (is_file(DIR_SYSTEM . 'library/journal3/vendor/SuperCache

----------------------------------------------------------------------


---------- Date: 2026-03-31 19:24:50 ~ IP : 185.179.188.62 ----------
REQUEST URI : /?author=20
MOD DETAILS:
   modFile   : /home/canmotalka/web/can-motalka.ru/public_html/vqmod/xml/lightning.xml
   id        : OpenCart Lightning
   version   : 3.37
   vqmver    : 
   author    : MaxD http://devs.mx

File Name    : system/library/cache.php(0)
VQModObject::applyMod - SEARCH NOT FOUND (SKIPPED): if (is_file(DIR_SYSTEM . 'library/journal3/vendor/SuperCache

----------------------------------------------------------------------


---------- Date: 2026-03-31 19:25:55 ~ IP : 185.179.188.62 ----------
REQUEST URI : /podmotka_uaz_re/
MOD DETAILS:
   modFile   : /home/canmotalka/web/can-motalka.ru/public_html/vqmod/xml/lightning.xml
   id        : OpenCart Lightning
   version   : 3.37
   vqmver    : 
   author    : MaxD http://devs.mx

File Name    : system/library/cache.php(0)
VQModObject::applyMod - SEARCH NOT FOUND (SKIPPED): if (is_file(DIR_SYSTEM . 'library/journal3/vendor/SuperCache

----------------------------------------------------------------------


---------- Date: 2026-03-31 19:26:25 ~ IP : 185.179.188.62 ----------
REQUEST URI : /instrukciya-dlya-podmotki-lada-largus-2021/
MOD DETAILS:
   modFile   : /home/canmotalka/web/can-motalka.ru/public_html/vqmod/xml/lightning.xml
   id        : OpenCart Lightning
   version   : 3.37
   vqmver    : 
   author    : MaxD http://devs.mx

File Name    : system/library/cache.php(0)
VQModObject::applyMod - SEARCH NOT FOUND (SKIPPED): if (is_file(DIR_SYSTEM . 'library/journal3/vendor/SuperCache

----------------------------------------------------------------------


---------- Date: 2026-03-31 19:26:36 ~ IP : 185.179.188.62 ----------
REQUEST URI : /instrukciya-podmotka-camry/
MOD DETAILS:
   modFile   : /home/canmotalka/web/can-motalka.ru/public_html/vqmod/xml/lightning.xml
   id        : OpenCart Lightning
   version   : 3.37
   vqmver    : 
   author    : MaxD http://devs.mx

File Name    : system/library/cache.php(0)
VQModObject::applyMod - SEARCH NOT FOUND (SKIPPED): if (is_file(DIR_SYSTEM . 'library/journal3/vendor/SuperCache

----------------------------------------------------------------------


---------- Date: 2026-03-31 19:26:43 ~ IP : 185.179.188.62 ----------
REQUEST URI : /instrukciya-podmotka-duster/
MOD DETAILS:
   modFile   : /home/canmotalka/web/can-motalka.ru/public_html/vqmod/xml/lightning.xml
   id        : OpenCart Lightning
   version   : 3.37
   vqmver    : 
   author    : MaxD http://devs.mx

File Name    : system/library/cache.php(0)
VQModObject::applyMod - SEARCH NOT FOUND (SKIPPED): if (is_file(DIR_SYSTEM . 'library/journal3/vendor/SuperCache

----------------------------------------------------------------------


---------- Date: 2026-03-31 19:27:09 ~ IP : 185.179.188.62 ----------
REQUEST URI : /manual-podmotka-toyota-camry-corolla-tlc-rav4/
MOD DETAILS:
   modFile   : /home/canmotalka/web/can-motalka.ru/public_html/vqmod/xml/lightning.xml
   id        : OpenCart Lightning
   version   : 3.37
   vqmver    : 
   author    : MaxD http://devs.mx

File Name    : system/library/cache.php(0)
VQModObject::applyMod - SEARCH NOT FOUND (SKIPPED): if (is_file(DIR_SYSTEM . 'library/journal3/vendor/SuperCache

----------------------------------------------------------------------


---------- Date: 2026-03-31 19:27:30 ~ IP : 185.179.188.62 ----------
REQUEST URI : /camry70_photo_manual/
MOD DETAILS:
   modFile   : /home/canmotalka/web/can-motalka.ru/public_html/vqmod/xml/lightning.xml
   id        : OpenCart Lightning
   version   : 3.37
   vqmver    : 
   author    : MaxD http://devs.mx

File Name    : system/library/cache.php(0)
VQModObject::applyMod - SEARCH NOT FOUND (SKIPPED): if (is_file(DIR_SYSTEM . 'library/journal3/vendor/SuperCache

----------------------------------------------------------------------


---------- Date: 2026-03-31 19:27:36 ~ IP : 185.179.188.62 ----------
REQUEST URI : /camry70_video_manual/
MOD DETAILS:
   modFile   : /home/canmotalka/web/can-motalka.ru/public_html/vqmod/xml/lightning.xml
   id        : OpenCart Lightning
   version   : 3.37
   vqmver    : 
   author    : MaxD http://devs.mx

File Name    : system/library/cache.php(0)
VQModObject::applyMod - SEARCH NOT FOUND (SKIPPED): if (is_file(DIR_SYSTEM . 'library/journal3/vendor/SuperCache

----------------------------------------------------------------------


---------- Date: 2026-03-31 19:27:50 ~ IP : 185.179.188.62 ----------
REQUEST URI : /manuals/?page=2
MOD DETAILS:
   modFile   : /home/canmotalka/web/can-motalka.ru/public_html/vqmod/xml/lightning.xml
   id        : OpenCart Lightning
   version   : 3.37
   vqmver    : 
   author    : MaxD http://devs.mx

File Name    : system/library/cache.php(0)
VQModObject::applyMod - SEARCH NOT FOUND (SKIPPED): if (is_file(DIR_SYSTEM . 'library/journal3/vendor/SuperCache

----------------------------------------------------------------------


---------- Date: 2026-03-31 19:28:30 ~ IP : 185.179.188.62 ----------
REQUEST URI : /podmotka-spidometra-largus-new/?ysclid=mnetybi29n351100076
MOD DETAILS:
   modFile   : /home/canmotalka/web/can-motalka.ru/public_html/vqmod/xml/lightning.xml
   id        : OpenCart Lightning
   version   : 3.37
   vqmver    : 
   author    : MaxD http://devs.mx

File Name    : system/library/cache.php(0)
VQModObject::applyMod - SEARCH NOT FOUND (SKIPPED): if (is_file(DIR_SYSTEM . 'library/journal3/vendor/SuperCache

----------------------------------------------------------------------


---------- Date: 2026-03-31 19:28:30 ~ IP : 185.179.188.62 ----------
REQUEST URI : /podmotka-spidometra-largus-new/
MOD DETAILS:
   modFile   : /home/canmotalka/web/can-motalka.ru/public_html/vqmod/xml/lightning.xml
   id        : OpenCart Lightning
   version   : 3.37
   vqmver    : 
   author    : MaxD http://devs.mx

File Name    : system/library/cache.php(0)
VQModObject::applyMod - SEARCH NOT FOUND (SKIPPED): if (is_file(DIR_SYSTEM . 'library/journal3/vendor/SuperCache

----------------------------------------------------------------------


---------- Date: 2026-03-31 19:28:31 ~ IP : 185.179.188.62 ----------
REQUEST URI : /index.php?route=product/product/review&amp;product_id=292
MOD DETAILS:
   modFile   : /home/canmotalka/web/can-motalka.ru/public_html/vqmod/xml/lightning.xml
   id        : OpenCart Lightning
   version   : 3.37
   vqmver    : 
   author    : MaxD http://devs.mx

File Name    : system/library/cache.php(0)
VQModObject::applyMod - SEARCH NOT FOUND (SKIPPED): if (is_file(DIR_SYSTEM . 'library/journal3/vendor/SuperCache

----------------------------------------------------------------------


---------- Date: 2026-03-31 19:28:31 ~ IP : 185.179.188.62 ----------
REQUEST URI : /index.php?route=module/popupcart_extended
MOD DETAILS:
   modFile   : /home/canmotalka/web/can-motalka.ru/public_html/vqmod/xml/lightning.xml
   id        : OpenCart Lightning
   version   : 3.37
   vqmver    : 
   author    : MaxD http://devs.mx

File Name    : system/library/cache.php(0)
VQModObject::applyMod - SEARCH NOT FOUND (SKIPPED): if (is_file(DIR_SYSTEM . 'library/journal3/vendor/SuperCache

----------------------------------------------------------------------


---------- Date: 2026-03-31 19:29:50 ~ IP : 185.179.188.62 ----------
REQUEST URI : /podmotka_uaz_re/
MOD DETAILS:
   modFile   : /home/canmotalka/web/can-motalka.ru/public_html/vqmod/xml/lightning.xml
   id        : OpenCart Lightning
   version   : 3.37
   vqmver    : 
   author    : MaxD http://devs.mx

File Name    : system/library/cache.php(0)
VQModObject::applyMod - SEARCH NOT FOUND (SKIPPED): if (is_file(DIR_SYSTEM . 'library/journal3/vendor/SuperCache

----------------------------------------------------------------------


---------- Date: 2026-03-31 19:30:45 ~ IP : 185.179.188.62 ----------
REQUEST URI : /podmotka_uaz_re/
MOD DETAILS:
   modFile   : /home/canmotalka/web/can-motalka.ru/public_html/vqmod/xml/lightning.xml
   id        : OpenCart Lightning
   version   : 3.37
   vqmver    : 
   author    : MaxD http://devs.mx

File Name    : system/library/cache.php(0)
VQModObject::applyMod - SEARCH NOT FOUND (SKIPPED): if (is_file(DIR_SYSTEM . 'library/journal3/vendor/SuperCache

----------------------------------------------------------------------


---------- Date: 2026-03-31 19:31:48 ~ IP : 185.179.188.62 ----------
REQUEST URI : /motalki/nissan/
MOD DETAILS:
   modFile   : /home/canmotalka/web/can-motalka.ru/public_html/vqmod/xml/lightning.xml
   id        : OpenCart Lightning
   version   : 3.37
   vqmver    : 
   author    : MaxD http://devs.mx

File Name    : system/library/cache.php(0)
VQModObject::applyMod - SEARCH NOT FOUND (SKIPPED): if (is_file(DIR_SYSTEM . 'library/journal3/vendor/SuperCache

----------------------------------------------------------------------


---------- Date: 2026-03-31 19:31:53 ~ IP : 185.179.188.62 ----------
REQUEST URI : /podmotka-spidometra-nissan-terrano/
MOD DETAILS:
   modFile   : /home/canmotalka/web/can-motalka.ru/public_html/vqmod/xml/lightning.xml
   id        : OpenCart Lightning
   version   : 3.37
   vqmver    : 
   author    : MaxD http://devs.mx

File Name    : system/library/cache.php(0)
VQModObject::applyMod - SEARCH NOT FOUND (SKIPPED): if (is_file(DIR_SYSTEM . 'library/journal3/vendor/SuperCache

----------------------------------------------------------------------


---------- Date: 2026-03-31 19:31:54 ~ IP : 185.179.188.62 ----------
REQUEST URI : /index.php?route=product/product/review&amp;product_id=288
MOD DETAILS:
   modFile   : /home/canmotalka/web/can-motalka.ru/public_html/vqmod/xml/lightning.xml
   id        : OpenCart Lightning
   version   : 3.37
   vqmver    : 
   author    : MaxD http://devs.mx

File Name    : system/library/cache.php(0)
VQModObject::applyMod - SEARCH NOT FOUND (SKIPPED): if (is_file(DIR_SYSTEM . 'library/journal3/vendor/SuperCache

----------------------------------------------------------------------


---------- Date: 2026-03-31 19:34:09 ~ IP : 185.179.188.62 ----------
REQUEST URI : /podmotka-spidometra-largus-new/?ysclid=mneu5kzjpg488404171
MOD DETAILS:
   modFile   : /home/canmotalka/web/can-motalka.ru/public_html/vqmod/xml/lightning.xml
   id        : OpenCart Lightning
   version   : 3.37
   vqmver    : 
   author    : MaxD http://devs.mx

File Name    : system/library/cache.php(0)
VQModObject::applyMod - SEARCH NOT FOUND (SKIPPED): if (is_file(DIR_SYSTEM . 'library/journal3/vendor/SuperCache

----------------------------------------------------------------------


---------- Date: 2026-03-31 19:35:23 ~ IP : 185.179.188.62 ----------
REQUEST URI : /motalka_spidometra/
MOD DETAILS:
   modFile   : /home/canmotalka/web/can-motalka.ru/public_html/vqmod/xml/lightning.xml
   id        : OpenCart Lightning
   version   : 3.37
   vqmver    : 
   author    : MaxD http://devs.mx

File Name    : system/library/cache.php(0)
VQModObject::applyMod - SEARCH NOT FOUND (SKIPPED): if (is_file(DIR_SYSTEM . 'library/journal3/vendor/SuperCache

----------------------------------------------------------------------


---------- Date: 2026-03-31 19:35:24 ~ IP : 185.179.188.62 ----------
REQUEST URI : /index.php?route=module/popupcart_extended
MOD DETAILS:
   modFile   : /home/canmotalka/web/can-motalka.ru/public_html/vqmod/xml/lightning.xml
   id        : OpenCart Lightning
   version   : 3.37
   vqmver    : 
   author    : MaxD http://devs.mx

File Name    : system/library/cache.php(0)
VQModObject::applyMod - SEARCH NOT FOUND (SKIPPED): if (is_file(DIR_SYSTEM . 'library/journal3/vendor/SuperCache

----------------------------------------------------------------------


---------- Date: 2026-03-31 19:36:42 ~ IP : 185.179.188.62 ----------
REQUEST URI : /podmotka-spidometra-hyundai-genesis-g80/?ysclid=mneuacwaez10909182
MOD DETAILS:
   modFile   : /home/canmotalka/web/can-motalka.ru/public_html/vqmod/xml/lightning.xml
   id        : OpenCart Lightning
   version   : 3.37
   vqmver    : 
   author    : MaxD http://devs.mx

File Name    : system/library/cache.php(0)
VQModObject::applyMod - SEARCH NOT FOUND (SKIPPED): if (is_file(DIR_SYSTEM . 'library/journal3/vendor/SuperCache

----------------------------------------------------------------------


---------- Date: 2026-03-31 19:36:43 ~ IP : 185.179.188.62 ----------
REQUEST URI : /podmotka-spidometra-hyundai-genesis-g80/
MOD DETAILS:
   modFile   : /home/canmotalka/web/can-motalka.ru/public_html/vqmod/xml/lightning.xml
   id        : OpenCart Lightning
   version   : 3.37
   vqmver    : 
   author    : MaxD http://devs.mx

File Name    : system/library/cache.php(0)
VQModObject::applyMod - SEARCH NOT FOUND (SKIPPED): if (is_file(DIR_SYSTEM . 'library/journal3/vendor/SuperCache

----------------------------------------------------------------------


---------- Date: 2026-03-31 19:36:43 ~ IP : 185.179.188.62 ----------
REQUEST URI : /index.php?route=product/product/review&amp;product_id=286
MOD DETAILS:
   modFile   : /home/canmotalka/web/can-motalka.ru/public_html/vqmod/xml/lightning.xml
   id        : OpenCart Lightning
   version   : 3.37
   vqmver    : 
   author    : MaxD http://devs.mx

File Name    : system/library/cache.php(0)
VQModObject::applyMod - SEARCH NOT FOUND (SKIPPED): if (is_file(DIR_SYSTEM . 'library/journal3/vendor/SuperCache

----------------------------------------------------------------------


---------- Date: 2026-03-31 19:36:43 ~ IP : 185.179.188.62 ----------
REQUEST URI : /index.php?route=module/popupcart_extended
MOD DETAILS:
   modFile   : /home/canmotalka/web/can-motalka.ru/public_html/vqmod/xml/lightning.xml
   id        : OpenCart Lightning
   version   : 3.37
   vqmver    : 
   author    : MaxD http://devs.mx

File Name    : system/library/cache.php(0)
VQModObject::applyMod - SEARCH NOT FOUND (SKIPPED): if (is_file(DIR_SYSTEM . 'library/journal3/vendor/SuperCache

----------------------------------------------------------------------


---------- Date: 2026-03-31 19:37:31 ~ IP : 185.179.188.62 ----------
REQUEST URI : /.well-known/traffic-advice
MOD DETAILS:
   modFile   : /home/canmotalka/web/can-motalka.ru/public_html/vqmod/xml/lightning.xml
   id        : OpenCart Lightning
   version   : 3.37
   vqmver    : 
   author    : MaxD http://devs.mx

File Name    : system/library/cache.php(0)
VQModObject::applyMod - SEARCH NOT FOUND (SKIPPED): if (is_file(DIR_SYSTEM . 'library/journal3/vendor/SuperCache

----------------------------------------------------------------------


---------- Date: 2026-03-31 19:37:31 ~ IP : 185.179.188.62 ----------
REQUEST URI : /patriot_re/
MOD DETAILS:
   modFile   : /home/canmotalka/web/can-motalka.ru/public_html/vqmod/xml/lightning.xml
   id        : OpenCart Lightning
   version   : 3.37
   vqmver    : 
   author    : MaxD http://devs.mx

File Name    : system/library/cache.php(0)
VQModObject::applyMod - SEARCH NOT FOUND (SKIPPED): if (is_file(DIR_SYSTEM . 'library/journal3/vendor/SuperCache

----------------------------------------------------------------------


---------- Date: 2026-03-31 19:39:03 ~ IP : 185.179.188.62 ----------
REQUEST URI : /podmotka_spidometra_solaris2/
MOD DETAILS:
   modFile   : /home/canmotalka/web/can-motalka.ru/public_html/vqmod/xml/lightning.xml
   id        : OpenCart Lightning
   version   : 3.37
   vqmver    : 
   author    : MaxD http://devs.mx

File Name    : system/library/cache.php(0)
VQModObject::applyMod - SEARCH NOT FOUND (SKIPPED): if (is_file(DIR_SYSTEM . 'library/journal3/vendor/SuperCache

----------------------------------------------------------------------


---------- Date: 2026-03-31 19:44:50 ~ IP : 185.179.188.62 ----------
REQUEST URI : /podmotka-spidometra-gazel-v-prikurivatel/?ysclid=mneungr4mj676401590
MOD DETAILS:
   modFile   : /home/canmotalka/web/can-motalka.ru/public_html/vqmod/xml/lightning.xml
   id        : OpenCart Lightning
   version   : 3.37
   vqmver    : 
   author    : MaxD http://devs.mx

File Name    : system/library/cache.php(0)
VQModObject::applyMod - SEARCH NOT FOUND (SKIPPED): if (is_file(DIR_SYSTEM . 'library/journal3/vendor/SuperCache

----------------------------------------------------------------------


---------- Date: 2026-03-31 19:44:50 ~ IP : 185.179.188.62 ----------
REQUEST URI : /podmotka-spidometra-gazel-v-prikurivatel/
MOD DETAILS:
   modFile   : /home/canmotalka/web/can-motalka.ru/public_html/vqmod/xml/lightning.xml
   id        : OpenCart Lightning
   version   : 3.37
   vqmver    : 
   author    : MaxD http://devs.mx

File Name    : system/library/cache.php(0)
VQModObject::applyMod - SEARCH NOT FOUND (SKIPPED): if (is_file(DIR_SYSTEM . 'library/journal3/vendor/SuperCache

----------------------------------------------------------------------


---------- Date: 2026-03-31 19:45:00 ~ IP : 185.179.188.62 ----------
REQUEST URI : /index.php?route=product/product/review&amp;product_id=298
MOD DETAILS:
   modFile   : /home/canmotalka/web/can-motalka.ru/public_html/vqmod/xml/lightning.xml
   id        : OpenCart Lightning
   version   : 3.37
   vqmver    : 
   author    : MaxD http://devs.mx

File Name    : system/library/cache.php(0)
VQModObject::applyMod - SEARCH NOT FOUND (SKIPPED): if (is_file(DIR_SYSTEM . 'library/journal3/vendor/SuperCache

----------------------------------------------------------------------


---------- Date: 2026-03-31 19:45:03 ~ IP : 185.179.188.62 ----------
REQUEST URI : /index.php?route=module/popupcart_extended
MOD DETAILS:
   modFile   : /home/canmotalka/web/can-motalka.ru/public_html/vqmod/xml/lightning.xml
   id        : OpenCart Lightning
   version   : 3.37
   vqmver    : 
   author    : MaxD http://devs.mx

File Name    : system/library/cache.php(0)
VQModObject::applyMod - SEARCH NOT FOUND (SKIPPED): if (is_file(DIR_SYSTEM . 'library/journal3/vendor/SuperCache

----------------------------------------------------------------------


---------- Date: 2026-03-31 19:45:19 ~ IP : 185.179.188.62 ----------
REQUEST URI : /instrukciya-lada-granta-2021/
MOD DETAILS:
   modFile   : /home/canmotalka/web/can-motalka.ru/public_html/vqmod/xml/lightning.xml
   id        : OpenCart Lightning
   version   : 3.37
   vqmver    : 
   author    : MaxD http://devs.mx

File Name    : system/library/cache.php(0)
VQModObject::applyMod - SEARCH NOT FOUND (SKIPPED): if (is_file(DIR_SYSTEM . 'library/journal3/vendor/SuperCache

----------------------------------------------------------------------


---------- Date: 2026-03-31 19:45:20 ~ IP : 185.179.188.62 ----------
REQUEST URI : /index.php?route=module/popupcart_extended
MOD DETAILS:
   modFile   : /home/canmotalka/web/can-motalka.ru/public_html/vqmod/xml/lightning.xml
   id        : OpenCart Lightning
   version   : 3.37
   vqmver    : 
   author    : MaxD http://devs.mx

File Name    : system/library/cache.php(0)
VQModObject::applyMod - SEARCH NOT FOUND (SKIPPED): if (is_file(DIR_SYSTEM . 'library/journal3/vendor/SuperCache

----------------------------------------------------------------------


---------- Date: 2026-03-31 19:45:27 ~ IP : 185.179.188.62 ----------
REQUEST URI : /podmotka-spidometra-ford-focus-2/?ysclid=mneulih3qs963439808
MOD DETAILS:
   modFile   : /home/canmotalka/web/can-motalka.ru/public_html/vqmod/xml/lightning.xml
   id        : OpenCart Lightning
   version   : 3.37
   vqmver    : 
   author    : MaxD http://devs.mx

File Name    : system/library/cache.php(0)
VQModObject::applyMod - SEARCH NOT FOUND (SKIPPED): if (is_file(DIR_SYSTEM . 'library/journal3/vendor/SuperCache

----------------------------------------------------------------------


---------- Date: 2026-03-31 19:45:28 ~ IP : 185.179.188.62 ----------
REQUEST URI : /podmotka-spidometra-ford-focus-2/
MOD DETAILS:
   modFile   : /home/canmotalka/web/can-motalka.ru/public_html/vqmod/xml/lightning.xml
   id        : OpenCart Lightning
   version   : 3.37
   vqmver    : 
   author    : MaxD http://devs.mx

File Name    : system/library/cache.php(0)
VQModObject::applyMod - SEARCH NOT FOUND (SKIPPED): if (is_file(DIR_SYSTEM . 'library/journal3/vendor/SuperCache

----------------------------------------------------------------------


---------- Date: 2026-03-31 19:45:29 ~ IP : 185.179.188.62 ----------
REQUEST URI : /index.php?route=product/product/review&amp;product_id=53
MOD DETAILS:
   modFile   : /home/canmotalka/web/can-motalka.ru/public_html/vqmod/xml/lightning.xml
   id        : OpenCart Lightning
   version   : 3.37
   vqmver    : 
   author    : MaxD http://devs.mx

File Name    : system/library/cache.php(0)
VQModObject::applyMod - SEARCH NOT FOUND (SKIPPED): if (is_file(DIR_SYSTEM . 'library/journal3/vendor/SuperCache

----------------------------------------------------------------------


---------- Date: 2026-03-31 19:45:29 ~ IP : 185.179.188.62 ----------
REQUEST URI : /index.php?route=module/popupcart_extended
MOD DETAILS:
   modFile   : /home/canmotalka/web/can-motalka.ru/public_html/vqmod/xml/lightning.xml
   id        : OpenCart Lightning
   version   : 3.37
   vqmver    : 
   author    : MaxD http://devs.mx

File Name    : system/library/cache.php(0)
VQModObject::applyMod - SEARCH NOT FOUND (SKIPPED): if (is_file(DIR_SYSTEM . 'library/journal3/vendor/SuperCache

----------------------------------------------------------------------


---------- Date: 2026-03-31 19:46:11 ~ IP : 185.179.188.62 ----------
REQUEST URI : /podmotka-spidometra-gazel-v-prikurivatel/
MOD DETAILS:
   modFile   : /home/canmotalka/web/can-motalka.ru/public_html/vqmod/xml/lightning.xml
   id        : OpenCart Lightning
   version   : 3.37
   vqmver    : 
   author    : MaxD http://devs.mx

File Name    : system/library/cache.php(0)
VQModObject::applyMod - SEARCH NOT FOUND (SKIPPED): if (is_file(DIR_SYSTEM . 'library/journal3/vendor/SuperCache

----------------------------------------------------------------------


---------- Date: 2026-03-31 19:48:51 ~ IP : 185.179.188.62 ----------
REQUEST URI : /niva_abs_re/
MOD DETAILS:
   modFile   : /home/canmotalka/web/can-motalka.ru/public_html/vqmod/xml/lightning.xml
   id        : OpenCart Lightning
   version   : 3.37
   vqmver    : 
   author    : MaxD http://devs.mx

File Name    : system/library/cache.php(0)
VQModObject::applyMod - SEARCH NOT FOUND (SKIPPED): if (is_file(DIR_SYSTEM . 'library/journal3/vendor/SuperCache

----------------------------------------------------------------------


---------- Date: 2026-03-31 19:48:51 ~ IP : 185.179.188.62 ----------
REQUEST URI : /index.php?route=module/popupcart_extended
MOD DETAILS:
   modFile   : /home/canmotalka/web/can-motalka.ru/public_html/vqmod/xml/lightning.xml
   id        : OpenCart Lightning
   version   : 3.37
   vqmver    : 
   author    : MaxD http://devs.mx

File Name    : system/library/cache.php(0)
VQModObject::applyMod - SEARCH NOT FOUND (SKIPPED): if (is_file(DIR_SYSTEM . 'library/journal3/vendor/SuperCache

----------------------------------------------------------------------


---------- Date: 2026-03-31 19:51:00 ~ IP : 185.179.188.62 ----------
REQUEST URI : /kak-rabotaet-podmotka-spidometra/
MOD DETAILS:
   modFile   : /home/canmotalka/web/can-motalka.ru/public_html/vqmod/xml/lightning.xml
   id        : OpenCart Lightning
   version   : 3.37
   vqmver    : 
   author    : MaxD http://devs.mx

File Name    : system/library/cache.php(0)
VQModObject::applyMod - SEARCH NOT FOUND (SKIPPED): if (is_file(DIR_SYSTEM . 'library/journal3/vendor/SuperCache

----------------------------------------------------------------------


---------- Date: 2026-03-31 19:51:02 ~ IP : 185.179.188.62 ----------
REQUEST URI : /index.php?route=module/popupcart_extended
MOD DETAILS:
   modFile   : /home/canmotalka/web/can-motalka.ru/public_html/vqmod/xml/lightning.xml
   id        : OpenCart Lightning
   version   : 3.37
   vqmver    : 
   author    : MaxD http://devs.mx

File Name    : system/library/cache.php(0)
VQModObject::applyMod - SEARCH NOT FOUND (SKIPPED): if (is_file(DIR_SYSTEM . 'library/journal3/vendor/SuperCache

----------------------------------------------------------------------


---------- Date: 2026-03-31 19:54:09 ~ IP : 185.179.188.62 ----------
REQUEST URI : /kak-rabotaet-podmotka-spidometra/
MOD DETAILS:
   modFile   : /home/canmotalka/web/can-motalka.ru/public_html/vqmod/xml/lightning.xml
   id        : OpenCart Lightning
   version   : 3.37
   vqmver    : 
   author    : MaxD http://devs.mx

File Name    : system/library/cache.php(0)
VQModObject::applyMod - SEARCH NOT FOUND (SKIPPED): if (is_file(DIR_SYSTEM . 'library/journal3/vendor/SuperCache

----------------------------------------------------------------------


---------- Date: 2026-03-31 19:54:10 ~ IP : 185.179.188.62 ----------
REQUEST URI : /index.php?route=module/popupcart_extended
MOD DETAILS:
   modFile   : /home/canmotalka/web/can-motalka.ru/public_html/vqmod/xml/lightning.xml
   id        : OpenCart Lightning
   version   : 3.37
   vqmver    : 
   author    : MaxD http://devs.mx

File Name    : system/library/cache.php(0)
VQModObject::applyMod - SEARCH NOT FOUND (SKIPPED): if (is_file(DIR_SYSTEM . 'library/journal3/vendor/SuperCache

----------------------------------------------------------------------


---------- Date: 2026-03-31 19:58:07 ~ IP : 185.179.188.62 ----------
REQUEST URI : /podmotka-spidometra-niva-travel/?ysclid=mnev1wdrau563536998
MOD DETAILS:
   modFile   : /home/canmotalka/web/can-motalka.ru/public_html/vqmod/xml/lightning.xml
   id        : OpenCart Lightning
   version   : 3.37
   vqmver    : 
   author    : MaxD http://devs.mx

File Name    : system/library/cache.php(0)
VQModObject::applyMod - SEARCH NOT FOUND (SKIPPED): if (is_file(DIR_SYSTEM . 'library/journal3/vendor/SuperCache

----------------------------------------------------------------------


---------- Date: 2026-03-31 19:58:07 ~ IP : 185.179.188.62 ----------
REQUEST URI : /podmotka-spidometra-niva-travel/
MOD DETAILS:
   modFile   : /home/canmotalka/web/can-motalka.ru/public_html/vqmod/xml/lightning.xml
   id        : OpenCart Lightning
   version   : 3.37
   vqmver    : 
   author    : MaxD http://devs.mx

File Name    : system/library/cache.php(0)
VQModObject::applyMod - SEARCH NOT FOUND (SKIPPED): if (is_file(DIR_SYSTEM . 'library/journal3/vendor/SuperCache

----------------------------------------------------------------------


---------- Date: 2026-03-31 19:58:08 ~ IP : 185.179.188.62 ----------
REQUEST URI : /index.php?route=product/product/review&amp;product_id=291
MOD DETAILS:
   modFile   : /home/canmotalka/web/can-motalka.ru/public_html/vqmod/xml/lightning.xml
   id        : OpenCart Lightning
   version   : 3.37
   vqmver    : 
   author    : MaxD http://devs.mx

File Name    : system/library/cache.php(0)
VQModObject::applyMod - SEARCH NOT FOUND (SKIPPED): if (is_file(DIR_SYSTEM . 'library/journal3/vendor/SuperCache

----------------------------------------------------------------------


---------- Date: 2026-03-31 19:58:08 ~ IP : 185.179.188.62 ----------
REQUEST URI : /index.php?route=module/popupcart_extended
MOD DETAILS:
   modFile   : /home/canmotalka/web/can-motalka.ru/public_html/vqmod/xml/lightning.xml
   id        : OpenCart Lightning
   version   : 3.37
   vqmver    : 
   author    : MaxD http://devs.mx

File Name    : system/library/cache.php(0)
VQModObject::applyMod - SEARCH NOT FOUND (SKIPPED): if (is_file(DIR_SYSTEM . 'library/journal3/vendor/SuperCache

----------------------------------------------------------------------


---------- Date: 2026-03-31 19:59:14 ~ IP : 185.179.188.62 ----------
REQUEST URI : /instrukciya-podmotka-kamaz/?ysclid=mnev3c1y6z805234513
MOD DETAILS:
   modFile   : /home/canmotalka/web/can-motalka.ru/public_html/vqmod/xml/lightning.xml
   id        : OpenCart Lightning
   version   : 3.37
   vqmver    : 
   author    : MaxD http://devs.mx

File Name    : system/library/cache.php(0)
VQModObject::applyMod - SEARCH NOT FOUND (SKIPPED): if (is_file(DIR_SYSTEM . 'library/journal3/vendor/SuperCache

----------------------------------------------------------------------


---------- Date: 2026-03-31 19:59:14 ~ IP : 185.179.188.62 ----------
REQUEST URI : /instrukciya-podmotka-kamaz/
MOD DETAILS:
   modFile   : /home/canmotalka/web/can-motalka.ru/public_html/vqmod/xml/lightning.xml
   id        : OpenCart Lightning
   version   : 3.37
   vqmver    : 
   author    : MaxD http://devs.mx

File Name    : system/library/cache.php(0)
VQModObject::applyMod - SEARCH NOT FOUND (SKIPPED): if (is_file(DIR_SYSTEM . 'library/journal3/vendor/SuperCache

----------------------------------------------------------------------


---------- Date: 2026-03-31 20:00:16 ~ IP : 185.179.188.62 ----------
REQUEST URI : /podmotka-spidometra-niva-travel/
MOD DETAILS:
   modFile   : /home/canmotalka/web/can-motalka.ru/public_html/vqmod/xml/lightning.xml
   id        : OpenCart Lightning
   version   : 3.37
   vqmver    : 
   author    : MaxD http://devs.mx

File Name    : system/library/cache.php(0)
VQModObject::applyMod - SEARCH NOT FOUND (SKIPPED): if (is_file(DIR_SYSTEM . 'library/journal3/vendor/SuperCache

----------------------------------------------------------------------


---------- Date: 2026-03-31 20:01:07 ~ IP : 185.179.188.62 ----------
REQUEST URI : /gazelle_biz_manual/
MOD DETAILS:
   modFile   : /home/canmotalka/web/can-motalka.ru/public_html/vqmod/xml/lightning.xml
   id        : OpenCart Lightning
   version   : 3.37
   vqmver    : 
   author    : MaxD http://devs.mx

File Name    : system/library/cache.php(0)
VQModObject::applyMod - SEARCH NOT FOUND (SKIPPED): if (is_file(DIR_SYSTEM . 'library/journal3/vendor/SuperCache

----------------------------------------------------------------------


---------- Date: 2026-03-31 20:01:08 ~ IP : 185.179.188.62 ----------
REQUEST URI : /index.php?route=module/popupcart_extended
MOD DETAILS:
   modFile   : /home/canmotalka/web/can-motalka.ru/public_html/vqmod/xml/lightning.xml
   id        : OpenCart Lightning
   version   : 3.37
   vqmver    : 
   author    : MaxD http://devs.mx

File Name    : system/library/cache.php(0)
VQModObject::applyMod - SEARCH NOT FOUND (SKIPPED): if (is_file(DIR_SYSTEM . 'library/journal3/vendor/SuperCache

----------------------------------------------------------------------


---------- Date: 2026-03-31 20:01:48 ~ IP : 185.179.188.62 ----------
REQUEST URI : /patriot_re/
MOD DETAILS:
   modFile   : /home/canmotalka/web/can-motalka.ru/public_html/vqmod/xml/lightning.xml
   id        : OpenCart Lightning
   version   : 3.37
   vqmver    : 
   author    : MaxD http://devs.mx

File Name    : system/library/cache.php(0)
VQModObject::applyMod - SEARCH NOT FOUND (SKIPPED): if (is_file(DIR_SYSTEM . 'library/journal3/vendor/SuperCache

----------------------------------------------------------------------


---------- Date: 2026-03-31 20:02:24 ~ IP : 185.179.188.62 ----------
REQUEST URI : /patriot_re/
MOD DETAILS:
   modFile   : /home/canmotalka/web/can-motalka.ru/public_html/vqmod/xml/lightning.xml
   id        : OpenCart Lightning
   version   : 3.37
   vqmver    : 
   author    : MaxD http://devs.mx

File Name    : system/library/cache.php(0)
VQModObject::applyMod - SEARCH NOT FOUND (SKIPPED): if (is_file(DIR_SYSTEM . 'library/journal3/vendor/SuperCache

----------------------------------------------------------------------


---------- Date: 2026-03-31 20:04:31 ~ IP : 185.179.188.62 ----------
REQUEST URI : /patriot_re/
MOD DETAILS:
   modFile   : /home/canmotalka/web/can-motalka.ru/public_html/vqmod/xml/lightning.xml
   id        : OpenCart Lightning
   version   : 3.37
   vqmver    : 
   author    : MaxD http://devs.mx

File Name    : system/library/cache.php(0)
VQModObject::applyMod - SEARCH NOT FOUND (SKIPPED): if (is_file(DIR_SYSTEM . 'library/journal3/vendor/SuperCache

----------------------------------------------------------------------


---------- Date: 2026-03-31 20:04:32 ~ IP : 185.179.188.62 ----------
REQUEST URI : /index.php?route=module/popupcart_extended
MOD DETAILS:
   modFile   : /home/canmotalka/web/can-motalka.ru/public_html/vqmod/xml/lightning.xml
   id        : OpenCart Lightning
   version   : 3.37
   vqmver    : 
   author    : MaxD http://devs.mx

File Name    : system/library/cache.php(0)
VQModObject::applyMod - SEARCH NOT FOUND (SKIPPED): if (is_file(DIR_SYSTEM . 'library/journal3/vendor/SuperCache

----------------------------------------------------------------------


---------- Date: 2026-03-31 20:11:37 ~ IP : 185.179.188.62 ----------
REQUEST URI : /?ysclid=mnevk714wt752422313
MOD DETAILS:
   modFile   : /home/canmotalka/web/can-motalka.ru/public_html/vqmod/xml/lightning.xml
   id        : OpenCart Lightning
   version   : 3.37
   vqmver    : 
   author    : MaxD http://devs.mx

File Name    : system/library/cache.php(0)
VQModObject::applyMod - SEARCH NOT FOUND (SKIPPED): if (is_file(DIR_SYSTEM . 'library/journal3/vendor/SuperCache

----------------------------------------------------------------------


---------- Date: 2026-03-31 20:12:08 ~ IP : 185.179.188.62 ----------
REQUEST URI : /index.php?route=module/popupcart_extended
MOD DETAILS:
   modFile   : /home/canmotalka/web/can-motalka.ru/public_html/vqmod/xml/lightning.xml
   id        : OpenCart Lightning
   version   : 3.37
   vqmver    : 
   author    : MaxD http://devs.mx

File Name    : system/library/cache.php(0)
VQModObject::applyMod - SEARCH NOT FOUND (SKIPPED): if (is_file(DIR_SYSTEM . 'library/journal3/vendor/SuperCache

----------------------------------------------------------------------


---------- Date: 2026-03-31 20:14:45 ~ IP : 185.179.188.62 ----------
REQUEST URI : /index.php?route=module/popupcart_extended
MOD DETAILS:
   modFile   : /home/canmotalka/web/can-motalka.ru/public_html/vqmod/xml/lightning.xml
   id        : OpenCart Lightning
   version   : 3.37
   vqmver    : 
   author    : MaxD http://devs.mx

File Name    : system/library/cache.php(0)
VQModObject::applyMod - SEARCH NOT FOUND (SKIPPED): if (is_file(DIR_SYSTEM . 'library/journal3/vendor/SuperCache

----------------------------------------------------------------------


---------- Date: 2026-03-31 20:14:55 ~ IP : 185.179.188.62 ----------
REQUEST URI : /podmotka-spidometra-renault-logan-2005-2014/
MOD DETAILS:
   modFile   : /home/canmotalka/web/can-motalka.ru/public_html/vqmod/xml/lightning.xml
   id        : OpenCart Lightning
   version   : 3.37
   vqmver    : 
   author    : MaxD http://devs.mx

File Name    : system/library/cache.php(0)
VQModObject::applyMod - SEARCH NOT FOUND (SKIPPED): if (is_file(DIR_SYSTEM . 'library/journal3/vendor/SuperCache

----------------------------------------------------------------------


---------- Date: 2026-03-31 20:14:56 ~ IP : 185.179.188.62 ----------
REQUEST URI : /index.php?route=product/product/review&amp;product_id=259
MOD DETAILS:
   modFile   : /home/canmotalka/web/can-motalka.ru/public_html/vqmod/xml/lightning.xml
   id        : OpenCart Lightning
   version   : 3.37
   vqmver    : 
   author    : MaxD http://devs.mx

File Name    : system/library/cache.php(0)
VQModObject::applyMod - SEARCH NOT FOUND (SKIPPED): if (is_file(DIR_SYSTEM . 'library/journal3/vendor/SuperCache

----------------------------------------------------------------------


---------- Date: 2026-03-31 20:14:56 ~ IP : 185.179.188.62 ----------
REQUEST URI : /index.php?route=module/popupcart_extended
MOD DETAILS:
   modFile   : /home/canmotalka/web/can-motalka.ru/public_html/vqmod/xml/lightning.xml
   id        : OpenCart Lightning
   version   : 3.37
   vqmver    : 
   author    : MaxD http://devs.mx

File Name    : system/library/cache.php(0)
VQModObject::applyMod - SEARCH NOT FOUND (SKIPPED): if (is_file(DIR_SYSTEM . 'library/journal3/vendor/SuperCache

----------------------------------------------------------------------


---------- Date: 2026-03-31 20:17:19 ~ IP : 185.179.188.62 ----------
REQUEST URI : /index.php?route=module/popupcart_extended
MOD DETAILS:
   modFile   : /home/canmotalka/web/can-motalka.ru/public_html/vqmod/xml/lightning.xml
   id        : OpenCart Lightning
   version   : 3.37
   vqmver    : 
   author    : MaxD http://devs.mx

File Name    : system/library/cache.php(0)
VQModObject::applyMod - SEARCH NOT FOUND (SKIPPED): if (is_file(DIR_SYSTEM . 'library/journal3/vendor/SuperCache

----------------------------------------------------------------------


---------- Date: 2026-03-31 20:17:21 ~ IP : 185.179.188.62 ----------
REQUEST URI : /dostavka-i-oplata/
MOD DETAILS:
   modFile   : /home/canmotalka/web/can-motalka.ru/public_html/vqmod/xml/lightning.xml
   id        : OpenCart Lightning
   version   : 3.37
   vqmver    : 
   author    : MaxD http://devs.mx

File Name    : system/library/cache.php(0)
VQModObject::applyMod - SEARCH NOT FOUND (SKIPPED): if (is_file(DIR_SYSTEM . 'library/journal3/vendor/SuperCache

----------------------------------------------------------------------


---------- Date: 2026-03-31 20:21:20 ~ IP : 185.179.188.62 ----------
REQUEST URI : /sitemap.xml
MOD DETAILS:
   modFile   : /home/canmotalka/web/can-motalka.ru/public_html/vqmod/xml/lightning.xml
   id        : OpenCart Lightning
   version   : 3.37
   vqmver    : 
   author    : MaxD http://devs.mx

File Name    : system/library/cache.php(0)
VQModObject::applyMod - SEARCH NOT FOUND (SKIPPED): if (is_file(DIR_SYSTEM . 'library/journal3/vendor/SuperCache

----------------------------------------------------------------------


---------- Date: 2026-03-31 20:21:20 ~ IP : 185.179.188.62 ----------
REQUEST URI : /index.php?route=feed/google_sitemap_fast
MOD DETAILS:
   modFile   : /home/canmotalka/web/can-motalka.ru/public_html/vqmod/xml/lightning.xml
   id        : OpenCart Lightning
   version   : 3.37
   vqmver    : 
   author    : MaxD http://devs.mx

File Name    : system/library/cache.php(0)
VQModObject::applyMod - SEARCH NOT FOUND (SKIPPED): if (is_file(DIR_SYSTEM . 'library/journal3/vendor/SuperCache

----------------------------------------------------------------------


---------- Date: 2026-03-31 20:24:01 ~ IP : 185.179.188.62 ----------
REQUEST URI : /sitemap.xml
MOD DETAILS:
   modFile   : /home/canmotalka/web/can-motalka.ru/public_html/vqmod/xml/lightning.xml
   id        : OpenCart Lightning
   version   : 3.37
   vqmver    : 
   author    : MaxD http://devs.mx

File Name    : system/library/cache.php(0)
VQModObject::applyMod - SEARCH NOT FOUND (SKIPPED): if (is_file(DIR_SYSTEM . 'library/journal3/vendor/SuperCache

----------------------------------------------------------------------


---------- Date: 2026-03-31 20:26:31 ~ IP : 185.179.188.62 ----------
REQUEST URI : /podmotka-spidometra-dlya-lada-granta-fl-2018-2019-s-abs-bezlimitnaya/
MOD DETAILS:
   modFile   : /home/canmotalka/web/can-motalka.ru/public_html/vqmod/xml/lightning.xml
   id        : OpenCart Lightning
   version   : 3.37
   vqmver    : 
   author    : MaxD http://devs.mx

File Name    : system/library/cache.php(0)
VQModObject::applyMod - SEARCH NOT FOUND (SKIPPED): if (is_file(DIR_SYSTEM . 'library/journal3/vendor/SuperCache

----------------------------------------------------------------------


---------- Date: 2026-03-31 20:26:31 ~ IP : 185.179.188.62 ----------
REQUEST URI : /podmotka-spidometra-lada-granta-fl/
MOD DETAILS:
   modFile   : /home/canmotalka/web/can-motalka.ru/public_html/vqmod/xml/lightning.xml
   id        : OpenCart Lightning
   version   : 3.37
   vqmver    : 
   author    : MaxD http://devs.mx

File Name    : system/library/cache.php(0)
VQModObject::applyMod - SEARCH NOT FOUND (SKIPPED): if (is_file(DIR_SYSTEM . 'library/journal3/vendor/SuperCache

----------------------------------------------------------------------


---------- Date: 2026-03-31 20:26:56 ~ IP : 185.179.188.62 ----------
REQUEST URI : /motalki/uaz/?ysclid=mnew2y2i4a690746273
MOD DETAILS:
   modFile   : /home/canmotalka/web/can-motalka.ru/public_html/vqmod/xml/lightning.xml
   id        : OpenCart Lightning
   version   : 3.37
   vqmver    : 
   author    : MaxD http://devs.mx

File Name    : system/library/cache.php(0)
VQModObject::applyMod - SEARCH NOT FOUND (SKIPPED): if (is_file(DIR_SYSTEM . 'library/journal3/vendor/SuperCache

----------------------------------------------------------------------


---------- Date: 2026-03-31 20:27:03 ~ IP : 185.179.188.62 ----------
REQUEST URI : /index.php?route=module/popupcart_extended
MOD DETAILS:
   modFile   : /home/canmotalka/web/can-motalka.ru/public_html/vqmod/xml/lightning.xml
   id        : OpenCart Lightning
   version   : 3.37
   vqmver    : 
   author    : MaxD http://devs.mx

File Name    : system/library/cache.php(0)
VQModObject::applyMod - SEARCH NOT FOUND (SKIPPED): if (is_file(DIR_SYSTEM . 'library/journal3/vendor/SuperCache

----------------------------------------------------------------------


---------- Date: 2026-03-31 20:27:19 ~ IP : 185.179.188.62 ----------
REQUEST URI : /setting_php/nabor-positivniy/918-zakaz-levitri-viagri-sialisa-noviy-orlean/
MOD DETAILS:
   modFile   : /home/canmotalka/web/can-motalka.ru/public_html/vqmod/xml/lightning.xml
   id        : OpenCart Lightning
   version   : 3.37
   vqmver    : 
   author    : MaxD http://devs.mx

File Name    : system/library/cache.php(0)
VQModObject::applyMod - SEARCH NOT FOUND (SKIPPED): if (is_file(DIR_SYSTEM . 'library/journal3/vendor/SuperCache

----------------------------------------------------------------------


---------- Date: 2026-03-31 20:31:41 ~ IP : 185.179.188.62 ----------
REQUEST URI : /podmotka-spidometra-vesta/
MOD DETAILS:
   modFile   : /home/canmotalka/web/can-motalka.ru/public_html/vqmod/xml/lightning.xml
   id        : OpenCart Lightning
   version   : 3.37
   vqmver    : 
   author    : MaxD http://devs.mx

File Name    : system/library/cache.php(0)
VQModObject::applyMod - SEARCH NOT FOUND (SKIPPED): if (is_file(DIR_SYSTEM . 'library/journal3/vendor/SuperCache

----------------------------------------------------------------------


---------- Date: 2026-03-31 20:32:03 ~ IP : 185.179.188.62 ----------
REQUEST URI : /index.php?route=product/product/review&amp;product_id=247
MOD DETAILS:
   modFile   : /home/canmotalka/web/can-motalka.ru/public_html/vqmod/xml/lightning.xml
   id        : OpenCart Lightning
   version   : 3.37
   vqmver    : 
   author    : MaxD http://devs.mx

File Name    : system/library/cache.php(0)
VQModObject::applyMod - SEARCH NOT FOUND (SKIPPED): if (is_file(DIR_SYSTEM . 'library/journal3/vendor/SuperCache

----------------------------------------------------------------------


---------- Date: 2026-03-31 20:32:04 ~ IP : 185.179.188.62 ----------
REQUEST URI : /podmotka-spidometra-vesta/
MOD DETAILS:
   modFile   : /home/canmotalka/web/can-motalka.ru/public_html/vqmod/xml/lightning.xml
   id        : OpenCart Lightning
   version   : 3.37
   vqmver    : 
   author    : MaxD http://devs.mx

File Name    : system/library/cache.php(0)
VQModObject::applyMod - SEARCH NOT FOUND (SKIPPED): if (is_file(DIR_SYSTEM . 'library/journal3/vendor/SuperCache

----------------------------------------------------------------------


---------- Date: 2026-03-31 20:32:18 ~ IP : 185.179.188.62 ----------
REQUEST URI : /podmotka-spidometra-vesta/
MOD DETAILS:
   modFile   : /home/canmotalka/web/can-motalka.ru/public_html/vqmod/xml/lightning.xml
   id        : OpenCart Lightning
   version   : 3.37
   vqmver    : 
   author    : MaxD http://devs.mx

File Name    : system/library/cache.php(0)
VQModObject::applyMod - SEARCH NOT FOUND (SKIPPED): if (is_file(DIR_SYSTEM . 'library/journal3/vendor/SuperCache

----------------------------------------------------------------------


---------- Date: 2026-03-31 20:39:09 ~ IP : 185.179.188.62 ----------
REQUEST URI : /podmotka-spidometra-uaz-patriot/
MOD DETAILS:
   modFile   : /home/canmotalka/web/can-motalka.ru/public_html/vqmod/xml/lightning.xml
   id        : OpenCart Lightning
   version   : 3.37
   vqmver    : 
   author    : MaxD http://devs.mx

File Name    : system/library/cache.php(0)
VQModObject::applyMod - SEARCH NOT FOUND (SKIPPED): if (is_file(DIR_SYSTEM . 'library/journal3/vendor/SuperCache

----------------------------------------------------------------------


---------- Date: 2026-03-31 20:39:10 ~ IP : 185.179.188.62 ----------
REQUEST URI : /index.php?route=product/product/review&amp;product_id=277
MOD DETAILS:
   modFile   : /home/canmotalka/web/can-motalka.ru/public_html/vqmod/xml/lightning.xml
   id        : OpenCart Lightning
   version   : 3.37
   vqmver    : 
   author    : MaxD http://devs.mx

File Name    : system/library/cache.php(0)
VQModObject::applyMod - SEARCH NOT FOUND (SKIPPED): if (is_file(DIR_SYSTEM . 'library/journal3/vendor/SuperCache

----------------------------------------------------------------------


---------- Date: 2026-03-31 20:39:10 ~ IP : 185.179.188.62 ----------
REQUEST URI : /index.php?route=module/popupcart_extended
MOD DETAILS:
   modFile   : /home/canmotalka/web/can-motalka.ru/public_html/vqmod/xml/lightning.xml
   id        : OpenCart Lightning
   version   : 3.37
   vqmver    : 
   author    : MaxD http://devs.mx

File Name    : system/library/cache.php(0)
VQModObject::applyMod - SEARCH NOT FOUND (SKIPPED): if (is_file(DIR_SYSTEM . 'library/journal3/vendor/SuperCache

----------------------------------------------------------------------


---------- Date: 2026-03-31 20:39:45 ~ IP : 185.179.188.62 ----------
REQUEST URI : /.well-known/traffic-advice
MOD DETAILS:
   modFile   : /home/canmotalka/web/can-motalka.ru/public_html/vqmod/xml/lightning.xml
   id        : OpenCart Lightning
   version   : 3.37
   vqmver    : 
   author    : MaxD http://devs.mx

File Name    : system/library/cache.php(0)
VQModObject::applyMod - SEARCH NOT FOUND (SKIPPED): if (is_file(DIR_SYSTEM . 'library/journal3/vendor/SuperCache

----------------------------------------------------------------------


---------- Date: 2026-03-31 20:39:45 ~ IP : 185.179.188.62 ----------
REQUEST URI : /podmotka_spidometra/
MOD DETAILS:
   modFile   : /home/canmotalka/web/can-motalka.ru/public_html/vqmod/xml/lightning.xml
   id        : OpenCart Lightning
   version   : 3.37
   vqmver    : 
   author    : MaxD http://devs.mx

File Name    : system/library/cache.php(0)
VQModObject::applyMod - SEARCH NOT FOUND (SKIPPED): if (is_file(DIR_SYSTEM . 'library/journal3/vendor/SuperCache

----------------------------------------------------------------------


---------- Date: 2026-03-31 20:46:50 ~ IP : 185.179.188.62 ----------
REQUEST URI : /folksvagen-polo-podmotka-spidometra/
MOD DETAILS:
   modFile   : /home/canmotalka/web/can-motalka.ru/public_html/vqmod/xml/lightning.xml
   id        : OpenCart Lightning
   version   : 3.37
   vqmver    : 
   author    : MaxD http://devs.mx

File Name    : system/library/cache.php(0)
VQModObject::applyMod - SEARCH NOT FOUND (SKIPPED): if (is_file(DIR_SYSTEM . 'library/journal3/vendor/SuperCache

----------------------------------------------------------------------


---------- Date: 2026-03-31 20:51:07 ~ IP : 185.179.188.62 ----------
REQUEST URI : /podmotka_vw_manual/
MOD DETAILS:
   modFile   : /home/canmotalka/web/can-motalka.ru/public_html/vqmod/xml/lightning.xml
   id        : OpenCart Lightning
   version   : 3.37
   vqmver    : 
   author    : MaxD http://devs.mx

File Name    : system/library/cache.php(0)
VQModObject::applyMod - SEARCH NOT FOUND (SKIPPED): if (is_file(DIR_SYSTEM . 'library/journal3/vendor/SuperCache

----------------------------------------------------------------------


---------- Date: 2026-03-31 20:51:08 ~ IP : 185.179.188.62 ----------
REQUEST URI : /index.php?route=module/popupcart_extended
MOD DETAILS:
   modFile   : /home/canmotalka/web/can-motalka.ru/public_html/vqmod/xml/lightning.xml
   id        : OpenCart Lightning
   version   : 3.37
   vqmver    : 
   author    : MaxD http://devs.mx

File Name    : system/library/cache.php(0)
VQModObject::applyMod - SEARCH NOT FOUND (SKIPPED): if (is_file(DIR_SYSTEM . 'library/journal3/vendor/SuperCache

----------------------------------------------------------------------


---------- Date: 2026-03-31 20:53:54 ~ IP : 185.179.188.62 ----------
REQUEST URI : /podmotka-spidometra-volkswagen-transporter-t5/
MOD DETAILS:
   modFile   : /home/canmotalka/web/can-motalka.ru/public_html/vqmod/xml/lightning.xml
   id        : OpenCart Lightning
   version   : 3.37
   vqmver    : 
   author    : MaxD http://devs.mx

File Name    : system/library/cache.php(0)
VQModObject::applyMod - SEARCH NOT FOUND (SKIPPED): if (is_file(DIR_SYSTEM . 'library/journal3/vendor/SuperCache

----------------------------------------------------------------------


---------- Date: 2026-03-31 20:53:55 ~ IP : 185.179.188.62 ----------
REQUEST URI : /index.php?route=product/product/review&amp;product_id=227
MOD DETAILS:
   modFile   : /home/canmotalka/web/can-motalka.ru/public_html/vqmod/xml/lightning.xml
   id        : OpenCart Lightning
   version   : 3.37
   vqmver    : 
   author    : MaxD http://devs.mx

File Name    : system/library/cache.php(0)
VQModObject::applyMod - SEARCH NOT FOUND (SKIPPED): if (is_file(DIR_SYSTEM . 'library/journal3/vendor/SuperCache

----------------------------------------------------------------------


---------- Date: 2026-03-31 20:53:55 ~ IP : 185.179.188.62 ----------
REQUEST URI : /index.php?route=module/popupcart_extended
MOD DETAILS:
   modFile   : /home/canmotalka/web/can-motalka.ru/public_html/vqmod/xml/lightning.xml
   id        : OpenCart Lightning
   version   : 3.37
   vqmver    : 
   author    : MaxD http://devs.mx

File Name    : system/library/cache.php(0)
VQModObject::applyMod - SEARCH NOT FOUND (SKIPPED): if (is_file(DIR_SYSTEM . 'library/journal3/vendor/SuperCache

----------------------------------------------------------------------


---------- Date: 2026-03-31 21:05:12 ~ IP : 185.179.188.62 ----------
REQUEST URI : /namotchik-probega-dlya-audi-a8/
MOD DETAILS:
   modFile   : /home/canmotalka/web/can-motalka.ru/public_html/vqmod/xml/lightning.xml
   id        : OpenCart Lightning
   version   : 3.37
   vqmver    : 
   author    : MaxD http://devs.mx

File Name    : system/library/cache.php(0)
VQModObject::applyMod - SEARCH NOT FOUND (SKIPPED): if (is_file(DIR_SYSTEM . 'library/journal3/vendor/SuperCache

----------------------------------------------------------------------


---------- Date: 2026-03-31 21:05:23 ~ IP : 185.179.188.62 ----------
REQUEST URI : /index.php?route=product/product/review&amp;product_id=235
MOD DETAILS:
   modFile   : /home/canmotalka/web/can-motalka.ru/public_html/vqmod/xml/lightning.xml
   id        : OpenCart Lightning
   version   : 3.37
   vqmver    : 
   author    : MaxD http://devs.mx

File Name    : system/library/cache.php(0)
VQModObject::applyMod - SEARCH NOT FOUND (SKIPPED): if (is_file(DIR_SYSTEM . 'library/journal3/vendor/SuperCache

----------------------------------------------------------------------


---------- Date: 2026-03-31 21:05:29 ~ IP : 185.179.188.62 ----------
REQUEST URI : /index.php?route=module/popupcart_extended
MOD DETAILS:
   modFile   : /home/canmotalka/web/can-motalka.ru/public_html/vqmod/xml/lightning.xml
   id        : OpenCart Lightning
   version   : 3.37
   vqmver    : 
   author    : MaxD http://devs.mx

File Name    : system/library/cache.php(0)
VQModObject::applyMod - SEARCH NOT FOUND (SKIPPED): if (is_file(DIR_SYSTEM . 'library/journal3/vendor/SuperCache

----------------------------------------------------------------------


---------- Date: 2026-03-31 21:11:56 ~ IP : 185.179.188.62 ----------
REQUEST URI : /instrukciya-dlya-podmotki-lada-niva/
MOD DETAILS:
   modFile   : /home/canmotalka/web/can-motalka.ru/public_html/vqmod/xml/lightning.xml
   id        : OpenCart Lightning
   version   : 3.37
   vqmver    : 
   author    : MaxD http://devs.mx

File Name    : system/library/cache.php(0)
VQModObject::applyMod - SEARCH NOT FOUND (SKIPPED): if (is_file(DIR_SYSTEM . 'library/journal3/vendor/SuperCache

----------------------------------------------------------------------


---------- Date: 2026-03-31 21:11:58 ~ IP : 185.179.188.62 ----------
REQUEST URI : /index.php?route=module/popupcart_extended
MOD DETAILS:
   modFile   : /home/canmotalka/web/can-motalka.ru/public_html/vqmod/xml/lightning.xml
   id        : OpenCart Lightning
   version   : 3.37
   vqmver    : 
   author    : MaxD http://devs.mx

File Name    : system/library/cache.php(0)
VQModObject::applyMod - SEARCH NOT FOUND (SKIPPED): if (is_file(DIR_SYSTEM . 'library/journal3/vendor/SuperCache

----------------------------------------------------------------------


---------- Date: 2026-03-31 21:14:24 ~ IP : 185.179.188.62 ----------
REQUEST URI : /index.php?route=module/popupcart_extended
MOD DETAILS:
   modFile   : /home/canmotalka/web/can-motalka.ru/public_html/vqmod/xml/lightning.xml
   id        : OpenCart Lightning
   version   : 3.37
   vqmver    : 
   author    : MaxD http://devs.mx

File Name    : system/library/cache.php(0)
VQModObject::applyMod - SEARCH NOT FOUND (SKIPPED): if (is_file(DIR_SYSTEM . 'library/journal3/vendor/SuperCache

----------------------------------------------------------------------


---------- Date: 2026-03-31 21:15:27 ~ IP : 185.179.188.62 ----------
REQUEST URI : /instrukciya-podmotka-kamaz/?ysclid=mnextcwk5z728670953
MOD DETAILS:
   modFile   : /home/canmotalka/web/can-motalka.ru/public_html/vqmod/xml/lightning.xml
   id        : OpenCart Lightning
   version   : 3.37
   vqmver    : 
   author    : MaxD http://devs.mx

File Name    : system/library/cache.php(0)
VQModObject::applyMod - SEARCH NOT FOUND (SKIPPED): if (is_file(DIR_SYSTEM . 'library/journal3/vendor/SuperCache

----------------------------------------------------------------------


---------- Date: 2026-03-31 21:15:28 ~ IP : 185.179.188.62 ----------
REQUEST URI : /instrukciya-podmotka-kamaz/
MOD DETAILS:
   modFile   : /home/canmotalka/web/can-motalka.ru/public_html/vqmod/xml/lightning.xml
   id        : OpenCart Lightning
   version   : 3.37
   vqmver    : 
   author    : MaxD http://devs.mx

File Name    : system/library/cache.php(0)
VQModObject::applyMod - SEARCH NOT FOUND (SKIPPED): if (is_file(DIR_SYSTEM . 'library/journal3/vendor/SuperCache

----------------------------------------------------------------------


---------- Date: 2026-03-31 21:15:29 ~ IP : 185.179.188.62 ----------
REQUEST URI : /index.php?route=module/popupcart_extended
MOD DETAILS:
   modFile   : /home/canmotalka/web/can-motalka.ru/public_html/vqmod/xml/lightning.xml
   id        : OpenCart Lightning
   version   : 3.37
   vqmver    : 
   author    : MaxD http://devs.mx

File Name    : system/library/cache.php(0)
VQModObject::applyMod - SEARCH NOT FOUND (SKIPPED): if (is_file(DIR_SYSTEM . 'library/journal3/vendor/SuperCache

----------------------------------------------------------------------


---------- Date: 2026-03-31 21:17:14 ~ IP : 185.179.188.62 ----------
REQUEST URI : /patriot_re/
MOD DETAILS:
   modFile   : /home/canmotalka/web/can-motalka.ru/public_html/vqmod/xml/lightning.xml
   id        : OpenCart Lightning
   version   : 3.37
   vqmver    : 
   author    : MaxD http://devs.mx

File Name    : system/library/cache.php(0)
VQModObject::applyMod - SEARCH NOT FOUND (SKIPPED): if (is_file(DIR_SYSTEM . 'library/journal3/vendor/SuperCache

----------------------------------------------------------------------


---------- Date: 2026-03-31 21:17:20 ~ IP : 185.179.188.62 ----------
REQUEST URI : /podmotka-spidometra-uaz-patriot/
MOD DETAILS:
   modFile   : /home/canmotalka/web/can-motalka.ru/public_html/vqmod/xml/lightning.xml
   id        : OpenCart Lightning
   version   : 3.37
   vqmver    : 
   author    : MaxD http://devs.mx

File Name    : system/library/cache.php(0)
VQModObject::applyMod - SEARCH NOT FOUND (SKIPPED): if (is_file(DIR_SYSTEM . 'library/journal3/vendor/SuperCache

----------------------------------------------------------------------


---------- Date: 2026-03-31 21:17:21 ~ IP : 185.179.188.62 ----------
REQUEST URI : /index.php?route=product/product/review&amp;product_id=277
MOD DETAILS:
   modFile   : /home/canmotalka/web/can-motalka.ru/public_html/vqmod/xml/lightning.xml
   id        : OpenCart Lightning
   version   : 3.37
   vqmver    : 
   author    : MaxD http://devs.mx

File Name    : system/library/cache.php(0)
VQModObject::applyMod - SEARCH NOT FOUND (SKIPPED): if (is_file(DIR_SYSTEM . 'library/journal3/vendor/SuperCache

----------------------------------------------------------------------


---------- Date: 2026-03-31 21:17:41 ~ IP : 185.179.188.62 ----------
REQUEST URI : /index.php?route=common/footer/click_counter
MOD DETAILS:
   modFile   : /home/canmotalka/web/can-motalka.ru/public_html/vqmod/xml/lightning.xml
   id        : OpenCart Lightning
   version   : 3.37
   vqmver    : 
   author    : MaxD http://devs.mx

File Name    : system/library/cache.php(0)
VQModObject::applyMod - SEARCH NOT FOUND (SKIPPED): if (is_file(DIR_SYSTEM . 'library/journal3/vendor/SuperCache

----------------------------------------------------------------------


---------- Date: 2026-03-31 21:17:50 ~ IP : 185.179.188.62 ----------
REQUEST URI : /index.php?route=checkout/cart/add
MOD DETAILS:
   modFile   : /home/canmotalka/web/can-motalka.ru/public_html/vqmod/xml/lightning.xml
   id        : OpenCart Lightning
   version   : 3.37
   vqmver    : 
   author    : MaxD http://devs.mx

File Name    : system/library/cache.php(0)
VQModObject::applyMod - SEARCH NOT FOUND (SKIPPED): if (is_file(DIR_SYSTEM . 'library/journal3/vendor/SuperCache

----------------------------------------------------------------------


---------- Date: 2026-03-31 21:17:50 ~ IP : 185.179.188.62 ----------
REQUEST URI : /index.php?route=checkout/simplecheckout
MOD DETAILS:
   modFile   : /home/canmotalka/web/can-motalka.ru/public_html/vqmod/xml/lightning.xml
   id        : OpenCart Lightning
   version   : 3.37
   vqmver    : 
   author    : MaxD http://devs.mx

File Name    : system/library/cache.php(0)
VQModObject::applyMod - SEARCH NOT FOUND (SKIPPED): if (is_file(DIR_SYSTEM . 'library/journal3/vendor/SuperCache

----------------------------------------------------------------------


---------- Date: 2026-03-31 21:17:50 ~ IP : 185.179.188.62 ----------
REQUEST URI : /zakaz/
MOD DETAILS:
   modFile   : /home/canmotalka/web/can-motalka.ru/public_html/vqmod/xml/lightning.xml
   id        : OpenCart Lightning
   version   : 3.37
   vqmver    : 
   author    : MaxD http://devs.mx

File Name    : system/library/cache.php(0)
VQModObject::applyMod - SEARCH NOT FOUND (SKIPPED): if (is_file(DIR_SYSTEM . 'library/journal3/vendor/SuperCache

----------------------------------------------------------------------


---------- Date: 2026-03-31 21:18:15 ~ IP : 185.179.188.62 ----------
REQUEST URI : /manuals/
MOD DETAILS:
   modFile   : /home/canmotalka/web/can-motalka.ru/public_html/vqmod/xml/lightning.xml
   id        : OpenCart Lightning
   version   : 3.37
   vqmver    : 
   author    : MaxD http://devs.mx

File Name    : system/library/cache.php(0)
VQModObject::applyMod - SEARCH NOT FOUND (SKIPPED): if (is_file(DIR_SYSTEM . 'library/journal3/vendor/SuperCache

----------------------------------------------------------------------


---------- Date: 2026-03-31 21:18:16 ~ IP : 185.179.188.62 ----------
REQUEST URI : /index.php?route=module/popupcart_extended
MOD DETAILS:
   modFile   : /home/canmotalka/web/can-motalka.ru/public_html/vqmod/xml/lightning.xml
   id        : OpenCart Lightning
   version   : 3.37
   vqmver    : 
   author    : MaxD http://devs.mx

File Name    : system/library/cache.php(0)
VQModObject::applyMod - SEARCH NOT FOUND (SKIPPED): if (is_file(DIR_SYSTEM . 'library/journal3/vendor/SuperCache

----------------------------------------------------------------------


---------- Date: 2026-03-31 21:20:47 ~ IP : 185.179.188.62 ----------
REQUEST URI : /instrukciya-lada-granta-2021/
MOD DETAILS:
   modFile   : /home/canmotalka/web/can-motalka.ru/public_html/vqmod/xml/lightning.xml
   id        : OpenCart Lightning
   version   : 3.37
   vqmver    : 
   author    : MaxD http://devs.mx

File Name    : system/library/cache.php(0)
VQModObject::applyMod - SEARCH NOT FOUND (SKIPPED): if (is_file(DIR_SYSTEM . 'library/journal3/vendor/SuperCache

----------------------------------------------------------------------


---------- Date: 2026-03-31 21:20:47 ~ IP : 185.179.188.62 ----------
REQUEST URI : /index.php?route=module/popupcart_extended
MOD DETAILS:
   modFile   : /home/canmotalka/web/can-motalka.ru/public_html/vqmod/xml/lightning.xml
   id        : OpenCart Lightning
   version   : 3.37
   vqmver    : 
   author    : MaxD http://devs.mx

File Name    : system/library/cache.php(0)
VQModObject::applyMod - SEARCH NOT FOUND (SKIPPED): if (is_file(DIR_SYSTEM . 'library/journal3/vendor/SuperCache

----------------------------------------------------------------------


---------- Date: 2026-03-31 21:24:00 ~ IP : 185.179.188.62 ----------
REQUEST URI : /camry70_video_manual/
MOD DETAILS:
   modFile   : /home/canmotalka/web/can-motalka.ru/public_html/vqmod/xml/lightning.xml
   id        : OpenCart Lightning
   version   : 3.37
   vqmver    : 
   author    : MaxD http://devs.mx

File Name    : system/library/cache.php(0)
VQModObject::applyMod - SEARCH NOT FOUND (SKIPPED): if (is_file(DIR_SYSTEM . 'library/journal3/vendor/SuperCache

----------------------------------------------------------------------


---------- Date: 2026-03-31 21:26:46 ~ IP : 185.179.188.62 ----------
REQUEST URI : /podmotka-spidometra-kia-sportage/?ysclid=mney7wccsv303910188
MOD DETAILS:
   modFile   : /home/canmotalka/web/can-motalka.ru/public_html/vqmod/xml/lightning.xml
   id        : OpenCart Lightning
   version   : 3.37
   vqmver    : 
   author    : MaxD http://devs.mx

File Name    : system/library/cache.php(0)
VQModObject::applyMod - SEARCH NOT FOUND (SKIPPED): if (is_file(DIR_SYSTEM . 'library/journal3/vendor/SuperCache

----------------------------------------------------------------------


---------- Date: 2026-03-31 21:26:46 ~ IP : 185.179.188.62 ----------
REQUEST URI : /podmotka-spidometra-kia-sportage/
MOD DETAILS:
   modFile   : /home/canmotalka/web/can-motalka.ru/public_html/vqmod/xml/lightning.xml
   id        : OpenCart Lightning
   version   : 3.37
   vqmver    : 
   author    : MaxD http://devs.mx

File Name    : system/library/cache.php(0)
VQModObject::applyMod - SEARCH NOT FOUND (SKIPPED): if (is_file(DIR_SYSTEM . 'library/journal3/vendor/SuperCache

----------------------------------------------------------------------


---------- Date: 2026-03-31 21:26:47 ~ IP : 185.179.188.62 ----------
REQUEST URI : /index.php?route=module/popupcart_extended
MOD DETAILS:
   modFile   : /home/canmotalka/web/can-motalka.ru/public_html/vqmod/xml/lightning.xml
   id        : OpenCart Lightning
   version   : 3.37
   vqmver    : 
   author    : MaxD http://devs.mx

File Name    : system/library/cache.php(0)
VQModObject::applyMod - SEARCH NOT FOUND (SKIPPED): if (is_file(DIR_SYSTEM . 'library/journal3/vendor/SuperCache

----------------------------------------------------------------------


---------- Date: 2026-03-31 21:26:47 ~ IP : 185.179.188.62 ----------
REQUEST URI : /index.php?route=product/product/review&amp;product_id=71
MOD DETAILS:
   modFile   : /home/canmotalka/web/can-motalka.ru/public_html/vqmod/xml/lightning.xml
   id        : OpenCart Lightning
   version   : 3.37
   vqmver    : 
   author    : MaxD http://devs.mx

File Name    : system/library/cache.php(0)
VQModObject::applyMod - SEARCH NOT FOUND (SKIPPED): if (is_file(DIR_SYSTEM . 'library/journal3/vendor/SuperCache

----------------------------------------------------------------------


---------- Date: 2026-03-31 21:27:18 ~ IP : 185.179.188.62 ----------
REQUEST URI : /hyundai_h1_manual/?ysclid=mney8b9c9t612246854
MOD DETAILS:
   modFile   : /home/canmotalka/web/can-motalka.ru/public_html/vqmod/xml/lightning.xml
   id        : OpenCart Lightning
   version   : 3.37
   vqmver    : 
   author    : MaxD http://devs.mx

File Name    : system/library/cache.php(0)
VQModObject::applyMod - SEARCH NOT FOUND (SKIPPED): if (is_file(DIR_SYSTEM . 'library/journal3/vendor/SuperCache

----------------------------------------------------------------------


---------- Date: 2026-03-31 21:27:19 ~ IP : 185.179.188.62 ----------
REQUEST URI : /hyundai_h1_manual/
MOD DETAILS:
   modFile   : /home/canmotalka/web/can-motalka.ru/public_html/vqmod/xml/lightning.xml
   id        : OpenCart Lightning
   version   : 3.37
   vqmver    : 
   author    : MaxD http://devs.mx

File Name    : system/library/cache.php(0)
VQModObject::applyMod - SEARCH NOT FOUND (SKIPPED): if (is_file(DIR_SYSTEM . 'library/journal3/vendor/SuperCache

----------------------------------------------------------------------


---------- Date: 2026-03-31 21:27:20 ~ IP : 185.179.188.62 ----------
REQUEST URI : /index.php?route=module/popupcart_extended
MOD DETAILS:
   modFile   : /home/canmotalka/web/can-motalka.ru/public_html/vqmod/xml/lightning.xml
   id        : OpenCart Lightning
   version   : 3.37
   vqmver    : 
   author    : MaxD http://devs.mx

File Name    : system/library/cache.php(0)
VQModObject::applyMod - SEARCH NOT FOUND (SKIPPED): if (is_file(DIR_SYSTEM . 'library/journal3/vendor/SuperCache

----------------------------------------------------------------------


---------- Date: 2026-03-31 21:33:08 ~ IP : 185.179.188.62 ----------
REQUEST URI : /podmotka-spidometra-kia-sportage/
MOD DETAILS:
   modFile   : /home/canmotalka/web/can-motalka.ru/public_html/vqmod/xml/lightning.xml
   id        : OpenCart Lightning
   version   : 3.37
   vqmver    : 
   author    : MaxD http://devs.mx

File Name    : system/library/cache.php(0)
VQModObject::applyMod - SEARCH NOT FOUND (SKIPPED): if (is_file(DIR_SYSTEM . 'library/journal3/vendor/SuperCache

----------------------------------------------------------------------


---------- Date: 2026-03-31 21:33:35 ~ IP : 185.179.188.62 ----------
REQUEST URI : /setting_php/vardenafil/468-viagra-kapsuli-sayanogorsk/
MOD DETAILS:
   modFile   : /home/canmotalka/web/can-motalka.ru/public_html/vqmod/xml/lightning.xml
   id        : OpenCart Lightning
   version   : 3.37
   vqmver    : 
   author    : MaxD http://devs.mx

File Name    : system/library/cache.php(0)
VQModObject::applyMod - SEARCH NOT FOUND (SKIPPED): if (is_file(DIR_SYSTEM . 'library/journal3/vendor/SuperCache

----------------------------------------------------------------------


---------- Date: 2026-03-31 21:33:44 ~ IP : 185.179.188.62 ----------
REQUEST URI : /index.php?route=module/popupcart_extended
MOD DETAILS:
   modFile   : /home/canmotalka/web/can-motalka.ru/public_html/vqmod/xml/lightning.xml
   id        : OpenCart Lightning
   version   : 3.37
   vqmver    : 
   author    : MaxD http://devs.mx

File Name    : system/library/cache.php(0)
VQModObject::applyMod - SEARCH NOT FOUND (SKIPPED): if (is_file(DIR_SYSTEM . 'library/journal3/vendor/SuperCache

----------------------------------------------------------------------


---------- Date: 2026-03-31 21:33:59 ~ IP : 185.179.188.62 ----------
REQUEST URI : /setting_php/vardenafil/468-viagra-kapsuli-sayanogorsk/
MOD DETAILS:
   modFile   : /home/canmotalka/web/can-motalka.ru/public_html/vqmod/xml/lightning.xml
   id        : OpenCart Lightning
   version   : 3.37
   vqmver    : 
   author    : MaxD http://devs.mx

File Name    : system/library/cache.php(0)
VQModObject::applyMod - SEARCH NOT FOUND (SKIPPED): if (is_file(DIR_SYSTEM . 'library/journal3/vendor/SuperCache

----------------------------------------------------------------------


---------- Date: 2026-03-31 21:34:06 ~ IP : 185.179.188.62 ----------
REQUEST URI : /index.php?route=module/popupcart_extended
MOD DETAILS:
   modFile   : /home/canmotalka/web/can-motalka.ru/public_html/vqmod/xml/lightning.xml
   id        : OpenCart Lightning
   version   : 3.37
   vqmver    : 
   author    : MaxD http://devs.mx

File Name    : system/library/cache.php(0)
VQModObject::applyMod - SEARCH NOT FOUND (SKIPPED): if (is_file(DIR_SYSTEM . 'library/journal3/vendor/SuperCache

----------------------------------------------------------------------


---------- Date: 2026-03-31 21:34:27 ~ IP : 185.179.188.62 ----------
REQUEST URI : /kak-rabotaet-podmotka-spidometra/
MOD DETAILS:
   modFile   : /home/canmotalka/web/can-motalka.ru/public_html/vqmod/xml/lightning.xml
   id        : OpenCart Lightning
   version   : 3.37
   vqmver    : 
   author    : MaxD http://devs.mx

File Name    : system/library/cache.php(0)
VQModObject::applyMod - SEARCH NOT FOUND (SKIPPED): if (is_file(DIR_SYSTEM . 'library/journal3/vendor/SuperCache

----------------------------------------------------------------------


---------- Date: 2026-03-31 21:34:44 ~ IP : 185.179.188.62 ----------
REQUEST URI : /sitemap.xml
MOD DETAILS:
   modFile   : /home/canmotalka/web/can-motalka.ru/public_html/vqmod/xml/lightning.xml
   id        : OpenCart Lightning
   version   : 3.37
   vqmver    : 
   author    : MaxD http://devs.mx

File Name    : system/library/cache.php(0)
VQModObject::applyMod - SEARCH NOT FOUND (SKIPPED): if (is_file(DIR_SYSTEM . 'library/journal3/vendor/SuperCache

----------------------------------------------------------------------


---------- Date: 2026-03-31 21:35:14 ~ IP : 185.179.188.62 ----------
REQUEST URI : /setting_php/vardenafil/468-viagra-kapsuli-sayanogorsk/
MOD DETAILS:
   modFile   : /home/canmotalka/web/can-motalka.ru/public_html/vqmod/xml/lightning.xml
   id        : OpenCart Lightning
   version   : 3.37
   vqmver    : 
   author    : MaxD http://devs.mx

File Name    : system/library/cache.php(0)
VQModObject::applyMod - SEARCH NOT FOUND (SKIPPED): if (is_file(DIR_SYSTEM . 'library/journal3/vendor/SuperCache

----------------------------------------------------------------------


---------- Date: 2026-03-31 21:36:36 ~ IP : 185.179.188.62 ----------
REQUEST URI : /namotchik-probega-dlya-toyota-land-cruiser-200/?ysclid=mneykkokrv431885427
MOD DETAILS:
   modFile   : /home/canmotalka/web/can-motalka.ru/public_html/vqmod/xml/lightning.xml
   id        : OpenCart Lightning
   version   : 3.37
   vqmver    : 
   author    : MaxD http://devs.mx

File Name    : system/library/cache.php(0)
VQModObject::applyMod - SEARCH NOT FOUND (SKIPPED): if (is_file(DIR_SYSTEM . 'library/journal3/vendor/SuperCache

----------------------------------------------------------------------


---------- Date: 2026-03-31 21:36:37 ~ IP : 185.179.188.62 ----------
REQUEST URI : /namotchik-probega-dlya-toyota-land-cruiser-200/
MOD DETAILS:
   modFile   : /home/canmotalka/web/can-motalka.ru/public_html/vqmod/xml/lightning.xml
   id        : OpenCart Lightning
   version   : 3.37
   vqmver    : 
   author    : MaxD http://devs.mx

File Name    : system/library/cache.php(0)
VQModObject::applyMod - SEARCH NOT FOUND (SKIPPED): if (is_file(DIR_SYSTEM . 'library/journal3/vendor/SuperCache

----------------------------------------------------------------------


---------- Date: 2026-03-31 21:36:38 ~ IP : 185.179.188.62 ----------
REQUEST URI : /index.php?route=product/product/review&amp;product_id=202
MOD DETAILS:
   modFile   : /home/canmotalka/web/can-motalka.ru/public_html/vqmod/xml/lightning.xml
   id        : OpenCart Lightning
   version   : 3.37
   vqmver    : 
   author    : MaxD http://devs.mx

File Name    : system/library/cache.php(0)
VQModObject::applyMod - SEARCH NOT FOUND (SKIPPED): if (is_file(DIR_SYSTEM . 'library/journal3/vendor/SuperCache

----------------------------------------------------------------------


---------- Date: 2026-03-31 21:36:38 ~ IP : 185.179.188.62 ----------
REQUEST URI : /index.php?route=module/popupcart_extended
MOD DETAILS:
   modFile   : /home/canmotalka/web/can-motalka.ru/public_html/vqmod/xml/lightning.xml
   id        : OpenCart Lightning
   version   : 3.37
   vqmver    : 
   author    : MaxD http://devs.mx

File Name    : system/library/cache.php(0)
VQModObject::applyMod - SEARCH NOT FOUND (SKIPPED): if (is_file(DIR_SYSTEM . 'library/journal3/vendor/SuperCache

----------------------------------------------------------------------


---------- Date: 2026-03-31 21:39:32 ~ IP : 185.179.188.62 ----------
REQUEST URI : /.well-known/traffic-advice
MOD DETAILS:
   modFile   : /home/canmotalka/web/can-motalka.ru/public_html/vqmod/xml/lightning.xml
   id        : OpenCart Lightning
   version   : 3.37
   vqmver    : 
   author    : MaxD http://devs.mx

File Name    : system/library/cache.php(0)
VQModObject::applyMod - SEARCH NOT FOUND (SKIPPED): if (is_file(DIR_SYSTEM . 'library/journal3/vendor/SuperCache

----------------------------------------------------------------------


---------- Date: 2026-03-31 21:39:32 ~ IP : 185.179.188.62 ----------
REQUEST URI : /kak-rabotaet-podmotka-spidometra/
MOD DETAILS:
   modFile   : /home/canmotalka/web/can-motalka.ru/public_html/vqmod/xml/lightning.xml
   id        : OpenCart Lightning
   version   : 3.37
   vqmver    : 
   author    : MaxD http://devs.mx

File Name    : system/library/cache.php(0)
VQModObject::applyMod - SEARCH NOT FOUND (SKIPPED): if (is_file(DIR_SYSTEM . 'library/journal3/vendor/SuperCache

----------------------------------------------------------------------


---------- Date: 2026-03-31 21:40:02 ~ IP : 185.179.188.62 ----------
REQUEST URI : /podmotka-spidometra-citroen-berlingo/
MOD DETAILS:
   modFile   : /home/canmotalka/web/can-motalka.ru/public_html/vqmod/xml/lightning.xml
   id        : OpenCart Lightning
   version   : 3.37
   vqmver    : 
   author    : MaxD http://devs.mx

File Name    : system/library/cache.php(0)
VQModObject::applyMod - SEARCH NOT FOUND (SKIPPED): if (is_file(DIR_SYSTEM . 'library/journal3/vendor/SuperCache

----------------------------------------------------------------------


---------- Date: 2026-03-31 21:40:57 ~ IP : 185.179.188.62 ----------
REQUEST URI : /instrukciya-podmotka-niva-travel-chevrolet/
MOD DETAILS:
   modFile   : /home/canmotalka/web/can-motalka.ru/public_html/vqmod/xml/lightning.xml
   id        : OpenCart Lightning
   version   : 3.37
   vqmver    : 
   author    : MaxD http://devs.mx

File Name    : system/library/cache.php(0)
VQModObject::applyMod - SEARCH NOT FOUND (SKIPPED): if (is_file(DIR_SYSTEM . 'library/journal3/vendor/SuperCache

----------------------------------------------------------------------


---------- Date: 2026-03-31 21:41:00 ~ IP : 185.179.188.62 ----------
REQUEST URI : /index.php?route=module/popupcart_extended
MOD DETAILS:
   modFile   : /home/canmotalka/web/can-motalka.ru/public_html/vqmod/xml/lightning.xml
   id        : OpenCart Lightning
   version   : 3.37
   vqmver    : 
   author    : MaxD http://devs.mx

File Name    : system/library/cache.php(0)
VQModObject::applyMod - SEARCH NOT FOUND (SKIPPED): if (is_file(DIR_SYSTEM . 'library/journal3/vendor/SuperCache

----------------------------------------------------------------------


---------- Date: 2026-03-31 21:42:42 ~ IP : 185.179.188.62 ----------
REQUEST URI : /index.php?route=common/footer/click_counter
MOD DETAILS:
   modFile   : /home/canmotalka/web/can-motalka.ru/public_html/vqmod/xml/lightning.xml
   id        : OpenCart Lightning
   version   : 3.37
   vqmver    : 
   author    : MaxD http://devs.mx

File Name    : system/library/cache.php(0)
VQModObject::applyMod - SEARCH NOT FOUND (SKIPPED): if (is_file(DIR_SYSTEM . 'library/journal3/vendor/SuperCache

----------------------------------------------------------------------


---------- Date: 2026-03-31 21:49:26 ~ IP : 185.179.188.62 ----------
REQUEST URI : /namotchik-probega-dlya-renault-kaptur
MOD DETAILS:
   modFile   : /home/canmotalka/web/can-motalka.ru/public_html/vqmod/xml/lightning.xml
   id        : OpenCart Lightning
   version   : 3.37
   vqmver    : 
   author    : MaxD http://devs.mx

File Name    : system/library/cache.php(0)
VQModObject::applyMod - SEARCH NOT FOUND (SKIPPED): if (is_file(DIR_SYSTEM . 'library/journal3/vendor/SuperCache

----------------------------------------------------------------------


---------- Date: 2026-03-31 21:53:43 ~ IP : 185.179.188.62 ----------
REQUEST URI : /podmotka-spidometra-na-ford-fokus-3-za-3500-rubley/
MOD DETAILS:
   modFile   : /home/canmotalka/web/can-motalka.ru/public_html/vqmod/xml/lightning.xml
   id        : OpenCart Lightning
   version   : 3.37
   vqmver    : 
   author    : MaxD http://devs.mx

File Name    : system/library/cache.php(0)
VQModObject::applyMod - SEARCH NOT FOUND (SKIPPED): if (is_file(DIR_SYSTEM . 'library/journal3/vendor/SuperCache

----------------------------------------------------------------------


---------- Date: 2026-03-31 22:00:47 ~ IP : 185.179.188.62 ----------
REQUEST URI : /podmotka-spidometra-uaz-patriot/
MOD DETAILS:
   modFile   : /home/canmotalka/web/can-motalka.ru/public_html/vqmod/xml/lightning.xml
   id        : OpenCart Lightning
   version   : 3.37
   vqmver    : 
   author    : MaxD http://devs.mx

File Name    : system/library/cache.php(0)
VQModObject::applyMod - SEARCH NOT FOUND (SKIPPED): if (is_file(DIR_SYSTEM . 'library/journal3/vendor/SuperCache

----------------------------------------------------------------------


---------- Date: 2026-03-31 22:19:42 ~ IP : 185.179.188.62 ----------
REQUEST URI : /gazelle_biz_manual/
MOD DETAILS:
   modFile   : /home/canmotalka/web/can-motalka.ru/public_html/vqmod/xml/lightning.xml
   id        : OpenCart Lightning
   version   : 3.37
   vqmver    : 
   author    : MaxD http://devs.mx

File Name    : system/library/cache.php(0)
VQModObject::applyMod - SEARCH NOT FOUND (SKIPPED): if (is_file(DIR_SYSTEM . 'library/journal3/vendor/SuperCache

----------------------------------------------------------------------


---------- Date: 2026-03-31 22:23:00 ~ IP : 185.179.188.62 ----------
REQUEST URI : /podmotka-spidometra-datsun-on-do/
MOD DETAILS:
   modFile   : /home/canmotalka/web/can-motalka.ru/public_html/vqmod/xml/lightning.xml
   id        : OpenCart Lightning
   version   : 3.37
   vqmver    : 
   author    : MaxD http://devs.mx

File Name    : system/library/cache.php(0)
VQModObject::applyMod - SEARCH NOT FOUND (SKIPPED): if (is_file(DIR_SYSTEM . 'library/journal3/vendor/SuperCache

----------------------------------------------------------------------


---------- Date: 2026-03-31 22:25:03 ~ IP : 185.179.188.62 ----------
REQUEST URI : /instrukciya-podmotka-vesta/
MOD DETAILS:
   modFile   : /home/canmotalka/web/can-motalka.ru/public_html/vqmod/xml/lightning.xml
   id        : OpenCart Lightning
   version   : 3.37
   vqmver    : 
   author    : MaxD http://devs.mx

File Name    : system/library/cache.php(0)
VQModObject::applyMod - SEARCH NOT FOUND (SKIPPED): if (is_file(DIR_SYSTEM . 'library/journal3/vendor/SuperCache

----------------------------------------------------------------------


---------- Date: 2026-03-31 22:25:04 ~ IP : 185.179.188.62 ----------
REQUEST URI : /index.php?route=module/popupcart_extended
MOD DETAILS:
   modFile   : /home/canmotalka/web/can-motalka.ru/public_html/vqmod/xml/lightning.xml
   id        : OpenCart Lightning
   version   : 3.37
   vqmver    : 
   author    : MaxD http://devs.mx

File Name    : system/library/cache.php(0)
VQModObject::applyMod - SEARCH NOT FOUND (SKIPPED): if (is_file(DIR_SYSTEM . 'library/journal3/vendor/SuperCache

----------------------------------------------------------------------


---------- Date: 2026-03-31 22:37:55 ~ IP : 185.179.188.62 ----------
REQUEST URI : /podmotka-spidometra-volkswagen-caddy/
MOD DETAILS:
   modFile   : /home/canmotalka/web/can-motalka.ru/public_html/vqmod/xml/lightning.xml
   id        : OpenCart Lightning
   version   : 3.37
   vqmver    : 
   author    : MaxD http://devs.mx

File Name    : system/library/cache.php(0)
VQModObject::applyMod - SEARCH NOT FOUND (SKIPPED): if (is_file(DIR_SYSTEM . 'library/journal3/vendor/SuperCache

----------------------------------------------------------------------


---------- Date: 2026-03-31 22:37:55 ~ IP : 185.179.188.62 ----------
REQUEST URI : /podmotka-spidometra-toyota-fortuner/
MOD DETAILS:
   modFile   : /home/canmotalka/web/can-motalka.ru/public_html/vqmod/xml/lightning.xml
   id        : OpenCart Lightning
   version   : 3.37
   vqmver    : 
   author    : MaxD http://devs.mx

File Name    : system/library/cache.php(0)
VQModObject::applyMod - SEARCH NOT FOUND (SKIPPED): if (is_file(DIR_SYSTEM . 'library/journal3/vendor/SuperCache

----------------------------------------------------------------------


---------- Date: 2026-03-31 22:38:42 ~ IP : 185.179.188.62 ----------
REQUEST URI : /podmotka-spidometra-nissan-terrano/
MOD DETAILS:
   modFile   : /home/canmotalka/web/can-motalka.ru/public_html/vqmod/xml/lightning.xml
   id        : OpenCart Lightning
   version   : 3.37
   vqmver    : 
   author    : MaxD http://devs.mx

File Name    : system/library/cache.php(0)
VQModObject::applyMod - SEARCH NOT FOUND (SKIPPED): if (is_file(DIR_SYSTEM . 'library/journal3/vendor/SuperCache

----------------------------------------------------------------------


---------- Date: 2026-03-31 22:38:45 ~ IP : 185.179.188.62 ----------
REQUEST URI : /podmotka-spidometra-uaz-profi/
MOD DETAILS:
   modFile   : /home/canmotalka/web/can-motalka.ru/public_html/vqmod/xml/lightning.xml
   id        : OpenCart Lightning
   version   : 3.37
   vqmver    : 
   author    : MaxD http://devs.mx

File Name    : system/library/cache.php(0)
VQModObject::applyMod - SEARCH NOT FOUND (SKIPPED): if (is_file(DIR_SYSTEM . 'library/journal3/vendor/SuperCache

----------------------------------------------------------------------


---------- Date: 2026-03-31 22:38:46 ~ IP : 185.179.188.62 ----------
REQUEST URI : /podmotka-spidometra-volkswagen-transporter-t5/
MOD DETAILS:
   modFile   : /home/canmotalka/web/can-motalka.ru/public_html/vqmod/xml/lightning.xml
   id        : OpenCart Lightning
   version   : 3.37
   vqmver    : 
   author    : MaxD http://devs.mx

File Name    : system/library/cache.php(0)
VQModObject::applyMod - SEARCH NOT FOUND (SKIPPED): if (is_file(DIR_SYSTEM . 'library/journal3/vendor/SuperCache

----------------------------------------------------------------------


---------- Date: 2026-03-31 22:38:47 ~ IP : 185.179.188.62 ----------
REQUEST URI : /index.php?route=product/product/review&amp;product_id=227
MOD DETAILS:
   modFile   : /home/canmotalka/web/can-motalka.ru/public_html/vqmod/xml/lightning.xml
   id        : OpenCart Lightning
   version   : 3.37
   vqmver    : 
   author    : MaxD http://devs.mx

File Name    : system/library/cache.php(0)
VQModObject::applyMod - SEARCH NOT FOUND (SKIPPED): if (is_file(DIR_SYSTEM . 'library/journal3/vendor/SuperCache

----------------------------------------------------------------------


---------- Date: 2026-03-31 22:38:47 ~ IP : 185.179.188.62 ----------
REQUEST URI : /index.php?route=module/popupcart_extended
MOD DETAILS:
   modFile   : /home/canmotalka/web/can-motalka.ru/public_html/vqmod/xml/lightning.xml
   id        : OpenCart Lightning
   version   : 3.37
   vqmver    : 
   author    : MaxD http://devs.mx

File Name    : system/library/cache.php(0)
VQModObject::applyMod - SEARCH NOT FOUND (SKIPPED): if (is_file(DIR_SYSTEM . 'library/journal3/vendor/SuperCache

----------------------------------------------------------------------


---------- Date: 2026-03-31 22:41:36 ~ IP : 185.179.188.62 ----------
REQUEST URI : /niva_abs_re/?ysclid=mnf0w51pii905710616
MOD DETAILS:
   modFile   : /home/canmotalka/web/can-motalka.ru/public_html/vqmod/xml/lightning.xml
   id        : OpenCart Lightning
   version   : 3.37
   vqmver    : 
   author    : MaxD http://devs.mx

File Name    : system/library/cache.php(0)
VQModObject::applyMod - SEARCH NOT FOUND (SKIPPED): if (is_file(DIR_SYSTEM . 'library/journal3/vendor/SuperCache

----------------------------------------------------------------------


---------- Date: 2026-03-31 22:41:37 ~ IP : 185.179.188.62 ----------
REQUEST URI : /niva_abs_re/
MOD DETAILS:
   modFile   : /home/canmotalka/web/can-motalka.ru/public_html/vqmod/xml/lightning.xml
   id        : OpenCart Lightning
   version   : 3.37
   vqmver    : 
   author    : MaxD http://devs.mx

File Name    : system/library/cache.php(0)
VQModObject::applyMod - SEARCH NOT FOUND (SKIPPED): if (is_file(DIR_SYSTEM . 'library/journal3/vendor/SuperCache

----------------------------------------------------------------------


---------- Date: 2026-03-31 22:41:37 ~ IP : 185.179.188.62 ----------
REQUEST URI : /index.php?route=module/popupcart_extended
MOD DETAILS:
   modFile   : /home/canmotalka/web/can-motalka.ru/public_html/vqmod/xml/lightning.xml
   id        : OpenCart Lightning
   version   : 3.37
   vqmver    : 
   author    : MaxD http://devs.mx

File Name    : system/library/cache.php(0)
VQModObject::applyMod - SEARCH NOT FOUND (SKIPPED): if (is_file(DIR_SYSTEM . 'library/journal3/vendor/SuperCache

----------------------------------------------------------------------


---------- Date: 2026-03-31 22:42:34 ~ IP : 185.179.188.62 ----------
REQUEST URI : /namotchik-probega-dlya-volvo-s40/
MOD DETAILS:
   modFile   : /home/canmotalka/web/can-motalka.ru/public_html/vqmod/xml/lightning.xml
   id        : OpenCart Lightning
   version   : 3.37
   vqmver    : 
   author    : MaxD http://devs.mx

File Name    : system/library/cache.php(0)
VQModObject::applyMod - SEARCH NOT FOUND (SKIPPED): if (is_file(DIR_SYSTEM . 'library/journal3/vendor/SuperCache

----------------------------------------------------------------------


---------- Date: 2026-03-31 22:42:36 ~ IP : 185.179.188.62 ----------
REQUEST URI : /namotchik-probega-dlya-volvo-s60/
MOD DETAILS:
   modFile   : /home/canmotalka/web/can-motalka.ru/public_html/vqmod/xml/lightning.xml
   id        : OpenCart Lightning
   version   : 3.37
   vqmver    : 
   author    : MaxD http://devs.mx

File Name    : system/library/cache.php(0)
VQModObject::applyMod - SEARCH NOT FOUND (SKIPPED): if (is_file(DIR_SYSTEM . 'library/journal3/vendor/SuperCache

----------------------------------------------------------------------


---------- Date: 2026-03-31 22:42:42 ~ IP : 185.179.188.62 ----------
REQUEST URI : /index.php?route=module/popupcart_extended
MOD DETAILS:
   modFile   : /home/canmotalka/web/can-motalka.ru/public_html/vqmod/xml/lightning.xml
   id        : OpenCart Lightning
   version   : 3.37
   vqmver    : 
   author    : MaxD http://devs.mx

File Name    : system/library/cache.php(0)
VQModObject::applyMod - SEARCH NOT FOUND (SKIPPED): if (is_file(DIR_SYSTEM . 'library/journal3/vendor/SuperCache

----------------------------------------------------------------------


---------- Date: 2026-03-31 22:42:43 ~ IP : 185.179.188.62 ----------
REQUEST URI : /podmotka_spidometra/
MOD DETAILS:
   modFile   : /home/canmotalka/web/can-motalka.ru/public_html/vqmod/xml/lightning.xml
   id        : OpenCart Lightning
   version   : 3.37
   vqmver    : 
   author    : MaxD http://devs.mx

File Name    : system/library/cache.php(0)
VQModObject::applyMod - SEARCH NOT FOUND (SKIPPED): if (is_file(DIR_SYSTEM . 'library/journal3/vendor/SuperCache

----------------------------------------------------------------------


---------- Date: 2026-03-31 22:42:44 ~ IP : 185.179.188.62 ----------
REQUEST URI : /index.php?route=module/popupcart_extended
MOD DETAILS:
   modFile   : /home/canmotalka/web/can-motalka.ru/public_html/vqmod/xml/lightning.xml
   id        : OpenCart Lightning
   version   : 3.37
   vqmver    : 
   author    : MaxD http://devs.mx

File Name    : system/library/cache.php(0)
VQModObject::applyMod - SEARCH NOT FOUND (SKIPPED): if (is_file(DIR_SYSTEM . 'library/journal3/vendor/SuperCache

----------------------------------------------------------------------


---------- Date: 2026-03-31 22:48:32 ~ IP : 185.179.188.62 ----------
REQUEST URI : /camry70_photo_manual/
MOD DETAILS:
   modFile   : /home/canmotalka/web/can-motalka.ru/public_html/vqmod/xml/lightning.xml
   id        : OpenCart Lightning
   version   : 3.37
   vqmver    : 
   author    : MaxD http://devs.mx

File Name    : system/library/cache.php(0)
VQModObject::applyMod - SEARCH NOT FOUND (SKIPPED): if (is_file(DIR_SYSTEM . 'library/journal3/vendor/SuperCache

----------------------------------------------------------------------


---------- Date: 2026-03-31 22:48:46 ~ IP : 185.179.188.62 ----------
REQUEST URI : /index.php?route=module/popupcart_extended
MOD DETAILS:
   modFile   : /home/canmotalka/web/can-motalka.ru/public_html/vqmod/xml/lightning.xml
   id        : OpenCart Lightning
   version   : 3.37
   vqmver    : 
   author    : MaxD http://devs.mx

File Name    : system/library/cache.php(0)
VQModObject::applyMod - SEARCH NOT FOUND (SKIPPED): if (is_file(DIR_SYSTEM . 'library/journal3/vendor/SuperCache

----------------------------------------------------------------------


---------- Date: 2026-03-31 22:51:02 ~ IP : 185.179.188.62 ----------
REQUEST URI : /.well-known/traffic-advice
MOD DETAILS:
   modFile   : /home/canmotalka/web/can-motalka.ru/public_html/vqmod/xml/lightning.xml
   id        : OpenCart Lightning
   version   : 3.37
   vqmver    : 
   author    : MaxD http://devs.mx

File Name    : system/library/cache.php(0)
VQModObject::applyMod - SEARCH NOT FOUND (SKIPPED): if (is_file(DIR_SYSTEM . 'library/journal3/vendor/SuperCache

----------------------------------------------------------------------


---------- Date: 2026-03-31 22:51:03 ~ IP : 185.179.188.62 ----------
REQUEST URI : /podmotka-krutilka-spidometra-gazel-biznes-benzin-evotec-ili-cummins/
MOD DETAILS:
   modFile   : /home/canmotalka/web/can-motalka.ru/public_html/vqmod/xml/lightning.xml
   id        : OpenCart Lightning
   version   : 3.37
   vqmver    : 
   author    : MaxD http://devs.mx

File Name    : system/library/cache.php(0)
VQModObject::applyMod - SEARCH NOT FOUND (SKIPPED): if (is_file(DIR_SYSTEM . 'library/journal3/vendor/SuperCache

----------------------------------------------------------------------


---------- Date: 2026-03-31 22:51:13 ~ IP : 185.179.188.62 ----------
REQUEST URI : /podmotka-spidometra-skoda-rapid/
MOD DETAILS:
   modFile   : /home/canmotalka/web/can-motalka.ru/public_html/vqmod/xml/lightning.xml
   id        : OpenCart Lightning
   version   : 3.37
   vqmver    : 
   author    : MaxD http://devs.mx

File Name    : system/library/cache.php(0)
VQModObject::applyMod - SEARCH NOT FOUND (SKIPPED): if (is_file(DIR_SYSTEM . 'library/journal3/vendor/SuperCache

----------------------------------------------------------------------


---------- Date: 2026-03-31 22:51:14 ~ IP : 185.179.188.62 ----------
REQUEST URI : /index.php?route=product/product/review&amp;product_id=215
MOD DETAILS:
   modFile   : /home/canmotalka/web/can-motalka.ru/public_html/vqmod/xml/lightning.xml
   id        : OpenCart Lightning
   version   : 3.37
   vqmver    : 
   author    : MaxD http://devs.mx

File Name    : system/library/cache.php(0)
VQModObject::applyMod - SEARCH NOT FOUND (SKIPPED): if (is_file(DIR_SYSTEM . 'library/journal3/vendor/SuperCache

----------------------------------------------------------------------


---------- Date: 2026-03-31 22:51:14 ~ IP : 185.179.188.62 ----------
REQUEST URI : /index.php?route=module/popupcart_extended
MOD DETAILS:
   modFile   : /home/canmotalka/web/can-motalka.ru/public_html/vqmod/xml/lightning.xml
   id        : OpenCart Lightning
   version   : 3.37
   vqmver    : 
   author    : MaxD http://devs.mx

File Name    : system/library/cache.php(0)
VQModObject::applyMod - SEARCH NOT FOUND (SKIPPED): if (is_file(DIR_SYSTEM . 'library/journal3/vendor/SuperCache

----------------------------------------------------------------------


---------- Date: 2026-03-31 22:53:25 ~ IP : 185.179.188.62 ----------
REQUEST URI : /manuals/
MOD DETAILS:
   modFile   : /home/canmotalka/web/can-motalka.ru/public_html/vqmod/xml/lightning.xml
   id        : OpenCart Lightning
   version   : 3.37
   vqmver    : 
   author    : MaxD http://devs.mx

File Name    : system/library/cache.php(0)
VQModObject::applyMod - SEARCH NOT FOUND (SKIPPED): if (is_file(DIR_SYSTEM . 'library/journal3/vendor/SuperCache

----------------------------------------------------------------------


---------- Date: 2026-03-31 22:53:27 ~ IP : 185.179.188.62 ----------
REQUEST URI : /prado_video_manual/?ysclid=mnf1b60z9d958928513
MOD DETAILS:
   modFile   : /home/canmotalka/web/can-motalka.ru/public_html/vqmod/xml/lightning.xml
   id        : OpenCart Lightning
   version   : 3.37
   vqmver    : 
   author    : MaxD http://devs.mx

File Name    : system/library/cache.php(0)
VQModObject::applyMod - SEARCH NOT FOUND (SKIPPED): if (is_file(DIR_SYSTEM . 'library/journal3/vendor/SuperCache

----------------------------------------------------------------------


---------- Date: 2026-03-31 22:53:28 ~ IP : 185.179.188.62 ----------
REQUEST URI : /prado_video_manual/
MOD DETAILS:
   modFile   : /home/canmotalka/web/can-motalka.ru/public_html/vqmod/xml/lightning.xml
   id        : OpenCart Lightning
   version   : 3.37
   vqmver    : 
   author    : MaxD http://devs.mx

File Name    : system/library/cache.php(0)
VQModObject::applyMod - SEARCH NOT FOUND (SKIPPED): if (is_file(DIR_SYSTEM . 'library/journal3/vendor/SuperCache

----------------------------------------------------------------------


---------- Date: 2026-03-31 22:53:28 ~ IP : 185.179.188.62 ----------
REQUEST URI : /index.php?route=module/popupcart_extended
MOD DETAILS:
   modFile   : /home/canmotalka/web/can-motalka.ru/public_html/vqmod/xml/lightning.xml
   id        : OpenCart Lightning
   version   : 3.37
   vqmver    : 
   author    : MaxD http://devs.mx

File Name    : system/library/cache.php(0)
VQModObject::applyMod - SEARCH NOT FOUND (SKIPPED): if (is_file(DIR_SYSTEM . 'library/journal3/vendor/SuperCache

----------------------------------------------------------------------


---------- Date: 2026-03-31 22:56:47 ~ IP : 185.179.188.62 ----------
REQUEST URI : /kak-perenastroit-podmotku-spidometra/?ysclid=mnf1fmypzg198692416
MOD DETAILS:
   modFile   : /home/canmotalka/web/can-motalka.ru/public_html/vqmod/xml/lightning.xml
   id        : OpenCart Lightning
   version   : 3.37
   vqmver    : 
   author    : MaxD http://devs.mx

File Name    : system/library/cache.php(0)
VQModObject::applyMod - SEARCH NOT FOUND (SKIPPED): if (is_file(DIR_SYSTEM . 'library/journal3/vendor/SuperCache

----------------------------------------------------------------------


---------- Date: 2026-03-31 22:56:47 ~ IP : 185.179.188.62 ----------
REQUEST URI : /kak-perenastroit-podmotku-spidometra/
MOD DETAILS:
   modFile   : /home/canmotalka/web/can-motalka.ru/public_html/vqmod/xml/lightning.xml
   id        : OpenCart Lightning
   version   : 3.37
   vqmver    : 
   author    : MaxD http://devs.mx

File Name    : system/library/cache.php(0)
VQModObject::applyMod - SEARCH NOT FOUND (SKIPPED): if (is_file(DIR_SYSTEM . 'library/journal3/vendor/SuperCache

----------------------------------------------------------------------


---------- Date: 2026-03-31 22:59:13 ~ IP : 185.179.188.62 ----------
REQUEST URI : /gazelle_biz_manual/
MOD DETAILS:
   modFile   : /home/canmotalka/web/can-motalka.ru/public_html/vqmod/xml/lightning.xml
   id        : OpenCart Lightning
   version   : 3.37
   vqmver    : 
   author    : MaxD http://devs.mx

File Name    : system/library/cache.php(0)
VQModObject::applyMod - SEARCH NOT FOUND (SKIPPED): if (is_file(DIR_SYSTEM . 'library/journal3/vendor/SuperCache

----------------------------------------------------------------------


---------- Date: 2026-03-31 23:02:46 ~ IP : 185.179.188.62 ----------
REQUEST URI : /podmotka-krutilka-spidometra-gazel-biznes-benzin-evotec-ili-cummins/
MOD DETAILS:
   modFile   : /home/canmotalka/web/can-motalka.ru/public_html/vqmod/xml/lightning.xml
   id        : OpenCart Lightning
   version   : 3.37
   vqmver    : 
   author    : MaxD http://devs.mx

File Name    : system/library/cache.php(0)
VQModObject::applyMod - SEARCH NOT FOUND (SKIPPED): if (is_file(DIR_SYSTEM . 'library/journal3/vendor/SuperCache

----------------------------------------------------------------------


---------- Date: 2026-03-31 23:07:23 ~ IP : 185.179.188.62 ----------
REQUEST URI : /new/
MOD DETAILS:
   modFile   : /home/canmotalka/web/can-motalka.ru/public_html/vqmod/xml/lightning.xml
   id        : OpenCart Lightning
   version   : 3.37
   vqmver    : 
   author    : MaxD http://devs.mx

File Name    : system/library/cache.php(0)
VQModObject::applyMod - SEARCH NOT FOUND (SKIPPED): if (is_file(DIR_SYSTEM . 'library/journal3/vendor/SuperCache

----------------------------------------------------------------------


---------- Date: 2026-03-31 23:07:24 ~ IP : 185.179.188.62 ----------
REQUEST URI : /wordpress/
MOD DETAILS:
   modFile   : /home/canmotalka/web/can-motalka.ru/public_html/vqmod/xml/lightning.xml
   id        : OpenCart Lightning
   version   : 3.37
   vqmver    : 
   author    : MaxD http://devs.mx

File Name    : system/library/cache.php(0)
VQModObject::applyMod - SEARCH NOT FOUND (SKIPPED): if (is_file(DIR_SYSTEM . 'library/journal3/vendor/SuperCache

----------------------------------------------------------------------


---------- Date: 2026-03-31 23:07:24 ~ IP : 185.179.188.62 ----------
REQUEST URI : /blog/
MOD DETAILS:
   modFile   : /home/canmotalka/web/can-motalka.ru/public_html/vqmod/xml/lightning.xml
   id        : OpenCart Lightning
   version   : 3.37
   vqmver    : 
   author    : MaxD http://devs.mx

File Name    : system/library/cache.php(0)
VQModObject::applyMod - SEARCH NOT FOUND (SKIPPED): if (is_file(DIR_SYSTEM . 'library/journal3/vendor/SuperCache

----------------------------------------------------------------------


---------- Date: 2026-03-31 23:07:25 ~ IP : 185.179.188.62 ----------
REQUEST URI : /old/
MOD DETAILS:
   modFile   : /home/canmotalka/web/can-motalka.ru/public_html/vqmod/xml/lightning.xml
   id        : OpenCart Lightning
   version   : 3.37
   vqmver    : 
   author    : MaxD http://devs.mx

File Name    : system/library/cache.php(0)
VQModObject::applyMod - SEARCH NOT FOUND (SKIPPED): if (is_file(DIR_SYSTEM . 'library/journal3/vendor/SuperCache

----------------------------------------------------------------------


---------- Date: 2026-03-31 23:07:25 ~ IP : 185.179.188.62 ----------
REQUEST URI : /backup/
MOD DETAILS:
   modFile   : /home/canmotalka/web/can-motalka.ru/public_html/vqmod/xml/lightning.xml
   id        : OpenCart Lightning
   version   : 3.37
   vqmver    : 
   author    : MaxD http://devs.mx

File Name    : system/library/cache.php(0)
VQModObject::applyMod - SEARCH NOT FOUND (SKIPPED): if (is_file(DIR_SYSTEM . 'library/journal3/vendor/SuperCache

----------------------------------------------------------------------


---------- Date: 2026-03-31 23:07:26 ~ IP : 185.179.188.62 ----------
REQUEST URI : /wp/
MOD DETAILS:
   modFile   : /home/canmotalka/web/can-motalka.ru/public_html/vqmod/xml/lightning.xml
   id        : OpenCart Lightning
   version   : 3.37
   vqmver    : 
   author    : MaxD http://devs.mx

File Name    : system/library/cache.php(0)
VQModObject::applyMod - SEARCH NOT FOUND (SKIPPED): if (is_file(DIR_SYSTEM . 'library/journal3/vendor/SuperCache

----------------------------------------------------------------------


---------- Date: 2026-03-31 23:10:57 ~ IP : 185.179.188.62 ----------
REQUEST URI : /instrukciya-dlya-ford-tranzit/
MOD DETAILS:
   modFile   : /home/canmotalka/web/can-motalka.ru/public_html/vqmod/xml/lightning.xml
   id        : OpenCart Lightning
   version   : 3.37
   vqmver    : 
   author    : MaxD http://devs.mx

File Name    : system/library/cache.php(0)
VQModObject::applyMod - SEARCH NOT FOUND (SKIPPED): if (is_file(DIR_SYSTEM . 'library/journal3/vendor/SuperCache

----------------------------------------------------------------------


---------- Date: 2026-03-31 23:10:57 ~ IP : 185.179.188.62 ----------
REQUEST URI : /index.php?route=module/popupcart_extended
MOD DETAILS:
   modFile   : /home/canmotalka/web/can-motalka.ru/public_html/vqmod/xml/lightning.xml
   id        : OpenCart Lightning
   version   : 3.37
   vqmver    : 
   author    : MaxD http://devs.mx

File Name    : system/library/cache.php(0)
VQModObject::applyMod - SEARCH NOT FOUND (SKIPPED): if (is_file(DIR_SYSTEM . 'library/journal3/vendor/SuperCache

----------------------------------------------------------------------


---------- Date: 2026-03-31 23:11:24 ~ IP : 185.179.188.62 ----------
REQUEST URI : /instrukciya-dlya-ford-tranzit/
MOD DETAILS:
   modFile   : /home/canmotalka/web/can-motalka.ru/public_html/vqmod/xml/lightning.xml
   id        : OpenCart Lightning
   version   : 3.37
   vqmver    : 
   author    : MaxD http://devs.mx

File Name    : system/library/cache.php(0)
VQModObject::applyMod - SEARCH NOT FOUND (SKIPPED): if (is_file(DIR_SYSTEM . 'library/journal3/vendor/SuperCache

----------------------------------------------------------------------


---------- Date: 2026-03-31 23:12:40 ~ IP : 185.179.188.62 ----------
REQUEST URI : /instrukciya-dlya-ford-tranzit/
MOD DETAILS:
   modFile   : /home/canmotalka/web/can-motalka.ru/public_html/vqmod/xml/lightning.xml
   id        : OpenCart Lightning
   version   : 3.37
   vqmver    : 
   author    : MaxD http://devs.mx

File Name    : system/library/cache.php(0)
VQModObject::applyMod - SEARCH NOT FOUND (SKIPPED): if (is_file(DIR_SYSTEM . 'library/journal3/vendor/SuperCache

----------------------------------------------------------------------


---------- Date: 2026-03-31 23:21:23 ~ IP : 185.179.188.62 ----------
REQUEST URI : /podmotka-spidometra-hyundai-genesis-g80/?ysclid=mnf2ba3dfc874213675
MOD DETAILS:
   modFile   : /home/canmotalka/web/can-motalka.ru/public_html/vqmod/xml/lightning.xml
   id        : OpenCart Lightning
   version   : 3.37
   vqmver    : 
   author    : MaxD http://devs.mx

File Name    : system/library/cache.php(0)
VQModObject::applyMod - SEARCH NOT FOUND (SKIPPED): if (is_file(DIR_SYSTEM . 'library/journal3/vendor/SuperCache

----------------------------------------------------------------------


---------- Date: 2026-03-31 23:21:35 ~ IP : 185.179.188.62 ----------
REQUEST URI : /niva_abs_re/
MOD DETAILS:
   modFile   : /home/canmotalka/web/can-motalka.ru/public_html/vqmod/xml/lightning.xml
   id        : OpenCart Lightning
   version   : 3.37
   vqmver    : 
   author    : MaxD http://devs.mx

File Name    : system/library/cache.php(0)
VQModObject::applyMod - SEARCH NOT FOUND (SKIPPED): if (is_file(DIR_SYSTEM . 'library/journal3/vendor/SuperCache

----------------------------------------------------------------------


---------- Date: 2026-03-31 23:22:31 ~ IP : 185.179.188.62 ----------
REQUEST URI : /manuals
MOD DETAILS:
   modFile   : /home/canmotalka/web/can-motalka.ru/public_html/vqmod/xml/lightning.xml
   id        : OpenCart Lightning
   version   : 3.37
   vqmver    : 
   author    : MaxD http://devs.mx

File Name    : system/library/cache.php(0)
VQModObject::applyMod - SEARCH NOT FOUND (SKIPPED): if (is_file(DIR_SYSTEM . 'library/journal3/vendor/SuperCache

----------------------------------------------------------------------


---------- Date: 2026-03-31 23:24:06 ~ IP : 185.179.188.62 ----------
REQUEST URI : /podmotka-spidometra-uaz-patriot/
MOD DETAILS:
   modFile   : /home/canmotalka/web/can-motalka.ru/public_html/vqmod/xml/lightning.xml
   id        : OpenCart Lightning
   version   : 3.37
   vqmver    : 
   author    : MaxD http://devs.mx

File Name    : system/library/cache.php(0)
VQModObject::applyMod - SEARCH NOT FOUND (SKIPPED): if (is_file(DIR_SYSTEM . 'library/journal3/vendor/SuperCache

----------------------------------------------------------------------


---------- Date: 2026-03-31 23:34:01 ~ IP : 185.179.188.62 ----------
REQUEST URI : /patriot_re/
MOD DETAILS:
   modFile   : /home/canmotalka/web/can-motalka.ru/public_html/vqmod/xml/lightning.xml
   id        : OpenCart Lightning
   version   : 3.37
   vqmver    : 
   author    : MaxD http://devs.mx

File Name    : system/library/cache.php(0)
VQModObject::applyMod - SEARCH NOT FOUND (SKIPPED): if (is_file(DIR_SYSTEM . 'library/journal3/vendor/SuperCache

----------------------------------------------------------------------


---------- Date: 2026-03-31 23:34:01 ~ IP : 185.179.188.62 ----------
REQUEST URI : /index.php?route=module/popupcart_extended
MOD DETAILS:
   modFile   : /home/canmotalka/web/can-motalka.ru/public_html/vqmod/xml/lightning.xml
   id        : OpenCart Lightning
   version   : 3.37
   vqmver    : 
   author    : MaxD http://devs.mx

File Name    : system/library/cache.php(0)
VQModObject::applyMod - SEARCH NOT FOUND (SKIPPED): if (is_file(DIR_SYSTEM . 'library/journal3/vendor/SuperCache

----------------------------------------------------------------------


---------- Date: 2026-03-31 23:51:36 ~ IP : 185.179.188.62 ----------
REQUEST URI : /index.php?route=module/popupcart_extended
MOD DETAILS:
   modFile   : /home/canmotalka/web/can-motalka.ru/public_html/vqmod/xml/lightning.xml
   id        : OpenCart Lightning
   version   : 3.37
   vqmver    : 
   author    : MaxD http://devs.mx

File Name    : system/library/cache.php(0)
VQModObject::applyMod - SEARCH NOT FOUND (SKIPPED): if (is_file(DIR_SYSTEM . 'library/journal3/vendor/SuperCache

----------------------------------------------------------------------


---------- Date: 2026-03-31 23:55:35 ~ IP : 185.179.188.62 ----------
REQUEST URI : /.well-known/traffic-advice
MOD DETAILS:
   modFile   : /home/canmotalka/web/can-motalka.ru/public_html/vqmod/xml/lightning.xml
   id        : OpenCart Lightning
   version   : 3.37
   vqmver    : 
   author    : MaxD http://devs.mx

File Name    : system/library/cache.php(0)
VQModObject::applyMod - SEARCH NOT FOUND (SKIPPED): if (is_file(DIR_SYSTEM . 'library/journal3/vendor/SuperCache

----------------------------------------------------------------------


---------- Date: 2026-03-31 23:55:36 ~ IP : 185.179.188.62 ----------
REQUEST URI : /podmotka-spidometra-gazel-nekst/
MOD DETAILS:
   modFile   : /home/canmotalka/web/can-motalka.ru/public_html/vqmod/xml/lightning.xml
   id        : OpenCart Lightning
   version   : 3.37
   vqmver    : 
   author    : MaxD http://devs.mx

File Name    : system/library/cache.php(0)
VQModObject::applyMod - SEARCH NOT FOUND (SKIPPED): if (is_file(DIR_SYSTEM . 'library/journal3/vendor/SuperCache

----------------------------------------------------------------------


