---------- Date: 2026-04-02 00:00:17 ~ IP : 185.179.188.62 ----------
REQUEST URI : /index.php?route=feed/google_merchant
MOD DETAILS:
   modFile   : /home/canmotalka/web/can-motalka.ru/public_html/vqmod/xml/lightning.xml
   id        : OpenCart Lightning
   version   : 3.37
   vqmver    : 
   author    : MaxD http://devs.mx

File Name    : system/library/cache.php(0)
VQModObject::applyMod - SEARCH NOT FOUND (SKIPPED): if (is_file(DIR_SYSTEM . 'library/journal3/vendor/SuperCache

----------------------------------------------------------------------


---------- Date: 2026-04-02 00:03:33 ~ IP : 185.179.188.62 ----------
REQUEST URI : /kak-nastroit-podmotku-na-lada-vesta-xray/
MOD DETAILS:
   modFile   : /home/canmotalka/web/can-motalka.ru/public_html/vqmod/xml/lightning.xml
   id        : OpenCart Lightning
   version   : 3.37
   vqmver    : 
   author    : MaxD http://devs.mx

File Name    : system/library/cache.php(0)
VQModObject::applyMod - SEARCH NOT FOUND (SKIPPED): if (is_file(DIR_SYSTEM . 'library/journal3/vendor/SuperCache

----------------------------------------------------------------------


---------- Date: 2026-04-02 00:05:32 ~ IP : 185.179.188.62 ----------
REQUEST URI : /podmotka-spidometra-niva2020/
MOD DETAILS:
   modFile   : /home/canmotalka/web/can-motalka.ru/public_html/vqmod/xml/lightning.xml
   id        : OpenCart Lightning
   version   : 3.37
   vqmver    : 
   author    : MaxD http://devs.mx

File Name    : system/library/cache.php(0)
VQModObject::applyMod - SEARCH NOT FOUND (SKIPPED): if (is_file(DIR_SYSTEM . 'library/journal3/vendor/SuperCache

----------------------------------------------------------------------


---------- Date: 2026-04-02 00:12:13 ~ IP : 185.179.188.62 ----------
REQUEST URI : /podmotka-spidometra-haval-h9/
MOD DETAILS:
   modFile   : /home/canmotalka/web/can-motalka.ru/public_html/vqmod/xml/lightning.xml
   id        : OpenCart Lightning
   version   : 3.37
   vqmver    : 
   author    : MaxD http://devs.mx

File Name    : system/library/cache.php(0)
VQModObject::applyMod - SEARCH NOT FOUND (SKIPPED): if (is_file(DIR_SYSTEM . 'library/journal3/vendor/SuperCache

----------------------------------------------------------------------


---------- Date: 2026-04-02 00:12:14 ~ IP : 185.179.188.62 ----------
REQUEST URI : /index.php?route=product/product/review&amp;product_id=303
MOD DETAILS:
   modFile   : /home/canmotalka/web/can-motalka.ru/public_html/vqmod/xml/lightning.xml
   id        : OpenCart Lightning
   version   : 3.37
   vqmver    : 
   author    : MaxD http://devs.mx

File Name    : system/library/cache.php(0)
VQModObject::applyMod - SEARCH NOT FOUND (SKIPPED): if (is_file(DIR_SYSTEM . 'library/journal3/vendor/SuperCache

----------------------------------------------------------------------


---------- Date: 2026-04-02 00:12:14 ~ IP : 185.179.188.62 ----------
REQUEST URI : /index.php?route=module/popupcart_extended
MOD DETAILS:
   modFile   : /home/canmotalka/web/can-motalka.ru/public_html/vqmod/xml/lightning.xml
   id        : OpenCart Lightning
   version   : 3.37
   vqmver    : 
   author    : MaxD http://devs.mx

File Name    : system/library/cache.php(0)
VQModObject::applyMod - SEARCH NOT FOUND (SKIPPED): if (is_file(DIR_SYSTEM . 'library/journal3/vendor/SuperCache

----------------------------------------------------------------------


---------- Date: 2026-04-02 00:13:52 ~ IP : 185.179.188.62 ----------
REQUEST URI : /namotchik-probega-dlya-kia-sportage-3/
MOD DETAILS:
   modFile   : /home/canmotalka/web/can-motalka.ru/public_html/vqmod/xml/lightning.xml
   id        : OpenCart Lightning
   version   : 3.37
   vqmver    : 
   author    : MaxD http://devs.mx

File Name    : system/library/cache.php(0)
VQModObject::applyMod - SEARCH NOT FOUND (SKIPPED): if (is_file(DIR_SYSTEM . 'library/journal3/vendor/SuperCache

----------------------------------------------------------------------


---------- Date: 2026-04-02 00:13:55 ~ IP : 185.179.188.62 ----------
REQUEST URI : /podmotka-spidometra-kia-sportage/
MOD DETAILS:
   modFile   : /home/canmotalka/web/can-motalka.ru/public_html/vqmod/xml/lightning.xml
   id        : OpenCart Lightning
   version   : 3.37
   vqmver    : 
   author    : MaxD http://devs.mx

File Name    : system/library/cache.php(0)
VQModObject::applyMod - SEARCH NOT FOUND (SKIPPED): if (is_file(DIR_SYSTEM . 'library/journal3/vendor/SuperCache

----------------------------------------------------------------------


---------- Date: 2026-04-02 00:14:06 ~ IP : 185.179.188.62 ----------
REQUEST URI : /namotchik-probega-dlya-kia-sportage-3/
MOD DETAILS:
   modFile   : /home/canmotalka/web/can-motalka.ru/public_html/vqmod/xml/lightning.xml
   id        : OpenCart Lightning
   version   : 3.37
   vqmver    : 
   author    : MaxD http://devs.mx

File Name    : system/library/cache.php(0)
VQModObject::applyMod - SEARCH NOT FOUND (SKIPPED): if (is_file(DIR_SYSTEM . 'library/journal3/vendor/SuperCache

----------------------------------------------------------------------


---------- Date: 2026-04-02 00:14:08 ~ IP : 185.179.188.62 ----------
REQUEST URI : /podmotka-spidometra-kia-sportage/
MOD DETAILS:
   modFile   : /home/canmotalka/web/can-motalka.ru/public_html/vqmod/xml/lightning.xml
   id        : OpenCart Lightning
   version   : 3.37
   vqmver    : 
   author    : MaxD http://devs.mx

File Name    : system/library/cache.php(0)
VQModObject::applyMod - SEARCH NOT FOUND (SKIPPED): if (is_file(DIR_SYSTEM . 'library/journal3/vendor/SuperCache

----------------------------------------------------------------------


---------- Date: 2026-04-02 00:19:05 ~ IP : 185.179.188.62 ----------
REQUEST URI : /?ysclid=mngjtbiq77256172973
MOD DETAILS:
   modFile   : /home/canmotalka/web/can-motalka.ru/public_html/vqmod/xml/lightning.xml
   id        : OpenCart Lightning
   version   : 3.37
   vqmver    : 
   author    : MaxD http://devs.mx

File Name    : system/library/cache.php(0)
VQModObject::applyMod - SEARCH NOT FOUND (SKIPPED): if (is_file(DIR_SYSTEM . 'library/journal3/vendor/SuperCache

----------------------------------------------------------------------


---------- Date: 2026-04-02 00:19:05 ~ IP : 185.179.188.62 ----------
REQUEST URI : /index.php?route=module/popupcart_extended
MOD DETAILS:
   modFile   : /home/canmotalka/web/can-motalka.ru/public_html/vqmod/xml/lightning.xml
   id        : OpenCart Lightning
   version   : 3.37
   vqmver    : 
   author    : MaxD http://devs.mx

File Name    : system/library/cache.php(0)
VQModObject::applyMod - SEARCH NOT FOUND (SKIPPED): if (is_file(DIR_SYSTEM . 'library/journal3/vendor/SuperCache

----------------------------------------------------------------------


---------- Date: 2026-04-02 00:19:25 ~ IP : 185.179.188.62 ----------
REQUEST URI : /dostavka-i-oplata/
MOD DETAILS:
   modFile   : /home/canmotalka/web/can-motalka.ru/public_html/vqmod/xml/lightning.xml
   id        : OpenCart Lightning
   version   : 3.37
   vqmver    : 
   author    : MaxD http://devs.mx

File Name    : system/library/cache.php(0)
VQModObject::applyMod - SEARCH NOT FOUND (SKIPPED): if (is_file(DIR_SYSTEM . 'library/journal3/vendor/SuperCache

----------------------------------------------------------------------


---------- Date: 2026-04-02 00:19:37 ~ IP : 185.179.188.62 ----------
REQUEST URI : /podmotka-spidometra-kia-rio/
MOD DETAILS:
   modFile   : /home/canmotalka/web/can-motalka.ru/public_html/vqmod/xml/lightning.xml
   id        : OpenCart Lightning
   version   : 3.37
   vqmver    : 
   author    : MaxD http://devs.mx

File Name    : system/library/cache.php(0)
VQModObject::applyMod - SEARCH NOT FOUND (SKIPPED): if (is_file(DIR_SYSTEM . 'library/journal3/vendor/SuperCache

----------------------------------------------------------------------


---------- Date: 2026-04-02 00:19:38 ~ IP : 185.179.188.62 ----------
REQUEST URI : /motalki/jac/
MOD DETAILS:
   modFile   : /home/canmotalka/web/can-motalka.ru/public_html/vqmod/xml/lightning.xml
   id        : OpenCart Lightning
   version   : 3.37
   vqmver    : 
   author    : MaxD http://devs.mx

File Name    : system/library/cache.php(0)
VQModObject::applyMod - SEARCH NOT FOUND (SKIPPED): if (is_file(DIR_SYSTEM . 'library/journal3/vendor/SuperCache

----------------------------------------------------------------------


---------- Date: 2026-04-02 00:19:46 ~ IP : 185.179.188.62 ----------
REQUEST URI : /podmotka-spidometra-jac-t6/
MOD DETAILS:
   modFile   : /home/canmotalka/web/can-motalka.ru/public_html/vqmod/xml/lightning.xml
   id        : OpenCart Lightning
   version   : 3.37
   vqmver    : 
   author    : MaxD http://devs.mx

File Name    : system/library/cache.php(0)
VQModObject::applyMod - SEARCH NOT FOUND (SKIPPED): if (is_file(DIR_SYSTEM . 'library/journal3/vendor/SuperCache

----------------------------------------------------------------------


---------- Date: 2026-04-02 00:19:46 ~ IP : 185.179.188.62 ----------
REQUEST URI : /index.php?route=product/product/review&amp;product_id=310
MOD DETAILS:
   modFile   : /home/canmotalka/web/can-motalka.ru/public_html/vqmod/xml/lightning.xml
   id        : OpenCart Lightning
   version   : 3.37
   vqmver    : 
   author    : MaxD http://devs.mx

File Name    : system/library/cache.php(0)
VQModObject::applyMod - SEARCH NOT FOUND (SKIPPED): if (is_file(DIR_SYSTEM . 'library/journal3/vendor/SuperCache

----------------------------------------------------------------------


---------- Date: 2026-04-02 00:20:54 ~ IP : 185.179.188.62 ----------
REQUEST URI : /dostavka-i-oplata/
MOD DETAILS:
   modFile   : /home/canmotalka/web/can-motalka.ru/public_html/vqmod/xml/lightning.xml
   id        : OpenCart Lightning
   version   : 3.37
   vqmver    : 
   author    : MaxD http://devs.mx

File Name    : system/library/cache.php(0)
VQModObject::applyMod - SEARCH NOT FOUND (SKIPPED): if (is_file(DIR_SYSTEM . 'library/journal3/vendor/SuperCache

----------------------------------------------------------------------


---------- Date: 2026-04-02 00:21:09 ~ IP : 185.179.188.62 ----------
REQUEST URI : /podmotka-spidometra-jac-t6/
MOD DETAILS:
   modFile   : /home/canmotalka/web/can-motalka.ru/public_html/vqmod/xml/lightning.xml
   id        : OpenCart Lightning
   version   : 3.37
   vqmver    : 
   author    : MaxD http://devs.mx

File Name    : system/library/cache.php(0)
VQModObject::applyMod - SEARCH NOT FOUND (SKIPPED): if (is_file(DIR_SYSTEM . 'library/journal3/vendor/SuperCache

----------------------------------------------------------------------


---------- Date: 2026-04-02 00:23:53 ~ IP : 185.179.188.62 ----------
REQUEST URI : /patriot_re/?ysclid=mngjzia76t264491485
MOD DETAILS:
   modFile   : /home/canmotalka/web/can-motalka.ru/public_html/vqmod/xml/lightning.xml
   id        : OpenCart Lightning
   version   : 3.37
   vqmver    : 
   author    : MaxD http://devs.mx

File Name    : system/library/cache.php(0)
VQModObject::applyMod - SEARCH NOT FOUND (SKIPPED): if (is_file(DIR_SYSTEM . 'library/journal3/vendor/SuperCache

----------------------------------------------------------------------


---------- Date: 2026-04-02 00:23:53 ~ IP : 185.179.188.62 ----------
REQUEST URI : /patriot_re/
MOD DETAILS:
   modFile   : /home/canmotalka/web/can-motalka.ru/public_html/vqmod/xml/lightning.xml
   id        : OpenCart Lightning
   version   : 3.37
   vqmver    : 
   author    : MaxD http://devs.mx

File Name    : system/library/cache.php(0)
VQModObject::applyMod - SEARCH NOT FOUND (SKIPPED): if (is_file(DIR_SYSTEM . 'library/journal3/vendor/SuperCache

----------------------------------------------------------------------


---------- Date: 2026-04-02 00:23:56 ~ IP : 185.179.188.62 ----------
REQUEST URI : /index.php?route=module/popupcart_extended
MOD DETAILS:
   modFile   : /home/canmotalka/web/can-motalka.ru/public_html/vqmod/xml/lightning.xml
   id        : OpenCart Lightning
   version   : 3.37
   vqmver    : 
   author    : MaxD http://devs.mx

File Name    : system/library/cache.php(0)
VQModObject::applyMod - SEARCH NOT FOUND (SKIPPED): if (is_file(DIR_SYSTEM . 'library/journal3/vendor/SuperCache

----------------------------------------------------------------------


---------- Date: 2026-04-02 00:25:53 ~ IP : 185.179.188.62 ----------
REQUEST URI : /setting_php/zdorovie-soveti/293-vardenafil-20-so-skidkoy-petropavlovskkamchatskiy/
MOD DETAILS:
   modFile   : /home/canmotalka/web/can-motalka.ru/public_html/vqmod/xml/lightning.xml
   id        : OpenCart Lightning
   version   : 3.37
   vqmver    : 
   author    : MaxD http://devs.mx

File Name    : system/library/cache.php(0)
VQModObject::applyMod - SEARCH NOT FOUND (SKIPPED): if (is_file(DIR_SYSTEM . 'library/journal3/vendor/SuperCache

----------------------------------------------------------------------


---------- Date: 2026-04-02 00:29:42 ~ IP : 185.179.188.62 ----------
REQUEST URI : /sitemap.xml
MOD DETAILS:
   modFile   : /home/canmotalka/web/can-motalka.ru/public_html/vqmod/xml/lightning.xml
   id        : OpenCart Lightning
   version   : 3.37
   vqmver    : 
   author    : MaxD http://devs.mx

File Name    : system/library/cache.php(0)
VQModObject::applyMod - SEARCH NOT FOUND (SKIPPED): if (is_file(DIR_SYSTEM . 'library/journal3/vendor/SuperCache

----------------------------------------------------------------------


---------- Date: 2026-04-02 00:35:03 ~ IP : 185.179.188.62 ----------
REQUEST URI : /backup/
MOD DETAILS:
   modFile   : /home/canmotalka/web/can-motalka.ru/public_html/vqmod/xml/lightning.xml
   id        : OpenCart Lightning
   version   : 3.37
   vqmver    : 
   author    : MaxD http://devs.mx

File Name    : system/library/cache.php(0)
VQModObject::applyMod - SEARCH NOT FOUND (SKIPPED): if (is_file(DIR_SYSTEM . 'library/journal3/vendor/SuperCache

----------------------------------------------------------------------


---------- Date: 2026-04-02 00:35:04 ~ IP : 185.179.188.62 ----------
REQUEST URI : /blog/
MOD DETAILS:
   modFile   : /home/canmotalka/web/can-motalka.ru/public_html/vqmod/xml/lightning.xml
   id        : OpenCart Lightning
   version   : 3.37
   vqmver    : 
   author    : MaxD http://devs.mx

File Name    : system/library/cache.php(0)
VQModObject::applyMod - SEARCH NOT FOUND (SKIPPED): if (is_file(DIR_SYSTEM . 'library/journal3/vendor/SuperCache

----------------------------------------------------------------------


---------- Date: 2026-04-02 00:35:05 ~ IP : 185.179.188.62 ----------
REQUEST URI : /old/
MOD DETAILS:
   modFile   : /home/canmotalka/web/can-motalka.ru/public_html/vqmod/xml/lightning.xml
   id        : OpenCart Lightning
   version   : 3.37
   vqmver    : 
   author    : MaxD http://devs.mx

File Name    : system/library/cache.php(0)
VQModObject::applyMod - SEARCH NOT FOUND (SKIPPED): if (is_file(DIR_SYSTEM . 'library/journal3/vendor/SuperCache

----------------------------------------------------------------------


---------- Date: 2026-04-02 00:35:05 ~ IP : 185.179.188.62 ----------
REQUEST URI : /wp/
MOD DETAILS:
   modFile   : /home/canmotalka/web/can-motalka.ru/public_html/vqmod/xml/lightning.xml
   id        : OpenCart Lightning
   version   : 3.37
   vqmver    : 
   author    : MaxD http://devs.mx

File Name    : system/library/cache.php(0)
VQModObject::applyMod - SEARCH NOT FOUND (SKIPPED): if (is_file(DIR_SYSTEM . 'library/journal3/vendor/SuperCache

----------------------------------------------------------------------


---------- Date: 2026-04-02 00:35:05 ~ IP : 185.179.188.62 ----------
REQUEST URI : /wordpress/
MOD DETAILS:
   modFile   : /home/canmotalka/web/can-motalka.ru/public_html/vqmod/xml/lightning.xml
   id        : OpenCart Lightning
   version   : 3.37
   vqmver    : 
   author    : MaxD http://devs.mx

File Name    : system/library/cache.php(0)
VQModObject::applyMod - SEARCH NOT FOUND (SKIPPED): if (is_file(DIR_SYSTEM . 'library/journal3/vendor/SuperCache

----------------------------------------------------------------------


---------- Date: 2026-04-02 00:35:06 ~ IP : 185.179.188.62 ----------
REQUEST URI : /new/
MOD DETAILS:
   modFile   : /home/canmotalka/web/can-motalka.ru/public_html/vqmod/xml/lightning.xml
   id        : OpenCart Lightning
   version   : 3.37
   vqmver    : 
   author    : MaxD http://devs.mx

File Name    : system/library/cache.php(0)
VQModObject::applyMod - SEARCH NOT FOUND (SKIPPED): if (is_file(DIR_SYSTEM . 'library/journal3/vendor/SuperCache

----------------------------------------------------------------------


---------- Date: 2026-04-02 00:45:29 ~ IP : 185.179.188.62 ----------
REQUEST URI : /setting_php/kamagra-100/472-penon-krem-so-skidkoy-angarsk/
MOD DETAILS:
   modFile   : /home/canmotalka/web/can-motalka.ru/public_html/vqmod/xml/lightning.xml
   id        : OpenCart Lightning
   version   : 3.37
   vqmver    : 
   author    : MaxD http://devs.mx

File Name    : system/library/cache.php(0)
VQModObject::applyMod - SEARCH NOT FOUND (SKIPPED): if (is_file(DIR_SYSTEM . 'library/journal3/vendor/SuperCache

----------------------------------------------------------------------


---------- Date: 2026-04-02 01:00:32 ~ IP : 185.179.188.62 ----------
REQUEST URI : /podmotka-spidometra-jac-t6/?ysclid=mnglan3ej819486096
MOD DETAILS:
   modFile   : /home/canmotalka/web/can-motalka.ru/public_html/vqmod/xml/lightning.xml
   id        : OpenCart Lightning
   version   : 3.37
   vqmver    : 
   author    : MaxD http://devs.mx

File Name    : system/library/cache.php(0)
VQModObject::applyMod - SEARCH NOT FOUND (SKIPPED): if (is_file(DIR_SYSTEM . 'library/journal3/vendor/SuperCache

----------------------------------------------------------------------


---------- Date: 2026-04-02 01:00:32 ~ IP : 185.179.188.62 ----------
REQUEST URI : /podmotka-spidometra-jac-t6/
MOD DETAILS:
   modFile   : /home/canmotalka/web/can-motalka.ru/public_html/vqmod/xml/lightning.xml
   id        : OpenCart Lightning
   version   : 3.37
   vqmver    : 
   author    : MaxD http://devs.mx

File Name    : system/library/cache.php(0)
VQModObject::applyMod - SEARCH NOT FOUND (SKIPPED): if (is_file(DIR_SYSTEM . 'library/journal3/vendor/SuperCache

----------------------------------------------------------------------


---------- Date: 2026-04-02 01:00:33 ~ IP : 185.179.188.62 ----------
REQUEST URI : /index.php?route=product/product/review&amp;product_id=310
MOD DETAILS:
   modFile   : /home/canmotalka/web/can-motalka.ru/public_html/vqmod/xml/lightning.xml
   id        : OpenCart Lightning
   version   : 3.37
   vqmver    : 
   author    : MaxD http://devs.mx

File Name    : system/library/cache.php(0)
VQModObject::applyMod - SEARCH NOT FOUND (SKIPPED): if (is_file(DIR_SYSTEM . 'library/journal3/vendor/SuperCache

----------------------------------------------------------------------


---------- Date: 2026-04-02 01:00:33 ~ IP : 185.179.188.62 ----------
REQUEST URI : /index.php?route=module/popupcart_extended
MOD DETAILS:
   modFile   : /home/canmotalka/web/can-motalka.ru/public_html/vqmod/xml/lightning.xml
   id        : OpenCart Lightning
   version   : 3.37
   vqmver    : 
   author    : MaxD http://devs.mx

File Name    : system/library/cache.php(0)
VQModObject::applyMod - SEARCH NOT FOUND (SKIPPED): if (is_file(DIR_SYSTEM . 'library/journal3/vendor/SuperCache

----------------------------------------------------------------------


---------- Date: 2026-04-02 01:20:04 ~ IP : 185.179.188.62 ----------
REQUEST URI : /podmotka-spidometra-gazel-v-prikurivatel/
MOD DETAILS:
   modFile   : /home/canmotalka/web/can-motalka.ru/public_html/vqmod/xml/lightning.xml
   id        : OpenCart Lightning
   version   : 3.37
   vqmver    : 
   author    : MaxD http://devs.mx

File Name    : system/library/cache.php(0)
VQModObject::applyMod - SEARCH NOT FOUND (SKIPPED): if (is_file(DIR_SYSTEM . 'library/journal3/vendor/SuperCache

----------------------------------------------------------------------


---------- Date: 2026-04-02 01:20:05 ~ IP : 185.179.188.62 ----------
REQUEST URI : /index.php?route=product/product/review&amp;product_id=298
MOD DETAILS:
   modFile   : /home/canmotalka/web/can-motalka.ru/public_html/vqmod/xml/lightning.xml
   id        : OpenCart Lightning
   version   : 3.37
   vqmver    : 
   author    : MaxD http://devs.mx

File Name    : system/library/cache.php(0)
VQModObject::applyMod - SEARCH NOT FOUND (SKIPPED): if (is_file(DIR_SYSTEM . 'library/journal3/vendor/SuperCache

----------------------------------------------------------------------


---------- Date: 2026-04-02 01:20:05 ~ IP : 185.179.188.62 ----------
REQUEST URI : /index.php?route=module/popupcart_extended
MOD DETAILS:
   modFile   : /home/canmotalka/web/can-motalka.ru/public_html/vqmod/xml/lightning.xml
   id        : OpenCart Lightning
   version   : 3.37
   vqmver    : 
   author    : MaxD http://devs.mx

File Name    : system/library/cache.php(0)
VQModObject::applyMod - SEARCH NOT FOUND (SKIPPED): if (is_file(DIR_SYSTEM . 'library/journal3/vendor/SuperCache

----------------------------------------------------------------------


---------- Date: 2026-04-02 01:21:17 ~ IP : 185.179.188.62 ----------
REQUEST URI : /wp-admin/css/
MOD DETAILS:
   modFile   : /home/canmotalka/web/can-motalka.ru/public_html/vqmod/xml/lightning.xml
   id        : OpenCart Lightning
   version   : 3.37
   vqmver    : 
   author    : MaxD http://devs.mx

File Name    : system/library/cache.php(0)
VQModObject::applyMod - SEARCH NOT FOUND (SKIPPED): if (is_file(DIR_SYSTEM . 'library/journal3/vendor/SuperCache

----------------------------------------------------------------------


---------- Date: 2026-04-02 01:21:29 ~ IP : 185.179.188.62 ----------
REQUEST URI : /sites/default/files/
MOD DETAILS:
   modFile   : /home/canmotalka/web/can-motalka.ru/public_html/vqmod/xml/lightning.xml
   id        : OpenCart Lightning
   version   : 3.37
   vqmver    : 
   author    : MaxD http://devs.mx

File Name    : system/library/cache.php(0)
VQModObject::applyMod - SEARCH NOT FOUND (SKIPPED): if (is_file(DIR_SYSTEM . 'library/journal3/vendor/SuperCache

----------------------------------------------------------------------


---------- Date: 2026-04-02 01:21:36 ~ IP : 185.179.188.62 ----------
REQUEST URI : /admin/controller/extension/extension/
MOD DETAILS:
   modFile   : /home/canmotalka/web/can-motalka.ru/public_html/vqmod/xml/lightning.xml
   id        : OpenCart Lightning
   version   : 3.37
   vqmver    : 
   author    : MaxD http://devs.mx

File Name    : system/library/cache.php(0)
VQModObject::applyMod - SEARCH NOT FOUND (SKIPPED): if (is_file(DIR_SYSTEM . 'library/journal3/vendor/SuperCache

----------------------------------------------------------------------


---------- Date: 2026-04-02 01:21:45 ~ IP : 185.179.188.62 ----------
REQUEST URI : /uploads/
MOD DETAILS:
   modFile   : /home/canmotalka/web/can-motalka.ru/public_html/vqmod/xml/lightning.xml
   id        : OpenCart Lightning
   version   : 3.37
   vqmver    : 
   author    : MaxD http://devs.mx

File Name    : system/library/cache.php(0)
VQModObject::applyMod - SEARCH NOT FOUND (SKIPPED): if (is_file(DIR_SYSTEM . 'library/journal3/vendor/SuperCache

----------------------------------------------------------------------


---------- Date: 2026-04-02 01:22:05 ~ IP : 185.179.188.62 ----------
REQUEST URI : /images/
MOD DETAILS:
   modFile   : /home/canmotalka/web/can-motalka.ru/public_html/vqmod/xml/lightning.xml
   id        : OpenCart Lightning
   version   : 3.37
   vqmver    : 
   author    : MaxD http://devs.mx

File Name    : system/library/cache.php(0)
VQModObject::applyMod - SEARCH NOT FOUND (SKIPPED): if (is_file(DIR_SYSTEM . 'library/journal3/vendor/SuperCache

----------------------------------------------------------------------


---------- Date: 2026-04-02 01:22:26 ~ IP : 185.179.188.62 ----------
REQUEST URI : /files/
MOD DETAILS:
   modFile   : /home/canmotalka/web/can-motalka.ru/public_html/vqmod/xml/lightning.xml
   id        : OpenCart Lightning
   version   : 3.37
   vqmver    : 
   author    : MaxD http://devs.mx

File Name    : system/library/cache.php(0)
VQModObject::applyMod - SEARCH NOT FOUND (SKIPPED): if (is_file(DIR_SYSTEM . 'library/journal3/vendor/SuperCache

----------------------------------------------------------------------


---------- Date: 2026-04-02 01:38:38 ~ IP : 185.179.188.62 ----------
REQUEST URI : /oferta/
MOD DETAILS:
   modFile   : /home/canmotalka/web/can-motalka.ru/public_html/vqmod/xml/lightning.xml
   id        : OpenCart Lightning
   version   : 3.37
   vqmver    : 
   author    : MaxD http://devs.mx

File Name    : system/library/cache.php(0)
VQModObject::applyMod - SEARCH NOT FOUND (SKIPPED): if (is_file(DIR_SYSTEM . 'library/journal3/vendor/SuperCache

----------------------------------------------------------------------


---------- Date: 2026-04-02 01:38:39 ~ IP : 185.179.188.62 ----------
REQUEST URI : /sitemap/
MOD DETAILS:
   modFile   : /home/canmotalka/web/can-motalka.ru/public_html/vqmod/xml/lightning.xml
   id        : OpenCart Lightning
   version   : 3.37
   vqmver    : 
   author    : MaxD http://devs.mx

File Name    : system/library/cache.php(0)
VQModObject::applyMod - SEARCH NOT FOUND (SKIPPED): if (is_file(DIR_SYSTEM . 'library/journal3/vendor/SuperCache

----------------------------------------------------------------------


---------- Date: 2026-04-02 01:49:35 ~ IP : 185.179.188.62 ----------
REQUEST URI : /podmotka-krutilka-spidometra-gazel-biznes-benzin-evotec-ili-cummins/
MOD DETAILS:
   modFile   : /home/canmotalka/web/can-motalka.ru/public_html/vqmod/xml/lightning.xml
   id        : OpenCart Lightning
   version   : 3.37
   vqmver    : 
   author    : MaxD http://devs.mx

File Name    : system/library/cache.php(0)
VQModObject::applyMod - SEARCH NOT FOUND (SKIPPED): if (is_file(DIR_SYSTEM . 'library/journal3/vendor/SuperCache

----------------------------------------------------------------------


---------- Date: 2026-04-02 02:01:58 ~ IP : 185.179.188.62 ----------
REQUEST URI : /instrukciya-podmotka-niva-travel-chevrolet/
MOD DETAILS:
   modFile   : /home/canmotalka/web/can-motalka.ru/public_html/vqmod/xml/lightning.xml
   id        : OpenCart Lightning
   version   : 3.37
   vqmver    : 
   author    : MaxD http://devs.mx

File Name    : system/library/cache.php(0)
VQModObject::applyMod - SEARCH NOT FOUND (SKIPPED): if (is_file(DIR_SYSTEM . 'library/journal3/vendor/SuperCache

----------------------------------------------------------------------


---------- Date: 2026-04-02 02:01:59 ~ IP : 185.179.188.62 ----------
REQUEST URI : /instrukciya-podmotka-niva-travel-chevrolet/
MOD DETAILS:
   modFile   : /home/canmotalka/web/can-motalka.ru/public_html/vqmod/xml/lightning.xml
   id        : OpenCart Lightning
   version   : 3.37
   vqmver    : 
   author    : MaxD http://devs.mx

File Name    : system/library/cache.php(0)
VQModObject::applyMod - SEARCH NOT FOUND (SKIPPED): if (is_file(DIR_SYSTEM . 'library/journal3/vendor/SuperCache

----------------------------------------------------------------------


---------- Date: 2026-04-02 02:06:06 ~ IP : 185.179.188.62 ----------
REQUEST URI : /podmotka-spidometra-moskvich-3/
MOD DETAILS:
   modFile   : /home/canmotalka/web/can-motalka.ru/public_html/vqmod/xml/lightning.xml
   id        : OpenCart Lightning
   version   : 3.37
   vqmver    : 
   author    : MaxD http://devs.mx

File Name    : system/library/cache.php(0)
VQModObject::applyMod - SEARCH NOT FOUND (SKIPPED): if (is_file(DIR_SYSTEM . 'library/journal3/vendor/SuperCache

----------------------------------------------------------------------


---------- Date: 2026-04-02 02:17:28 ~ IP : 185.179.188.62 ----------
REQUEST URI : /setting_php/kamagra-100/398-kupit-djenerik-levitru-hyston/
MOD DETAILS:
   modFile   : /home/canmotalka/web/can-motalka.ru/public_html/vqmod/xml/lightning.xml
   id        : OpenCart Lightning
   version   : 3.37
   vqmver    : 
   author    : MaxD http://devs.mx

File Name    : system/library/cache.php(0)
VQModObject::applyMod - SEARCH NOT FOUND (SKIPPED): if (is_file(DIR_SYSTEM . 'library/journal3/vendor/SuperCache

----------------------------------------------------------------------


---------- Date: 2026-04-02 02:26:09 ~ IP : 185.179.188.62 ----------
REQUEST URI : /.well-known/traffic-advice
MOD DETAILS:
   modFile   : /home/canmotalka/web/can-motalka.ru/public_html/vqmod/xml/lightning.xml
   id        : OpenCart Lightning
   version   : 3.37
   vqmver    : 
   author    : MaxD http://devs.mx

File Name    : system/library/cache.php(0)
VQModObject::applyMod - SEARCH NOT FOUND (SKIPPED): if (is_file(DIR_SYSTEM . 'library/journal3/vendor/SuperCache

----------------------------------------------------------------------


---------- Date: 2026-04-02 02:26:10 ~ IP : 185.179.188.62 ----------
REQUEST URI : /kak-rabotaet-podmotka-spidometra/
MOD DETAILS:
   modFile   : /home/canmotalka/web/can-motalka.ru/public_html/vqmod/xml/lightning.xml
   id        : OpenCart Lightning
   version   : 3.37
   vqmver    : 
   author    : MaxD http://devs.mx

File Name    : system/library/cache.php(0)
VQModObject::applyMod - SEARCH NOT FOUND (SKIPPED): if (is_file(DIR_SYSTEM . 'library/journal3/vendor/SuperCache

----------------------------------------------------------------------


---------- Date: 2026-04-02 02:35:13 ~ IP : 185.179.188.62 ----------
REQUEST URI : /podmotka-spidometra-podoidet-li-razyom/
MOD DETAILS:
   modFile   : /home/canmotalka/web/can-motalka.ru/public_html/vqmod/xml/lightning.xml
   id        : OpenCart Lightning
   version   : 3.37
   vqmver    : 
   author    : MaxD http://devs.mx

File Name    : system/library/cache.php(0)
VQModObject::applyMod - SEARCH NOT FOUND (SKIPPED): if (is_file(DIR_SYSTEM . 'library/journal3/vendor/SuperCache

----------------------------------------------------------------------


---------- Date: 2026-04-02 02:36:47 ~ IP : 185.179.188.62 ----------
REQUEST URI : /setting_php/kamagra-gold/942-djenerik-sialis-soft-sravnit-ceni-makeevka/
MOD DETAILS:
   modFile   : /home/canmotalka/web/can-motalka.ru/public_html/vqmod/xml/lightning.xml
   id        : OpenCart Lightning
   version   : 3.37
   vqmver    : 
   author    : MaxD http://devs.mx

File Name    : system/library/cache.php(0)
VQModObject::applyMod - SEARCH NOT FOUND (SKIPPED): if (is_file(DIR_SYSTEM . 'library/journal3/vendor/SuperCache

----------------------------------------------------------------------


---------- Date: 2026-04-02 02:45:55 ~ IP : 185.179.188.62 ----------
REQUEST URI : /setting_php/uluchshenie-potencii/483-levitra-analog-samara/
MOD DETAILS:
   modFile   : /home/canmotalka/web/can-motalka.ru/public_html/vqmod/xml/lightning.xml
   id        : OpenCart Lightning
   version   : 3.37
   vqmver    : 
   author    : MaxD http://devs.mx

File Name    : system/library/cache.php(0)
VQModObject::applyMod - SEARCH NOT FOUND (SKIPPED): if (is_file(DIR_SYSTEM . 'library/journal3/vendor/SuperCache

----------------------------------------------------------------------


---------- Date: 2026-04-02 02:48:43 ~ IP : 185.179.188.62 ----------
REQUEST URI : /podmotka_spidometra_solaris/
MOD DETAILS:
   modFile   : /home/canmotalka/web/can-motalka.ru/public_html/vqmod/xml/lightning.xml
   id        : OpenCart Lightning
   version   : 3.37
   vqmver    : 
   author    : MaxD http://devs.mx

File Name    : system/library/cache.php(0)
VQModObject::applyMod - SEARCH NOT FOUND (SKIPPED): if (is_file(DIR_SYSTEM . 'library/journal3/vendor/SuperCache

----------------------------------------------------------------------


---------- Date: 2026-04-02 02:48:52 ~ IP : 185.179.188.62 ----------
REQUEST URI : /index.php?route=module/popupcart_extended
MOD DETAILS:
   modFile   : /home/canmotalka/web/can-motalka.ru/public_html/vqmod/xml/lightning.xml
   id        : OpenCart Lightning
   version   : 3.37
   vqmver    : 
   author    : MaxD http://devs.mx

File Name    : system/library/cache.php(0)
VQModObject::applyMod - SEARCH NOT FOUND (SKIPPED): if (is_file(DIR_SYSTEM . 'library/journal3/vendor/SuperCache

----------------------------------------------------------------------


---------- Date: 2026-04-02 02:49:11 ~ IP : 185.179.188.62 ----------
REQUEST URI : /podmotka_spidometra_solaris/
MOD DETAILS:
   modFile   : /home/canmotalka/web/can-motalka.ru/public_html/vqmod/xml/lightning.xml
   id        : OpenCart Lightning
   version   : 3.37
   vqmver    : 
   author    : MaxD http://devs.mx

File Name    : system/library/cache.php(0)
VQModObject::applyMod - SEARCH NOT FOUND (SKIPPED): if (is_file(DIR_SYSTEM . 'library/journal3/vendor/SuperCache

----------------------------------------------------------------------


---------- Date: 2026-04-02 02:49:18 ~ IP : 185.179.188.62 ----------
REQUEST URI : /index.php?route=module/popupcart_extended
MOD DETAILS:
   modFile   : /home/canmotalka/web/can-motalka.ru/public_html/vqmod/xml/lightning.xml
   id        : OpenCart Lightning
   version   : 3.37
   vqmver    : 
   author    : MaxD http://devs.mx

File Name    : system/library/cache.php(0)
VQModObject::applyMod - SEARCH NOT FOUND (SKIPPED): if (is_file(DIR_SYSTEM . 'library/journal3/vendor/SuperCache

----------------------------------------------------------------------


---------- Date: 2026-04-02 02:49:24 ~ IP : 185.179.188.62 ----------
REQUEST URI : /podmotka_spidometra_solaris/
MOD DETAILS:
   modFile   : /home/canmotalka/web/can-motalka.ru/public_html/vqmod/xml/lightning.xml
   id        : OpenCart Lightning
   version   : 3.37
   vqmver    : 
   author    : MaxD http://devs.mx

File Name    : system/library/cache.php(0)
VQModObject::applyMod - SEARCH NOT FOUND (SKIPPED): if (is_file(DIR_SYSTEM . 'library/journal3/vendor/SuperCache

----------------------------------------------------------------------


---------- Date: 2026-04-02 03:05:28 ~ IP : 185.179.188.62 ----------
REQUEST URI : /o-kompanii/
MOD DETAILS:
   modFile   : /home/canmotalka/web/can-motalka.ru/public_html/vqmod/xml/lightning.xml
   id        : OpenCart Lightning
   version   : 3.37
   vqmver    : 
   author    : MaxD http://devs.mx

File Name    : system/library/cache.php(0)
VQModObject::applyMod - SEARCH NOT FOUND (SKIPPED): if (is_file(DIR_SYSTEM . 'library/journal3/vendor/SuperCache

----------------------------------------------------------------------


---------- Date: 2026-04-02 03:10:05 ~ IP : 185.179.188.62 ----------
REQUEST URI : /podmotka-spidometra-largus/
MOD DETAILS:
   modFile   : /home/canmotalka/web/can-motalka.ru/public_html/vqmod/xml/lightning.xml
   id        : OpenCart Lightning
   version   : 3.37
   vqmver    : 
   author    : MaxD http://devs.mx

File Name    : system/library/cache.php(0)
VQModObject::applyMod - SEARCH NOT FOUND (SKIPPED): if (is_file(DIR_SYSTEM . 'library/journal3/vendor/SuperCache

----------------------------------------------------------------------


---------- Date: 2026-04-02 03:10:35 ~ IP : 185.179.188.62 ----------
REQUEST URI : /podmotka-spidometra-largus/
MOD DETAILS:
   modFile   : /home/canmotalka/web/can-motalka.ru/public_html/vqmod/xml/lightning.xml
   id        : OpenCart Lightning
   version   : 3.37
   vqmver    : 
   author    : MaxD http://devs.mx

File Name    : system/library/cache.php(0)
VQModObject::applyMod - SEARCH NOT FOUND (SKIPPED): if (is_file(DIR_SYSTEM . 'library/journal3/vendor/SuperCache

----------------------------------------------------------------------


---------- Date: 2026-04-02 03:10:37 ~ IP : 185.179.188.62 ----------
REQUEST URI : /index.php?route=product/product/review&amp;product_id=258
MOD DETAILS:
   modFile   : /home/canmotalka/web/can-motalka.ru/public_html/vqmod/xml/lightning.xml
   id        : OpenCart Lightning
   version   : 3.37
   vqmver    : 
   author    : MaxD http://devs.mx

File Name    : system/library/cache.php(0)
VQModObject::applyMod - SEARCH NOT FOUND (SKIPPED): if (is_file(DIR_SYSTEM . 'library/journal3/vendor/SuperCache

----------------------------------------------------------------------


---------- Date: 2026-04-02 03:10:37 ~ IP : 185.179.188.62 ----------
REQUEST URI : /index.php?route=module/popupcart_extended
MOD DETAILS:
   modFile   : /home/canmotalka/web/can-motalka.ru/public_html/vqmod/xml/lightning.xml
   id        : OpenCart Lightning
   version   : 3.37
   vqmver    : 
   author    : MaxD http://devs.mx

File Name    : system/library/cache.php(0)
VQModObject::applyMod - SEARCH NOT FOUND (SKIPPED): if (is_file(DIR_SYSTEM . 'library/journal3/vendor/SuperCache

----------------------------------------------------------------------


---------- Date: 2026-04-02 03:10:55 ~ IP : 185.179.188.62 ----------
REQUEST URI : /patriot_re/?ysclid=mngpyc0am8749614391
MOD DETAILS:
   modFile   : /home/canmotalka/web/can-motalka.ru/public_html/vqmod/xml/lightning.xml
   id        : OpenCart Lightning
   version   : 3.37
   vqmver    : 
   author    : MaxD http://devs.mx

File Name    : system/library/cache.php(0)
VQModObject::applyMod - SEARCH NOT FOUND (SKIPPED): if (is_file(DIR_SYSTEM . 'library/journal3/vendor/SuperCache

----------------------------------------------------------------------


---------- Date: 2026-04-02 03:10:55 ~ IP : 185.179.188.62 ----------
REQUEST URI : /patriot_re/
MOD DETAILS:
   modFile   : /home/canmotalka/web/can-motalka.ru/public_html/vqmod/xml/lightning.xml
   id        : OpenCart Lightning
   version   : 3.37
   vqmver    : 
   author    : MaxD http://devs.mx

File Name    : system/library/cache.php(0)
VQModObject::applyMod - SEARCH NOT FOUND (SKIPPED): if (is_file(DIR_SYSTEM . 'library/journal3/vendor/SuperCache

----------------------------------------------------------------------


---------- Date: 2026-04-02 03:10:57 ~ IP : 185.179.188.62 ----------
REQUEST URI : /index.php?route=module/popupcart_extended
MOD DETAILS:
   modFile   : /home/canmotalka/web/can-motalka.ru/public_html/vqmod/xml/lightning.xml
   id        : OpenCart Lightning
   version   : 3.37
   vqmver    : 
   author    : MaxD http://devs.mx

File Name    : system/library/cache.php(0)
VQModObject::applyMod - SEARCH NOT FOUND (SKIPPED): if (is_file(DIR_SYSTEM . 'library/journal3/vendor/SuperCache

----------------------------------------------------------------------


---------- Date: 2026-04-02 03:33:28 ~ IP : 185.179.188.62 ----------
REQUEST URI : /cron__/sportivnie-tehnologii/148-boldenona-undesilenat-deshevo-polevskoy/
MOD DETAILS:
   modFile   : /home/canmotalka/web/can-motalka.ru/public_html/vqmod/xml/lightning.xml
   id        : OpenCart Lightning
   version   : 3.37
   vqmver    : 
   author    : MaxD http://devs.mx

File Name    : system/library/cache.php(0)
VQModObject::applyMod - SEARCH NOT FOUND (SKIPPED): if (is_file(DIR_SYSTEM . 'library/journal3/vendor/SuperCache

----------------------------------------------------------------------


---------- Date: 2026-04-02 03:33:31 ~ IP : 185.179.188.62 ----------
REQUEST URI : /cron__/zero-calorie/302-stanozolol-sravnit-ceni-krivoy-rog/
MOD DETAILS:
   modFile   : /home/canmotalka/web/can-motalka.ru/public_html/vqmod/xml/lightning.xml
   id        : OpenCart Lightning
   version   : 3.37
   vqmver    : 
   author    : MaxD http://devs.mx

File Name    : system/library/cache.php(0)
VQModObject::applyMod - SEARCH NOT FOUND (SKIPPED): if (is_file(DIR_SYSTEM . 'library/journal3/vendor/SuperCache

----------------------------------------------------------------------


---------- Date: 2026-04-02 03:33:35 ~ IP : 185.179.188.62 ----------
REQUEST URI : /setting_php/kamagra-100/681-tabletki-djenerik-sialisa-soft-uzbekistan/
MOD DETAILS:
   modFile   : /home/canmotalka/web/can-motalka.ru/public_html/vqmod/xml/lightning.xml
   id        : OpenCart Lightning
   version   : 3.37
   vqmver    : 
   author    : MaxD http://devs.mx

File Name    : system/library/cache.php(0)
VQModObject::applyMod - SEARCH NOT FOUND (SKIPPED): if (is_file(DIR_SYSTEM . 'library/journal3/vendor/SuperCache

----------------------------------------------------------------------


---------- Date: 2026-04-02 03:33:40 ~ IP : 185.179.188.62 ----------
REQUEST URI : /setting_php/kamagra-gold/529-zakazat-kamagru-150-samara/
MOD DETAILS:
   modFile   : /home/canmotalka/web/can-motalka.ru/public_html/vqmod/xml/lightning.xml
   id        : OpenCart Lightning
   version   : 3.37
   vqmver    : 
   author    : MaxD http://devs.mx

File Name    : system/library/cache.php(0)
VQModObject::applyMod - SEARCH NOT FOUND (SKIPPED): if (is_file(DIR_SYSTEM . 'library/journal3/vendor/SuperCache

----------------------------------------------------------------------


---------- Date: 2026-04-02 03:33:44 ~ IP : 185.179.188.62 ----------
REQUEST URI : /setting_php/pomojem-lechitsya/960-chto-takoe-dgpj-prostati-2-stepeni/
MOD DETAILS:
   modFile   : /home/canmotalka/web/can-motalka.ru/public_html/vqmod/xml/lightning.xml
   id        : OpenCart Lightning
   version   : 3.37
   vqmver    : 
   author    : MaxD http://devs.mx

File Name    : system/library/cache.php(0)
VQModObject::applyMod - SEARCH NOT FOUND (SKIPPED): if (is_file(DIR_SYSTEM . 'library/journal3/vendor/SuperCache

----------------------------------------------------------------------


---------- Date: 2026-04-02 03:33:48 ~ IP : 185.179.188.62 ----------
REQUEST URI : /setting_php/prilidji-60/467-super-sialis-cena-ivanteevka/
MOD DETAILS:
   modFile   : /home/canmotalka/web/can-motalka.ru/public_html/vqmod/xml/lightning.xml
   id        : OpenCart Lightning
   version   : 3.37
   vqmver    : 
   author    : MaxD http://devs.mx

File Name    : system/library/cache.php(0)
VQModObject::applyMod - SEARCH NOT FOUND (SKIPPED): if (is_file(DIR_SYSTEM . 'library/journal3/vendor/SuperCache

----------------------------------------------------------------------


---------- Date: 2026-04-02 03:33:52 ~ IP : 185.179.188.62 ----------
REQUEST URI : /setting_php/tadalafil-20/160-zakazat-vardenafil-sergiev-posad/
MOD DETAILS:
   modFile   : /home/canmotalka/web/can-motalka.ru/public_html/vqmod/xml/lightning.xml
   id        : OpenCart Lightning
   version   : 3.37
   vqmver    : 
   author    : MaxD http://devs.mx

File Name    : system/library/cache.php(0)
VQModObject::applyMod - SEARCH NOT FOUND (SKIPPED): if (is_file(DIR_SYSTEM . 'library/journal3/vendor/SuperCache

----------------------------------------------------------------------


---------- Date: 2026-04-02 03:33:56 ~ IP : 185.179.188.62 ----------
REQUEST URI : /setting_php/uluchshenie-potencii/748-zakazat-avanafil-samarkand/
MOD DETAILS:
   modFile   : /home/canmotalka/web/can-motalka.ru/public_html/vqmod/xml/lightning.xml
   id        : OpenCart Lightning
   version   : 3.37
   vqmver    : 
   author    : MaxD http://devs.mx

File Name    : system/library/cache.php(0)
VQModObject::applyMod - SEARCH NOT FOUND (SKIPPED): if (is_file(DIR_SYSTEM . 'library/journal3/vendor/SuperCache

----------------------------------------------------------------------


---------- Date: 2026-04-02 03:35:57 ~ IP : 185.179.188.62 ----------
REQUEST URI : /image/cache/data/cars/hyundai/H1/h1
MOD DETAILS:
   modFile   : /home/canmotalka/web/can-motalka.ru/public_html/vqmod/xml/lightning.xml
   id        : OpenCart Lightning
   version   : 3.37
   vqmver    : 
   author    : MaxD http://devs.mx

File Name    : system/library/cache.php(0)
VQModObject::applyMod - SEARCH NOT FOUND (SKIPPED): if (is_file(DIR_SYSTEM . 'library/journal3/vendor/SuperCache

----------------------------------------------------------------------


---------- Date: 2026-04-02 03:40:28 ~ IP : 185.179.188.62 ----------
REQUEST URI : /podmotka-spidometra-kia-sorento/
MOD DETAILS:
   modFile   : /home/canmotalka/web/can-motalka.ru/public_html/vqmod/xml/lightning.xml
   id        : OpenCart Lightning
   version   : 3.37
   vqmver    : 
   author    : MaxD http://devs.mx

File Name    : system/library/cache.php(0)
VQModObject::applyMod - SEARCH NOT FOUND (SKIPPED): if (is_file(DIR_SYSTEM . 'library/journal3/vendor/SuperCache

----------------------------------------------------------------------


---------- Date: 2026-04-02 03:44:45 ~ IP : 185.179.188.62 ----------
REQUEST URI : /folksvagen-polo-podmotka-spidometra/
MOD DETAILS:
   modFile   : /home/canmotalka/web/can-motalka.ru/public_html/vqmod/xml/lightning.xml
   id        : OpenCart Lightning
   version   : 3.37
   vqmver    : 
   author    : MaxD http://devs.mx

File Name    : system/library/cache.php(0)
VQModObject::applyMod - SEARCH NOT FOUND (SKIPPED): if (is_file(DIR_SYSTEM . 'library/journal3/vendor/SuperCache

----------------------------------------------------------------------


---------- Date: 2026-04-02 03:46:58 ~ IP : 185.179.188.62 ----------
REQUEST URI : /image/cache/data/cars/volkswagen/caddy/caddy
MOD DETAILS:
   modFile   : /home/canmotalka/web/can-motalka.ru/public_html/vqmod/xml/lightning.xml
   id        : OpenCart Lightning
   version   : 3.37
   vqmver    : 
   author    : MaxD http://devs.mx

File Name    : system/library/cache.php(0)
VQModObject::applyMod - SEARCH NOT FOUND (SKIPPED): if (is_file(DIR_SYSTEM . 'library/journal3/vendor/SuperCache

----------------------------------------------------------------------


---------- Date: 2026-04-02 03:48:22 ~ IP : 185.179.188.62 ----------
REQUEST URI : /namotchik-probega-dlya-bmw-x3/
MOD DETAILS:
   modFile   : /home/canmotalka/web/can-motalka.ru/public_html/vqmod/xml/lightning.xml
   id        : OpenCart Lightning
   version   : 3.37
   vqmver    : 
   author    : MaxD http://devs.mx

File Name    : system/library/cache.php(0)
VQModObject::applyMod - SEARCH NOT FOUND (SKIPPED): if (is_file(DIR_SYSTEM . 'library/journal3/vendor/SuperCache

----------------------------------------------------------------------


---------- Date: 2026-04-02 03:58:42 ~ IP : 185.179.188.62 ----------
REQUEST URI : /patriot_re/?ysclid=mngrnrqmlc72069665
MOD DETAILS:
   modFile   : /home/canmotalka/web/can-motalka.ru/public_html/vqmod/xml/lightning.xml
   id        : OpenCart Lightning
   version   : 3.37
   vqmver    : 
   author    : MaxD http://devs.mx

File Name    : system/library/cache.php(0)
VQModObject::applyMod - SEARCH NOT FOUND (SKIPPED): if (is_file(DIR_SYSTEM . 'library/journal3/vendor/SuperCache

----------------------------------------------------------------------


---------- Date: 2026-04-02 03:58:43 ~ IP : 185.179.188.62 ----------
REQUEST URI : /patriot_re/
MOD DETAILS:
   modFile   : /home/canmotalka/web/can-motalka.ru/public_html/vqmod/xml/lightning.xml
   id        : OpenCart Lightning
   version   : 3.37
   vqmver    : 
   author    : MaxD http://devs.mx

File Name    : system/library/cache.php(0)
VQModObject::applyMod - SEARCH NOT FOUND (SKIPPED): if (is_file(DIR_SYSTEM . 'library/journal3/vendor/SuperCache

----------------------------------------------------------------------


---------- Date: 2026-04-02 03:58:44 ~ IP : 185.179.188.62 ----------
REQUEST URI : /index.php?route=module/popupcart_extended
MOD DETAILS:
   modFile   : /home/canmotalka/web/can-motalka.ru/public_html/vqmod/xml/lightning.xml
   id        : OpenCart Lightning
   version   : 3.37
   vqmver    : 
   author    : MaxD http://devs.mx

File Name    : system/library/cache.php(0)
VQModObject::applyMod - SEARCH NOT FOUND (SKIPPED): if (is_file(DIR_SYSTEM . 'library/journal3/vendor/SuperCache

----------------------------------------------------------------------


---------- Date: 2026-04-02 04:03:07 ~ IP : 185.179.188.62 ----------
REQUEST URI : /podmotka-spidometra-hyundai-h1/
MOD DETAILS:
   modFile   : /home/canmotalka/web/can-motalka.ru/public_html/vqmod/xml/lightning.xml
   id        : OpenCart Lightning
   version   : 3.37
   vqmver    : 
   author    : MaxD http://devs.mx

File Name    : system/library/cache.php(0)
VQModObject::applyMod - SEARCH NOT FOUND (SKIPPED): if (is_file(DIR_SYSTEM . 'library/journal3/vendor/SuperCache

----------------------------------------------------------------------


---------- Date: 2026-04-02 04:06:31 ~ IP : 185.179.188.62 ----------
REQUEST URI : /podmotka_vw_manual/
MOD DETAILS:
   modFile   : /home/canmotalka/web/can-motalka.ru/public_html/vqmod/xml/lightning.xml
   id        : OpenCart Lightning
   version   : 3.37
   vqmver    : 
   author    : MaxD http://devs.mx

File Name    : system/library/cache.php(0)
VQModObject::applyMod - SEARCH NOT FOUND (SKIPPED): if (is_file(DIR_SYSTEM . 'library/journal3/vendor/SuperCache

----------------------------------------------------------------------


---------- Date: 2026-04-02 04:06:33 ~ IP : 185.179.188.62 ----------
REQUEST URI : /index.php?route=module/popupcart_extended
MOD DETAILS:
   modFile   : /home/canmotalka/web/can-motalka.ru/public_html/vqmod/xml/lightning.xml
   id        : OpenCart Lightning
   version   : 3.37
   vqmver    : 
   author    : MaxD http://devs.mx

File Name    : system/library/cache.php(0)
VQModObject::applyMod - SEARCH NOT FOUND (SKIPPED): if (is_file(DIR_SYSTEM . 'library/journal3/vendor/SuperCache

----------------------------------------------------------------------


---------- Date: 2026-04-02 04:19:00 ~ IP : 185.179.188.62 ----------
REQUEST URI : /motalka_spidometra/
MOD DETAILS:
   modFile   : /home/canmotalka/web/can-motalka.ru/public_html/vqmod/xml/lightning.xml
   id        : OpenCart Lightning
   version   : 3.37
   vqmver    : 
   author    : MaxD http://devs.mx

File Name    : system/library/cache.php(0)
VQModObject::applyMod - SEARCH NOT FOUND (SKIPPED): if (is_file(DIR_SYSTEM . 'library/journal3/vendor/SuperCache

----------------------------------------------------------------------


---------- Date: 2026-04-02 04:22:32 ~ IP : 185.179.188.62 ----------
REQUEST URI : /podmotka-spidometra-peugeot-boxer/
MOD DETAILS:
   modFile   : /home/canmotalka/web/can-motalka.ru/public_html/vqmod/xml/lightning.xml
   id        : OpenCart Lightning
   version   : 3.37
   vqmver    : 
   author    : MaxD http://devs.mx

File Name    : system/library/cache.php(0)
VQModObject::applyMod - SEARCH NOT FOUND (SKIPPED): if (is_file(DIR_SYSTEM . 'library/journal3/vendor/SuperCache

----------------------------------------------------------------------


---------- Date: 2026-04-02 04:28:18 ~ IP : 185.179.188.62 ----------
REQUEST URI : /manual-podmotka-toyota-camry-corolla-tlc-rav4
MOD DETAILS:
   modFile   : /home/canmotalka/web/can-motalka.ru/public_html/vqmod/xml/lightning.xml
   id        : OpenCart Lightning
   version   : 3.37
   vqmver    : 
   author    : MaxD http://devs.mx

File Name    : system/library/cache.php(0)
VQModObject::applyMod - SEARCH NOT FOUND (SKIPPED): if (is_file(DIR_SYSTEM . 'library/journal3/vendor/SuperCache

----------------------------------------------------------------------


---------- Date: 2026-04-02 04:28:22 ~ IP : 185.179.188.62 ----------
REQUEST URI : /manual-podmotka-toyota-camry-corolla-tlc-rav4/
MOD DETAILS:
   modFile   : /home/canmotalka/web/can-motalka.ru/public_html/vqmod/xml/lightning.xml
   id        : OpenCart Lightning
   version   : 3.37
   vqmver    : 
   author    : MaxD http://devs.mx

File Name    : system/library/cache.php(0)
VQModObject::applyMod - SEARCH NOT FOUND (SKIPPED): if (is_file(DIR_SYSTEM . 'library/journal3/vendor/SuperCache

----------------------------------------------------------------------


---------- Date: 2026-04-02 04:28:36 ~ IP : 185.179.188.62 ----------
REQUEST URI : /podmotka-spidometra-renault-sandero-2/
MOD DETAILS:
   modFile   : /home/canmotalka/web/can-motalka.ru/public_html/vqmod/xml/lightning.xml
   id        : OpenCart Lightning
   version   : 3.37
   vqmver    : 
   author    : MaxD http://devs.mx

File Name    : system/library/cache.php(0)
VQModObject::applyMod - SEARCH NOT FOUND (SKIPPED): if (is_file(DIR_SYSTEM . 'library/journal3/vendor/SuperCache

----------------------------------------------------------------------


---------- Date: 2026-04-02 04:31:06 ~ IP : 185.179.188.62 ----------
REQUEST URI : /podmotka-spidometra-vesta-ng-np
MOD DETAILS:
   modFile   : /home/canmotalka/web/can-motalka.ru/public_html/vqmod/xml/lightning.xml
   id        : OpenCart Lightning
   version   : 3.37
   vqmver    : 
   author    : MaxD http://devs.mx

File Name    : system/library/cache.php(0)
VQModObject::applyMod - SEARCH NOT FOUND (SKIPPED): if (is_file(DIR_SYSTEM . 'library/journal3/vendor/SuperCache

----------------------------------------------------------------------


---------- Date: 2026-04-02 04:31:09 ~ IP : 185.179.188.62 ----------
REQUEST URI : /podmotka-spidometra-vesta-ng-np/
MOD DETAILS:
   modFile   : /home/canmotalka/web/can-motalka.ru/public_html/vqmod/xml/lightning.xml
   id        : OpenCart Lightning
   version   : 3.37
   vqmver    : 
   author    : MaxD http://devs.mx

File Name    : system/library/cache.php(0)
VQModObject::applyMod - SEARCH NOT FOUND (SKIPPED): if (is_file(DIR_SYSTEM . 'library/journal3/vendor/SuperCache

----------------------------------------------------------------------


---------- Date: 2026-04-02 04:31:52 ~ IP : 185.179.188.62 ----------
REQUEST URI : /podmotka-spidometra-ford-focus-2/
MOD DETAILS:
   modFile   : /home/canmotalka/web/can-motalka.ru/public_html/vqmod/xml/lightning.xml
   id        : OpenCart Lightning
   version   : 3.37
   vqmver    : 
   author    : MaxD http://devs.mx

File Name    : system/library/cache.php(0)
VQModObject::applyMod - SEARCH NOT FOUND (SKIPPED): if (is_file(DIR_SYSTEM . 'library/journal3/vendor/SuperCache

----------------------------------------------------------------------


---------- Date: 2026-04-02 04:34:25 ~ IP : 185.179.188.62 ----------
REQUEST URI : /podmotka-spidometra-hyundai-i40/
MOD DETAILS:
   modFile   : /home/canmotalka/web/can-motalka.ru/public_html/vqmod/xml/lightning.xml
   id        : OpenCart Lightning
   version   : 3.37
   vqmver    : 
   author    : MaxD http://devs.mx

File Name    : system/library/cache.php(0)
VQModObject::applyMod - SEARCH NOT FOUND (SKIPPED): if (is_file(DIR_SYSTEM . 'library/journal3/vendor/SuperCache

----------------------------------------------------------------------


---------- Date: 2026-04-02 04:37:44 ~ IP : 185.179.188.62 ----------
REQUEST URI : /podmotka-spidometra-fiat-ducato
MOD DETAILS:
   modFile   : /home/canmotalka/web/can-motalka.ru/public_html/vqmod/xml/lightning.xml
   id        : OpenCart Lightning
   version   : 3.37
   vqmver    : 
   author    : MaxD http://devs.mx

File Name    : system/library/cache.php(0)
VQModObject::applyMod - SEARCH NOT FOUND (SKIPPED): if (is_file(DIR_SYSTEM . 'library/journal3/vendor/SuperCache

----------------------------------------------------------------------


---------- Date: 2026-04-02 04:37:45 ~ IP : 185.179.188.62 ----------
REQUEST URI : /podmotka-spidometra-fiat-ducato/
MOD DETAILS:
   modFile   : /home/canmotalka/web/can-motalka.ru/public_html/vqmod/xml/lightning.xml
   id        : OpenCart Lightning
   version   : 3.37
   vqmver    : 
   author    : MaxD http://devs.mx

File Name    : system/library/cache.php(0)
VQModObject::applyMod - SEARCH NOT FOUND (SKIPPED): if (is_file(DIR_SYSTEM . 'library/journal3/vendor/SuperCache

----------------------------------------------------------------------


---------- Date: 2026-04-02 04:38:09 ~ IP : 185.179.188.62 ----------
REQUEST URI : /index.php?route=module/popupcart_extended
MOD DETAILS:
   modFile   : /home/canmotalka/web/can-motalka.ru/public_html/vqmod/xml/lightning.xml
   id        : OpenCart Lightning
   version   : 3.37
   vqmver    : 
   author    : MaxD http://devs.mx

File Name    : system/library/cache.php(0)
VQModObject::applyMod - SEARCH NOT FOUND (SKIPPED): if (is_file(DIR_SYSTEM . 'library/journal3/vendor/SuperCache

----------------------------------------------------------------------


---------- Date: 2026-04-02 04:41:12 ~ IP : 185.179.188.62 ----------
REQUEST URI : /manuals/?ysclid=mngt6fxq6d680501193
MOD DETAILS:
   modFile   : /home/canmotalka/web/can-motalka.ru/public_html/vqmod/xml/lightning.xml
   id        : OpenCart Lightning
   version   : 3.37
   vqmver    : 
   author    : MaxD http://devs.mx

File Name    : system/library/cache.php(0)
VQModObject::applyMod - SEARCH NOT FOUND (SKIPPED): if (is_file(DIR_SYSTEM . 'library/journal3/vendor/SuperCache

----------------------------------------------------------------------


---------- Date: 2026-04-02 04:44:16 ~ IP : 185.179.188.62 ----------
REQUEST URI : /manuals/?limit=50
MOD DETAILS:
   modFile   : /home/canmotalka/web/can-motalka.ru/public_html/vqmod/xml/lightning.xml
   id        : OpenCart Lightning
   version   : 3.37
   vqmver    : 
   author    : MaxD http://devs.mx

File Name    : system/library/cache.php(0)
VQModObject::applyMod - SEARCH NOT FOUND (SKIPPED): if (is_file(DIR_SYSTEM . 'library/journal3/vendor/SuperCache

----------------------------------------------------------------------


---------- Date: 2026-04-02 04:44:18 ~ IP : 185.179.188.62 ----------
REQUEST URI : /manuals/?limit=50
MOD DETAILS:
   modFile   : /home/canmotalka/web/can-motalka.ru/public_html/vqmod/xml/lightning.xml
   id        : OpenCart Lightning
   version   : 3.37
   vqmver    : 
   author    : MaxD http://devs.mx

File Name    : system/library/cache.php(0)
VQModObject::applyMod - SEARCH NOT FOUND (SKIPPED): if (is_file(DIR_SYSTEM . 'library/journal3/vendor/SuperCache

----------------------------------------------------------------------


---------- Date: 2026-04-02 04:44:18 ~ IP : 185.179.188.62 ----------
REQUEST URI : /manuals/?limit=50
MOD DETAILS:
   modFile   : /home/canmotalka/web/can-motalka.ru/public_html/vqmod/xml/lightning.xml
   id        : OpenCart Lightning
   version   : 3.37
   vqmver    : 
   author    : MaxD http://devs.mx

File Name    : system/library/cache.php(0)
VQModObject::applyMod - SEARCH NOT FOUND (SKIPPED): if (is_file(DIR_SYSTEM . 'library/journal3/vendor/SuperCache

----------------------------------------------------------------------


---------- Date: 2026-04-02 04:44:19 ~ IP : 185.179.188.62 ----------
REQUEST URI : /manuals/?limit=50
MOD DETAILS:
   modFile   : /home/canmotalka/web/can-motalka.ru/public_html/vqmod/xml/lightning.xml
   id        : OpenCart Lightning
   version   : 3.37
   vqmver    : 
   author    : MaxD http://devs.mx

File Name    : system/library/cache.php(0)
VQModObject::applyMod - SEARCH NOT FOUND (SKIPPED): if (is_file(DIR_SYSTEM . 'library/journal3/vendor/SuperCache

----------------------------------------------------------------------


---------- Date: 2026-04-02 04:44:19 ~ IP : 185.179.188.62 ----------
REQUEST URI : /index.php?route=module/popupcart_extended
MOD DETAILS:
   modFile   : /home/canmotalka/web/can-motalka.ru/public_html/vqmod/xml/lightning.xml
   id        : OpenCart Lightning
   version   : 3.37
   vqmver    : 
   author    : MaxD http://devs.mx

File Name    : system/library/cache.php(0)
VQModObject::applyMod - SEARCH NOT FOUND (SKIPPED): if (is_file(DIR_SYSTEM . 'library/journal3/vendor/SuperCache

----------------------------------------------------------------------


---------- Date: 2026-04-02 04:44:19 ~ IP : 185.179.188.62 ----------
REQUEST URI : /manuals/?limit=5
MOD DETAILS:
   modFile   : /home/canmotalka/web/can-motalka.ru/public_html/vqmod/xml/lightning.xml
   id        : OpenCart Lightning
   version   : 3.37
   vqmver    : 
   author    : MaxD http://devs.mx

File Name    : system/library/cache.php(0)
VQModObject::applyMod - SEARCH NOT FOUND (SKIPPED): if (is_file(DIR_SYSTEM . 'library/journal3/vendor/SuperCache

----------------------------------------------------------------------


---------- Date: 2026-04-02 04:44:34 ~ IP : 185.179.188.62 ----------
REQUEST URI : /manuals/?limit=5&amp;page=3
MOD DETAILS:
   modFile   : /home/canmotalka/web/can-motalka.ru/public_html/vqmod/xml/lightning.xml
   id        : OpenCart Lightning
   version   : 3.37
   vqmver    : 
   author    : MaxD http://devs.mx

File Name    : system/library/cache.php(0)
VQModObject::applyMod - SEARCH NOT FOUND (SKIPPED): if (is_file(DIR_SYSTEM . 'library/journal3/vendor/SuperCache

----------------------------------------------------------------------


---------- Date: 2026-04-02 04:44:47 ~ IP : 185.179.188.62 ----------
REQUEST URI : /manuals/?limit=5&amp;page=4
MOD DETAILS:
   modFile   : /home/canmotalka/web/can-motalka.ru/public_html/vqmod/xml/lightning.xml
   id        : OpenCart Lightning
   version   : 3.37
   vqmver    : 
   author    : MaxD http://devs.mx

File Name    : system/library/cache.php(0)
VQModObject::applyMod - SEARCH NOT FOUND (SKIPPED): if (is_file(DIR_SYSTEM . 'library/journal3/vendor/SuperCache

----------------------------------------------------------------------


---------- Date: 2026-04-02 04:44:52 ~ IP : 185.179.188.62 ----------
REQUEST URI : /setting_php/zdorovie-soveti/518-tadalafil-analogi-uhta/
MOD DETAILS:
   modFile   : /home/canmotalka/web/can-motalka.ru/public_html/vqmod/xml/lightning.xml
   id        : OpenCart Lightning
   version   : 3.37
   vqmver    : 
   author    : MaxD http://devs.mx

File Name    : system/library/cache.php(0)
VQModObject::applyMod - SEARCH NOT FOUND (SKIPPED): if (is_file(DIR_SYSTEM . 'library/journal3/vendor/SuperCache

----------------------------------------------------------------------


---------- Date: 2026-04-02 04:45:03 ~ IP : 185.179.188.62 ----------
REQUEST URI : /manuals/?limit=5&amp;page=5
MOD DETAILS:
   modFile   : /home/canmotalka/web/can-motalka.ru/public_html/vqmod/xml/lightning.xml
   id        : OpenCart Lightning
   version   : 3.37
   vqmver    : 
   author    : MaxD http://devs.mx

File Name    : system/library/cache.php(0)
VQModObject::applyMod - SEARCH NOT FOUND (SKIPPED): if (is_file(DIR_SYSTEM . 'library/journal3/vendor/SuperCache

----------------------------------------------------------------------


---------- Date: 2026-04-02 04:45:04 ~ IP : 185.179.188.62 ----------
REQUEST URI : /manuals/?limit=5&amp;page=5
MOD DETAILS:
   modFile   : /home/canmotalka/web/can-motalka.ru/public_html/vqmod/xml/lightning.xml
   id        : OpenCart Lightning
   version   : 3.37
   vqmver    : 
   author    : MaxD http://devs.mx

File Name    : system/library/cache.php(0)
VQModObject::applyMod - SEARCH NOT FOUND (SKIPPED): if (is_file(DIR_SYSTEM . 'library/journal3/vendor/SuperCache

----------------------------------------------------------------------


---------- Date: 2026-04-02 04:45:05 ~ IP : 185.179.188.62 ----------
REQUEST URI : /manuals/?limit=5&amp;page=5
MOD DETAILS:
   modFile   : /home/canmotalka/web/can-motalka.ru/public_html/vqmod/xml/lightning.xml
   id        : OpenCart Lightning
   version   : 3.37
   vqmver    : 
   author    : MaxD http://devs.mx

File Name    : system/library/cache.php(0)
VQModObject::applyMod - SEARCH NOT FOUND (SKIPPED): if (is_file(DIR_SYSTEM . 'library/journal3/vendor/SuperCache

----------------------------------------------------------------------


---------- Date: 2026-04-02 04:45:05 ~ IP : 185.179.188.62 ----------
REQUEST URI : /manuals/?limit=5&amp;page=5
MOD DETAILS:
   modFile   : /home/canmotalka/web/can-motalka.ru/public_html/vqmod/xml/lightning.xml
   id        : OpenCart Lightning
   version   : 3.37
   vqmver    : 
   author    : MaxD http://devs.mx

File Name    : system/library/cache.php(0)
VQModObject::applyMod - SEARCH NOT FOUND (SKIPPED): if (is_file(DIR_SYSTEM . 'library/journal3/vendor/SuperCache

----------------------------------------------------------------------


---------- Date: 2026-04-02 04:45:05 ~ IP : 185.179.188.62 ----------
REQUEST URI : /index.php?route=module/popupcart_extended
MOD DETAILS:
   modFile   : /home/canmotalka/web/can-motalka.ru/public_html/vqmod/xml/lightning.xml
   id        : OpenCart Lightning
   version   : 3.37
   vqmver    : 
   author    : MaxD http://devs.mx

File Name    : system/library/cache.php(0)
VQModObject::applyMod - SEARCH NOT FOUND (SKIPPED): if (is_file(DIR_SYSTEM . 'library/journal3/vendor/SuperCache

----------------------------------------------------------------------


---------- Date: 2026-04-02 04:45:17 ~ IP : 185.179.188.62 ----------
REQUEST URI : /manuals/?limit=5&amp;page=6
MOD DETAILS:
   modFile   : /home/canmotalka/web/can-motalka.ru/public_html/vqmod/xml/lightning.xml
   id        : OpenCart Lightning
   version   : 3.37
   vqmver    : 
   author    : MaxD http://devs.mx

File Name    : system/library/cache.php(0)
VQModObject::applyMod - SEARCH NOT FOUND (SKIPPED): if (is_file(DIR_SYSTEM . 'library/journal3/vendor/SuperCache

----------------------------------------------------------------------


---------- Date: 2026-04-02 04:45:30 ~ IP : 185.179.188.62 ----------
REQUEST URI : /manuals/?limit=5&amp;page=7
MOD DETAILS:
   modFile   : /home/canmotalka/web/can-motalka.ru/public_html/vqmod/xml/lightning.xml
   id        : OpenCart Lightning
   version   : 3.37
   vqmver    : 
   author    : MaxD http://devs.mx

File Name    : system/library/cache.php(0)
VQModObject::applyMod - SEARCH NOT FOUND (SKIPPED): if (is_file(DIR_SYSTEM . 'library/journal3/vendor/SuperCache

----------------------------------------------------------------------


---------- Date: 2026-04-02 04:45:31 ~ IP : 185.179.188.62 ----------
REQUEST URI : /manuals/?limit=5&amp;page=7
MOD DETAILS:
   modFile   : /home/canmotalka/web/can-motalka.ru/public_html/vqmod/xml/lightning.xml
   id        : OpenCart Lightning
   version   : 3.37
   vqmver    : 
   author    : MaxD http://devs.mx

File Name    : system/library/cache.php(0)
VQModObject::applyMod - SEARCH NOT FOUND (SKIPPED): if (is_file(DIR_SYSTEM . 'library/journal3/vendor/SuperCache

----------------------------------------------------------------------


---------- Date: 2026-04-02 04:45:31 ~ IP : 185.179.188.62 ----------
REQUEST URI : /manuals/?limit=5&amp;page=7
MOD DETAILS:
   modFile   : /home/canmotalka/web/can-motalka.ru/public_html/vqmod/xml/lightning.xml
   id        : OpenCart Lightning
   version   : 3.37
   vqmver    : 
   author    : MaxD http://devs.mx

File Name    : system/library/cache.php(0)
VQModObject::applyMod - SEARCH NOT FOUND (SKIPPED): if (is_file(DIR_SYSTEM . 'library/journal3/vendor/SuperCache

----------------------------------------------------------------------


---------- Date: 2026-04-02 04:45:31 ~ IP : 185.179.188.62 ----------
REQUEST URI : /manuals/?limit=5&amp;page=7
MOD DETAILS:
   modFile   : /home/canmotalka/web/can-motalka.ru/public_html/vqmod/xml/lightning.xml
   id        : OpenCart Lightning
   version   : 3.37
   vqmver    : 
   author    : MaxD http://devs.mx

File Name    : system/library/cache.php(0)
VQModObject::applyMod - SEARCH NOT FOUND (SKIPPED): if (is_file(DIR_SYSTEM . 'library/journal3/vendor/SuperCache

----------------------------------------------------------------------


---------- Date: 2026-04-02 04:45:32 ~ IP : 185.179.188.62 ----------
REQUEST URI : /index.php?route=module/popupcart_extended
MOD DETAILS:
   modFile   : /home/canmotalka/web/can-motalka.ru/public_html/vqmod/xml/lightning.xml
   id        : OpenCart Lightning
   version   : 3.37
   vqmver    : 
   author    : MaxD http://devs.mx

File Name    : system/library/cache.php(0)
VQModObject::applyMod - SEARCH NOT FOUND (SKIPPED): if (is_file(DIR_SYSTEM . 'library/journal3/vendor/SuperCache

----------------------------------------------------------------------


---------- Date: 2026-04-02 04:45:45 ~ IP : 185.179.188.62 ----------
REQUEST URI : /manuals/?limit=5&amp;page=8
MOD DETAILS:
   modFile   : /home/canmotalka/web/can-motalka.ru/public_html/vqmod/xml/lightning.xml
   id        : OpenCart Lightning
   version   : 3.37
   vqmver    : 
   author    : MaxD http://devs.mx

File Name    : system/library/cache.php(0)
VQModObject::applyMod - SEARCH NOT FOUND (SKIPPED): if (is_file(DIR_SYSTEM . 'library/journal3/vendor/SuperCache

----------------------------------------------------------------------


---------- Date: 2026-04-02 04:45:47 ~ IP : 185.179.188.62 ----------
REQUEST URI : /manuals/?limit=5&amp;page=8
MOD DETAILS:
   modFile   : /home/canmotalka/web/can-motalka.ru/public_html/vqmod/xml/lightning.xml
   id        : OpenCart Lightning
   version   : 3.37
   vqmver    : 
   author    : MaxD http://devs.mx

File Name    : system/library/cache.php(0)
VQModObject::applyMod - SEARCH NOT FOUND (SKIPPED): if (is_file(DIR_SYSTEM . 'library/journal3/vendor/SuperCache

----------------------------------------------------------------------


---------- Date: 2026-04-02 04:45:47 ~ IP : 185.179.188.62 ----------
REQUEST URI : /manuals/?limit=5&amp;page=8
MOD DETAILS:
   modFile   : /home/canmotalka/web/can-motalka.ru/public_html/vqmod/xml/lightning.xml
   id        : OpenCart Lightning
   version   : 3.37
   vqmver    : 
   author    : MaxD http://devs.mx

File Name    : system/library/cache.php(0)
VQModObject::applyMod - SEARCH NOT FOUND (SKIPPED): if (is_file(DIR_SYSTEM . 'library/journal3/vendor/SuperCache

----------------------------------------------------------------------


---------- Date: 2026-04-02 04:45:47 ~ IP : 185.179.188.62 ----------
REQUEST URI : /manuals/?limit=5&amp;page=8
MOD DETAILS:
   modFile   : /home/canmotalka/web/can-motalka.ru/public_html/vqmod/xml/lightning.xml
   id        : OpenCart Lightning
   version   : 3.37
   vqmver    : 
   author    : MaxD http://devs.mx

File Name    : system/library/cache.php(0)
VQModObject::applyMod - SEARCH NOT FOUND (SKIPPED): if (is_file(DIR_SYSTEM . 'library/journal3/vendor/SuperCache

----------------------------------------------------------------------


---------- Date: 2026-04-02 04:45:47 ~ IP : 185.179.188.62 ----------
REQUEST URI : /index.php?route=module/popupcart_extended
MOD DETAILS:
   modFile   : /home/canmotalka/web/can-motalka.ru/public_html/vqmod/xml/lightning.xml
   id        : OpenCart Lightning
   version   : 3.37
   vqmver    : 
   author    : MaxD http://devs.mx

File Name    : system/library/cache.php(0)
VQModObject::applyMod - SEARCH NOT FOUND (SKIPPED): if (is_file(DIR_SYSTEM . 'library/journal3/vendor/SuperCache

----------------------------------------------------------------------


---------- Date: 2026-04-02 04:46:19 ~ IP : 185.179.188.62 ----------
REQUEST URI : /motalki/citroen/
MOD DETAILS:
   modFile   : /home/canmotalka/web/can-motalka.ru/public_html/vqmod/xml/lightning.xml
   id        : OpenCart Lightning
   version   : 3.37
   vqmver    : 
   author    : MaxD http://devs.mx

File Name    : system/library/cache.php(0)
VQModObject::applyMod - SEARCH NOT FOUND (SKIPPED): if (is_file(DIR_SYSTEM . 'library/journal3/vendor/SuperCache

----------------------------------------------------------------------


---------- Date: 2026-04-02 05:02:39 ~ IP : 185.179.188.62 ----------
REQUEST URI : /namotchik-probega-dlya-audi-a8/
MOD DETAILS:
   modFile   : /home/canmotalka/web/can-motalka.ru/public_html/vqmod/xml/lightning.xml
   id        : OpenCart Lightning
   version   : 3.37
   vqmver    : 
   author    : MaxD http://devs.mx

File Name    : system/library/cache.php(0)
VQModObject::applyMod - SEARCH NOT FOUND (SKIPPED): if (is_file(DIR_SYSTEM . 'library/journal3/vendor/SuperCache

----------------------------------------------------------------------


---------- Date: 2026-04-02 05:02:58 ~ IP : 185.179.188.62 ----------
REQUEST URI : /index.php?route=product/product/review&amp;product_id=235
MOD DETAILS:
   modFile   : /home/canmotalka/web/can-motalka.ru/public_html/vqmod/xml/lightning.xml
   id        : OpenCart Lightning
   version   : 3.37
   vqmver    : 
   author    : MaxD http://devs.mx

File Name    : system/library/cache.php(0)
VQModObject::applyMod - SEARCH NOT FOUND (SKIPPED): if (is_file(DIR_SYSTEM . 'library/journal3/vendor/SuperCache

----------------------------------------------------------------------


---------- Date: 2026-04-02 05:03:08 ~ IP : 185.179.188.62 ----------
REQUEST URI : /index.php?route=module/popupcart_extended
MOD DETAILS:
   modFile   : /home/canmotalka/web/can-motalka.ru/public_html/vqmod/xml/lightning.xml
   id        : OpenCart Lightning
   version   : 3.37
   vqmver    : 
   author    : MaxD http://devs.mx

File Name    : system/library/cache.php(0)
VQModObject::applyMod - SEARCH NOT FOUND (SKIPPED): if (is_file(DIR_SYSTEM . 'library/journal3/vendor/SuperCache

----------------------------------------------------------------------


---------- Date: 2026-04-02 05:06:57 ~ IP : 185.179.188.62 ----------
REQUEST URI : /podmotka-spidometra-renault-duster-2009-2015
MOD DETAILS:
   modFile   : /home/canmotalka/web/can-motalka.ru/public_html/vqmod/xml/lightning.xml
   id        : OpenCart Lightning
   version   : 3.37
   vqmver    : 
   author    : MaxD http://devs.mx

File Name    : system/library/cache.php(0)
VQModObject::applyMod - SEARCH NOT FOUND (SKIPPED): if (is_file(DIR_SYSTEM . 'library/journal3/vendor/SuperCache

----------------------------------------------------------------------


---------- Date: 2026-04-02 05:06:59 ~ IP : 185.179.188.62 ----------
REQUEST URI : /podmotka-spidometra-renault-duster-2009-2015/
MOD DETAILS:
   modFile   : /home/canmotalka/web/can-motalka.ru/public_html/vqmod/xml/lightning.xml
   id        : OpenCart Lightning
   version   : 3.37
   vqmver    : 
   author    : MaxD http://devs.mx

File Name    : system/library/cache.php(0)
VQModObject::applyMod - SEARCH NOT FOUND (SKIPPED): if (is_file(DIR_SYSTEM . 'library/journal3/vendor/SuperCache

----------------------------------------------------------------------


---------- Date: 2026-04-02 05:14:02 ~ IP : 185.179.188.62 ----------
REQUEST URI : /contact/
MOD DETAILS:
   modFile   : /home/canmotalka/web/can-motalka.ru/public_html/vqmod/xml/lightning.xml
   id        : OpenCart Lightning
   version   : 3.37
   vqmver    : 
   author    : MaxD http://devs.mx

File Name    : system/library/cache.php(0)
VQModObject::applyMod - SEARCH NOT FOUND (SKIPPED): if (is_file(DIR_SYSTEM . 'library/journal3/vendor/SuperCache

----------------------------------------------------------------------


---------- Date: 2026-04-02 05:14:20 ~ IP : 185.179.188.62 ----------
REQUEST URI : /setting_php/dapoksetin-60/119-pokupka-sialisa-oldenburg/
MOD DETAILS:
   modFile   : /home/canmotalka/web/can-motalka.ru/public_html/vqmod/xml/lightning.xml
   id        : OpenCart Lightning
   version   : 3.37
   vqmver    : 
   author    : MaxD http://devs.mx

File Name    : system/library/cache.php(0)
VQModObject::applyMod - SEARCH NOT FOUND (SKIPPED): if (is_file(DIR_SYSTEM . 'library/journal3/vendor/SuperCache

----------------------------------------------------------------------


---------- Date: 2026-04-02 05:14:28 ~ IP : 185.179.188.62 ----------
REQUEST URI : /index.php?route=module/popupcart_extended
MOD DETAILS:
   modFile   : /home/canmotalka/web/can-motalka.ru/public_html/vqmod/xml/lightning.xml
   id        : OpenCart Lightning
   version   : 3.37
   vqmver    : 
   author    : MaxD http://devs.mx

File Name    : system/library/cache.php(0)
VQModObject::applyMod - SEARCH NOT FOUND (SKIPPED): if (is_file(DIR_SYSTEM . 'library/journal3/vendor/SuperCache

----------------------------------------------------------------------


---------- Date: 2026-04-02 05:15:29 ~ IP : 185.179.188.62 ----------
REQUEST URI : /setting_php/dapoksetin-60/368-viagra-150-analog-angarsk/
MOD DETAILS:
   modFile   : /home/canmotalka/web/can-motalka.ru/public_html/vqmod/xml/lightning.xml
   id        : OpenCart Lightning
   version   : 3.37
   vqmver    : 
   author    : MaxD http://devs.mx

File Name    : system/library/cache.php(0)
VQModObject::applyMod - SEARCH NOT FOUND (SKIPPED): if (is_file(DIR_SYSTEM . 'library/journal3/vendor/SuperCache

----------------------------------------------------------------------


---------- Date: 2026-04-02 05:15:36 ~ IP : 185.179.188.62 ----------
REQUEST URI : /index.php?route=module/popupcart_extended
MOD DETAILS:
   modFile   : /home/canmotalka/web/can-motalka.ru/public_html/vqmod/xml/lightning.xml
   id        : OpenCart Lightning
   version   : 3.37
   vqmver    : 
   author    : MaxD http://devs.mx

File Name    : system/library/cache.php(0)
VQModObject::applyMod - SEARCH NOT FOUND (SKIPPED): if (is_file(DIR_SYSTEM . 'library/journal3/vendor/SuperCache

----------------------------------------------------------------------


---------- Date: 2026-04-02 05:15:58 ~ IP : 185.179.188.62 ----------
REQUEST URI : /setting_php/dapoksetin-60/368-viagra-150-analog-angarsk/
MOD DETAILS:
   modFile   : /home/canmotalka/web/can-motalka.ru/public_html/vqmod/xml/lightning.xml
   id        : OpenCart Lightning
   version   : 3.37
   vqmver    : 
   author    : MaxD http://devs.mx

File Name    : system/library/cache.php(0)
VQModObject::applyMod - SEARCH NOT FOUND (SKIPPED): if (is_file(DIR_SYSTEM . 'library/journal3/vendor/SuperCache

----------------------------------------------------------------------


---------- Date: 2026-04-02 05:16:07 ~ IP : 185.179.188.62 ----------
REQUEST URI : /index.php?route=module/popupcart_extended
MOD DETAILS:
   modFile   : /home/canmotalka/web/can-motalka.ru/public_html/vqmod/xml/lightning.xml
   id        : OpenCart Lightning
   version   : 3.37
   vqmver    : 
   author    : MaxD http://devs.mx

File Name    : system/library/cache.php(0)
VQModObject::applyMod - SEARCH NOT FOUND (SKIPPED): if (is_file(DIR_SYSTEM . 'library/journal3/vendor/SuperCache

----------------------------------------------------------------------


---------- Date: 2026-04-02 05:24:39 ~ IP : 185.179.188.62 ----------
REQUEST URI : /namotchik-probega-dlya-audi-a8/
MOD DETAILS:
   modFile   : /home/canmotalka/web/can-motalka.ru/public_html/vqmod/xml/lightning.xml
   id        : OpenCart Lightning
   version   : 3.37
   vqmver    : 
   author    : MaxD http://devs.mx

File Name    : system/library/cache.php(0)
VQModObject::applyMod - SEARCH NOT FOUND (SKIPPED): if (is_file(DIR_SYSTEM . 'library/journal3/vendor/SuperCache

----------------------------------------------------------------------


---------- Date: 2026-04-02 05:29:14 ~ IP : 185.179.188.62 ----------
REQUEST URI : /setting_php/dapoksetin-60/119-pokupka-sialisa-oldenburg/
MOD DETAILS:
   modFile   : /home/canmotalka/web/can-motalka.ru/public_html/vqmod/xml/lightning.xml
   id        : OpenCart Lightning
   version   : 3.37
   vqmver    : 
   author    : MaxD http://devs.mx

File Name    : system/library/cache.php(0)
VQModObject::applyMod - SEARCH NOT FOUND (SKIPPED): if (is_file(DIR_SYSTEM . 'library/journal3/vendor/SuperCache

----------------------------------------------------------------------


---------- Date: 2026-04-02 05:29:49 ~ IP : 185.179.188.62 ----------
REQUEST URI : /setting_php/dapoksetin-60/368-viagra-150-analog-angarsk/
MOD DETAILS:
   modFile   : /home/canmotalka/web/can-motalka.ru/public_html/vqmod/xml/lightning.xml
   id        : OpenCart Lightning
   version   : 3.37
   vqmver    : 
   author    : MaxD http://devs.mx

File Name    : system/library/cache.php(0)
VQModObject::applyMod - SEARCH NOT FOUND (SKIPPED): if (is_file(DIR_SYSTEM . 'library/journal3/vendor/SuperCache

----------------------------------------------------------------------


---------- Date: 2026-04-02 05:29:50 ~ IP : 185.179.188.62 ----------
REQUEST URI : /podmotka-spidometra-kia-sportage/
MOD DETAILS:
   modFile   : /home/canmotalka/web/can-motalka.ru/public_html/vqmod/xml/lightning.xml
   id        : OpenCart Lightning
   version   : 3.37
   vqmver    : 
   author    : MaxD http://devs.mx

File Name    : system/library/cache.php(0)
VQModObject::applyMod - SEARCH NOT FOUND (SKIPPED): if (is_file(DIR_SYSTEM . 'library/journal3/vendor/SuperCache

----------------------------------------------------------------------


---------- Date: 2026-04-02 05:29:52 ~ IP : 185.179.188.62 ----------
REQUEST URI : /politika-konfidencialnosti/
MOD DETAILS:
   modFile   : /home/canmotalka/web/can-motalka.ru/public_html/vqmod/xml/lightning.xml
   id        : OpenCart Lightning
   version   : 3.37
   vqmver    : 
   author    : MaxD http://devs.mx

File Name    : system/library/cache.php(0)
VQModObject::applyMod - SEARCH NOT FOUND (SKIPPED): if (is_file(DIR_SYSTEM . 'library/journal3/vendor/SuperCache

----------------------------------------------------------------------


---------- Date: 2026-04-02 05:31:52 ~ IP : 185.179.188.62 ----------
REQUEST URI : /podmotka_uaz_re/?ysclid=mnguzl7rmz636332751
MOD DETAILS:
   modFile   : /home/canmotalka/web/can-motalka.ru/public_html/vqmod/xml/lightning.xml
   id        : OpenCart Lightning
   version   : 3.37
   vqmver    : 
   author    : MaxD http://devs.mx

File Name    : system/library/cache.php(0)
VQModObject::applyMod - SEARCH NOT FOUND (SKIPPED): if (is_file(DIR_SYSTEM . 'library/journal3/vendor/SuperCache

----------------------------------------------------------------------


---------- Date: 2026-04-02 05:31:52 ~ IP : 185.179.188.62 ----------
REQUEST URI : /podmotka_uaz_re/
MOD DETAILS:
   modFile   : /home/canmotalka/web/can-motalka.ru/public_html/vqmod/xml/lightning.xml
   id        : OpenCart Lightning
   version   : 3.37
   vqmver    : 
   author    : MaxD http://devs.mx

File Name    : system/library/cache.php(0)
VQModObject::applyMod - SEARCH NOT FOUND (SKIPPED): if (is_file(DIR_SYSTEM . 'library/journal3/vendor/SuperCache

----------------------------------------------------------------------


---------- Date: 2026-04-02 05:31:54 ~ IP : 185.179.188.62 ----------
REQUEST URI : /index.php?route=module/popupcart_extended
MOD DETAILS:
   modFile   : /home/canmotalka/web/can-motalka.ru/public_html/vqmod/xml/lightning.xml
   id        : OpenCart Lightning
   version   : 3.37
   vqmver    : 
   author    : MaxD http://devs.mx

File Name    : system/library/cache.php(0)
VQModObject::applyMod - SEARCH NOT FOUND (SKIPPED): if (is_file(DIR_SYSTEM . 'library/journal3/vendor/SuperCache

----------------------------------------------------------------------


---------- Date: 2026-04-02 05:33:02 ~ IP : 185.179.188.62 ----------
REQUEST URI : /podmotka-krutilka-spidometra-gazel-biznes-benzin-evotec-ili-cummins/
MOD DETAILS:
   modFile   : /home/canmotalka/web/can-motalka.ru/public_html/vqmod/xml/lightning.xml
   id        : OpenCart Lightning
   version   : 3.37
   vqmver    : 
   author    : MaxD http://devs.mx

File Name    : system/library/cache.php(0)
VQModObject::applyMod - SEARCH NOT FOUND (SKIPPED): if (is_file(DIR_SYSTEM . 'library/journal3/vendor/SuperCache

----------------------------------------------------------------------


---------- Date: 2026-04-02 05:34:18 ~ IP : 185.179.188.62 ----------
REQUEST URI : /podmotka-spidometra-mitsubishi-l200/
MOD DETAILS:
   modFile   : /home/canmotalka/web/can-motalka.ru/public_html/vqmod/xml/lightning.xml
   id        : OpenCart Lightning
   version   : 3.37
   vqmver    : 
   author    : MaxD http://devs.mx

File Name    : system/library/cache.php(0)
VQModObject::applyMod - SEARCH NOT FOUND (SKIPPED): if (is_file(DIR_SYSTEM . 'library/journal3/vendor/SuperCache

----------------------------------------------------------------------


---------- Date: 2026-04-02 05:34:58 ~ IP : 185.179.188.62 ----------
REQUEST URI : /kak-perenastroit-podmotku-spidometra/?ysclid=mngv3l8js5744754584
MOD DETAILS:
   modFile   : /home/canmotalka/web/can-motalka.ru/public_html/vqmod/xml/lightning.xml
   id        : OpenCart Lightning
   version   : 3.37
   vqmver    : 
   author    : MaxD http://devs.mx

File Name    : system/library/cache.php(0)
VQModObject::applyMod - SEARCH NOT FOUND (SKIPPED): if (is_file(DIR_SYSTEM . 'library/journal3/vendor/SuperCache

----------------------------------------------------------------------


---------- Date: 2026-04-02 05:34:59 ~ IP : 185.179.188.62 ----------
REQUEST URI : /kak-perenastroit-podmotku-spidometra/
MOD DETAILS:
   modFile   : /home/canmotalka/web/can-motalka.ru/public_html/vqmod/xml/lightning.xml
   id        : OpenCart Lightning
   version   : 3.37
   vqmver    : 
   author    : MaxD http://devs.mx

File Name    : system/library/cache.php(0)
VQModObject::applyMod - SEARCH NOT FOUND (SKIPPED): if (is_file(DIR_SYSTEM . 'library/journal3/vendor/SuperCache

----------------------------------------------------------------------


---------- Date: 2026-04-02 05:35:40 ~ IP : 185.179.188.62 ----------
REQUEST URI : /podmotka-spidometra-gazel-v-prikurivatel/
MOD DETAILS:
   modFile   : /home/canmotalka/web/can-motalka.ru/public_html/vqmod/xml/lightning.xml
   id        : OpenCart Lightning
   version   : 3.37
   vqmver    : 
   author    : MaxD http://devs.mx

File Name    : system/library/cache.php(0)
VQModObject::applyMod - SEARCH NOT FOUND (SKIPPED): if (is_file(DIR_SYSTEM . 'library/journal3/vendor/SuperCache

----------------------------------------------------------------------


---------- Date: 2026-04-02 05:36:09 ~ IP : 185.179.188.62 ----------
REQUEST URI : /setting_php/dapoksetin-60/368-viagra-150-analog-angarsk/
MOD DETAILS:
   modFile   : /home/canmotalka/web/can-motalka.ru/public_html/vqmod/xml/lightning.xml
   id        : OpenCart Lightning
   version   : 3.37
   vqmver    : 
   author    : MaxD http://devs.mx

File Name    : system/library/cache.php(0)
VQModObject::applyMod - SEARCH NOT FOUND (SKIPPED): if (is_file(DIR_SYSTEM . 'library/journal3/vendor/SuperCache

----------------------------------------------------------------------


---------- Date: 2026-04-02 05:36:28 ~ IP : 185.179.188.62 ----------
REQUEST URI : /podmotka-spidometra-podoidet-li-razyom/
MOD DETAILS:
   modFile   : /home/canmotalka/web/can-motalka.ru/public_html/vqmod/xml/lightning.xml
   id        : OpenCart Lightning
   version   : 3.37
   vqmver    : 
   author    : MaxD http://devs.mx

File Name    : system/library/cache.php(0)
VQModObject::applyMod - SEARCH NOT FOUND (SKIPPED): if (is_file(DIR_SYSTEM . 'library/journal3/vendor/SuperCache

----------------------------------------------------------------------


---------- Date: 2026-04-02 05:37:29 ~ IP : 185.179.188.62 ----------
REQUEST URI : /podmotka-spidometra-haval-h9/
MOD DETAILS:
   modFile   : /home/canmotalka/web/can-motalka.ru/public_html/vqmod/xml/lightning.xml
   id        : OpenCart Lightning
   version   : 3.37
   vqmver    : 
   author    : MaxD http://devs.mx

File Name    : system/library/cache.php(0)
VQModObject::applyMod - SEARCH NOT FOUND (SKIPPED): if (is_file(DIR_SYSTEM . 'library/journal3/vendor/SuperCache

----------------------------------------------------------------------


---------- Date: 2026-04-02 05:38:12 ~ IP : 185.179.188.62 ----------
REQUEST URI : /instrukciya-podmotka-kamaz/
MOD DETAILS:
   modFile   : /home/canmotalka/web/can-motalka.ru/public_html/vqmod/xml/lightning.xml
   id        : OpenCart Lightning
   version   : 3.37
   vqmver    : 
   author    : MaxD http://devs.mx

File Name    : system/library/cache.php(0)
VQModObject::applyMod - SEARCH NOT FOUND (SKIPPED): if (is_file(DIR_SYSTEM . 'library/journal3/vendor/SuperCache

----------------------------------------------------------------------


---------- Date: 2026-04-02 05:38:24 ~ IP : 185.179.188.62 ----------
REQUEST URI : /podmotka_uaz_re/
MOD DETAILS:
   modFile   : /home/canmotalka/web/can-motalka.ru/public_html/vqmod/xml/lightning.xml
   id        : OpenCart Lightning
   version   : 3.37
   vqmver    : 
   author    : MaxD http://devs.mx

File Name    : system/library/cache.php(0)
VQModObject::applyMod - SEARCH NOT FOUND (SKIPPED): if (is_file(DIR_SYSTEM . 'library/journal3/vendor/SuperCache

----------------------------------------------------------------------


---------- Date: 2026-04-02 05:39:07 ~ IP : 185.179.188.62 ----------
REQUEST URI : /manuals/?ysclid=mngv8x0wat310165508
MOD DETAILS:
   modFile   : /home/canmotalka/web/can-motalka.ru/public_html/vqmod/xml/lightning.xml
   id        : OpenCart Lightning
   version   : 3.37
   vqmver    : 
   author    : MaxD http://devs.mx

File Name    : system/library/cache.php(0)
VQModObject::applyMod - SEARCH NOT FOUND (SKIPPED): if (is_file(DIR_SYSTEM . 'library/journal3/vendor/SuperCache

----------------------------------------------------------------------


---------- Date: 2026-04-02 05:39:42 ~ IP : 185.179.188.62 ----------
REQUEST URI : /.well-known/traffic-advice
MOD DETAILS:
   modFile   : /home/canmotalka/web/can-motalka.ru/public_html/vqmod/xml/lightning.xml
   id        : OpenCart Lightning
   version   : 3.37
   vqmver    : 
   author    : MaxD http://devs.mx

File Name    : system/library/cache.php(0)
VQModObject::applyMod - SEARCH NOT FOUND (SKIPPED): if (is_file(DIR_SYSTEM . 'library/journal3/vendor/SuperCache

----------------------------------------------------------------------


---------- Date: 2026-04-02 05:39:43 ~ IP : 185.179.188.62 ----------
REQUEST URI : /instrukciya-podmotka-kamaz/
MOD DETAILS:
   modFile   : /home/canmotalka/web/can-motalka.ru/public_html/vqmod/xml/lightning.xml
   id        : OpenCart Lightning
   version   : 3.37
   vqmver    : 
   author    : MaxD http://devs.mx

File Name    : system/library/cache.php(0)
VQModObject::applyMod - SEARCH NOT FOUND (SKIPPED): if (is_file(DIR_SYSTEM . 'library/journal3/vendor/SuperCache

----------------------------------------------------------------------


---------- Date: 2026-04-02 05:48:10 ~ IP : 185.179.188.62 ----------
REQUEST URI : /podmotka-spidometra-uaz-patriot/
MOD DETAILS:
   modFile   : /home/canmotalka/web/can-motalka.ru/public_html/vqmod/xml/lightning.xml
   id        : OpenCart Lightning
   version   : 3.37
   vqmver    : 
   author    : MaxD http://devs.mx

File Name    : system/library/cache.php(0)
VQModObject::applyMod - SEARCH NOT FOUND (SKIPPED): if (is_file(DIR_SYSTEM . 'library/journal3/vendor/SuperCache

----------------------------------------------------------------------


---------- Date: 2026-04-02 05:48:26 ~ IP : 185.179.188.62 ----------
REQUEST URI : /setting_php/dapoksetin-60/368-viagra-150-analog-angarsk/
MOD DETAILS:
   modFile   : /home/canmotalka/web/can-motalka.ru/public_html/vqmod/xml/lightning.xml
   id        : OpenCart Lightning
   version   : 3.37
   vqmver    : 
   author    : MaxD http://devs.mx

File Name    : system/library/cache.php(0)
VQModObject::applyMod - SEARCH NOT FOUND (SKIPPED): if (is_file(DIR_SYSTEM . 'library/journal3/vendor/SuperCache

----------------------------------------------------------------------


---------- Date: 2026-04-02 05:49:03 ~ IP : 185.179.188.62 ----------
REQUEST URI : /podmotka-krutilka-motalka-spidometra-toyota-camry-v50/
MOD DETAILS:
   modFile   : /home/canmotalka/web/can-motalka.ru/public_html/vqmod/xml/lightning.xml
   id        : OpenCart Lightning
   version   : 3.37
   vqmver    : 
   author    : MaxD http://devs.mx

File Name    : system/library/cache.php(0)
VQModObject::applyMod - SEARCH NOT FOUND (SKIPPED): if (is_file(DIR_SYSTEM . 'library/journal3/vendor/SuperCache

----------------------------------------------------------------------


---------- Date: 2026-04-02 05:49:08 ~ IP : 185.179.188.62 ----------
REQUEST URI : /podmotka-spidometra-niva-travel/
MOD DETAILS:
   modFile   : /home/canmotalka/web/can-motalka.ru/public_html/vqmod/xml/lightning.xml
   id        : OpenCart Lightning
   version   : 3.37
   vqmver    : 
   author    : MaxD http://devs.mx

File Name    : system/library/cache.php(0)
VQModObject::applyMod - SEARCH NOT FOUND (SKIPPED): if (is_file(DIR_SYSTEM . 'library/journal3/vendor/SuperCache

----------------------------------------------------------------------


---------- Date: 2026-04-02 05:49:09 ~ IP : 185.179.188.62 ----------
REQUEST URI : /podmotka-spidometra-niva-travel
MOD DETAILS:
   modFile   : /home/canmotalka/web/can-motalka.ru/public_html/vqmod/xml/lightning.xml
   id        : OpenCart Lightning
   version   : 3.37
   vqmver    : 
   author    : MaxD http://devs.mx

File Name    : system/library/cache.php(0)
VQModObject::applyMod - SEARCH NOT FOUND (SKIPPED): if (is_file(DIR_SYSTEM . 'library/journal3/vendor/SuperCache

----------------------------------------------------------------------


---------- Date: 2026-04-02 05:49:09 ~ IP : 185.179.188.62 ----------
REQUEST URI : /podmotka-spidometra-niva-travel/
MOD DETAILS:
   modFile   : /home/canmotalka/web/can-motalka.ru/public_html/vqmod/xml/lightning.xml
   id        : OpenCart Lightning
   version   : 3.37
   vqmver    : 
   author    : MaxD http://devs.mx

File Name    : system/library/cache.php(0)
VQModObject::applyMod - SEARCH NOT FOUND (SKIPPED): if (is_file(DIR_SYSTEM . 'library/journal3/vendor/SuperCache

----------------------------------------------------------------------


---------- Date: 2026-04-02 05:49:10 ~ IP : 185.179.188.62 ----------
REQUEST URI : /index.php?route=product/product/review&amp;product_id=291
MOD DETAILS:
   modFile   : /home/canmotalka/web/can-motalka.ru/public_html/vqmod/xml/lightning.xml
   id        : OpenCart Lightning
   version   : 3.37
   vqmver    : 
   author    : MaxD http://devs.mx

File Name    : system/library/cache.php(0)
VQModObject::applyMod - SEARCH NOT FOUND (SKIPPED): if (is_file(DIR_SYSTEM . 'library/journal3/vendor/SuperCache

----------------------------------------------------------------------


---------- Date: 2026-04-02 05:49:10 ~ IP : 185.179.188.62 ----------
REQUEST URI : /index.php?route=module/popupcart_extended
MOD DETAILS:
   modFile   : /home/canmotalka/web/can-motalka.ru/public_html/vqmod/xml/lightning.xml
   id        : OpenCart Lightning
   version   : 3.37
   vqmver    : 
   author    : MaxD http://devs.mx

File Name    : system/library/cache.php(0)
VQModObject::applyMod - SEARCH NOT FOUND (SKIPPED): if (is_file(DIR_SYSTEM . 'library/journal3/vendor/SuperCache

----------------------------------------------------------------------


---------- Date: 2026-04-02 05:49:37 ~ IP : 185.179.188.62 ----------
REQUEST URI : /podmotka_vw_manual/
MOD DETAILS:
   modFile   : /home/canmotalka/web/can-motalka.ru/public_html/vqmod/xml/lightning.xml
   id        : OpenCart Lightning
   version   : 3.37
   vqmver    : 
   author    : MaxD http://devs.mx

File Name    : system/library/cache.php(0)
VQModObject::applyMod - SEARCH NOT FOUND (SKIPPED): if (is_file(DIR_SYSTEM . 'library/journal3/vendor/SuperCache

----------------------------------------------------------------------


---------- Date: 2026-04-02 05:50:06 ~ IP : 185.179.188.62 ----------
REQUEST URI : /podmotka-spidometra-lada-granta-za-3000r/
MOD DETAILS:
   modFile   : /home/canmotalka/web/can-motalka.ru/public_html/vqmod/xml/lightning.xml
   id        : OpenCart Lightning
   version   : 3.37
   vqmver    : 
   author    : MaxD http://devs.mx

File Name    : system/library/cache.php(0)
VQModObject::applyMod - SEARCH NOT FOUND (SKIPPED): if (is_file(DIR_SYSTEM . 'library/journal3/vendor/SuperCache

----------------------------------------------------------------------


---------- Date: 2026-04-02 05:50:54 ~ IP : 185.179.188.62 ----------
REQUEST URI : /namotchik-probega-dlya-uaz-patriot-konec-do-2016-zelenyy-displey/
MOD DETAILS:
   modFile   : /home/canmotalka/web/can-motalka.ru/public_html/vqmod/xml/lightning.xml
   id        : OpenCart Lightning
   version   : 3.37
   vqmver    : 
   author    : MaxD http://devs.mx

File Name    : system/library/cache.php(0)
VQModObject::applyMod - SEARCH NOT FOUND (SKIPPED): if (is_file(DIR_SYSTEM . 'library/journal3/vendor/SuperCache

----------------------------------------------------------------------


---------- Date: 2026-04-02 05:53:37 ~ IP : 185.179.188.62 ----------
REQUEST URI : /instrukciya-podmotka-niva-travel-chevrolet/
MOD DETAILS:
   modFile   : /home/canmotalka/web/can-motalka.ru/public_html/vqmod/xml/lightning.xml
   id        : OpenCart Lightning
   version   : 3.37
   vqmver    : 
   author    : MaxD http://devs.mx

File Name    : system/library/cache.php(0)
VQModObject::applyMod - SEARCH NOT FOUND (SKIPPED): if (is_file(DIR_SYSTEM . 'library/journal3/vendor/SuperCache

----------------------------------------------------------------------


---------- Date: 2026-04-02 05:53:51 ~ IP : 185.179.188.62 ----------
REQUEST URI : /podmotka-spidometra-fiat-ducato/
MOD DETAILS:
   modFile   : /home/canmotalka/web/can-motalka.ru/public_html/vqmod/xml/lightning.xml
   id        : OpenCart Lightning
   version   : 3.37
   vqmver    : 
   author    : MaxD http://devs.mx

File Name    : system/library/cache.php(0)
VQModObject::applyMod - SEARCH NOT FOUND (SKIPPED): if (is_file(DIR_SYSTEM . 'library/journal3/vendor/SuperCache

----------------------------------------------------------------------


---------- Date: 2026-04-02 05:53:51 ~ IP : 185.179.188.62 ----------
REQUEST URI : /index.php?route=product/product/review&amp;product_id=94
MOD DETAILS:
   modFile   : /home/canmotalka/web/can-motalka.ru/public_html/vqmod/xml/lightning.xml
   id        : OpenCart Lightning
   version   : 3.37
   vqmver    : 
   author    : MaxD http://devs.mx

File Name    : system/library/cache.php(0)
VQModObject::applyMod - SEARCH NOT FOUND (SKIPPED): if (is_file(DIR_SYSTEM . 'library/journal3/vendor/SuperCache

----------------------------------------------------------------------


---------- Date: 2026-04-02 05:53:52 ~ IP : 185.179.188.62 ----------
REQUEST URI : /index.php?route=module/popupcart_extended
MOD DETAILS:
   modFile   : /home/canmotalka/web/can-motalka.ru/public_html/vqmod/xml/lightning.xml
   id        : OpenCart Lightning
   version   : 3.37
   vqmver    : 
   author    : MaxD http://devs.mx

File Name    : system/library/cache.php(0)
VQModObject::applyMod - SEARCH NOT FOUND (SKIPPED): if (is_file(DIR_SYSTEM . 'library/journal3/vendor/SuperCache

----------------------------------------------------------------------


---------- Date: 2026-04-02 05:57:28 ~ IP : 185.179.188.62 ----------
REQUEST URI : /index.php?route=product/search&amp;filter_tag=подмотка%20камаз
MOD DETAILS:
   modFile   : /home/canmotalka/web/can-motalka.ru/public_html/vqmod/xml/lightning.xml
   id        : OpenCart Lightning
   version   : 3.37
   vqmver    : 
   author    : MaxD http://devs.mx

File Name    : system/library/cache.php(0)
VQModObject::applyMod - SEARCH NOT FOUND (SKIPPED): if (is_file(DIR_SYSTEM . 'library/journal3/vendor/SuperCache

----------------------------------------------------------------------


---------- Date: 2026-04-02 05:57:45 ~ IP : 185.179.188.62 ----------
REQUEST URI : /podmotka-spidometra-hyundai-h1/
MOD DETAILS:
   modFile   : /home/canmotalka/web/can-motalka.ru/public_html/vqmod/xml/lightning.xml
   id        : OpenCart Lightning
   version   : 3.37
   vqmver    : 
   author    : MaxD http://devs.mx

File Name    : system/library/cache.php(0)
VQModObject::applyMod - SEARCH NOT FOUND (SKIPPED): if (is_file(DIR_SYSTEM . 'library/journal3/vendor/SuperCache

----------------------------------------------------------------------


---------- Date: 2026-04-02 05:58:09 ~ IP : 185.179.188.62 ----------
REQUEST URI : /podmotka-spidometra-henday-sonata-8/
MOD DETAILS:
   modFile   : /home/canmotalka/web/can-motalka.ru/public_html/vqmod/xml/lightning.xml
   id        : OpenCart Lightning
   version   : 3.37
   vqmver    : 
   author    : MaxD http://devs.mx

File Name    : system/library/cache.php(0)
VQModObject::applyMod - SEARCH NOT FOUND (SKIPPED): if (is_file(DIR_SYSTEM . 'library/journal3/vendor/SuperCache

----------------------------------------------------------------------


---------- Date: 2026-04-02 05:58:20 ~ IP : 185.179.188.62 ----------
REQUEST URI : /podmotka-spidometra-dlya-lada-granta-bez-abs-bezlimitnaya/
MOD DETAILS:
   modFile   : /home/canmotalka/web/can-motalka.ru/public_html/vqmod/xml/lightning.xml
   id        : OpenCart Lightning
   version   : 3.37
   vqmver    : 
   author    : MaxD http://devs.mx

File Name    : system/library/cache.php(0)
VQModObject::applyMod - SEARCH NOT FOUND (SKIPPED): if (is_file(DIR_SYSTEM . 'library/journal3/vendor/SuperCache

----------------------------------------------------------------------


---------- Date: 2026-04-02 05:59:01 ~ IP : 185.179.188.62 ----------
REQUEST URI : /podmotka-spidometra-largus/
MOD DETAILS:
   modFile   : /home/canmotalka/web/can-motalka.ru/public_html/vqmod/xml/lightning.xml
   id        : OpenCart Lightning
   version   : 3.37
   vqmver    : 
   author    : MaxD http://devs.mx

File Name    : system/library/cache.php(0)
VQModObject::applyMod - SEARCH NOT FOUND (SKIPPED): if (is_file(DIR_SYSTEM . 'library/journal3/vendor/SuperCache

----------------------------------------------------------------------


---------- Date: 2026-04-02 06:00:03 ~ IP : 185.179.188.62 ----------
REQUEST URI : /podmotka-spidometra-volkswagen-crafter/
MOD DETAILS:
   modFile   : /home/canmotalka/web/can-motalka.ru/public_html/vqmod/xml/lightning.xml
   id        : OpenCart Lightning
   version   : 3.37
   vqmver    : 
   author    : MaxD http://devs.mx

File Name    : system/library/cache.php(0)
VQModObject::applyMod - SEARCH NOT FOUND (SKIPPED): if (is_file(DIR_SYSTEM . 'library/journal3/vendor/SuperCache

----------------------------------------------------------------------


---------- Date: 2026-04-02 06:00:14 ~ IP : 185.179.188.62 ----------
REQUEST URI : /podmotka-spidometra-na-shkoda-oktaviya/
MOD DETAILS:
   modFile   : /home/canmotalka/web/can-motalka.ru/public_html/vqmod/xml/lightning.xml
   id        : OpenCart Lightning
   version   : 3.37
   vqmver    : 
   author    : MaxD http://devs.mx

File Name    : system/library/cache.php(0)
VQModObject::applyMod - SEARCH NOT FOUND (SKIPPED): if (is_file(DIR_SYSTEM . 'library/journal3/vendor/SuperCache

----------------------------------------------------------------------


---------- Date: 2026-04-02 06:00:26 ~ IP : 185.179.188.62 ----------
REQUEST URI : /sitemap.xml
MOD DETAILS:
   modFile   : /home/canmotalka/web/can-motalka.ru/public_html/vqmod/xml/lightning.xml
   id        : OpenCart Lightning
   version   : 3.37
   vqmver    : 
   author    : MaxD http://devs.mx

File Name    : system/library/cache.php(0)
VQModObject::applyMod - SEARCH NOT FOUND (SKIPPED): if (is_file(DIR_SYSTEM . 'library/journal3/vendor/SuperCache

----------------------------------------------------------------------


---------- Date: 2026-04-02 06:00:31 ~ IP : 185.179.188.62 ----------
REQUEST URI : /motalka_spidometra_re/
MOD DETAILS:
   modFile   : /home/canmotalka/web/can-motalka.ru/public_html/vqmod/xml/lightning.xml
   id        : OpenCart Lightning
   version   : 3.37
   vqmver    : 
   author    : MaxD http://devs.mx

File Name    : system/library/cache.php(0)
VQModObject::applyMod - SEARCH NOT FOUND (SKIPPED): if (is_file(DIR_SYSTEM . 'library/journal3/vendor/SuperCache

----------------------------------------------------------------------


---------- Date: 2026-04-02 06:01:23 ~ IP : 185.179.188.62 ----------
REQUEST URI : /largus_manual/
MOD DETAILS:
   modFile   : /home/canmotalka/web/can-motalka.ru/public_html/vqmod/xml/lightning.xml
   id        : OpenCart Lightning
   version   : 3.37
   vqmver    : 
   author    : MaxD http://devs.mx

File Name    : system/library/cache.php(0)
VQModObject::applyMod - SEARCH NOT FOUND (SKIPPED): if (is_file(DIR_SYSTEM . 'library/journal3/vendor/SuperCache

----------------------------------------------------------------------


---------- Date: 2026-04-02 06:03:58 ~ IP : 185.179.188.62 ----------
REQUEST URI : /index.php?route=product/category&amp;path=70
MOD DETAILS:
   modFile   : /home/canmotalka/web/can-motalka.ru/public_html/vqmod/xml/lightning.xml
   id        : OpenCart Lightning
   version   : 3.37
   vqmver    : 
   author    : MaxD http://devs.mx

File Name    : system/library/cache.php(0)
VQModObject::applyMod - SEARCH NOT FOUND (SKIPPED): if (is_file(DIR_SYSTEM . 'library/journal3/vendor/SuperCache

----------------------------------------------------------------------


---------- Date: 2026-04-02 06:05:08 ~ IP : 185.179.188.62 ----------
REQUEST URI : /podmotka-spidometra-toyota-highlander/
MOD DETAILS:
   modFile   : /home/canmotalka/web/can-motalka.ru/public_html/vqmod/xml/lightning.xml
   id        : OpenCart Lightning
   version   : 3.37
   vqmver    : 
   author    : MaxD http://devs.mx

File Name    : system/library/cache.php(0)
VQModObject::applyMod - SEARCH NOT FOUND (SKIPPED): if (is_file(DIR_SYSTEM . 'library/journal3/vendor/SuperCache

----------------------------------------------------------------------


---------- Date: 2026-04-02 06:08:35 ~ IP : 185.179.188.62 ----------
REQUEST URI : /index.php?route=module/popupcart_extended
MOD DETAILS:
   modFile   : /home/canmotalka/web/can-motalka.ru/public_html/vqmod/xml/lightning.xml
   id        : OpenCart Lightning
   version   : 3.37
   vqmver    : 
   author    : MaxD http://devs.mx

File Name    : system/library/cache.php(0)
VQModObject::applyMod - SEARCH NOT FOUND (SKIPPED): if (is_file(DIR_SYSTEM . 'library/journal3/vendor/SuperCache

----------------------------------------------------------------------


---------- Date: 2026-04-02 06:08:45 ~ IP : 185.179.188.62 ----------
REQUEST URI : /podmotka-spidometra-nissan-x-trail/
MOD DETAILS:
   modFile   : /home/canmotalka/web/can-motalka.ru/public_html/vqmod/xml/lightning.xml
   id        : OpenCart Lightning
   version   : 3.37
   vqmver    : 
   author    : MaxD http://devs.mx

File Name    : system/library/cache.php(0)
VQModObject::applyMod - SEARCH NOT FOUND (SKIPPED): if (is_file(DIR_SYSTEM . 'library/journal3/vendor/SuperCache

----------------------------------------------------------------------


---------- Date: 2026-04-02 06:09:24 ~ IP : 185.179.188.62 ----------
REQUEST URI : /podmotka-spidometra-henday-solyaris/
MOD DETAILS:
   modFile   : /home/canmotalka/web/can-motalka.ru/public_html/vqmod/xml/lightning.xml
   id        : OpenCart Lightning
   version   : 3.37
   vqmver    : 
   author    : MaxD http://devs.mx

File Name    : system/library/cache.php(0)
VQModObject::applyMod - SEARCH NOT FOUND (SKIPPED): if (is_file(DIR_SYSTEM . 'library/journal3/vendor/SuperCache

----------------------------------------------------------------------


---------- Date: 2026-04-02 06:09:38 ~ IP : 185.179.188.62 ----------
REQUEST URI : /podmotka-spidometra-henday-staria/
MOD DETAILS:
   modFile   : /home/canmotalka/web/can-motalka.ru/public_html/vqmod/xml/lightning.xml
   id        : OpenCart Lightning
   version   : 3.37
   vqmver    : 
   author    : MaxD http://devs.mx

File Name    : system/library/cache.php(0)
VQModObject::applyMod - SEARCH NOT FOUND (SKIPPED): if (is_file(DIR_SYSTEM . 'library/journal3/vendor/SuperCache

----------------------------------------------------------------------


---------- Date: 2026-04-02 06:10:13 ~ IP : 185.179.188.62 ----------
REQUEST URI : /manuals/
MOD DETAILS:
   modFile   : /home/canmotalka/web/can-motalka.ru/public_html/vqmod/xml/lightning.xml
   id        : OpenCart Lightning
   version   : 3.37
   vqmver    : 
   author    : MaxD http://devs.mx

File Name    : system/library/cache.php(0)
VQModObject::applyMod - SEARCH NOT FOUND (SKIPPED): if (is_file(DIR_SYSTEM . 'library/journal3/vendor/SuperCache

----------------------------------------------------------------------


---------- Date: 2026-04-02 06:10:46 ~ IP : 185.179.188.62 ----------
REQUEST URI : /podmotka-spidometra-kia-sorento/
MOD DETAILS:
   modFile   : /home/canmotalka/web/can-motalka.ru/public_html/vqmod/xml/lightning.xml
   id        : OpenCart Lightning
   version   : 3.37
   vqmver    : 
   author    : MaxD http://devs.mx

File Name    : system/library/cache.php(0)
VQModObject::applyMod - SEARCH NOT FOUND (SKIPPED): if (is_file(DIR_SYSTEM . 'library/journal3/vendor/SuperCache

----------------------------------------------------------------------


---------- Date: 2026-04-02 06:11:24 ~ IP : 185.179.188.62 ----------
REQUEST URI : /manuals/
MOD DETAILS:
   modFile   : /home/canmotalka/web/can-motalka.ru/public_html/vqmod/xml/lightning.xml
   id        : OpenCart Lightning
   version   : 3.37
   vqmver    : 
   author    : MaxD http://devs.mx

File Name    : system/library/cache.php(0)
VQModObject::applyMod - SEARCH NOT FOUND (SKIPPED): if (is_file(DIR_SYSTEM . 'library/journal3/vendor/SuperCache

----------------------------------------------------------------------


---------- Date: 2026-04-02 06:13:39 ~ IP : 185.179.188.62 ----------
REQUEST URI : /podmotka-spidometra-uaz-buhanka/
MOD DETAILS:
   modFile   : /home/canmotalka/web/can-motalka.ru/public_html/vqmod/xml/lightning.xml
   id        : OpenCart Lightning
   version   : 3.37
   vqmver    : 
   author    : MaxD http://devs.mx

File Name    : system/library/cache.php(0)
VQModObject::applyMod - SEARCH NOT FOUND (SKIPPED): if (is_file(DIR_SYSTEM . 'library/journal3/vendor/SuperCache

----------------------------------------------------------------------


---------- Date: 2026-04-02 06:13:50 ~ IP : 185.179.188.62 ----------
REQUEST URI : /index.php?route=product/product/review&amp;product_id=257
MOD DETAILS:
   modFile   : /home/canmotalka/web/can-motalka.ru/public_html/vqmod/xml/lightning.xml
   id        : OpenCart Lightning
   version   : 3.37
   vqmver    : 
   author    : MaxD http://devs.mx

File Name    : system/library/cache.php(0)
VQModObject::applyMod - SEARCH NOT FOUND (SKIPPED): if (is_file(DIR_SYSTEM . 'library/journal3/vendor/SuperCache

----------------------------------------------------------------------


---------- Date: 2026-04-02 06:13:54 ~ IP : 185.179.188.62 ----------
REQUEST URI : /index.php?route=module/popupcart_extended
MOD DETAILS:
   modFile   : /home/canmotalka/web/can-motalka.ru/public_html/vqmod/xml/lightning.xml
   id        : OpenCart Lightning
   version   : 3.37
   vqmver    : 
   author    : MaxD http://devs.mx

File Name    : system/library/cache.php(0)
VQModObject::applyMod - SEARCH NOT FOUND (SKIPPED): if (is_file(DIR_SYSTEM . 'library/journal3/vendor/SuperCache

----------------------------------------------------------------------


---------- Date: 2026-04-02 06:14:06 ~ IP : 185.179.188.62 ----------
REQUEST URI : /index.php?route=information/information&amp;information_id=9
MOD DETAILS:
   modFile   : /home/canmotalka/web/can-motalka.ru/public_html/vqmod/xml/lightning.xml
   id        : OpenCart Lightning
   version   : 3.37
   vqmver    : 
   author    : MaxD http://devs.mx

File Name    : system/library/cache.php(0)
VQModObject::applyMod - SEARCH NOT FOUND (SKIPPED): if (is_file(DIR_SYSTEM . 'library/journal3/vendor/SuperCache

----------------------------------------------------------------------


---------- Date: 2026-04-02 06:14:17 ~ IP : 185.179.188.62 ----------
REQUEST URI : /podmotka-spidometra-uaz-buhanka/
MOD DETAILS:
   modFile   : /home/canmotalka/web/can-motalka.ru/public_html/vqmod/xml/lightning.xml
   id        : OpenCart Lightning
   version   : 3.37
   vqmver    : 
   author    : MaxD http://devs.mx

File Name    : system/library/cache.php(0)
VQModObject::applyMod - SEARCH NOT FOUND (SKIPPED): if (is_file(DIR_SYSTEM . 'library/journal3/vendor/SuperCache

----------------------------------------------------------------------


---------- Date: 2026-04-02 06:15:47 ~ IP : 185.179.188.62 ----------
REQUEST URI : /index.php?route=product/search&amp;filter_tag=недорого
MOD DETAILS:
   modFile   : /home/canmotalka/web/can-motalka.ru/public_html/vqmod/xml/lightning.xml
   id        : OpenCart Lightning
   version   : 3.37
   vqmver    : 
   author    : MaxD http://devs.mx

File Name    : system/library/cache.php(0)
VQModObject::applyMod - SEARCH NOT FOUND (SKIPPED): if (is_file(DIR_SYSTEM . 'library/journal3/vendor/SuperCache

----------------------------------------------------------------------


---------- Date: 2026-04-02 06:15:55 ~ IP : 185.179.188.62 ----------
REQUEST URI : /manuals/
MOD DETAILS:
   modFile   : /home/canmotalka/web/can-motalka.ru/public_html/vqmod/xml/lightning.xml
   id        : OpenCart Lightning
   version   : 3.37
   vqmver    : 
   author    : MaxD http://devs.mx

File Name    : system/library/cache.php(0)
VQModObject::applyMod - SEARCH NOT FOUND (SKIPPED): if (is_file(DIR_SYSTEM . 'library/journal3/vendor/SuperCache

----------------------------------------------------------------------


---------- Date: 2026-04-02 06:20:05 ~ IP : 185.179.188.62 ----------
REQUEST URI : /index.php?route=product/product&amp;path=76&amp;product_id=252
MOD DETAILS:
   modFile   : /home/canmotalka/web/can-motalka.ru/public_html/vqmod/xml/lightning.xml
   id        : OpenCart Lightning
   version   : 3.37
   vqmver    : 
   author    : MaxD http://devs.mx

File Name    : system/library/cache.php(0)
VQModObject::applyMod - SEARCH NOT FOUND (SKIPPED): if (is_file(DIR_SYSTEM . 'library/journal3/vendor/SuperCache

----------------------------------------------------------------------


---------- Date: 2026-04-02 06:20:37 ~ IP : 185.179.188.62 ----------
REQUEST URI : /podmotka-spidometra-podoidet-li-razyom/
MOD DETAILS:
   modFile   : /home/canmotalka/web/can-motalka.ru/public_html/vqmod/xml/lightning.xml
   id        : OpenCart Lightning
   version   : 3.37
   vqmver    : 
   author    : MaxD http://devs.mx

File Name    : system/library/cache.php(0)
VQModObject::applyMod - SEARCH NOT FOUND (SKIPPED): if (is_file(DIR_SYSTEM . 'library/journal3/vendor/SuperCache

----------------------------------------------------------------------


---------- Date: 2026-04-02 06:22:37 ~ IP : 185.179.188.62 ----------
REQUEST URI : /instrukciya-podmotka-kamaz/
MOD DETAILS:
   modFile   : /home/canmotalka/web/can-motalka.ru/public_html/vqmod/xml/lightning.xml
   id        : OpenCart Lightning
   version   : 3.37
   vqmver    : 
   author    : MaxD http://devs.mx

File Name    : system/library/cache.php(0)
VQModObject::applyMod - SEARCH NOT FOUND (SKIPPED): if (is_file(DIR_SYSTEM . 'library/journal3/vendor/SuperCache

----------------------------------------------------------------------


---------- Date: 2026-04-02 06:22:39 ~ IP : 185.179.188.62 ----------
REQUEST URI : /index.php?route=module/popupcart_extended
MOD DETAILS:
   modFile   : /home/canmotalka/web/can-motalka.ru/public_html/vqmod/xml/lightning.xml
   id        : OpenCart Lightning
   version   : 3.37
   vqmver    : 
   author    : MaxD http://devs.mx

File Name    : system/library/cache.php(0)
VQModObject::applyMod - SEARCH NOT FOUND (SKIPPED): if (is_file(DIR_SYSTEM . 'library/journal3/vendor/SuperCache

----------------------------------------------------------------------


---------- Date: 2026-04-02 06:23:37 ~ IP : 185.179.188.62 ----------
REQUEST URI : /podmotka_uaz_re/
MOD DETAILS:
   modFile   : /home/canmotalka/web/can-motalka.ru/public_html/vqmod/xml/lightning.xml
   id        : OpenCart Lightning
   version   : 3.37
   vqmver    : 
   author    : MaxD http://devs.mx

File Name    : system/library/cache.php(0)
VQModObject::applyMod - SEARCH NOT FOUND (SKIPPED): if (is_file(DIR_SYSTEM . 'library/journal3/vendor/SuperCache

----------------------------------------------------------------------


---------- Date: 2026-04-02 06:26:32 ~ IP : 185.179.188.62 ----------
REQUEST URI : /patriot_re/?ysclid=mngwxw24oj500414845
MOD DETAILS:
   modFile   : /home/canmotalka/web/can-motalka.ru/public_html/vqmod/xml/lightning.xml
   id        : OpenCart Lightning
   version   : 3.37
   vqmver    : 
   author    : MaxD http://devs.mx

File Name    : system/library/cache.php(0)
VQModObject::applyMod - SEARCH NOT FOUND (SKIPPED): if (is_file(DIR_SYSTEM . 'library/journal3/vendor/SuperCache

----------------------------------------------------------------------


---------- Date: 2026-04-02 06:26:32 ~ IP : 185.179.188.62 ----------
REQUEST URI : /patriot_re/
MOD DETAILS:
   modFile   : /home/canmotalka/web/can-motalka.ru/public_html/vqmod/xml/lightning.xml
   id        : OpenCart Lightning
   version   : 3.37
   vqmver    : 
   author    : MaxD http://devs.mx

File Name    : system/library/cache.php(0)
VQModObject::applyMod - SEARCH NOT FOUND (SKIPPED): if (is_file(DIR_SYSTEM . 'library/journal3/vendor/SuperCache

----------------------------------------------------------------------


---------- Date: 2026-04-02 06:26:33 ~ IP : 185.179.188.62 ----------
REQUEST URI : /index.php?route=module/popupcart_extended
MOD DETAILS:
   modFile   : /home/canmotalka/web/can-motalka.ru/public_html/vqmod/xml/lightning.xml
   id        : OpenCart Lightning
   version   : 3.37
   vqmver    : 
   author    : MaxD http://devs.mx

File Name    : system/library/cache.php(0)
VQModObject::applyMod - SEARCH NOT FOUND (SKIPPED): if (is_file(DIR_SYSTEM . 'library/journal3/vendor/SuperCache

----------------------------------------------------------------------


---------- Date: 2026-04-02 06:29:49 ~ IP : 185.179.188.62 ----------
REQUEST URI : /patriot_re/
MOD DETAILS:
   modFile   : /home/canmotalka/web/can-motalka.ru/public_html/vqmod/xml/lightning.xml
   id        : OpenCart Lightning
   version   : 3.37
   vqmver    : 
   author    : MaxD http://devs.mx

File Name    : system/library/cache.php(0)
VQModObject::applyMod - SEARCH NOT FOUND (SKIPPED): if (is_file(DIR_SYSTEM . 'library/journal3/vendor/SuperCache

----------------------------------------------------------------------


---------- Date: 2026-04-02 06:32:51 ~ IP : 185.179.188.62 ----------
REQUEST URI : /.env.production
MOD DETAILS:
   modFile   : /home/canmotalka/web/can-motalka.ru/public_html/vqmod/xml/lightning.xml
   id        : OpenCart Lightning
   version   : 3.37
   vqmver    : 
   author    : MaxD http://devs.mx

File Name    : system/library/cache.php(0)
VQModObject::applyMod - SEARCH NOT FOUND (SKIPPED): if (is_file(DIR_SYSTEM . 'library/journal3/vendor/SuperCache

----------------------------------------------------------------------


---------- Date: 2026-04-02 06:34:51 ~ IP : 185.179.188.62 ----------
REQUEST URI : /podmotka_spidometra/
MOD DETAILS:
   modFile   : /home/canmotalka/web/can-motalka.ru/public_html/vqmod/xml/lightning.xml
   id        : OpenCart Lightning
   version   : 3.37
   vqmver    : 
   author    : MaxD http://devs.mx

File Name    : system/library/cache.php(0)
VQModObject::applyMod - SEARCH NOT FOUND (SKIPPED): if (is_file(DIR_SYSTEM . 'library/journal3/vendor/SuperCache

----------------------------------------------------------------------


---------- Date: 2026-04-02 06:35:56 ~ IP : 185.179.188.62 ----------
REQUEST URI : /index.php?route=product/product&amp;path=88&amp;product_id=257
MOD DETAILS:
   modFile   : /home/canmotalka/web/can-motalka.ru/public_html/vqmod/xml/lightning.xml
   id        : OpenCart Lightning
   version   : 3.37
   vqmver    : 
   author    : MaxD http://devs.mx

File Name    : system/library/cache.php(0)
VQModObject::applyMod - SEARCH NOT FOUND (SKIPPED): if (is_file(DIR_SYSTEM . 'library/journal3/vendor/SuperCache

----------------------------------------------------------------------


---------- Date: 2026-04-02 06:41:34 ~ IP : 185.179.188.62 ----------
REQUEST URI : /setting_php/dapoksetin-60/368-viagra-150-analog-angarsk/
MOD DETAILS:
   modFile   : /home/canmotalka/web/can-motalka.ru/public_html/vqmod/xml/lightning.xml
   id        : OpenCart Lightning
   version   : 3.37
   vqmver    : 
   author    : MaxD http://devs.mx

File Name    : system/library/cache.php(0)
VQModObject::applyMod - SEARCH NOT FOUND (SKIPPED): if (is_file(DIR_SYSTEM . 'library/journal3/vendor/SuperCache

----------------------------------------------------------------------


---------- Date: 2026-04-02 06:50:58 ~ IP : 185.179.188.62 ----------
REQUEST URI : /index.php?route=module/popupcart_extended
MOD DETAILS:
   modFile   : /home/canmotalka/web/can-motalka.ru/public_html/vqmod/xml/lightning.xml
   id        : OpenCart Lightning
   version   : 3.37
   vqmver    : 
   author    : MaxD http://devs.mx

File Name    : system/library/cache.php(0)
VQModObject::applyMod - SEARCH NOT FOUND (SKIPPED): if (is_file(DIR_SYSTEM . 'library/journal3/vendor/SuperCache

----------------------------------------------------------------------


---------- Date: 2026-04-02 06:50:58 ~ IP : 185.179.188.62 ----------
REQUEST URI : /xmlrpc.php
MOD DETAILS:
   modFile   : /home/canmotalka/web/can-motalka.ru/public_html/vqmod/xml/lightning.xml
   id        : OpenCart Lightning
   version   : 3.37
   vqmver    : 
   author    : MaxD http://devs.mx

File Name    : system/library/cache.php(0)
VQModObject::applyMod - SEARCH NOT FOUND (SKIPPED): if (is_file(DIR_SYSTEM . 'library/journal3/vendor/SuperCache

----------------------------------------------------------------------


---------- Date: 2026-04-02 06:52:34 ~ IP : 185.179.188.62 ----------
REQUEST URI : /setting_php/dapoksetin-60/368-viagra-150-analog-angarsk/
MOD DETAILS:
   modFile   : /home/canmotalka/web/can-motalka.ru/public_html/vqmod/xml/lightning.xml
   id        : OpenCart Lightning
   version   : 3.37
   vqmver    : 
   author    : MaxD http://devs.mx

File Name    : system/library/cache.php(0)
VQModObject::applyMod - SEARCH NOT FOUND (SKIPPED): if (is_file(DIR_SYSTEM . 'library/journal3/vendor/SuperCache

----------------------------------------------------------------------


---------- Date: 2026-04-02 06:54:47 ~ IP : 185.179.188.62 ----------
REQUEST URI : /podmotka-spidometra-henday-sonata-8/;/
MOD DETAILS:
   modFile   : /home/canmotalka/web/can-motalka.ru/public_html/vqmod/xml/lightning.xml
   id        : OpenCart Lightning
   version   : 3.37
   vqmver    : 
   author    : MaxD http://devs.mx

File Name    : system/library/cache.php(0)
VQModObject::applyMod - SEARCH NOT FOUND (SKIPPED): if (is_file(DIR_SYSTEM . 'library/journal3/vendor/SuperCache

----------------------------------------------------------------------


---------- Date: 2026-04-02 06:54:48 ~ IP : 185.179.188.62 ----------
REQUEST URI : /otzyvy/
MOD DETAILS:
   modFile   : /home/canmotalka/web/can-motalka.ru/public_html/vqmod/xml/lightning.xml
   id        : OpenCart Lightning
   version   : 3.37
   vqmver    : 
   author    : MaxD http://devs.mx

File Name    : system/library/cache.php(0)
VQModObject::applyMod - SEARCH NOT FOUND (SKIPPED): if (is_file(DIR_SYSTEM . 'library/journal3/vendor/SuperCache

----------------------------------------------------------------------


---------- Date: 2026-04-02 06:56:08 ~ IP : 185.179.188.62 ----------
REQUEST URI : /otzyvy/
MOD DETAILS:
   modFile   : /home/canmotalka/web/can-motalka.ru/public_html/vqmod/xml/lightning.xml
   id        : OpenCart Lightning
   version   : 3.37
   vqmver    : 
   author    : MaxD http://devs.mx

File Name    : system/library/cache.php(0)
VQModObject::applyMod - SEARCH NOT FOUND (SKIPPED): if (is_file(DIR_SYSTEM . 'library/journal3/vendor/SuperCache

----------------------------------------------------------------------


---------- Date: 2026-04-02 06:58:45 ~ IP : 185.179.188.62 ----------
REQUEST URI : /podmotka-spidometra-na-lada-xray/?ysclid=mngy3bfh3p783760310
MOD DETAILS:
   modFile   : /home/canmotalka/web/can-motalka.ru/public_html/vqmod/xml/lightning.xml
   id        : OpenCart Lightning
   version   : 3.37
   vqmver    : 
   author    : MaxD http://devs.mx

File Name    : system/library/cache.php(0)
VQModObject::applyMod - SEARCH NOT FOUND (SKIPPED): if (is_file(DIR_SYSTEM . 'library/journal3/vendor/SuperCache

----------------------------------------------------------------------


---------- Date: 2026-04-02 06:58:46 ~ IP : 185.179.188.62 ----------
REQUEST URI : /podmotka-spidometra-na-lada-xray/
MOD DETAILS:
   modFile   : /home/canmotalka/web/can-motalka.ru/public_html/vqmod/xml/lightning.xml
   id        : OpenCart Lightning
   version   : 3.37
   vqmver    : 
   author    : MaxD http://devs.mx

File Name    : system/library/cache.php(0)
VQModObject::applyMod - SEARCH NOT FOUND (SKIPPED): if (is_file(DIR_SYSTEM . 'library/journal3/vendor/SuperCache

----------------------------------------------------------------------


---------- Date: 2026-04-02 06:59:01 ~ IP : 185.179.188.62 ----------
REQUEST URI : /podmotka-spidometra-haval-h9/?ysclid=mngy3o8nza212622689
MOD DETAILS:
   modFile   : /home/canmotalka/web/can-motalka.ru/public_html/vqmod/xml/lightning.xml
   id        : OpenCart Lightning
   version   : 3.37
   vqmver    : 
   author    : MaxD http://devs.mx

File Name    : system/library/cache.php(0)
VQModObject::applyMod - SEARCH NOT FOUND (SKIPPED): if (is_file(DIR_SYSTEM . 'library/journal3/vendor/SuperCache

----------------------------------------------------------------------


---------- Date: 2026-04-02 06:59:01 ~ IP : 185.179.188.62 ----------
REQUEST URI : /podmotka-spidometra-haval-h9/
MOD DETAILS:
   modFile   : /home/canmotalka/web/can-motalka.ru/public_html/vqmod/xml/lightning.xml
   id        : OpenCart Lightning
   version   : 3.37
   vqmver    : 
   author    : MaxD http://devs.mx

File Name    : system/library/cache.php(0)
VQModObject::applyMod - SEARCH NOT FOUND (SKIPPED): if (is_file(DIR_SYSTEM . 'library/journal3/vendor/SuperCache

----------------------------------------------------------------------


---------- Date: 2026-04-02 06:59:02 ~ IP : 185.179.188.62 ----------
REQUEST URI : /index.php?route=product/product/review&amp;product_id=303
MOD DETAILS:
   modFile   : /home/canmotalka/web/can-motalka.ru/public_html/vqmod/xml/lightning.xml
   id        : OpenCart Lightning
   version   : 3.37
   vqmver    : 
   author    : MaxD http://devs.mx

File Name    : system/library/cache.php(0)
VQModObject::applyMod - SEARCH NOT FOUND (SKIPPED): if (is_file(DIR_SYSTEM . 'library/journal3/vendor/SuperCache

----------------------------------------------------------------------


---------- Date: 2026-04-02 06:59:02 ~ IP : 185.179.188.62 ----------
REQUEST URI : /index.php?route=module/popupcart_extended
MOD DETAILS:
   modFile   : /home/canmotalka/web/can-motalka.ru/public_html/vqmod/xml/lightning.xml
   id        : OpenCart Lightning
   version   : 3.37
   vqmver    : 
   author    : MaxD http://devs.mx

File Name    : system/library/cache.php(0)
VQModObject::applyMod - SEARCH NOT FOUND (SKIPPED): if (is_file(DIR_SYSTEM . 'library/journal3/vendor/SuperCache

----------------------------------------------------------------------


---------- Date: 2026-04-02 07:00:50 ~ IP : 185.179.188.62 ----------
REQUEST URI : /podmotka-spidometra-datsun-on-do/?ysclid=mngy5yyxmv610781479
MOD DETAILS:
   modFile   : /home/canmotalka/web/can-motalka.ru/public_html/vqmod/xml/lightning.xml
   id        : OpenCart Lightning
   version   : 3.37
   vqmver    : 
   author    : MaxD http://devs.mx

File Name    : system/library/cache.php(0)
VQModObject::applyMod - SEARCH NOT FOUND (SKIPPED): if (is_file(DIR_SYSTEM . 'library/journal3/vendor/SuperCache

----------------------------------------------------------------------


---------- Date: 2026-04-02 07:00:50 ~ IP : 185.179.188.62 ----------
REQUEST URI : /podmotka-spidometra-datsun-on-do/
MOD DETAILS:
   modFile   : /home/canmotalka/web/can-motalka.ru/public_html/vqmod/xml/lightning.xml
   id        : OpenCart Lightning
   version   : 3.37
   vqmver    : 
   author    : MaxD http://devs.mx

File Name    : system/library/cache.php(0)
VQModObject::applyMod - SEARCH NOT FOUND (SKIPPED): if (is_file(DIR_SYSTEM . 'library/journal3/vendor/SuperCache

----------------------------------------------------------------------


---------- Date: 2026-04-02 07:00:52 ~ IP : 185.179.188.62 ----------
REQUEST URI : /index.php?route=product/product/review&amp;product_id=284
MOD DETAILS:
   modFile   : /home/canmotalka/web/can-motalka.ru/public_html/vqmod/xml/lightning.xml
   id        : OpenCart Lightning
   version   : 3.37
   vqmver    : 
   author    : MaxD http://devs.mx

File Name    : system/library/cache.php(0)
VQModObject::applyMod - SEARCH NOT FOUND (SKIPPED): if (is_file(DIR_SYSTEM . 'library/journal3/vendor/SuperCache

----------------------------------------------------------------------


---------- Date: 2026-04-02 07:00:52 ~ IP : 185.179.188.62 ----------
REQUEST URI : /index.php?route=module/popupcart_extended
MOD DETAILS:
   modFile   : /home/canmotalka/web/can-motalka.ru/public_html/vqmod/xml/lightning.xml
   id        : OpenCart Lightning
   version   : 3.37
   vqmver    : 
   author    : MaxD http://devs.mx

File Name    : system/library/cache.php(0)
VQModObject::applyMod - SEARCH NOT FOUND (SKIPPED): if (is_file(DIR_SYSTEM . 'library/journal3/vendor/SuperCache

----------------------------------------------------------------------


---------- Date: 2026-04-02 07:01:07 ~ IP : 185.179.188.62 ----------
REQUEST URI : /podmotka-spidometra-haval-jolion/?ysclid=mngy6coxv0963856356
MOD DETAILS:
   modFile   : /home/canmotalka/web/can-motalka.ru/public_html/vqmod/xml/lightning.xml
   id        : OpenCart Lightning
   version   : 3.37
   vqmver    : 
   author    : MaxD http://devs.mx

File Name    : system/library/cache.php(0)
VQModObject::applyMod - SEARCH NOT FOUND (SKIPPED): if (is_file(DIR_SYSTEM . 'library/journal3/vendor/SuperCache

----------------------------------------------------------------------


---------- Date: 2026-04-02 07:01:07 ~ IP : 185.179.188.62 ----------
REQUEST URI : /podmotka-spidometra-haval-jolion/
MOD DETAILS:
   modFile   : /home/canmotalka/web/can-motalka.ru/public_html/vqmod/xml/lightning.xml
   id        : OpenCart Lightning
   version   : 3.37
   vqmver    : 
   author    : MaxD http://devs.mx

File Name    : system/library/cache.php(0)
VQModObject::applyMod - SEARCH NOT FOUND (SKIPPED): if (is_file(DIR_SYSTEM . 'library/journal3/vendor/SuperCache

----------------------------------------------------------------------


---------- Date: 2026-04-02 07:01:07 ~ IP : 185.179.188.62 ----------
REQUEST URI : /index.php?route=product/product/review&amp;product_id=305
MOD DETAILS:
   modFile   : /home/canmotalka/web/can-motalka.ru/public_html/vqmod/xml/lightning.xml
   id        : OpenCart Lightning
   version   : 3.37
   vqmver    : 
   author    : MaxD http://devs.mx

File Name    : system/library/cache.php(0)
VQModObject::applyMod - SEARCH NOT FOUND (SKIPPED): if (is_file(DIR_SYSTEM . 'library/journal3/vendor/SuperCache

----------------------------------------------------------------------


---------- Date: 2026-04-02 07:01:08 ~ IP : 185.179.188.62 ----------
REQUEST URI : /index.php?route=module/popupcart_extended
MOD DETAILS:
   modFile   : /home/canmotalka/web/can-motalka.ru/public_html/vqmod/xml/lightning.xml
   id        : OpenCart Lightning
   version   : 3.37
   vqmver    : 
   author    : MaxD http://devs.mx

File Name    : system/library/cache.php(0)
VQModObject::applyMod - SEARCH NOT FOUND (SKIPPED): if (is_file(DIR_SYSTEM . 'library/journal3/vendor/SuperCache

----------------------------------------------------------------------


---------- Date: 2026-04-02 07:02:17 ~ IP : 185.179.188.62 ----------
REQUEST URI : /patriot_re/
MOD DETAILS:
   modFile   : /home/canmotalka/web/can-motalka.ru/public_html/vqmod/xml/lightning.xml
   id        : OpenCart Lightning
   version   : 3.37
   vqmver    : 
   author    : MaxD http://devs.mx

File Name    : system/library/cache.php(0)
VQModObject::applyMod - SEARCH NOT FOUND (SKIPPED): if (is_file(DIR_SYSTEM . 'library/journal3/vendor/SuperCache

----------------------------------------------------------------------


---------- Date: 2026-04-02 07:02:18 ~ IP : 185.179.188.62 ----------
REQUEST URI : /index.php?route=module/popupcart_extended
MOD DETAILS:
   modFile   : /home/canmotalka/web/can-motalka.ru/public_html/vqmod/xml/lightning.xml
   id        : OpenCart Lightning
   version   : 3.37
   vqmver    : 
   author    : MaxD http://devs.mx

File Name    : system/library/cache.php(0)
VQModObject::applyMod - SEARCH NOT FOUND (SKIPPED): if (is_file(DIR_SYSTEM . 'library/journal3/vendor/SuperCache

----------------------------------------------------------------------


---------- Date: 2026-04-02 07:02:23 ~ IP : 185.179.188.62 ----------
REQUEST URI : /kak-rabotaet-podmotka-spidometra/?ysclid=mngy80e87w166928434
MOD DETAILS:
   modFile   : /home/canmotalka/web/can-motalka.ru/public_html/vqmod/xml/lightning.xml
   id        : OpenCart Lightning
   version   : 3.37
   vqmver    : 
   author    : MaxD http://devs.mx

File Name    : system/library/cache.php(0)
VQModObject::applyMod - SEARCH NOT FOUND (SKIPPED): if (is_file(DIR_SYSTEM . 'library/journal3/vendor/SuperCache

----------------------------------------------------------------------


---------- Date: 2026-04-02 07:02:24 ~ IP : 185.179.188.62 ----------
REQUEST URI : /kak-rabotaet-podmotka-spidometra/
MOD DETAILS:
   modFile   : /home/canmotalka/web/can-motalka.ru/public_html/vqmod/xml/lightning.xml
   id        : OpenCart Lightning
   version   : 3.37
   vqmver    : 
   author    : MaxD http://devs.mx

File Name    : system/library/cache.php(0)
VQModObject::applyMod - SEARCH NOT FOUND (SKIPPED): if (is_file(DIR_SYSTEM . 'library/journal3/vendor/SuperCache

----------------------------------------------------------------------


---------- Date: 2026-04-02 07:03:08 ~ IP : 185.179.188.62 ----------
REQUEST URI : /manuals/
MOD DETAILS:
   modFile   : /home/canmotalka/web/can-motalka.ru/public_html/vqmod/xml/lightning.xml
   id        : OpenCart Lightning
   version   : 3.37
   vqmver    : 
   author    : MaxD http://devs.mx

File Name    : system/library/cache.php(0)
VQModObject::applyMod - SEARCH NOT FOUND (SKIPPED): if (is_file(DIR_SYSTEM . 'library/journal3/vendor/SuperCache

----------------------------------------------------------------------


---------- Date: 2026-04-02 07:03:31 ~ IP : 185.179.188.62 ----------
REQUEST URI : /podmotka-spidometra-uaz-patriot/
MOD DETAILS:
   modFile   : /home/canmotalka/web/can-motalka.ru/public_html/vqmod/xml/lightning.xml
   id        : OpenCart Lightning
   version   : 3.37
   vqmver    : 
   author    : MaxD http://devs.mx

File Name    : system/library/cache.php(0)
VQModObject::applyMod - SEARCH NOT FOUND (SKIPPED): if (is_file(DIR_SYSTEM . 'library/journal3/vendor/SuperCache

----------------------------------------------------------------------


---------- Date: 2026-04-02 07:03:33 ~ IP : 185.179.188.62 ----------
REQUEST URI : /index.php?route=product/product/review&amp;product_id=277
MOD DETAILS:
   modFile   : /home/canmotalka/web/can-motalka.ru/public_html/vqmod/xml/lightning.xml
   id        : OpenCart Lightning
   version   : 3.37
   vqmver    : 
   author    : MaxD http://devs.mx

File Name    : system/library/cache.php(0)
VQModObject::applyMod - SEARCH NOT FOUND (SKIPPED): if (is_file(DIR_SYSTEM . 'library/journal3/vendor/SuperCache

----------------------------------------------------------------------


---------- Date: 2026-04-02 07:03:47 ~ IP : 185.179.188.62 ----------
REQUEST URI : /kak-perenastroit-podmotku-spidometra/
MOD DETAILS:
   modFile   : /home/canmotalka/web/can-motalka.ru/public_html/vqmod/xml/lightning.xml
   id        : OpenCart Lightning
   version   : 3.37
   vqmver    : 
   author    : MaxD http://devs.mx

File Name    : system/library/cache.php(0)
VQModObject::applyMod - SEARCH NOT FOUND (SKIPPED): if (is_file(DIR_SYSTEM . 'library/journal3/vendor/SuperCache

----------------------------------------------------------------------


---------- Date: 2026-04-02 07:05:57 ~ IP : 185.179.188.62 ----------
REQUEST URI : /podmotka_uaz_re/
MOD DETAILS:
   modFile   : /home/canmotalka/web/can-motalka.ru/public_html/vqmod/xml/lightning.xml
   id        : OpenCart Lightning
   version   : 3.37
   vqmver    : 
   author    : MaxD http://devs.mx

File Name    : system/library/cache.php(0)
VQModObject::applyMod - SEARCH NOT FOUND (SKIPPED): if (is_file(DIR_SYSTEM . 'library/journal3/vendor/SuperCache

----------------------------------------------------------------------


---------- Date: 2026-04-02 07:05:59 ~ IP : 185.179.188.62 ----------
REQUEST URI : /index.php?route=module/popupcart_extended
MOD DETAILS:
   modFile   : /home/canmotalka/web/can-motalka.ru/public_html/vqmod/xml/lightning.xml
   id        : OpenCart Lightning
   version   : 3.37
   vqmver    : 
   author    : MaxD http://devs.mx

File Name    : system/library/cache.php(0)
VQModObject::applyMod - SEARCH NOT FOUND (SKIPPED): if (is_file(DIR_SYSTEM . 'library/journal3/vendor/SuperCache

----------------------------------------------------------------------


---------- Date: 2026-04-02 07:06:16 ~ IP : 185.179.188.62 ----------
REQUEST URI : /config.php.original
MOD DETAILS:
   modFile   : /home/canmotalka/web/can-motalka.ru/public_html/vqmod/xml/lightning.xml
   id        : OpenCart Lightning
   version   : 3.37
   vqmver    : 
   author    : MaxD http://devs.mx

File Name    : system/library/cache.php(0)
VQModObject::applyMod - SEARCH NOT FOUND (SKIPPED): if (is_file(DIR_SYSTEM . 'library/journal3/vendor/SuperCache

----------------------------------------------------------------------


---------- Date: 2026-04-02 07:13:20 ~ IP : 185.179.188.62 ----------
REQUEST URI : /backup.7z
MOD DETAILS:
   modFile   : /home/canmotalka/web/can-motalka.ru/public_html/vqmod/xml/lightning.xml
   id        : OpenCart Lightning
   version   : 3.37
   vqmver    : 
   author    : MaxD http://devs.mx

File Name    : system/library/cache.php(0)
VQModObject::applyMod - SEARCH NOT FOUND (SKIPPED): if (is_file(DIR_SYSTEM . 'library/journal3/vendor/SuperCache

----------------------------------------------------------------------


---------- Date: 2026-04-02 07:20:30 ~ IP : 185.179.188.62 ----------
REQUEST URI : /.well-known/traffic-advice
MOD DETAILS:
   modFile   : /home/canmotalka/web/can-motalka.ru/public_html/vqmod/xml/lightning.xml
   id        : OpenCart Lightning
   version   : 3.37
   vqmver    : 
   author    : MaxD http://devs.mx

File Name    : system/library/cache.php(0)
VQModObject::applyMod - SEARCH NOT FOUND (SKIPPED): if (is_file(DIR_SYSTEM . 'library/journal3/vendor/SuperCache

----------------------------------------------------------------------


---------- Date: 2026-04-02 07:20:30 ~ IP : 185.179.188.62 ----------
REQUEST URI : /instrukciya-dlya-podmotki-lada-largus-2021/
MOD DETAILS:
   modFile   : /home/canmotalka/web/can-motalka.ru/public_html/vqmod/xml/lightning.xml
   id        : OpenCart Lightning
   version   : 3.37
   vqmver    : 
   author    : MaxD http://devs.mx

File Name    : system/library/cache.php(0)
VQModObject::applyMod - SEARCH NOT FOUND (SKIPPED): if (is_file(DIR_SYSTEM . 'library/journal3/vendor/SuperCache

----------------------------------------------------------------------


---------- Date: 2026-04-02 07:22:08 ~ IP : 185.179.188.62 ----------
REQUEST URI : /manuals/
MOD DETAILS:
   modFile   : /home/canmotalka/web/can-motalka.ru/public_html/vqmod/xml/lightning.xml
   id        : OpenCart Lightning
   version   : 3.37
   vqmver    : 
   author    : MaxD http://devs.mx

File Name    : system/library/cache.php(0)
VQModObject::applyMod - SEARCH NOT FOUND (SKIPPED): if (is_file(DIR_SYSTEM . 'library/journal3/vendor/SuperCache

----------------------------------------------------------------------


---------- Date: 2026-04-02 07:22:13 ~ IP : 185.179.188.62 ----------
REQUEST URI : /podmotka_uaz_re/
MOD DETAILS:
   modFile   : /home/canmotalka/web/can-motalka.ru/public_html/vqmod/xml/lightning.xml
   id        : OpenCart Lightning
   version   : 3.37
   vqmver    : 
   author    : MaxD http://devs.mx

File Name    : system/library/cache.php(0)
VQModObject::applyMod - SEARCH NOT FOUND (SKIPPED): if (is_file(DIR_SYSTEM . 'library/journal3/vendor/SuperCache

----------------------------------------------------------------------


---------- Date: 2026-04-02 07:26:28 ~ IP : 185.179.188.62 ----------
REQUEST URI : /dump.7z
MOD DETAILS:
   modFile   : /home/canmotalka/web/can-motalka.ru/public_html/vqmod/xml/lightning.xml
   id        : OpenCart Lightning
   version   : 3.37
   vqmver    : 
   author    : MaxD http://devs.mx

File Name    : system/library/cache.php(0)
VQModObject::applyMod - SEARCH NOT FOUND (SKIPPED): if (is_file(DIR_SYSTEM . 'library/journal3/vendor/SuperCache

----------------------------------------------------------------------


---------- Date: 2026-04-02 07:27:28 ~ IP : 185.179.188.62 ----------
REQUEST URI : /podmotka-spidometra-na-lada-xray/
MOD DETAILS:
   modFile   : /home/canmotalka/web/can-motalka.ru/public_html/vqmod/xml/lightning.xml
   id        : OpenCart Lightning
   version   : 3.37
   vqmver    : 
   author    : MaxD http://devs.mx

File Name    : system/library/cache.php(0)
VQModObject::applyMod - SEARCH NOT FOUND (SKIPPED): if (is_file(DIR_SYSTEM . 'library/journal3/vendor/SuperCache

----------------------------------------------------------------------


---------- Date: 2026-04-02 07:28:02 ~ IP : 185.179.188.62 ----------
REQUEST URI : /app/config/parameters.php
MOD DETAILS:
   modFile   : /home/canmotalka/web/can-motalka.ru/public_html/vqmod/xml/lightning.xml
   id        : OpenCart Lightning
   version   : 3.37
   vqmver    : 
   author    : MaxD http://devs.mx

File Name    : system/library/cache.php(0)
VQModObject::applyMod - SEARCH NOT FOUND (SKIPPED): if (is_file(DIR_SYSTEM . 'library/journal3/vendor/SuperCache

----------------------------------------------------------------------


---------- Date: 2026-04-02 07:32:07 ~ IP : 185.179.188.62 ----------
REQUEST URI : /podmotka-spidometra-fiat-albea/?ysclid=mngza8hgci773416456
MOD DETAILS:
   modFile   : /home/canmotalka/web/can-motalka.ru/public_html/vqmod/xml/lightning.xml
   id        : OpenCart Lightning
   version   : 3.37
   vqmver    : 
   author    : MaxD http://devs.mx

File Name    : system/library/cache.php(0)
VQModObject::applyMod - SEARCH NOT FOUND (SKIPPED): if (is_file(DIR_SYSTEM . 'library/journal3/vendor/SuperCache

----------------------------------------------------------------------


---------- Date: 2026-04-02 07:32:08 ~ IP : 185.179.188.62 ----------
REQUEST URI : /podmotka-spidometra-fiat-albea/
MOD DETAILS:
   modFile   : /home/canmotalka/web/can-motalka.ru/public_html/vqmod/xml/lightning.xml
   id        : OpenCart Lightning
   version   : 3.37
   vqmver    : 
   author    : MaxD http://devs.mx

File Name    : system/library/cache.php(0)
VQModObject::applyMod - SEARCH NOT FOUND (SKIPPED): if (is_file(DIR_SYSTEM . 'library/journal3/vendor/SuperCache

----------------------------------------------------------------------


---------- Date: 2026-04-02 07:32:09 ~ IP : 185.179.188.62 ----------
REQUEST URI : /index.php?route=product/product/review&amp;product_id=92
MOD DETAILS:
   modFile   : /home/canmotalka/web/can-motalka.ru/public_html/vqmod/xml/lightning.xml
   id        : OpenCart Lightning
   version   : 3.37
   vqmver    : 
   author    : MaxD http://devs.mx

File Name    : system/library/cache.php(0)
VQModObject::applyMod - SEARCH NOT FOUND (SKIPPED): if (is_file(DIR_SYSTEM . 'library/journal3/vendor/SuperCache

----------------------------------------------------------------------


---------- Date: 2026-04-02 07:32:09 ~ IP : 185.179.188.62 ----------
REQUEST URI : /index.php?route=module/popupcart_extended
MOD DETAILS:
   modFile   : /home/canmotalka/web/can-motalka.ru/public_html/vqmod/xml/lightning.xml
   id        : OpenCart Lightning
   version   : 3.37
   vqmver    : 
   author    : MaxD http://devs.mx

File Name    : system/library/cache.php(0)
VQModObject::applyMod - SEARCH NOT FOUND (SKIPPED): if (is_file(DIR_SYSTEM . 'library/journal3/vendor/SuperCache

----------------------------------------------------------------------


---------- Date: 2026-04-02 07:38:12 ~ IP : 185.179.188.62 ----------
REQUEST URI : /kak-nastroit-podmotku-na-lada-vesta-xray/
MOD DETAILS:
   modFile   : /home/canmotalka/web/can-motalka.ru/public_html/vqmod/xml/lightning.xml
   id        : OpenCart Lightning
   version   : 3.37
   vqmver    : 
   author    : MaxD http://devs.mx

File Name    : system/library/cache.php(0)
VQModObject::applyMod - SEARCH NOT FOUND (SKIPPED): if (is_file(DIR_SYSTEM . 'library/journal3/vendor/SuperCache

----------------------------------------------------------------------


---------- Date: 2026-04-02 07:40:07 ~ IP : 185.179.188.62 ----------
REQUEST URI : /instrukciya-dlya-podmotki-lada-largus-2021/
MOD DETAILS:
   modFile   : /home/canmotalka/web/can-motalka.ru/public_html/vqmod/xml/lightning.xml
   id        : OpenCart Lightning
   version   : 3.37
   vqmver    : 
   author    : MaxD http://devs.mx

File Name    : system/library/cache.php(0)
VQModObject::applyMod - SEARCH NOT FOUND (SKIPPED): if (is_file(DIR_SYSTEM . 'library/journal3/vendor/SuperCache

----------------------------------------------------------------------


---------- Date: 2026-04-02 07:40:07 ~ IP : 185.179.188.62 ----------
REQUEST URI : /instrukciya-dlya-podmotki-lada-largus-2021/?ysclid=mngzkiokhn922169065
MOD DETAILS:
   modFile   : /home/canmotalka/web/can-motalka.ru/public_html/vqmod/xml/lightning.xml
   id        : OpenCart Lightning
   version   : 3.37
   vqmver    : 
   author    : MaxD http://devs.mx

File Name    : system/library/cache.php(0)
VQModObject::applyMod - SEARCH NOT FOUND (SKIPPED): if (is_file(DIR_SYSTEM . 'library/journal3/vendor/SuperCache

----------------------------------------------------------------------


---------- Date: 2026-04-02 07:40:08 ~ IP : 185.179.188.62 ----------
REQUEST URI : /instrukciya-dlya-podmotki-lada-largus-2021/
MOD DETAILS:
   modFile   : /home/canmotalka/web/can-motalka.ru/public_html/vqmod/xml/lightning.xml
   id        : OpenCart Lightning
   version   : 3.37
   vqmver    : 
   author    : MaxD http://devs.mx

File Name    : system/library/cache.php(0)
VQModObject::applyMod - SEARCH NOT FOUND (SKIPPED): if (is_file(DIR_SYSTEM . 'library/journal3/vendor/SuperCache

----------------------------------------------------------------------


---------- Date: 2026-04-02 07:40:09 ~ IP : 185.179.188.62 ----------
REQUEST URI : /index.php?route=module/popupcart_extended
MOD DETAILS:
   modFile   : /home/canmotalka/web/can-motalka.ru/public_html/vqmod/xml/lightning.xml
   id        : OpenCart Lightning
   version   : 3.37
   vqmver    : 
   author    : MaxD http://devs.mx

File Name    : system/library/cache.php(0)
VQModObject::applyMod - SEARCH NOT FOUND (SKIPPED): if (is_file(DIR_SYSTEM . 'library/journal3/vendor/SuperCache

----------------------------------------------------------------------


---------- Date: 2026-04-02 07:40:09 ~ IP : 185.179.188.62 ----------
REQUEST URI : /index.php?route=module/popupcart_extended
MOD DETAILS:
   modFile   : /home/canmotalka/web/can-motalka.ru/public_html/vqmod/xml/lightning.xml
   id        : OpenCart Lightning
   version   : 3.37
   vqmver    : 
   author    : MaxD http://devs.mx

File Name    : system/library/cache.php(0)
VQModObject::applyMod - SEARCH NOT FOUND (SKIPPED): if (is_file(DIR_SYSTEM . 'library/journal3/vendor/SuperCache

----------------------------------------------------------------------


---------- Date: 2026-04-02 07:40:19 ~ IP : 185.179.188.62 ----------
REQUEST URI : /podmotka_uaz_re/
MOD DETAILS:
   modFile   : /home/canmotalka/web/can-motalka.ru/public_html/vqmod/xml/lightning.xml
   id        : OpenCart Lightning
   version   : 3.37
   vqmver    : 
   author    : MaxD http://devs.mx

File Name    : system/library/cache.php(0)
VQModObject::applyMod - SEARCH NOT FOUND (SKIPPED): if (is_file(DIR_SYSTEM . 'library/journal3/vendor/SuperCache

----------------------------------------------------------------------


---------- Date: 2026-04-02 07:40:35 ~ IP : 185.179.188.62 ----------
REQUEST URI : /index.php?route=module/popupcart_extended
MOD DETAILS:
   modFile   : /home/canmotalka/web/can-motalka.ru/public_html/vqmod/xml/lightning.xml
   id        : OpenCart Lightning
   version   : 3.37
   vqmver    : 
   author    : MaxD http://devs.mx

File Name    : system/library/cache.php(0)
VQModObject::applyMod - SEARCH NOT FOUND (SKIPPED): if (is_file(DIR_SYSTEM . 'library/journal3/vendor/SuperCache

----------------------------------------------------------------------


---------- Date: 2026-04-02 07:42:43 ~ IP : 185.179.188.62 ----------
REQUEST URI : /podmotka_uaz_re/
MOD DETAILS:
   modFile   : /home/canmotalka/web/can-motalka.ru/public_html/vqmod/xml/lightning.xml
   id        : OpenCart Lightning
   version   : 3.37
   vqmver    : 
   author    : MaxD http://devs.mx

File Name    : system/library/cache.php(0)
VQModObject::applyMod - SEARCH NOT FOUND (SKIPPED): if (is_file(DIR_SYSTEM . 'library/journal3/vendor/SuperCache

----------------------------------------------------------------------


---------- Date: 2026-04-02 07:43:02 ~ IP : 185.179.188.62 ----------
REQUEST URI : /manuals/
MOD DETAILS:
   modFile   : /home/canmotalka/web/can-motalka.ru/public_html/vqmod/xml/lightning.xml
   id        : OpenCart Lightning
   version   : 3.37
   vqmver    : 
   author    : MaxD http://devs.mx

File Name    : system/library/cache.php(0)
VQModObject::applyMod - SEARCH NOT FOUND (SKIPPED): if (is_file(DIR_SYSTEM . 'library/journal3/vendor/SuperCache

----------------------------------------------------------------------


---------- Date: 2026-04-02 07:47:04 ~ IP : 185.179.188.62 ----------
REQUEST URI : /sitemap.xml%200
MOD DETAILS:
   modFile   : /home/canmotalka/web/can-motalka.ru/public_html/vqmod/xml/lightning.xml
   id        : OpenCart Lightning
   version   : 3.37
   vqmver    : 
   author    : MaxD http://devs.mx

File Name    : system/library/cache.php(0)
VQModObject::applyMod - SEARCH NOT FOUND (SKIPPED): if (is_file(DIR_SYSTEM . 'library/journal3/vendor/SuperCache

----------------------------------------------------------------------


---------- Date: 2026-04-02 07:47:06 ~ IP : 185.179.188.62 ----------
REQUEST URI : /sitemap/
MOD DETAILS:
   modFile   : /home/canmotalka/web/can-motalka.ru/public_html/vqmod/xml/lightning.xml
   id        : OpenCart Lightning
   version   : 3.37
   vqmver    : 
   author    : MaxD http://devs.mx

File Name    : system/library/cache.php(0)
VQModObject::applyMod - SEARCH NOT FOUND (SKIPPED): if (is_file(DIR_SYSTEM . 'library/journal3/vendor/SuperCache

----------------------------------------------------------------------


---------- Date: 2026-04-02 07:51:15 ~ IP : 185.179.188.62 ----------
REQUEST URI : /podmotka-spidometra-uaz-patriot/
MOD DETAILS:
   modFile   : /home/canmotalka/web/can-motalka.ru/public_html/vqmod/xml/lightning.xml
   id        : OpenCart Lightning
   version   : 3.37
   vqmver    : 
   author    : MaxD http://devs.mx

File Name    : system/library/cache.php(0)
VQModObject::applyMod - SEARCH NOT FOUND (SKIPPED): if (is_file(DIR_SYSTEM . 'library/journal3/vendor/SuperCache

----------------------------------------------------------------------


---------- Date: 2026-04-02 07:51:38 ~ IP : 185.179.188.62 ----------
REQUEST URI : /podmotka_spidometra/
MOD DETAILS:
   modFile   : /home/canmotalka/web/can-motalka.ru/public_html/vqmod/xml/lightning.xml
   id        : OpenCart Lightning
   version   : 3.37
   vqmver    : 
   author    : MaxD http://devs.mx

File Name    : system/library/cache.php(0)
VQModObject::applyMod - SEARCH NOT FOUND (SKIPPED): if (is_file(DIR_SYSTEM . 'library/journal3/vendor/SuperCache

----------------------------------------------------------------------


---------- Date: 2026-04-02 07:51:40 ~ IP : 185.179.188.62 ----------
REQUEST URI : /index.php?route=module/popupcart_extended
MOD DETAILS:
   modFile   : /home/canmotalka/web/can-motalka.ru/public_html/vqmod/xml/lightning.xml
   id        : OpenCart Lightning
   version   : 3.37
   vqmver    : 
   author    : MaxD http://devs.mx

File Name    : system/library/cache.php(0)
VQModObject::applyMod - SEARCH NOT FOUND (SKIPPED): if (is_file(DIR_SYSTEM . 'library/journal3/vendor/SuperCache

----------------------------------------------------------------------


---------- Date: 2026-04-02 07:52:06 ~ IP : 185.179.188.62 ----------
REQUEST URI : /sitemap.xml
MOD DETAILS:
   modFile   : /home/canmotalka/web/can-motalka.ru/public_html/vqmod/xml/lightning.xml
   id        : OpenCart Lightning
   version   : 3.37
   vqmver    : 
   author    : MaxD http://devs.mx

File Name    : system/library/cache.php(0)
VQModObject::applyMod - SEARCH NOT FOUND (SKIPPED): if (is_file(DIR_SYSTEM . 'library/journal3/vendor/SuperCache

----------------------------------------------------------------------


---------- Date: 2026-04-02 07:53:48 ~ IP : 185.179.188.62 ----------
REQUEST URI : /podmotka_uaz_re/?ysclid=mnh025g9uz18242782
MOD DETAILS:
   modFile   : /home/canmotalka/web/can-motalka.ru/public_html/vqmod/xml/lightning.xml
   id        : OpenCart Lightning
   version   : 3.37
   vqmver    : 
   author    : MaxD http://devs.mx

File Name    : system/library/cache.php(0)
VQModObject::applyMod - SEARCH NOT FOUND (SKIPPED): if (is_file(DIR_SYSTEM . 'library/journal3/vendor/SuperCache

----------------------------------------------------------------------


---------- Date: 2026-04-02 07:53:48 ~ IP : 185.179.188.62 ----------
REQUEST URI : /podmotka_uaz_re/
MOD DETAILS:
   modFile   : /home/canmotalka/web/can-motalka.ru/public_html/vqmod/xml/lightning.xml
   id        : OpenCart Lightning
   version   : 3.37
   vqmver    : 
   author    : MaxD http://devs.mx

File Name    : system/library/cache.php(0)
VQModObject::applyMod - SEARCH NOT FOUND (SKIPPED): if (is_file(DIR_SYSTEM . 'library/journal3/vendor/SuperCache

----------------------------------------------------------------------


---------- Date: 2026-04-02 07:53:52 ~ IP : 185.179.188.62 ----------
REQUEST URI : /index.php?route=module/popupcart_extended
MOD DETAILS:
   modFile   : /home/canmotalka/web/can-motalka.ru/public_html/vqmod/xml/lightning.xml
   id        : OpenCart Lightning
   version   : 3.37
   vqmver    : 
   author    : MaxD http://devs.mx

File Name    : system/library/cache.php(0)
VQModObject::applyMod - SEARCH NOT FOUND (SKIPPED): if (is_file(DIR_SYSTEM . 'library/journal3/vendor/SuperCache

----------------------------------------------------------------------


---------- Date: 2026-04-02 07:54:23 ~ IP : 185.179.188.62 ----------
REQUEST URI : /gazelle_biz_manual/
MOD DETAILS:
   modFile   : /home/canmotalka/web/can-motalka.ru/public_html/vqmod/xml/lightning.xml
   id        : OpenCart Lightning
   version   : 3.37
   vqmver    : 
   author    : MaxD http://devs.mx

File Name    : system/library/cache.php(0)
VQModObject::applyMod - SEARCH NOT FOUND (SKIPPED): if (is_file(DIR_SYSTEM . 'library/journal3/vendor/SuperCache

----------------------------------------------------------------------


---------- Date: 2026-04-02 07:54:28 ~ IP : 185.179.188.62 ----------
REQUEST URI : /index.php?route=module/popupcart_extended
MOD DETAILS:
   modFile   : /home/canmotalka/web/can-motalka.ru/public_html/vqmod/xml/lightning.xml
   id        : OpenCart Lightning
   version   : 3.37
   vqmver    : 
   author    : MaxD http://devs.mx

File Name    : system/library/cache.php(0)
VQModObject::applyMod - SEARCH NOT FOUND (SKIPPED): if (is_file(DIR_SYSTEM . 'library/journal3/vendor/SuperCache

----------------------------------------------------------------------


---------- Date: 2026-04-02 07:56:17 ~ IP : 185.179.188.62 ----------
REQUEST URI : /podmotka_spidometra/
MOD DETAILS:
   modFile   : /home/canmotalka/web/can-motalka.ru/public_html/vqmod/xml/lightning.xml
   id        : OpenCart Lightning
   version   : 3.37
   vqmver    : 
   author    : MaxD http://devs.mx

File Name    : system/library/cache.php(0)
VQModObject::applyMod - SEARCH NOT FOUND (SKIPPED): if (is_file(DIR_SYSTEM . 'library/journal3/vendor/SuperCache

----------------------------------------------------------------------


---------- Date: 2026-04-02 07:56:20 ~ IP : 185.179.188.62 ----------
REQUEST URI : /index.php?route=module/popupcart_extended
MOD DETAILS:
   modFile   : /home/canmotalka/web/can-motalka.ru/public_html/vqmod/xml/lightning.xml
   id        : OpenCart Lightning
   version   : 3.37
   vqmver    : 
   author    : MaxD http://devs.mx

File Name    : system/library/cache.php(0)
VQModObject::applyMod - SEARCH NOT FOUND (SKIPPED): if (is_file(DIR_SYSTEM . 'library/journal3/vendor/SuperCache

----------------------------------------------------------------------


---------- Date: 2026-04-02 07:56:20 ~ IP : 185.179.188.62 ----------
REQUEST URI : /instrukciya-podmotka-kamaz/?ysclid=mngzwga0ff817929552
MOD DETAILS:
   modFile   : /home/canmotalka/web/can-motalka.ru/public_html/vqmod/xml/lightning.xml
   id        : OpenCart Lightning
   version   : 3.37
   vqmver    : 
   author    : MaxD http://devs.mx

File Name    : system/library/cache.php(0)
VQModObject::applyMod - SEARCH NOT FOUND (SKIPPED): if (is_file(DIR_SYSTEM . 'library/journal3/vendor/SuperCache

----------------------------------------------------------------------


---------- Date: 2026-04-02 07:56:20 ~ IP : 185.179.188.62 ----------
REQUEST URI : /instrukciya-podmotka-kamaz/
MOD DETAILS:
   modFile   : /home/canmotalka/web/can-motalka.ru/public_html/vqmod/xml/lightning.xml
   id        : OpenCart Lightning
   version   : 3.37
   vqmver    : 
   author    : MaxD http://devs.mx

File Name    : system/library/cache.php(0)
VQModObject::applyMod - SEARCH NOT FOUND (SKIPPED): if (is_file(DIR_SYSTEM . 'library/journal3/vendor/SuperCache

----------------------------------------------------------------------


---------- Date: 2026-04-02 07:56:21 ~ IP : 185.179.188.62 ----------
REQUEST URI : /index.php?route=module/popupcart_extended
MOD DETAILS:
   modFile   : /home/canmotalka/web/can-motalka.ru/public_html/vqmod/xml/lightning.xml
   id        : OpenCart Lightning
   version   : 3.37
   vqmver    : 
   author    : MaxD http://devs.mx

File Name    : system/library/cache.php(0)
VQModObject::applyMod - SEARCH NOT FOUND (SKIPPED): if (is_file(DIR_SYSTEM . 'library/journal3/vendor/SuperCache

----------------------------------------------------------------------


---------- Date: 2026-04-02 08:02:29 ~ IP : 185.179.188.62 ----------
REQUEST URI : /sitemap.xml
MOD DETAILS:
   modFile   : /home/canmotalka/web/can-motalka.ru/public_html/vqmod/xml/lightning.xml
   id        : OpenCart Lightning
   version   : 3.37
   vqmver    : 
   author    : MaxD http://devs.mx

File Name    : system/library/cache.php(0)
VQModObject::applyMod - SEARCH NOT FOUND (SKIPPED): if (is_file(DIR_SYSTEM . 'library/journal3/vendor/SuperCache

----------------------------------------------------------------------


---------- Date: 2026-04-02 08:05:37 ~ IP : 185.179.188.62 ----------
REQUEST URI : /setting_php/kamagra-100/358-cena-sialisa-soft-chehov/
MOD DETAILS:
   modFile   : /home/canmotalka/web/can-motalka.ru/public_html/vqmod/xml/lightning.xml
   id        : OpenCart Lightning
   version   : 3.37
   vqmver    : 
   author    : MaxD http://devs.mx

File Name    : system/library/cache.php(0)
VQModObject::applyMod - SEARCH NOT FOUND (SKIPPED): if (is_file(DIR_SYSTEM . 'library/journal3/vendor/SuperCache

----------------------------------------------------------------------


---------- Date: 2026-04-02 08:05:42 ~ IP : 185.179.188.62 ----------
REQUEST URI : /index.php?route=module/popupcart_extended
MOD DETAILS:
   modFile   : /home/canmotalka/web/can-motalka.ru/public_html/vqmod/xml/lightning.xml
   id        : OpenCart Lightning
   version   : 3.37
   vqmver    : 
   author    : MaxD http://devs.mx

File Name    : system/library/cache.php(0)
VQModObject::applyMod - SEARCH NOT FOUND (SKIPPED): if (is_file(DIR_SYSTEM . 'library/journal3/vendor/SuperCache

----------------------------------------------------------------------


---------- Date: 2026-04-02 08:06:03 ~ IP : 185.179.188.62 ----------
REQUEST URI : /setting_php/kamagra-100/358-cena-sialisa-soft-chehov/
MOD DETAILS:
   modFile   : /home/canmotalka/web/can-motalka.ru/public_html/vqmod/xml/lightning.xml
   id        : OpenCart Lightning
   version   : 3.37
   vqmver    : 
   author    : MaxD http://devs.mx

File Name    : system/library/cache.php(0)
VQModObject::applyMod - SEARCH NOT FOUND (SKIPPED): if (is_file(DIR_SYSTEM . 'library/journal3/vendor/SuperCache

----------------------------------------------------------------------


---------- Date: 2026-04-02 08:06:09 ~ IP : 185.179.188.62 ----------
REQUEST URI : /index.php?route=module/popupcart_extended
MOD DETAILS:
   modFile   : /home/canmotalka/web/can-motalka.ru/public_html/vqmod/xml/lightning.xml
   id        : OpenCart Lightning
   version   : 3.37
   vqmver    : 
   author    : MaxD http://devs.mx

File Name    : system/library/cache.php(0)
VQModObject::applyMod - SEARCH NOT FOUND (SKIPPED): if (is_file(DIR_SYSTEM . 'library/journal3/vendor/SuperCache

----------------------------------------------------------------------


---------- Date: 2026-04-02 08:06:37 ~ IP : 185.179.188.62 ----------
REQUEST URI : /setting_php/kamagra-100/358-cena-sialisa-soft-chehov/
MOD DETAILS:
   modFile   : /home/canmotalka/web/can-motalka.ru/public_html/vqmod/xml/lightning.xml
   id        : OpenCart Lightning
   version   : 3.37
   vqmver    : 
   author    : MaxD http://devs.mx

File Name    : system/library/cache.php(0)
VQModObject::applyMod - SEARCH NOT FOUND (SKIPPED): if (is_file(DIR_SYSTEM . 'library/journal3/vendor/SuperCache

----------------------------------------------------------------------


---------- Date: 2026-04-02 08:07:30 ~ IP : 185.179.188.62 ----------
REQUEST URI : /system/config.php
MOD DETAILS:
   modFile   : /home/canmotalka/web/can-motalka.ru/public_html/vqmod/xml/lightning.xml
   id        : OpenCart Lightning
   version   : 3.37
   vqmver    : 
   author    : MaxD http://devs.mx

File Name    : system/library/cache.php(0)
VQModObject::applyMod - SEARCH NOT FOUND (SKIPPED): if (is_file(DIR_SYSTEM . 'library/journal3/vendor/SuperCache

----------------------------------------------------------------------


---------- Date: 2026-04-02 08:08:00 ~ IP : 185.179.188.62 ----------
REQUEST URI : /admin.7z
MOD DETAILS:
   modFile   : /home/canmotalka/web/can-motalka.ru/public_html/vqmod/xml/lightning.xml
   id        : OpenCart Lightning
   version   : 3.37
   vqmver    : 
   author    : MaxD http://devs.mx

File Name    : system/library/cache.php(0)
VQModObject::applyMod - SEARCH NOT FOUND (SKIPPED): if (is_file(DIR_SYSTEM . 'library/journal3/vendor/SuperCache

----------------------------------------------------------------------


---------- Date: 2026-04-02 08:08:43 ~ IP : 185.179.188.62 ----------
REQUEST URI : /index.php?route=information/information&amp;information_id=6
MOD DETAILS:
   modFile   : /home/canmotalka/web/can-motalka.ru/public_html/vqmod/xml/lightning.xml
   id        : OpenCart Lightning
   version   : 3.37
   vqmver    : 
   author    : MaxD http://devs.mx

File Name    : system/library/cache.php(0)
VQModObject::applyMod - SEARCH NOT FOUND (SKIPPED): if (is_file(DIR_SYSTEM . 'library/journal3/vendor/SuperCache

----------------------------------------------------------------------


---------- Date: 2026-04-02 08:08:45 ~ IP : 185.179.188.62 ----------
REQUEST URI : /dostavka-i-oplata/
MOD DETAILS:
   modFile   : /home/canmotalka/web/can-motalka.ru/public_html/vqmod/xml/lightning.xml
   id        : OpenCart Lightning
   version   : 3.37
   vqmver    : 
   author    : MaxD http://devs.mx

File Name    : system/library/cache.php(0)
VQModObject::applyMod - SEARCH NOT FOUND (SKIPPED): if (is_file(DIR_SYSTEM . 'library/journal3/vendor/SuperCache

----------------------------------------------------------------------


---------- Date: 2026-04-02 08:08:51 ~ IP : 185.179.188.62 ----------
REQUEST URI : /index.php?route=module/popupcart_extended
MOD DETAILS:
   modFile   : /home/canmotalka/web/can-motalka.ru/public_html/vqmod/xml/lightning.xml
   id        : OpenCart Lightning
   version   : 3.37
   vqmver    : 
   author    : MaxD http://devs.mx

File Name    : system/library/cache.php(0)
VQModObject::applyMod - SEARCH NOT FOUND (SKIPPED): if (is_file(DIR_SYSTEM . 'library/journal3/vendor/SuperCache

----------------------------------------------------------------------


---------- Date: 2026-04-02 08:08:52 ~ IP : 185.179.188.62 ----------
REQUEST URI : /setting_php/zdorovie-soveti/307-kupit-indiyskuy-viagru-sortavala/
MOD DETAILS:
   modFile   : /home/canmotalka/web/can-motalka.ru/public_html/vqmod/xml/lightning.xml
   id        : OpenCart Lightning
   version   : 3.37
   vqmver    : 
   author    : MaxD http://devs.mx

File Name    : system/library/cache.php(0)
VQModObject::applyMod - SEARCH NOT FOUND (SKIPPED): if (is_file(DIR_SYSTEM . 'library/journal3/vendor/SuperCache

----------------------------------------------------------------------


---------- Date: 2026-04-02 08:10:00 ~ IP : 185.179.188.62 ----------
REQUEST URI : /.env.local
MOD DETAILS:
   modFile   : /home/canmotalka/web/can-motalka.ru/public_html/vqmod/xml/lightning.xml
   id        : OpenCart Lightning
   version   : 3.37
   vqmver    : 
   author    : MaxD http://devs.mx

File Name    : system/library/cache.php(0)
VQModObject::applyMod - SEARCH NOT FOUND (SKIPPED): if (is_file(DIR_SYSTEM . 'library/journal3/vendor/SuperCache

----------------------------------------------------------------------


---------- Date: 2026-04-02 08:10:34 ~ IP : 185.179.188.62 ----------
REQUEST URI : /namotchik-probega-dlya-kia-ceed/
MOD DETAILS:
   modFile   : /home/canmotalka/web/can-motalka.ru/public_html/vqmod/xml/lightning.xml
   id        : OpenCart Lightning
   version   : 3.37
   vqmver    : 
   author    : MaxD http://devs.mx

File Name    : system/library/cache.php(0)
VQModObject::applyMod - SEARCH NOT FOUND (SKIPPED): if (is_file(DIR_SYSTEM . 'library/journal3/vendor/SuperCache

----------------------------------------------------------------------


---------- Date: 2026-04-02 08:10:39 ~ IP : 185.179.188.62 ----------
REQUEST URI : /index.php?route=module/popupcart_extended
MOD DETAILS:
   modFile   : /home/canmotalka/web/can-motalka.ru/public_html/vqmod/xml/lightning.xml
   id        : OpenCart Lightning
   version   : 3.37
   vqmver    : 
   author    : MaxD http://devs.mx

File Name    : system/library/cache.php(0)
VQModObject::applyMod - SEARCH NOT FOUND (SKIPPED): if (is_file(DIR_SYSTEM . 'library/journal3/vendor/SuperCache

----------------------------------------------------------------------


---------- Date: 2026-04-02 08:11:09 ~ IP : 185.179.188.62 ----------
REQUEST URI : /podmotka-krutilka-spidometra-gazel-biznes-benzin-evotec-ili-cummins/
MOD DETAILS:
   modFile   : /home/canmotalka/web/can-motalka.ru/public_html/vqmod/xml/lightning.xml
   id        : OpenCart Lightning
   version   : 3.37
   vqmver    : 
   author    : MaxD http://devs.mx

File Name    : system/library/cache.php(0)
VQModObject::applyMod - SEARCH NOT FOUND (SKIPPED): if (is_file(DIR_SYSTEM . 'library/journal3/vendor/SuperCache

----------------------------------------------------------------------


---------- Date: 2026-04-02 08:11:26 ~ IP : 185.179.188.62 ----------
REQUEST URI : /instrukciya-podmotka-kamaz/?ysclid=mnh0ou39i9941972166
MOD DETAILS:
   modFile   : /home/canmotalka/web/can-motalka.ru/public_html/vqmod/xml/lightning.xml
   id        : OpenCart Lightning
   version   : 3.37
   vqmver    : 
   author    : MaxD http://devs.mx

File Name    : system/library/cache.php(0)
VQModObject::applyMod - SEARCH NOT FOUND (SKIPPED): if (is_file(DIR_SYSTEM . 'library/journal3/vendor/SuperCache

----------------------------------------------------------------------


---------- Date: 2026-04-02 08:11:26 ~ IP : 185.179.188.62 ----------
REQUEST URI : /instrukciya-podmotka-kamaz/
MOD DETAILS:
   modFile   : /home/canmotalka/web/can-motalka.ru/public_html/vqmod/xml/lightning.xml
   id        : OpenCart Lightning
   version   : 3.37
   vqmver    : 
   author    : MaxD http://devs.mx

File Name    : system/library/cache.php(0)
VQModObject::applyMod - SEARCH NOT FOUND (SKIPPED): if (is_file(DIR_SYSTEM . 'library/journal3/vendor/SuperCache

----------------------------------------------------------------------


---------- Date: 2026-04-02 08:11:27 ~ IP : 185.179.188.62 ----------
REQUEST URI : /index.php?route=module/popupcart_extended
MOD DETAILS:
   modFile   : /home/canmotalka/web/can-motalka.ru/public_html/vqmod/xml/lightning.xml
   id        : OpenCart Lightning
   version   : 3.37
   vqmver    : 
   author    : MaxD http://devs.mx

File Name    : system/library/cache.php(0)
VQModObject::applyMod - SEARCH NOT FOUND (SKIPPED): if (is_file(DIR_SYSTEM . 'library/journal3/vendor/SuperCache

----------------------------------------------------------------------


---------- Date: 2026-04-02 08:11:34 ~ IP : 185.179.188.62 ----------
REQUEST URI : /namotchik-probega-dlya-infiniti-g35/
MOD DETAILS:
   modFile   : /home/canmotalka/web/can-motalka.ru/public_html/vqmod/xml/lightning.xml
   id        : OpenCart Lightning
   version   : 3.37
   vqmver    : 
   author    : MaxD http://devs.mx

File Name    : system/library/cache.php(0)
VQModObject::applyMod - SEARCH NOT FOUND (SKIPPED): if (is_file(DIR_SYSTEM . 'library/journal3/vendor/SuperCache

----------------------------------------------------------------------


---------- Date: 2026-04-02 08:11:36 ~ IP : 185.179.188.62 ----------
REQUEST URI : /instrukciya-podmotka-kamaz/
MOD DETAILS:
   modFile   : /home/canmotalka/web/can-motalka.ru/public_html/vqmod/xml/lightning.xml
   id        : OpenCart Lightning
   version   : 3.37
   vqmver    : 
   author    : MaxD http://devs.mx

File Name    : system/library/cache.php(0)
VQModObject::applyMod - SEARCH NOT FOUND (SKIPPED): if (is_file(DIR_SYSTEM . 'library/journal3/vendor/SuperCache

----------------------------------------------------------------------


---------- Date: 2026-04-02 08:11:38 ~ IP : 185.179.188.62 ----------
REQUEST URI : /index.php?route=module/popupcart_extended
MOD DETAILS:
   modFile   : /home/canmotalka/web/can-motalka.ru/public_html/vqmod/xml/lightning.xml
   id        : OpenCart Lightning
   version   : 3.37
   vqmver    : 
   author    : MaxD http://devs.mx

File Name    : system/library/cache.php(0)
VQModObject::applyMod - SEARCH NOT FOUND (SKIPPED): if (is_file(DIR_SYSTEM . 'library/journal3/vendor/SuperCache

----------------------------------------------------------------------


---------- Date: 2026-04-02 08:12:27 ~ IP : 185.179.188.62 ----------
REQUEST URI : /instrukciya-podmotka-kamaz/
MOD DETAILS:
   modFile   : /home/canmotalka/web/can-motalka.ru/public_html/vqmod/xml/lightning.xml
   id        : OpenCart Lightning
   version   : 3.37
   vqmver    : 
   author    : MaxD http://devs.mx

File Name    : system/library/cache.php(0)
VQModObject::applyMod - SEARCH NOT FOUND (SKIPPED): if (is_file(DIR_SYSTEM . 'library/journal3/vendor/SuperCache

----------------------------------------------------------------------


---------- Date: 2026-04-02 08:12:29 ~ IP : 185.179.188.62 ----------
REQUEST URI : /index.php?route=module/popupcart_extended
MOD DETAILS:
   modFile   : /home/canmotalka/web/can-motalka.ru/public_html/vqmod/xml/lightning.xml
   id        : OpenCart Lightning
   version   : 3.37
   vqmver    : 
   author    : MaxD http://devs.mx

File Name    : system/library/cache.php(0)
VQModObject::applyMod - SEARCH NOT FOUND (SKIPPED): if (is_file(DIR_SYSTEM . 'library/journal3/vendor/SuperCache

----------------------------------------------------------------------


---------- Date: 2026-04-02 08:12:51 ~ IP : 185.179.188.62 ----------
REQUEST URI : /index.php?route=module/popupcart_extended
MOD DETAILS:
   modFile   : /home/canmotalka/web/can-motalka.ru/public_html/vqmod/xml/lightning.xml
   id        : OpenCart Lightning
   version   : 3.37
   vqmver    : 
   author    : MaxD http://devs.mx

File Name    : system/library/cache.php(0)
VQModObject::applyMod - SEARCH NOT FOUND (SKIPPED): if (is_file(DIR_SYSTEM . 'library/journal3/vendor/SuperCache

----------------------------------------------------------------------


---------- Date: 2026-04-02 08:14:35 ~ IP : 185.179.188.62 ----------
REQUEST URI : /admin/config.php
MOD DETAILS:
   modFile   : /home/canmotalka/web/can-motalka.ru/public_html/vqmod/xml/lightning.xml
   id        : OpenCart Lightning
   version   : 3.37
   vqmver    : 
   author    : MaxD http://devs.mx

File Name    : system/library/cache.php(0)
VQModObject::applyMod - SEARCH NOT FOUND (SKIPPED): if (is_file(DIR_SYSTEM . 'library/journal3/vendor/SuperCache

----------------------------------------------------------------------


---------- Date: 2026-04-02 08:14:41 ~ IP : 185.179.188.62 ----------
REQUEST URI : /podmotka_uaz_re/
MOD DETAILS:
   modFile   : /home/canmotalka/web/can-motalka.ru/public_html/vqmod/xml/lightning.xml
   id        : OpenCart Lightning
   version   : 3.37
   vqmver    : 
   author    : MaxD http://devs.mx

File Name    : system/library/cache.php(0)
VQModObject::applyMod - SEARCH NOT FOUND (SKIPPED): if (is_file(DIR_SYSTEM . 'library/journal3/vendor/SuperCache

----------------------------------------------------------------------


---------- Date: 2026-04-02 08:14:45 ~ IP : 185.179.188.62 ----------
REQUEST URI : /config.php.html
MOD DETAILS:
   modFile   : /home/canmotalka/web/can-motalka.ru/public_html/vqmod/xml/lightning.xml
   id        : OpenCart Lightning
   version   : 3.37
   vqmver    : 
   author    : MaxD http://devs.mx

File Name    : system/library/cache.php(0)
VQModObject::applyMod - SEARCH NOT FOUND (SKIPPED): if (is_file(DIR_SYSTEM . 'library/journal3/vendor/SuperCache

----------------------------------------------------------------------


---------- Date: 2026-04-02 08:15:18 ~ IP : 185.179.188.62 ----------
REQUEST URI : /index.php?route=module/popupcart_extended
MOD DETAILS:
   modFile   : /home/canmotalka/web/can-motalka.ru/public_html/vqmod/xml/lightning.xml
   id        : OpenCart Lightning
   version   : 3.37
   vqmver    : 
   author    : MaxD http://devs.mx

File Name    : system/library/cache.php(0)
VQModObject::applyMod - SEARCH NOT FOUND (SKIPPED): if (is_file(DIR_SYSTEM . 'library/journal3/vendor/SuperCache

----------------------------------------------------------------------


---------- Date: 2026-04-02 08:25:35 ~ IP : 185.179.188.62 ----------
REQUEST URI : /podmotka-spidometra-uaz-patriot/
MOD DETAILS:
   modFile   : /home/canmotalka/web/can-motalka.ru/public_html/vqmod/xml/lightning.xml
   id        : OpenCart Lightning
   version   : 3.37
   vqmver    : 
   author    : MaxD http://devs.mx

File Name    : system/library/cache.php(0)
VQModObject::applyMod - SEARCH NOT FOUND (SKIPPED): if (is_file(DIR_SYSTEM . 'library/journal3/vendor/SuperCache

----------------------------------------------------------------------


---------- Date: 2026-04-02 08:25:37 ~ IP : 185.179.188.62 ----------
REQUEST URI : /index.php?route=module/popupcart_extended
MOD DETAILS:
   modFile   : /home/canmotalka/web/can-motalka.ru/public_html/vqmod/xml/lightning.xml
   id        : OpenCart Lightning
   version   : 3.37
   vqmver    : 
   author    : MaxD http://devs.mx

File Name    : system/library/cache.php(0)
VQModObject::applyMod - SEARCH NOT FOUND (SKIPPED): if (is_file(DIR_SYSTEM . 'library/journal3/vendor/SuperCache

----------------------------------------------------------------------


---------- Date: 2026-04-02 08:25:37 ~ IP : 185.179.188.62 ----------
REQUEST URI : /index.php?route=product/product/review&amp;product_id=277
MOD DETAILS:
   modFile   : /home/canmotalka/web/can-motalka.ru/public_html/vqmod/xml/lightning.xml
   id        : OpenCart Lightning
   version   : 3.37
   vqmver    : 
   author    : MaxD http://devs.mx

File Name    : system/library/cache.php(0)
VQModObject::applyMod - SEARCH NOT FOUND (SKIPPED): if (is_file(DIR_SYSTEM . 'library/journal3/vendor/SuperCache

----------------------------------------------------------------------


---------- Date: 2026-04-02 08:26:14 ~ IP : 185.179.188.62 ----------
REQUEST URI : /index.php?route=common/footer/click_counter
MOD DETAILS:
   modFile   : /home/canmotalka/web/can-motalka.ru/public_html/vqmod/xml/lightning.xml
   id        : OpenCart Lightning
   version   : 3.37
   vqmver    : 
   author    : MaxD http://devs.mx

File Name    : system/library/cache.php(0)
VQModObject::applyMod - SEARCH NOT FOUND (SKIPPED): if (is_file(DIR_SYSTEM . 'library/journal3/vendor/SuperCache

----------------------------------------------------------------------


---------- Date: 2026-04-02 08:29:09 ~ IP : 185.179.188.62 ----------
REQUEST URI : /namotchik-probega-dlya-uaz-patriot-konec-do-2016-zelenyy-displey/?ysclid=mnh1bkqwby128241558
MOD DETAILS:
   modFile   : /home/canmotalka/web/can-motalka.ru/public_html/vqmod/xml/lightning.xml
   id        : OpenCart Lightning
   version   : 3.37
   vqmver    : 
   author    : MaxD http://devs.mx

File Name    : system/library/cache.php(0)
VQModObject::applyMod - SEARCH NOT FOUND (SKIPPED): if (is_file(DIR_SYSTEM . 'library/journal3/vendor/SuperCache

----------------------------------------------------------------------


---------- Date: 2026-04-02 08:29:10 ~ IP : 185.179.188.62 ----------
REQUEST URI : /namotchik-probega-dlya-uaz-patriot-konec-do-2016-zelenyy-displey/
MOD DETAILS:
   modFile   : /home/canmotalka/web/can-motalka.ru/public_html/vqmod/xml/lightning.xml
   id        : OpenCart Lightning
   version   : 3.37
   vqmver    : 
   author    : MaxD http://devs.mx

File Name    : system/library/cache.php(0)
VQModObject::applyMod - SEARCH NOT FOUND (SKIPPED): if (is_file(DIR_SYSTEM . 'library/journal3/vendor/SuperCache

----------------------------------------------------------------------


---------- Date: 2026-04-02 08:29:12 ~ IP : 185.179.188.62 ----------
REQUEST URI : /index.php?route=product/product/review&amp;product_id=262
MOD DETAILS:
   modFile   : /home/canmotalka/web/can-motalka.ru/public_html/vqmod/xml/lightning.xml
   id        : OpenCart Lightning
   version   : 3.37
   vqmver    : 
   author    : MaxD http://devs.mx

File Name    : system/library/cache.php(0)
VQModObject::applyMod - SEARCH NOT FOUND (SKIPPED): if (is_file(DIR_SYSTEM . 'library/journal3/vendor/SuperCache

----------------------------------------------------------------------


---------- Date: 2026-04-02 08:30:28 ~ IP : 185.179.188.62 ----------
REQUEST URI : /motalka_spidometra/
MOD DETAILS:
   modFile   : /home/canmotalka/web/can-motalka.ru/public_html/vqmod/xml/lightning.xml
   id        : OpenCart Lightning
   version   : 3.37
   vqmver    : 
   author    : MaxD http://devs.mx

File Name    : system/library/cache.php(0)
VQModObject::applyMod - SEARCH NOT FOUND (SKIPPED): if (is_file(DIR_SYSTEM . 'library/journal3/vendor/SuperCache

----------------------------------------------------------------------


---------- Date: 2026-04-02 08:30:29 ~ IP : 185.179.188.62 ----------
REQUEST URI : /index.php?route=module/popupcart_extended
MOD DETAILS:
   modFile   : /home/canmotalka/web/can-motalka.ru/public_html/vqmod/xml/lightning.xml
   id        : OpenCart Lightning
   version   : 3.37
   vqmver    : 
   author    : MaxD http://devs.mx

File Name    : system/library/cache.php(0)
VQModObject::applyMod - SEARCH NOT FOUND (SKIPPED): if (is_file(DIR_SYSTEM . 'library/journal3/vendor/SuperCache

----------------------------------------------------------------------


---------- Date: 2026-04-02 08:33:35 ~ IP : 185.179.188.62 ----------
REQUEST URI : /podmotka-spidometra-fiat-ducato/?ysclid=mnh1hakz9k13370026
MOD DETAILS:
   modFile   : /home/canmotalka/web/can-motalka.ru/public_html/vqmod/xml/lightning.xml
   id        : OpenCart Lightning
   version   : 3.37
   vqmver    : 
   author    : MaxD http://devs.mx

File Name    : system/library/cache.php(0)
VQModObject::applyMod - SEARCH NOT FOUND (SKIPPED): if (is_file(DIR_SYSTEM . 'library/journal3/vendor/SuperCache

----------------------------------------------------------------------


---------- Date: 2026-04-02 08:33:35 ~ IP : 185.179.188.62 ----------
REQUEST URI : /podmotka-spidometra-fiat-ducato/
MOD DETAILS:
   modFile   : /home/canmotalka/web/can-motalka.ru/public_html/vqmod/xml/lightning.xml
   id        : OpenCart Lightning
   version   : 3.37
   vqmver    : 
   author    : MaxD http://devs.mx

File Name    : system/library/cache.php(0)
VQModObject::applyMod - SEARCH NOT FOUND (SKIPPED): if (is_file(DIR_SYSTEM . 'library/journal3/vendor/SuperCache

----------------------------------------------------------------------


---------- Date: 2026-04-02 08:33:36 ~ IP : 185.179.188.62 ----------
REQUEST URI : /index.php?route=product/product/review&amp;product_id=94
MOD DETAILS:
   modFile   : /home/canmotalka/web/can-motalka.ru/public_html/vqmod/xml/lightning.xml
   id        : OpenCart Lightning
   version   : 3.37
   vqmver    : 
   author    : MaxD http://devs.mx

File Name    : system/library/cache.php(0)
VQModObject::applyMod - SEARCH NOT FOUND (SKIPPED): if (is_file(DIR_SYSTEM . 'library/journal3/vendor/SuperCache

----------------------------------------------------------------------


---------- Date: 2026-04-02 08:33:36 ~ IP : 185.179.188.62 ----------
REQUEST URI : /index.php?route=module/popupcart_extended
MOD DETAILS:
   modFile   : /home/canmotalka/web/can-motalka.ru/public_html/vqmod/xml/lightning.xml
   id        : OpenCart Lightning
   version   : 3.37
   vqmver    : 
   author    : MaxD http://devs.mx

File Name    : system/library/cache.php(0)
VQModObject::applyMod - SEARCH NOT FOUND (SKIPPED): if (is_file(DIR_SYSTEM . 'library/journal3/vendor/SuperCache

----------------------------------------------------------------------


---------- Date: 2026-04-02 08:34:29 ~ IP : 185.179.188.62 ----------
REQUEST URI : /largus_manual/
MOD DETAILS:
   modFile   : /home/canmotalka/web/can-motalka.ru/public_html/vqmod/xml/lightning.xml
   id        : OpenCart Lightning
   version   : 3.37
   vqmver    : 
   author    : MaxD http://devs.mx

File Name    : system/library/cache.php(0)
VQModObject::applyMod - SEARCH NOT FOUND (SKIPPED): if (is_file(DIR_SYSTEM . 'library/journal3/vendor/SuperCache

----------------------------------------------------------------------


---------- Date: 2026-04-02 08:35:57 ~ IP : 185.179.188.62 ----------
REQUEST URI : /setting_php/vardenafil/157-zakazat-levitru-viagru-budennovsk/
MOD DETAILS:
   modFile   : /home/canmotalka/web/can-motalka.ru/public_html/vqmod/xml/lightning.xml
   id        : OpenCart Lightning
   version   : 3.37
   vqmver    : 
   author    : MaxD http://devs.mx

File Name    : system/library/cache.php(0)
VQModObject::applyMod - SEARCH NOT FOUND (SKIPPED): if (is_file(DIR_SYSTEM . 'library/journal3/vendor/SuperCache

----------------------------------------------------------------------


---------- Date: 2026-04-02 08:38:22 ~ IP : 185.179.188.62 ----------
REQUEST URI : /podmotka-spidometra-fiat-ducato/
MOD DETAILS:
   modFile   : /home/canmotalka/web/can-motalka.ru/public_html/vqmod/xml/lightning.xml
   id        : OpenCart Lightning
   version   : 3.37
   vqmver    : 
   author    : MaxD http://devs.mx

File Name    : system/library/cache.php(0)
VQModObject::applyMod - SEARCH NOT FOUND (SKIPPED): if (is_file(DIR_SYSTEM . 'library/journal3/vendor/SuperCache

----------------------------------------------------------------------


---------- Date: 2026-04-02 08:39:23 ~ IP : 185.179.188.62 ----------
REQUEST URI : /podmotka-spidometra-fiat-ducato/
MOD DETAILS:
   modFile   : /home/canmotalka/web/can-motalka.ru/public_html/vqmod/xml/lightning.xml
   id        : OpenCart Lightning
   version   : 3.37
   vqmver    : 
   author    : MaxD http://devs.mx

File Name    : system/library/cache.php(0)
VQModObject::applyMod - SEARCH NOT FOUND (SKIPPED): if (is_file(DIR_SYSTEM . 'library/journal3/vendor/SuperCache

----------------------------------------------------------------------


---------- Date: 2026-04-02 08:40:32 ~ IP : 185.179.188.62 ----------
REQUEST URI : /podmotka-spidometra-vesta/
MOD DETAILS:
   modFile   : /home/canmotalka/web/can-motalka.ru/public_html/vqmod/xml/lightning.xml
   id        : OpenCart Lightning
   version   : 3.37
   vqmver    : 
   author    : MaxD http://devs.mx

File Name    : system/library/cache.php(0)
VQModObject::applyMod - SEARCH NOT FOUND (SKIPPED): if (is_file(DIR_SYSTEM . 'library/journal3/vendor/SuperCache

----------------------------------------------------------------------


---------- Date: 2026-04-02 08:40:33 ~ IP : 185.179.188.62 ----------
REQUEST URI : /index.php?route=product/product/review&amp;product_id=247
MOD DETAILS:
   modFile   : /home/canmotalka/web/can-motalka.ru/public_html/vqmod/xml/lightning.xml
   id        : OpenCart Lightning
   version   : 3.37
   vqmver    : 
   author    : MaxD http://devs.mx

File Name    : system/library/cache.php(0)
VQModObject::applyMod - SEARCH NOT FOUND (SKIPPED): if (is_file(DIR_SYSTEM . 'library/journal3/vendor/SuperCache

----------------------------------------------------------------------


---------- Date: 2026-04-02 08:40:33 ~ IP : 185.179.188.62 ----------
REQUEST URI : /index.php?route=module/popupcart_extended
MOD DETAILS:
   modFile   : /home/canmotalka/web/can-motalka.ru/public_html/vqmod/xml/lightning.xml
   id        : OpenCart Lightning
   version   : 3.37
   vqmver    : 
   author    : MaxD http://devs.mx

File Name    : system/library/cache.php(0)
VQModObject::applyMod - SEARCH NOT FOUND (SKIPPED): if (is_file(DIR_SYSTEM . 'library/journal3/vendor/SuperCache

----------------------------------------------------------------------


---------- Date: 2026-04-02 08:40:58 ~ IP : 185.179.188.62 ----------
REQUEST URI : /podmotka-spidometra-hyundai-ix35/
MOD DETAILS:
   modFile   : /home/canmotalka/web/can-motalka.ru/public_html/vqmod/xml/lightning.xml
   id        : OpenCart Lightning
   version   : 3.37
   vqmver    : 
   author    : MaxD http://devs.mx

File Name    : system/library/cache.php(0)
VQModObject::applyMod - SEARCH NOT FOUND (SKIPPED): if (is_file(DIR_SYSTEM . 'library/journal3/vendor/SuperCache

----------------------------------------------------------------------


---------- Date: 2026-04-02 08:40:58 ~ IP : 185.179.188.62 ----------
REQUEST URI : /index.php?route=module/popupcart_extended
MOD DETAILS:
   modFile   : /home/canmotalka/web/can-motalka.ru/public_html/vqmod/xml/lightning.xml
   id        : OpenCart Lightning
   version   : 3.37
   vqmver    : 
   author    : MaxD http://devs.mx

File Name    : system/library/cache.php(0)
VQModObject::applyMod - SEARCH NOT FOUND (SKIPPED): if (is_file(DIR_SYSTEM . 'library/journal3/vendor/SuperCache

----------------------------------------------------------------------


---------- Date: 2026-04-02 08:40:58 ~ IP : 185.179.188.62 ----------
REQUEST URI : /index.php?route=product/product/review&amp;product_id=78
MOD DETAILS:
   modFile   : /home/canmotalka/web/can-motalka.ru/public_html/vqmod/xml/lightning.xml
   id        : OpenCart Lightning
   version   : 3.37
   vqmver    : 
   author    : MaxD http://devs.mx

File Name    : system/library/cache.php(0)
VQModObject::applyMod - SEARCH NOT FOUND (SKIPPED): if (is_file(DIR_SYSTEM . 'library/journal3/vendor/SuperCache

----------------------------------------------------------------------


---------- Date: 2026-04-02 08:41:38 ~ IP : 185.179.188.62 ----------
REQUEST URI : /.well-known/traffic-advice
MOD DETAILS:
   modFile   : /home/canmotalka/web/can-motalka.ru/public_html/vqmod/xml/lightning.xml
   id        : OpenCart Lightning
   version   : 3.37
   vqmver    : 
   author    : MaxD http://devs.mx

File Name    : system/library/cache.php(0)
VQModObject::applyMod - SEARCH NOT FOUND (SKIPPED): if (is_file(DIR_SYSTEM . 'library/journal3/vendor/SuperCache

----------------------------------------------------------------------


---------- Date: 2026-04-02 08:41:39 ~ IP : 185.179.188.62 ----------
REQUEST URI : /podmotka_spidometra/
MOD DETAILS:
   modFile   : /home/canmotalka/web/can-motalka.ru/public_html/vqmod/xml/lightning.xml
   id        : OpenCart Lightning
   version   : 3.37
   vqmver    : 
   author    : MaxD http://devs.mx

File Name    : system/library/cache.php(0)
VQModObject::applyMod - SEARCH NOT FOUND (SKIPPED): if (is_file(DIR_SYSTEM . 'library/journal3/vendor/SuperCache

----------------------------------------------------------------------


---------- Date: 2026-04-02 08:42:35 ~ IP : 185.179.188.62 ----------
REQUEST URI : /podmotka-spidometra-hyundai-h1/?ysclid=mnh1so5k2442538895
MOD DETAILS:
   modFile   : /home/canmotalka/web/can-motalka.ru/public_html/vqmod/xml/lightning.xml
   id        : OpenCart Lightning
   version   : 3.37
   vqmver    : 
   author    : MaxD http://devs.mx

File Name    : system/library/cache.php(0)
VQModObject::applyMod - SEARCH NOT FOUND (SKIPPED): if (is_file(DIR_SYSTEM . 'library/journal3/vendor/SuperCache

----------------------------------------------------------------------


---------- Date: 2026-04-02 08:42:36 ~ IP : 185.179.188.62 ----------
REQUEST URI : /podmotka-spidometra-hyundai-h1/
MOD DETAILS:
   modFile   : /home/canmotalka/web/can-motalka.ru/public_html/vqmod/xml/lightning.xml
   id        : OpenCart Lightning
   version   : 3.37
   vqmver    : 
   author    : MaxD http://devs.mx

File Name    : system/library/cache.php(0)
VQModObject::applyMod - SEARCH NOT FOUND (SKIPPED): if (is_file(DIR_SYSTEM . 'library/journal3/vendor/SuperCache

----------------------------------------------------------------------


---------- Date: 2026-04-02 08:42:53 ~ IP : 185.179.188.62 ----------
REQUEST URI : /index.php?route=product/product/review&amp;product_id=297
MOD DETAILS:
   modFile   : /home/canmotalka/web/can-motalka.ru/public_html/vqmod/xml/lightning.xml
   id        : OpenCart Lightning
   version   : 3.37
   vqmver    : 
   author    : MaxD http://devs.mx

File Name    : system/library/cache.php(0)
VQModObject::applyMod - SEARCH NOT FOUND (SKIPPED): if (is_file(DIR_SYSTEM . 'library/journal3/vendor/SuperCache

----------------------------------------------------------------------


---------- Date: 2026-04-02 08:42:53 ~ IP : 185.179.188.62 ----------
REQUEST URI : /index.php?route=module/popupcart_extended
MOD DETAILS:
   modFile   : /home/canmotalka/web/can-motalka.ru/public_html/vqmod/xml/lightning.xml
   id        : OpenCart Lightning
   version   : 3.37
   vqmver    : 
   author    : MaxD http://devs.mx

File Name    : system/library/cache.php(0)
VQModObject::applyMod - SEARCH NOT FOUND (SKIPPED): if (is_file(DIR_SYSTEM . 'library/journal3/vendor/SuperCache

----------------------------------------------------------------------


---------- Date: 2026-04-02 08:43:52 ~ IP : 185.179.188.62 ----------
REQUEST URI : /podmotka-spidometra-hyundai-h1/
MOD DETAILS:
   modFile   : /home/canmotalka/web/can-motalka.ru/public_html/vqmod/xml/lightning.xml
   id        : OpenCart Lightning
   version   : 3.37
   vqmver    : 
   author    : MaxD http://devs.mx

File Name    : system/library/cache.php(0)
VQModObject::applyMod - SEARCH NOT FOUND (SKIPPED): if (is_file(DIR_SYSTEM . 'library/journal3/vendor/SuperCache

----------------------------------------------------------------------


---------- Date: 2026-04-02 08:47:53 ~ IP : 185.179.188.62 ----------
REQUEST URI : /?ysclid=mnh1zoh24n216485936
MOD DETAILS:
   modFile   : /home/canmotalka/web/can-motalka.ru/public_html/vqmod/xml/lightning.xml
   id        : OpenCart Lightning
   version   : 3.37
   vqmver    : 
   author    : MaxD http://devs.mx

File Name    : system/library/cache.php(0)
VQModObject::applyMod - SEARCH NOT FOUND (SKIPPED): if (is_file(DIR_SYSTEM . 'library/journal3/vendor/SuperCache

----------------------------------------------------------------------


---------- Date: 2026-04-02 08:48:01 ~ IP : 185.179.188.62 ----------
REQUEST URI : /podmotka-spidometra-citroen-jumper/
MOD DETAILS:
   modFile   : /home/canmotalka/web/can-motalka.ru/public_html/vqmod/xml/lightning.xml
   id        : OpenCart Lightning
   version   : 3.37
   vqmver    : 
   author    : MaxD http://devs.mx

File Name    : system/library/cache.php(0)
VQModObject::applyMod - SEARCH NOT FOUND (SKIPPED): if (is_file(DIR_SYSTEM . 'library/journal3/vendor/SuperCache

----------------------------------------------------------------------


---------- Date: 2026-04-02 08:48:01 ~ IP : 185.179.188.62 ----------
REQUEST URI : /index.php?route=product/product/review&amp;product_id=88
MOD DETAILS:
   modFile   : /home/canmotalka/web/can-motalka.ru/public_html/vqmod/xml/lightning.xml
   id        : OpenCart Lightning
   version   : 3.37
   vqmver    : 
   author    : MaxD http://devs.mx

File Name    : system/library/cache.php(0)
VQModObject::applyMod - SEARCH NOT FOUND (SKIPPED): if (is_file(DIR_SYSTEM . 'library/journal3/vendor/SuperCache

----------------------------------------------------------------------


---------- Date: 2026-04-02 08:48:24 ~ IP : 185.179.188.62 ----------
REQUEST URI : /index.php?route=module/popupcart_extended
MOD DETAILS:
   modFile   : /home/canmotalka/web/can-motalka.ru/public_html/vqmod/xml/lightning.xml
   id        : OpenCart Lightning
   version   : 3.37
   vqmver    : 
   author    : MaxD http://devs.mx

File Name    : system/library/cache.php(0)
VQModObject::applyMod - SEARCH NOT FOUND (SKIPPED): if (is_file(DIR_SYSTEM . 'library/journal3/vendor/SuperCache

----------------------------------------------------------------------


---------- Date: 2026-04-02 08:48:35 ~ IP : 185.179.188.62 ----------
REQUEST URI : /manuals/
MOD DETAILS:
   modFile   : /home/canmotalka/web/can-motalka.ru/public_html/vqmod/xml/lightning.xml
   id        : OpenCart Lightning
   version   : 3.37
   vqmver    : 
   author    : MaxD http://devs.mx

File Name    : system/library/cache.php(0)
VQModObject::applyMod - SEARCH NOT FOUND (SKIPPED): if (is_file(DIR_SYSTEM . 'library/journal3/vendor/SuperCache

----------------------------------------------------------------------


---------- Date: 2026-04-02 08:49:08 ~ IP : 185.179.188.62 ----------
REQUEST URI : /manuals/
MOD DETAILS:
   modFile   : /home/canmotalka/web/can-motalka.ru/public_html/vqmod/xml/lightning.xml
   id        : OpenCart Lightning
   version   : 3.37
   vqmver    : 
   author    : MaxD http://devs.mx

File Name    : system/library/cache.php(0)
VQModObject::applyMod - SEARCH NOT FOUND (SKIPPED): if (is_file(DIR_SYSTEM . 'library/journal3/vendor/SuperCache

----------------------------------------------------------------------


---------- Date: 2026-04-02 08:49:57 ~ IP : 185.179.188.62 ----------
REQUEST URI : /patriot_re/
MOD DETAILS:
   modFile   : /home/canmotalka/web/can-motalka.ru/public_html/vqmod/xml/lightning.xml
   id        : OpenCart Lightning
   version   : 3.37
   vqmver    : 
   author    : MaxD http://devs.mx

File Name    : system/library/cache.php(0)
VQModObject::applyMod - SEARCH NOT FOUND (SKIPPED): if (is_file(DIR_SYSTEM . 'library/journal3/vendor/SuperCache

----------------------------------------------------------------------


---------- Date: 2026-04-02 08:50:02 ~ IP : 185.179.188.62 ----------
REQUEST URI : /podmotka-spidometra-hyundai-h1/?ysclid=mnh2299e6850062661
MOD DETAILS:
   modFile   : /home/canmotalka/web/can-motalka.ru/public_html/vqmod/xml/lightning.xml
   id        : OpenCart Lightning
   version   : 3.37
   vqmver    : 
   author    : MaxD http://devs.mx

File Name    : system/library/cache.php(0)
VQModObject::applyMod - SEARCH NOT FOUND (SKIPPED): if (is_file(DIR_SYSTEM . 'library/journal3/vendor/SuperCache

----------------------------------------------------------------------


---------- Date: 2026-04-02 08:50:28 ~ IP : 185.179.188.62 ----------
REQUEST URI : /manuals/?page=2
MOD DETAILS:
   modFile   : /home/canmotalka/web/can-motalka.ru/public_html/vqmod/xml/lightning.xml
   id        : OpenCart Lightning
   version   : 3.37
   vqmver    : 
   author    : MaxD http://devs.mx

File Name    : system/library/cache.php(0)
VQModObject::applyMod - SEARCH NOT FOUND (SKIPPED): if (is_file(DIR_SYSTEM . 'library/journal3/vendor/SuperCache

----------------------------------------------------------------------


---------- Date: 2026-04-02 08:50:29 ~ IP : 185.179.188.62 ----------
REQUEST URI : /index.php?route=checkout/cart/add
MOD DETAILS:
   modFile   : /home/canmotalka/web/can-motalka.ru/public_html/vqmod/xml/lightning.xml
   id        : OpenCart Lightning
   version   : 3.37
   vqmver    : 
   author    : MaxD http://devs.mx

File Name    : system/library/cache.php(0)
VQModObject::applyMod - SEARCH NOT FOUND (SKIPPED): if (is_file(DIR_SYSTEM . 'library/journal3/vendor/SuperCache

----------------------------------------------------------------------


---------- Date: 2026-04-02 08:50:38 ~ IP : 185.179.188.62 ----------
REQUEST URI : /index.php?route=checkout/simplecheckout
MOD DETAILS:
   modFile   : /home/canmotalka/web/can-motalka.ru/public_html/vqmod/xml/lightning.xml
   id        : OpenCart Lightning
   version   : 3.37
   vqmver    : 
   author    : MaxD http://devs.mx

File Name    : system/library/cache.php(0)
VQModObject::applyMod - SEARCH NOT FOUND (SKIPPED): if (is_file(DIR_SYSTEM . 'library/journal3/vendor/SuperCache

----------------------------------------------------------------------


---------- Date: 2026-04-02 08:50:38 ~ IP : 185.179.188.62 ----------
REQUEST URI : /zakaz/
MOD DETAILS:
   modFile   : /home/canmotalka/web/can-motalka.ru/public_html/vqmod/xml/lightning.xml
   id        : OpenCart Lightning
   version   : 3.37
   vqmver    : 
   author    : MaxD http://devs.mx

File Name    : system/library/cache.php(0)
VQModObject::applyMod - SEARCH NOT FOUND (SKIPPED): if (is_file(DIR_SYSTEM . 'library/journal3/vendor/SuperCache

----------------------------------------------------------------------


---------- Date: 2026-04-02 08:51:44 ~ IP : 185.179.188.62 ----------
REQUEST URI : /patriot_re/
MOD DETAILS:
   modFile   : /home/canmotalka/web/can-motalka.ru/public_html/vqmod/xml/lightning.xml
   id        : OpenCart Lightning
   version   : 3.37
   vqmver    : 
   author    : MaxD http://devs.mx

File Name    : system/library/cache.php(0)
VQModObject::applyMod - SEARCH NOT FOUND (SKIPPED): if (is_file(DIR_SYSTEM . 'library/journal3/vendor/SuperCache

----------------------------------------------------------------------


---------- Date: 2026-04-02 08:52:15 ~ IP : 185.179.188.62 ----------
REQUEST URI : /zakaz/
MOD DETAILS:
   modFile   : /home/canmotalka/web/can-motalka.ru/public_html/vqmod/xml/lightning.xml
   id        : OpenCart Lightning
   version   : 3.37
   vqmver    : 
   author    : MaxD http://devs.mx

File Name    : system/library/cache.php(0)
VQModObject::applyMod - SEARCH NOT FOUND (SKIPPED): if (is_file(DIR_SYSTEM . 'library/journal3/vendor/SuperCache

----------------------------------------------------------------------


---------- Date: 2026-04-02 08:52:55 ~ IP : 185.179.188.62 ----------
REQUEST URI : /largus_manual/
MOD DETAILS:
   modFile   : /home/canmotalka/web/can-motalka.ru/public_html/vqmod/xml/lightning.xml
   id        : OpenCart Lightning
   version   : 3.37
   vqmver    : 
   author    : MaxD http://devs.mx

File Name    : system/library/cache.php(0)
VQModObject::applyMod - SEARCH NOT FOUND (SKIPPED): if (is_file(DIR_SYSTEM . 'library/journal3/vendor/SuperCache

----------------------------------------------------------------------


---------- Date: 2026-04-02 08:54:21 ~ IP : 185.179.188.62 ----------
REQUEST URI : /instrukciya-podmotka-vesta/?ysclid=mnh27zvz11659644068
MOD DETAILS:
   modFile   : /home/canmotalka/web/can-motalka.ru/public_html/vqmod/xml/lightning.xml
   id        : OpenCart Lightning
   version   : 3.37
   vqmver    : 
   author    : MaxD http://devs.mx

File Name    : system/library/cache.php(0)
VQModObject::applyMod - SEARCH NOT FOUND (SKIPPED): if (is_file(DIR_SYSTEM . 'library/journal3/vendor/SuperCache

----------------------------------------------------------------------


---------- Date: 2026-04-02 08:54:21 ~ IP : 185.179.188.62 ----------
REQUEST URI : /instrukciya-podmotka-vesta/
MOD DETAILS:
   modFile   : /home/canmotalka/web/can-motalka.ru/public_html/vqmod/xml/lightning.xml
   id        : OpenCart Lightning
   version   : 3.37
   vqmver    : 
   author    : MaxD http://devs.mx

File Name    : system/library/cache.php(0)
VQModObject::applyMod - SEARCH NOT FOUND (SKIPPED): if (is_file(DIR_SYSTEM . 'library/journal3/vendor/SuperCache

----------------------------------------------------------------------


---------- Date: 2026-04-02 08:54:23 ~ IP : 185.179.188.62 ----------
REQUEST URI : /index.php?route=module/popupcart_extended
MOD DETAILS:
   modFile   : /home/canmotalka/web/can-motalka.ru/public_html/vqmod/xml/lightning.xml
   id        : OpenCart Lightning
   version   : 3.37
   vqmver    : 
   author    : MaxD http://devs.mx

File Name    : system/library/cache.php(0)
VQModObject::applyMod - SEARCH NOT FOUND (SKIPPED): if (is_file(DIR_SYSTEM . 'library/journal3/vendor/SuperCache

----------------------------------------------------------------------


---------- Date: 2026-04-02 08:55:03 ~ IP : 185.179.188.62 ----------
REQUEST URI : /niva_abs_re/?ysclid=mnh28xg7hj515198570
MOD DETAILS:
   modFile   : /home/canmotalka/web/can-motalka.ru/public_html/vqmod/xml/lightning.xml
   id        : OpenCart Lightning
   version   : 3.37
   vqmver    : 
   author    : MaxD http://devs.mx

File Name    : system/library/cache.php(0)
VQModObject::applyMod - SEARCH NOT FOUND (SKIPPED): if (is_file(DIR_SYSTEM . 'library/journal3/vendor/SuperCache

----------------------------------------------------------------------


---------- Date: 2026-04-02 08:55:04 ~ IP : 185.179.188.62 ----------
REQUEST URI : /niva_abs_re/
MOD DETAILS:
   modFile   : /home/canmotalka/web/can-motalka.ru/public_html/vqmod/xml/lightning.xml
   id        : OpenCart Lightning
   version   : 3.37
   vqmver    : 
   author    : MaxD http://devs.mx

File Name    : system/library/cache.php(0)
VQModObject::applyMod - SEARCH NOT FOUND (SKIPPED): if (is_file(DIR_SYSTEM . 'library/journal3/vendor/SuperCache

----------------------------------------------------------------------


---------- Date: 2026-04-02 08:55:05 ~ IP : 185.179.188.62 ----------
REQUEST URI : /index.php?route=module/popupcart_extended
MOD DETAILS:
   modFile   : /home/canmotalka/web/can-motalka.ru/public_html/vqmod/xml/lightning.xml
   id        : OpenCart Lightning
   version   : 3.37
   vqmver    : 
   author    : MaxD http://devs.mx

File Name    : system/library/cache.php(0)
VQModObject::applyMod - SEARCH NOT FOUND (SKIPPED): if (is_file(DIR_SYSTEM . 'library/journal3/vendor/SuperCache

----------------------------------------------------------------------


---------- Date: 2026-04-02 08:55:39 ~ IP : 185.179.188.62 ----------
REQUEST URI : /?ysclid=mnh29ns1a549049670
MOD DETAILS:
   modFile   : /home/canmotalka/web/can-motalka.ru/public_html/vqmod/xml/lightning.xml
   id        : OpenCart Lightning
   version   : 3.37
   vqmver    : 
   author    : MaxD http://devs.mx

File Name    : system/library/cache.php(0)
VQModObject::applyMod - SEARCH NOT FOUND (SKIPPED): if (is_file(DIR_SYSTEM . 'library/journal3/vendor/SuperCache

----------------------------------------------------------------------


---------- Date: 2026-04-02 08:55:49 ~ IP : 185.179.188.62 ----------
REQUEST URI : /instrukciya-dlya-podmotki-lada-niva/?ysclid=mnh29wmj9b916347650
MOD DETAILS:
   modFile   : /home/canmotalka/web/can-motalka.ru/public_html/vqmod/xml/lightning.xml
   id        : OpenCart Lightning
   version   : 3.37
   vqmver    : 
   author    : MaxD http://devs.mx

File Name    : system/library/cache.php(0)
VQModObject::applyMod - SEARCH NOT FOUND (SKIPPED): if (is_file(DIR_SYSTEM . 'library/journal3/vendor/SuperCache

----------------------------------------------------------------------


---------- Date: 2026-04-02 08:55:50 ~ IP : 185.179.188.62 ----------
REQUEST URI : /instrukciya-dlya-podmotki-lada-niva/
MOD DETAILS:
   modFile   : /home/canmotalka/web/can-motalka.ru/public_html/vqmod/xml/lightning.xml
   id        : OpenCart Lightning
   version   : 3.37
   vqmver    : 
   author    : MaxD http://devs.mx

File Name    : system/library/cache.php(0)
VQModObject::applyMod - SEARCH NOT FOUND (SKIPPED): if (is_file(DIR_SYSTEM . 'library/journal3/vendor/SuperCache

----------------------------------------------------------------------


---------- Date: 2026-04-02 08:58:19 ~ IP : 185.179.188.62 ----------
REQUEST URI : /instrukciya-podmotka-kamaz/?ysclid=mnh2d3e5zh557862915
MOD DETAILS:
   modFile   : /home/canmotalka/web/can-motalka.ru/public_html/vqmod/xml/lightning.xml
   id        : OpenCart Lightning
   version   : 3.37
   vqmver    : 
   author    : MaxD http://devs.mx

File Name    : system/library/cache.php(0)
VQModObject::applyMod - SEARCH NOT FOUND (SKIPPED): if (is_file(DIR_SYSTEM . 'library/journal3/vendor/SuperCache

----------------------------------------------------------------------


---------- Date: 2026-04-02 08:58:20 ~ IP : 185.179.188.62 ----------
REQUEST URI : /instrukciya-podmotka-kamaz/
MOD DETAILS:
   modFile   : /home/canmotalka/web/can-motalka.ru/public_html/vqmod/xml/lightning.xml
   id        : OpenCart Lightning
   version   : 3.37
   vqmver    : 
   author    : MaxD http://devs.mx

File Name    : system/library/cache.php(0)
VQModObject::applyMod - SEARCH NOT FOUND (SKIPPED): if (is_file(DIR_SYSTEM . 'library/journal3/vendor/SuperCache

----------------------------------------------------------------------


---------- Date: 2026-04-02 08:58:20 ~ IP : 185.179.188.62 ----------
REQUEST URI : /index.php?route=module/popupcart_extended
MOD DETAILS:
   modFile   : /home/canmotalka/web/can-motalka.ru/public_html/vqmod/xml/lightning.xml
   id        : OpenCart Lightning
   version   : 3.37
   vqmver    : 
   author    : MaxD http://devs.mx

File Name    : system/library/cache.php(0)
VQModObject::applyMod - SEARCH NOT FOUND (SKIPPED): if (is_file(DIR_SYSTEM . 'library/journal3/vendor/SuperCache

----------------------------------------------------------------------


---------- Date: 2026-04-02 09:01:23 ~ IP : 185.179.188.62 ----------
REQUEST URI : /motalki/ssang-yong/
MOD DETAILS:
   modFile   : /home/canmotalka/web/can-motalka.ru/public_html/vqmod/xml/lightning.xml
   id        : OpenCart Lightning
   version   : 3.37
   vqmver    : 
   author    : MaxD http://devs.mx

File Name    : system/library/cache.php(0)
VQModObject::applyMod - SEARCH NOT FOUND (SKIPPED): if (is_file(DIR_SYSTEM . 'library/journal3/vendor/SuperCache

----------------------------------------------------------------------


---------- Date: 2026-04-02 09:03:39 ~ IP : 185.179.188.62 ----------
REQUEST URI : /manuals/?ysclid=mnh2jxsujr602055625
MOD DETAILS:
   modFile   : /home/canmotalka/web/can-motalka.ru/public_html/vqmod/xml/lightning.xml
   id        : OpenCart Lightning
   version   : 3.37
   vqmver    : 
   author    : MaxD http://devs.mx

File Name    : system/library/cache.php(0)
VQModObject::applyMod - SEARCH NOT FOUND (SKIPPED): if (is_file(DIR_SYSTEM . 'library/journal3/vendor/SuperCache

----------------------------------------------------------------------


---------- Date: 2026-04-02 09:04:30 ~ IP : 185.179.188.62 ----------
REQUEST URI : /podmotka-spidometra-mercedes-sprinter/
MOD DETAILS:
   modFile   : /home/canmotalka/web/can-motalka.ru/public_html/vqmod/xml/lightning.xml
   id        : OpenCart Lightning
   version   : 3.37
   vqmver    : 
   author    : MaxD http://devs.mx

File Name    : system/library/cache.php(0)
VQModObject::applyMod - SEARCH NOT FOUND (SKIPPED): if (is_file(DIR_SYSTEM . 'library/journal3/vendor/SuperCache

----------------------------------------------------------------------


---------- Date: 2026-04-02 09:04:31 ~ IP : 185.179.188.62 ----------
REQUEST URI : /index.php?route=product/product/review&amp;product_id=244
MOD DETAILS:
   modFile   : /home/canmotalka/web/can-motalka.ru/public_html/vqmod/xml/lightning.xml
   id        : OpenCart Lightning
   version   : 3.37
   vqmver    : 
   author    : MaxD http://devs.mx

File Name    : system/library/cache.php(0)
VQModObject::applyMod - SEARCH NOT FOUND (SKIPPED): if (is_file(DIR_SYSTEM . 'library/journal3/vendor/SuperCache

----------------------------------------------------------------------


---------- Date: 2026-04-02 09:04:31 ~ IP : 185.179.188.62 ----------
REQUEST URI : /index.php?route=module/popupcart_extended
MOD DETAILS:
   modFile   : /home/canmotalka/web/can-motalka.ru/public_html/vqmod/xml/lightning.xml
   id        : OpenCart Lightning
   version   : 3.37
   vqmver    : 
   author    : MaxD http://devs.mx

File Name    : system/library/cache.php(0)
VQModObject::applyMod - SEARCH NOT FOUND (SKIPPED): if (is_file(DIR_SYSTEM . 'library/journal3/vendor/SuperCache

----------------------------------------------------------------------


---------- Date: 2026-04-02 09:06:16 ~ IP : 185.179.188.62 ----------
REQUEST URI : /podmotka-krutilka-spidometra-gazel-biznes-benzin-evotec-ili-cummins/
MOD DETAILS:
   modFile   : /home/canmotalka/web/can-motalka.ru/public_html/vqmod/xml/lightning.xml
   id        : OpenCart Lightning
   version   : 3.37
   vqmver    : 
   author    : MaxD http://devs.mx

File Name    : system/library/cache.php(0)
VQModObject::applyMod - SEARCH NOT FOUND (SKIPPED): if (is_file(DIR_SYSTEM . 'library/journal3/vendor/SuperCache

----------------------------------------------------------------------


---------- Date: 2026-04-02 09:06:27 ~ IP : 185.179.188.62 ----------
REQUEST URI : /podmotka-spidometra-lada-granta-za-3000r/
MOD DETAILS:
   modFile   : /home/canmotalka/web/can-motalka.ru/public_html/vqmod/xml/lightning.xml
   id        : OpenCart Lightning
   version   : 3.37
   vqmver    : 
   author    : MaxD http://devs.mx

File Name    : system/library/cache.php(0)
VQModObject::applyMod - SEARCH NOT FOUND (SKIPPED): if (is_file(DIR_SYSTEM . 'library/journal3/vendor/SuperCache

----------------------------------------------------------------------


---------- Date: 2026-04-02 09:06:27 ~ IP : 185.179.188.62 ----------
REQUEST URI : /index.php?route=product/product&amp;path=17&amp;product_id=80
MOD DETAILS:
   modFile   : /home/canmotalka/web/can-motalka.ru/public_html/vqmod/xml/lightning.xml
   id        : OpenCart Lightning
   version   : 3.37
   vqmver    : 
   author    : MaxD http://devs.mx

File Name    : system/library/cache.php(0)
VQModObject::applyMod - SEARCH NOT FOUND (SKIPPED): if (is_file(DIR_SYSTEM . 'library/journal3/vendor/SuperCache

----------------------------------------------------------------------


---------- Date: 2026-04-02 09:06:28 ~ IP : 185.179.188.62 ----------
REQUEST URI : /index.php?route=product/product/review&amp;product_id=269
MOD DETAILS:
   modFile   : /home/canmotalka/web/can-motalka.ru/public_html/vqmod/xml/lightning.xml
   id        : OpenCart Lightning
   version   : 3.37
   vqmver    : 
   author    : MaxD http://devs.mx

File Name    : system/library/cache.php(0)
VQModObject::applyMod - SEARCH NOT FOUND (SKIPPED): if (is_file(DIR_SYSTEM . 'library/journal3/vendor/SuperCache

----------------------------------------------------------------------


---------- Date: 2026-04-02 09:06:28 ~ IP : 185.179.188.62 ----------
REQUEST URI : /index.php?route=module/popupcart_extended
MOD DETAILS:
   modFile   : /home/canmotalka/web/can-motalka.ru/public_html/vqmod/xml/lightning.xml
   id        : OpenCart Lightning
   version   : 3.37
   vqmver    : 
   author    : MaxD http://devs.mx

File Name    : system/library/cache.php(0)
VQModObject::applyMod - SEARCH NOT FOUND (SKIPPED): if (is_file(DIR_SYSTEM . 'library/journal3/vendor/SuperCache

----------------------------------------------------------------------


---------- Date: 2026-04-02 09:06:29 ~ IP : 185.179.188.62 ----------
REQUEST URI : /podmotka-spidometra-renault-kaptur/
MOD DETAILS:
   modFile   : /home/canmotalka/web/can-motalka.ru/public_html/vqmod/xml/lightning.xml
   id        : OpenCart Lightning
   version   : 3.37
   vqmver    : 
   author    : MaxD http://devs.mx

File Name    : system/library/cache.php(0)
VQModObject::applyMod - SEARCH NOT FOUND (SKIPPED): if (is_file(DIR_SYSTEM . 'library/journal3/vendor/SuperCache

----------------------------------------------------------------------


---------- Date: 2026-04-02 09:06:30 ~ IP : 185.179.188.62 ----------
REQUEST URI : /index.php?route=product/product/review&amp;product_id=252
MOD DETAILS:
   modFile   : /home/canmotalka/web/can-motalka.ru/public_html/vqmod/xml/lightning.xml
   id        : OpenCart Lightning
   version   : 3.37
   vqmver    : 
   author    : MaxD http://devs.mx

File Name    : system/library/cache.php(0)
VQModObject::applyMod - SEARCH NOT FOUND (SKIPPED): if (is_file(DIR_SYSTEM . 'library/journal3/vendor/SuperCache

----------------------------------------------------------------------


---------- Date: 2026-04-02 09:06:30 ~ IP : 185.179.188.62 ----------
REQUEST URI : /podmotka-spidometra-nissan-almera/
MOD DETAILS:
   modFile   : /home/canmotalka/web/can-motalka.ru/public_html/vqmod/xml/lightning.xml
   id        : OpenCart Lightning
   version   : 3.37
   vqmver    : 
   author    : MaxD http://devs.mx

File Name    : system/library/cache.php(0)
VQModObject::applyMod - SEARCH NOT FOUND (SKIPPED): if (is_file(DIR_SYSTEM . 'library/journal3/vendor/SuperCache

----------------------------------------------------------------------


---------- Date: 2026-04-02 09:06:30 ~ IP : 185.179.188.62 ----------
REQUEST URI : /index.php?route=module/popupcart_extended
MOD DETAILS:
   modFile   : /home/canmotalka/web/can-motalka.ru/public_html/vqmod/xml/lightning.xml
   id        : OpenCart Lightning
   version   : 3.37
   vqmver    : 
   author    : MaxD http://devs.mx

File Name    : system/library/cache.php(0)
VQModObject::applyMod - SEARCH NOT FOUND (SKIPPED): if (is_file(DIR_SYSTEM . 'library/journal3/vendor/SuperCache

----------------------------------------------------------------------


---------- Date: 2026-04-02 09:06:31 ~ IP : 185.179.188.62 ----------
REQUEST URI : /podmotka-spidometra-nissan-almera/
MOD DETAILS:
   modFile   : /home/canmotalka/web/can-motalka.ru/public_html/vqmod/xml/lightning.xml
   id        : OpenCart Lightning
   version   : 3.37
   vqmver    : 
   author    : MaxD http://devs.mx

File Name    : system/library/cache.php(0)
VQModObject::applyMod - SEARCH NOT FOUND (SKIPPED): if (is_file(DIR_SYSTEM . 'library/journal3/vendor/SuperCache

----------------------------------------------------------------------


---------- Date: 2026-04-02 09:06:52 ~ IP : 185.179.188.62 ----------
REQUEST URI : /podmotka-spidometra-toyota-highlander/
MOD DETAILS:
   modFile   : /home/canmotalka/web/can-motalka.ru/public_html/vqmod/xml/lightning.xml
   id        : OpenCart Lightning
   version   : 3.37
   vqmver    : 
   author    : MaxD http://devs.mx

File Name    : system/library/cache.php(0)
VQModObject::applyMod - SEARCH NOT FOUND (SKIPPED): if (is_file(DIR_SYSTEM . 'library/journal3/vendor/SuperCache

----------------------------------------------------------------------


---------- Date: 2026-04-02 09:06:53 ~ IP : 185.179.188.62 ----------
REQUEST URI : /index.php?route=product/product/review&amp;product_id=200
MOD DETAILS:
   modFile   : /home/canmotalka/web/can-motalka.ru/public_html/vqmod/xml/lightning.xml
   id        : OpenCart Lightning
   version   : 3.37
   vqmver    : 
   author    : MaxD http://devs.mx

File Name    : system/library/cache.php(0)
VQModObject::applyMod - SEARCH NOT FOUND (SKIPPED): if (is_file(DIR_SYSTEM . 'library/journal3/vendor/SuperCache

----------------------------------------------------------------------


---------- Date: 2026-04-02 09:06:53 ~ IP : 185.179.188.62 ----------
REQUEST URI : /index.php?route=module/popupcart_extended
MOD DETAILS:
   modFile   : /home/canmotalka/web/can-motalka.ru/public_html/vqmod/xml/lightning.xml
   id        : OpenCart Lightning
   version   : 3.37
   vqmver    : 
   author    : MaxD http://devs.mx

File Name    : system/library/cache.php(0)
VQModObject::applyMod - SEARCH NOT FOUND (SKIPPED): if (is_file(DIR_SYSTEM . 'library/journal3/vendor/SuperCache

----------------------------------------------------------------------


---------- Date: 2026-04-02 09:07:05 ~ IP : 185.179.188.62 ----------
REQUEST URI : /podmotka-krutilka-motalka-spidometra-toyota-camry-v50/
MOD DETAILS:
   modFile   : /home/canmotalka/web/can-motalka.ru/public_html/vqmod/xml/lightning.xml
   id        : OpenCart Lightning
   version   : 3.37
   vqmver    : 
   author    : MaxD http://devs.mx

File Name    : system/library/cache.php(0)
VQModObject::applyMod - SEARCH NOT FOUND (SKIPPED): if (is_file(DIR_SYSTEM . 'library/journal3/vendor/SuperCache

----------------------------------------------------------------------


---------- Date: 2026-04-02 09:07:06 ~ IP : 185.179.188.62 ----------
REQUEST URI : /index.php?route=product/product/review&amp;product_id=194
MOD DETAILS:
   modFile   : /home/canmotalka/web/can-motalka.ru/public_html/vqmod/xml/lightning.xml
   id        : OpenCart Lightning
   version   : 3.37
   vqmver    : 
   author    : MaxD http://devs.mx

File Name    : system/library/cache.php(0)
VQModObject::applyMod - SEARCH NOT FOUND (SKIPPED): if (is_file(DIR_SYSTEM . 'library/journal3/vendor/SuperCache

----------------------------------------------------------------------


---------- Date: 2026-04-02 09:07:06 ~ IP : 185.179.188.62 ----------
REQUEST URI : /index.php?route=module/popupcart_extended
MOD DETAILS:
   modFile   : /home/canmotalka/web/can-motalka.ru/public_html/vqmod/xml/lightning.xml
   id        : OpenCart Lightning
   version   : 3.37
   vqmver    : 
   author    : MaxD http://devs.mx

File Name    : system/library/cache.php(0)
VQModObject::applyMod - SEARCH NOT FOUND (SKIPPED): if (is_file(DIR_SYSTEM . 'library/journal3/vendor/SuperCache

----------------------------------------------------------------------


---------- Date: 2026-04-02 09:07:11 ~ IP : 185.179.188.62 ----------
REQUEST URI : /podmotka-spidometra-vesta/
MOD DETAILS:
   modFile   : /home/canmotalka/web/can-motalka.ru/public_html/vqmod/xml/lightning.xml
   id        : OpenCart Lightning
   version   : 3.37
   vqmver    : 
   author    : MaxD http://devs.mx

File Name    : system/library/cache.php(0)
VQModObject::applyMod - SEARCH NOT FOUND (SKIPPED): if (is_file(DIR_SYSTEM . 'library/journal3/vendor/SuperCache

----------------------------------------------------------------------


---------- Date: 2026-04-02 09:07:12 ~ IP : 185.179.188.62 ----------
REQUEST URI : /index.php?route=product/product/review&amp;product_id=247
MOD DETAILS:
   modFile   : /home/canmotalka/web/can-motalka.ru/public_html/vqmod/xml/lightning.xml
   id        : OpenCart Lightning
   version   : 3.37
   vqmver    : 
   author    : MaxD http://devs.mx

File Name    : system/library/cache.php(0)
VQModObject::applyMod - SEARCH NOT FOUND (SKIPPED): if (is_file(DIR_SYSTEM . 'library/journal3/vendor/SuperCache

----------------------------------------------------------------------


---------- Date: 2026-04-02 09:07:12 ~ IP : 185.179.188.62 ----------
REQUEST URI : /index.php?route=module/popupcart_extended
MOD DETAILS:
   modFile   : /home/canmotalka/web/can-motalka.ru/public_html/vqmod/xml/lightning.xml
   id        : OpenCart Lightning
   version   : 3.37
   vqmver    : 
   author    : MaxD http://devs.mx

File Name    : system/library/cache.php(0)
VQModObject::applyMod - SEARCH NOT FOUND (SKIPPED): if (is_file(DIR_SYSTEM . 'library/journal3/vendor/SuperCache

----------------------------------------------------------------------


---------- Date: 2026-04-02 09:07:13 ~ IP : 185.179.188.62 ----------
REQUEST URI : /podmotka-spidometra-henday-sonata-za-3000r/
MOD DETAILS:
   modFile   : /home/canmotalka/web/can-motalka.ru/public_html/vqmod/xml/lightning.xml
   id        : OpenCart Lightning
   version   : 3.37
   vqmver    : 
   author    : MaxD http://devs.mx

File Name    : system/library/cache.php(0)
VQModObject::applyMod - SEARCH NOT FOUND (SKIPPED): if (is_file(DIR_SYSTEM . 'library/journal3/vendor/SuperCache

----------------------------------------------------------------------


---------- Date: 2026-04-02 09:07:15 ~ IP : 185.179.188.62 ----------
REQUEST URI : /index.php?route=product/product/review&amp;product_id=280
MOD DETAILS:
   modFile   : /home/canmotalka/web/can-motalka.ru/public_html/vqmod/xml/lightning.xml
   id        : OpenCart Lightning
   version   : 3.37
   vqmver    : 
   author    : MaxD http://devs.mx

File Name    : system/library/cache.php(0)
VQModObject::applyMod - SEARCH NOT FOUND (SKIPPED): if (is_file(DIR_SYSTEM . 'library/journal3/vendor/SuperCache

----------------------------------------------------------------------


---------- Date: 2026-04-02 09:07:15 ~ IP : 185.179.188.62 ----------
REQUEST URI : /index.php?route=module/popupcart_extended
MOD DETAILS:
   modFile   : /home/canmotalka/web/can-motalka.ru/public_html/vqmod/xml/lightning.xml
   id        : OpenCart Lightning
   version   : 3.37
   vqmver    : 
   author    : MaxD http://devs.mx

File Name    : system/library/cache.php(0)
VQModObject::applyMod - SEARCH NOT FOUND (SKIPPED): if (is_file(DIR_SYSTEM . 'library/journal3/vendor/SuperCache

----------------------------------------------------------------------


---------- Date: 2026-04-02 09:07:46 ~ IP : 185.179.188.62 ----------
REQUEST URI : /podmotka-spidometra-ford-focus-2/
MOD DETAILS:
   modFile   : /home/canmotalka/web/can-motalka.ru/public_html/vqmod/xml/lightning.xml
   id        : OpenCart Lightning
   version   : 3.37
   vqmver    : 
   author    : MaxD http://devs.mx

File Name    : system/library/cache.php(0)
VQModObject::applyMod - SEARCH NOT FOUND (SKIPPED): if (is_file(DIR_SYSTEM . 'library/journal3/vendor/SuperCache

----------------------------------------------------------------------


---------- Date: 2026-04-02 09:07:46 ~ IP : 185.179.188.62 ----------
REQUEST URI : /index.php?route=product/product/review&amp;product_id=53
MOD DETAILS:
   modFile   : /home/canmotalka/web/can-motalka.ru/public_html/vqmod/xml/lightning.xml
   id        : OpenCart Lightning
   version   : 3.37
   vqmver    : 
   author    : MaxD http://devs.mx

File Name    : system/library/cache.php(0)
VQModObject::applyMod - SEARCH NOT FOUND (SKIPPED): if (is_file(DIR_SYSTEM . 'library/journal3/vendor/SuperCache

----------------------------------------------------------------------


---------- Date: 2026-04-02 09:07:46 ~ IP : 185.179.188.62 ----------
REQUEST URI : /index.php?route=module/popupcart_extended
MOD DETAILS:
   modFile   : /home/canmotalka/web/can-motalka.ru/public_html/vqmod/xml/lightning.xml
   id        : OpenCart Lightning
   version   : 3.37
   vqmver    : 
   author    : MaxD http://devs.mx

File Name    : system/library/cache.php(0)
VQModObject::applyMod - SEARCH NOT FOUND (SKIPPED): if (is_file(DIR_SYSTEM . 'library/journal3/vendor/SuperCache

----------------------------------------------------------------------


---------- Date: 2026-04-02 09:07:57 ~ IP : 185.179.188.62 ----------
REQUEST URI : /podmotka-spidometra-fiat-ducato/
MOD DETAILS:
   modFile   : /home/canmotalka/web/can-motalka.ru/public_html/vqmod/xml/lightning.xml
   id        : OpenCart Lightning
   version   : 3.37
   vqmver    : 
   author    : MaxD http://devs.mx

File Name    : system/library/cache.php(0)
VQModObject::applyMod - SEARCH NOT FOUND (SKIPPED): if (is_file(DIR_SYSTEM . 'library/journal3/vendor/SuperCache

----------------------------------------------------------------------


---------- Date: 2026-04-02 09:08:01 ~ IP : 185.179.188.62 ----------
REQUEST URI : /podmotka-spidometra-shevrole-niva-abs-bezlimitnaya/
MOD DETAILS:
   modFile   : /home/canmotalka/web/can-motalka.ru/public_html/vqmod/xml/lightning.xml
   id        : OpenCart Lightning
   version   : 3.37
   vqmver    : 
   author    : MaxD http://devs.mx

File Name    : system/library/cache.php(0)
VQModObject::applyMod - SEARCH NOT FOUND (SKIPPED): if (is_file(DIR_SYSTEM . 'library/journal3/vendor/SuperCache

----------------------------------------------------------------------


---------- Date: 2026-04-02 09:08:02 ~ IP : 185.179.188.62 ----------
REQUEST URI : /index.php?route=product/product/review&amp;product_id=276
MOD DETAILS:
   modFile   : /home/canmotalka/web/can-motalka.ru/public_html/vqmod/xml/lightning.xml
   id        : OpenCart Lightning
   version   : 3.37
   vqmver    : 
   author    : MaxD http://devs.mx

File Name    : system/library/cache.php(0)
VQModObject::applyMod - SEARCH NOT FOUND (SKIPPED): if (is_file(DIR_SYSTEM . 'library/journal3/vendor/SuperCache

----------------------------------------------------------------------


---------- Date: 2026-04-02 09:08:03 ~ IP : 185.179.188.62 ----------
REQUEST URI : /index.php?route=module/popupcart_extended
MOD DETAILS:
   modFile   : /home/canmotalka/web/can-motalka.ru/public_html/vqmod/xml/lightning.xml
   id        : OpenCart Lightning
   version   : 3.37
   vqmver    : 
   author    : MaxD http://devs.mx

File Name    : system/library/cache.php(0)
VQModObject::applyMod - SEARCH NOT FOUND (SKIPPED): if (is_file(DIR_SYSTEM . 'library/journal3/vendor/SuperCache

----------------------------------------------------------------------


---------- Date: 2026-04-02 09:08:04 ~ IP : 185.179.188.62 ----------
REQUEST URI : /namotchik-probega-dlya-toyota-land-cruiser-200/
MOD DETAILS:
   modFile   : /home/canmotalka/web/can-motalka.ru/public_html/vqmod/xml/lightning.xml
   id        : OpenCart Lightning
   version   : 3.37
   vqmver    : 
   author    : MaxD http://devs.mx

File Name    : system/library/cache.php(0)
VQModObject::applyMod - SEARCH NOT FOUND (SKIPPED): if (is_file(DIR_SYSTEM . 'library/journal3/vendor/SuperCache

----------------------------------------------------------------------


---------- Date: 2026-04-02 09:08:04 ~ IP : 185.179.188.62 ----------
REQUEST URI : /index.php?route=product/product/review&amp;product_id=202
MOD DETAILS:
   modFile   : /home/canmotalka/web/can-motalka.ru/public_html/vqmod/xml/lightning.xml
   id        : OpenCart Lightning
   version   : 3.37
   vqmver    : 
   author    : MaxD http://devs.mx

File Name    : system/library/cache.php(0)
VQModObject::applyMod - SEARCH NOT FOUND (SKIPPED): if (is_file(DIR_SYSTEM . 'library/journal3/vendor/SuperCache

----------------------------------------------------------------------


---------- Date: 2026-04-02 09:08:04 ~ IP : 185.179.188.62 ----------
REQUEST URI : /index.php?route=module/popupcart_extended
MOD DETAILS:
   modFile   : /home/canmotalka/web/can-motalka.ru/public_html/vqmod/xml/lightning.xml
   id        : OpenCart Lightning
   version   : 3.37
   vqmver    : 
   author    : MaxD http://devs.mx

File Name    : system/library/cache.php(0)
VQModObject::applyMod - SEARCH NOT FOUND (SKIPPED): if (is_file(DIR_SYSTEM . 'library/journal3/vendor/SuperCache

----------------------------------------------------------------------


---------- Date: 2026-04-02 09:08:07 ~ IP : 185.179.188.62 ----------
REQUEST URI : /podmotka-spidometra-citroen-jumper/
MOD DETAILS:
   modFile   : /home/canmotalka/web/can-motalka.ru/public_html/vqmod/xml/lightning.xml
   id        : OpenCart Lightning
   version   : 3.37
   vqmver    : 
   author    : MaxD http://devs.mx

File Name    : system/library/cache.php(0)
VQModObject::applyMod - SEARCH NOT FOUND (SKIPPED): if (is_file(DIR_SYSTEM . 'library/journal3/vendor/SuperCache

----------------------------------------------------------------------


---------- Date: 2026-04-02 09:08:08 ~ IP : 185.179.188.62 ----------
REQUEST URI : /podmotka-spidometra-mitsubishi-l200/
MOD DETAILS:
   modFile   : /home/canmotalka/web/can-motalka.ru/public_html/vqmod/xml/lightning.xml
   id        : OpenCart Lightning
   version   : 3.37
   vqmver    : 
   author    : MaxD http://devs.mx

File Name    : system/library/cache.php(0)
VQModObject::applyMod - SEARCH NOT FOUND (SKIPPED): if (is_file(DIR_SYSTEM . 'library/journal3/vendor/SuperCache

----------------------------------------------------------------------


---------- Date: 2026-04-02 09:08:09 ~ IP : 185.179.188.62 ----------
REQUEST URI : /index.php?route=product/product/review&amp;product_id=88
MOD DETAILS:
   modFile   : /home/canmotalka/web/can-motalka.ru/public_html/vqmod/xml/lightning.xml
   id        : OpenCart Lightning
   version   : 3.37
   vqmver    : 
   author    : MaxD http://devs.mx

File Name    : system/library/cache.php(0)
VQModObject::applyMod - SEARCH NOT FOUND (SKIPPED): if (is_file(DIR_SYSTEM . 'library/journal3/vendor/SuperCache

----------------------------------------------------------------------


---------- Date: 2026-04-02 09:08:09 ~ IP : 185.179.188.62 ----------
REQUEST URI : /index.php?route=module/popupcart_extended
MOD DETAILS:
   modFile   : /home/canmotalka/web/can-motalka.ru/public_html/vqmod/xml/lightning.xml
   id        : OpenCart Lightning
   version   : 3.37
   vqmver    : 
   author    : MaxD http://devs.mx

File Name    : system/library/cache.php(0)
VQModObject::applyMod - SEARCH NOT FOUND (SKIPPED): if (is_file(DIR_SYSTEM . 'library/journal3/vendor/SuperCache

----------------------------------------------------------------------


---------- Date: 2026-04-02 09:08:09 ~ IP : 185.179.188.62 ----------
REQUEST URI : /index.php?route=product/product/review&amp;product_id=251
MOD DETAILS:
   modFile   : /home/canmotalka/web/can-motalka.ru/public_html/vqmod/xml/lightning.xml
   id        : OpenCart Lightning
   version   : 3.37
   vqmver    : 
   author    : MaxD http://devs.mx

File Name    : system/library/cache.php(0)
VQModObject::applyMod - SEARCH NOT FOUND (SKIPPED): if (is_file(DIR_SYSTEM . 'library/journal3/vendor/SuperCache

----------------------------------------------------------------------


---------- Date: 2026-04-02 09:08:09 ~ IP : 185.179.188.62 ----------
REQUEST URI : /index.php?route=module/popupcart_extended
MOD DETAILS:
   modFile   : /home/canmotalka/web/can-motalka.ru/public_html/vqmod/xml/lightning.xml
   id        : OpenCart Lightning
   version   : 3.37
   vqmver    : 
   author    : MaxD http://devs.mx

File Name    : system/library/cache.php(0)
VQModObject::applyMod - SEARCH NOT FOUND (SKIPPED): if (is_file(DIR_SYSTEM . 'library/journal3/vendor/SuperCache

----------------------------------------------------------------------


---------- Date: 2026-04-02 09:08:11 ~ IP : 185.179.188.62 ----------
REQUEST URI : /podmotka-spidometra-dlya-ford-exploer/
MOD DETAILS:
   modFile   : /home/canmotalka/web/can-motalka.ru/public_html/vqmod/xml/lightning.xml
   id        : OpenCart Lightning
   version   : 3.37
   vqmver    : 
   author    : MaxD http://devs.mx

File Name    : system/library/cache.php(0)
VQModObject::applyMod - SEARCH NOT FOUND (SKIPPED): if (is_file(DIR_SYSTEM . 'library/journal3/vendor/SuperCache

----------------------------------------------------------------------


---------- Date: 2026-04-02 09:08:11 ~ IP : 185.179.188.62 ----------
REQUEST URI : /index.php?route=product/product/review&amp;product_id=255
MOD DETAILS:
   modFile   : /home/canmotalka/web/can-motalka.ru/public_html/vqmod/xml/lightning.xml
   id        : OpenCart Lightning
   version   : 3.37
   vqmver    : 
   author    : MaxD http://devs.mx

File Name    : system/library/cache.php(0)
VQModObject::applyMod - SEARCH NOT FOUND (SKIPPED): if (is_file(DIR_SYSTEM . 'library/journal3/vendor/SuperCache

----------------------------------------------------------------------


---------- Date: 2026-04-02 09:08:11 ~ IP : 185.179.188.62 ----------
REQUEST URI : /index.php?route=module/popupcart_extended
MOD DETAILS:
   modFile   : /home/canmotalka/web/can-motalka.ru/public_html/vqmod/xml/lightning.xml
   id        : OpenCart Lightning
   version   : 3.37
   vqmver    : 
   author    : MaxD http://devs.mx

File Name    : system/library/cache.php(0)
VQModObject::applyMod - SEARCH NOT FOUND (SKIPPED): if (is_file(DIR_SYSTEM . 'library/journal3/vendor/SuperCache

----------------------------------------------------------------------


---------- Date: 2026-04-02 09:08:12 ~ IP : 185.179.188.62 ----------
REQUEST URI : /podmotka-spidometra-nissan-x-trail/
MOD DETAILS:
   modFile   : /home/canmotalka/web/can-motalka.ru/public_html/vqmod/xml/lightning.xml
   id        : OpenCart Lightning
   version   : 3.37
   vqmver    : 
   author    : MaxD http://devs.mx

File Name    : system/library/cache.php(0)
VQModObject::applyMod - SEARCH NOT FOUND (SKIPPED): if (is_file(DIR_SYSTEM . 'library/journal3/vendor/SuperCache

----------------------------------------------------------------------


---------- Date: 2026-04-02 09:08:13 ~ IP : 185.179.188.62 ----------
REQUEST URI : /index.php?route=product/product/review&amp;product_id=151
MOD DETAILS:
   modFile   : /home/canmotalka/web/can-motalka.ru/public_html/vqmod/xml/lightning.xml
   id        : OpenCart Lightning
   version   : 3.37
   vqmver    : 
   author    : MaxD http://devs.mx

File Name    : system/library/cache.php(0)
VQModObject::applyMod - SEARCH NOT FOUND (SKIPPED): if (is_file(DIR_SYSTEM . 'library/journal3/vendor/SuperCache

----------------------------------------------------------------------


---------- Date: 2026-04-02 09:08:13 ~ IP : 185.179.188.62 ----------
REQUEST URI : /index.php?route=module/popupcart_extended
MOD DETAILS:
   modFile   : /home/canmotalka/web/can-motalka.ru/public_html/vqmod/xml/lightning.xml
   id        : OpenCart Lightning
   version   : 3.37
   vqmver    : 
   author    : MaxD http://devs.mx

File Name    : system/library/cache.php(0)
VQModObject::applyMod - SEARCH NOT FOUND (SKIPPED): if (is_file(DIR_SYSTEM . 'library/journal3/vendor/SuperCache

----------------------------------------------------------------------


---------- Date: 2026-04-02 09:08:24 ~ IP : 185.179.188.62 ----------
REQUEST URI : /podmotka-spidometra-uaz-patriot/
MOD DETAILS:
   modFile   : /home/canmotalka/web/can-motalka.ru/public_html/vqmod/xml/lightning.xml
   id        : OpenCart Lightning
   version   : 3.37
   vqmver    : 
   author    : MaxD http://devs.mx

File Name    : system/library/cache.php(0)
VQModObject::applyMod - SEARCH NOT FOUND (SKIPPED): if (is_file(DIR_SYSTEM . 'library/journal3/vendor/SuperCache

----------------------------------------------------------------------


---------- Date: 2026-04-02 09:08:25 ~ IP : 185.179.188.62 ----------
REQUEST URI : /index.php?route=product/product/review&amp;product_id=277
MOD DETAILS:
   modFile   : /home/canmotalka/web/can-motalka.ru/public_html/vqmod/xml/lightning.xml
   id        : OpenCart Lightning
   version   : 3.37
   vqmver    : 
   author    : MaxD http://devs.mx

File Name    : system/library/cache.php(0)
VQModObject::applyMod - SEARCH NOT FOUND (SKIPPED): if (is_file(DIR_SYSTEM . 'library/journal3/vendor/SuperCache

----------------------------------------------------------------------


---------- Date: 2026-04-02 09:08:25 ~ IP : 185.179.188.62 ----------
REQUEST URI : /index.php?route=module/popupcart_extended
MOD DETAILS:
   modFile   : /home/canmotalka/web/can-motalka.ru/public_html/vqmod/xml/lightning.xml
   id        : OpenCart Lightning
   version   : 3.37
   vqmver    : 
   author    : MaxD http://devs.mx

File Name    : system/library/cache.php(0)
VQModObject::applyMod - SEARCH NOT FOUND (SKIPPED): if (is_file(DIR_SYSTEM . 'library/journal3/vendor/SuperCache

----------------------------------------------------------------------


---------- Date: 2026-04-02 09:08:27 ~ IP : 185.179.188.62 ----------
REQUEST URI : /podmotka-spidometra-volkswagen-crafter/
MOD DETAILS:
   modFile   : /home/canmotalka/web/can-motalka.ru/public_html/vqmod/xml/lightning.xml
   id        : OpenCart Lightning
   version   : 3.37
   vqmver    : 
   author    : MaxD http://devs.mx

File Name    : system/library/cache.php(0)
VQModObject::applyMod - SEARCH NOT FOUND (SKIPPED): if (is_file(DIR_SYSTEM . 'library/journal3/vendor/SuperCache

----------------------------------------------------------------------


---------- Date: 2026-04-02 09:08:27 ~ IP : 185.179.188.62 ----------
REQUEST URI : /index.php?route=product/product/review&amp;product_id=230
MOD DETAILS:
   modFile   : /home/canmotalka/web/can-motalka.ru/public_html/vqmod/xml/lightning.xml
   id        : OpenCart Lightning
   version   : 3.37
   vqmver    : 
   author    : MaxD http://devs.mx

File Name    : system/library/cache.php(0)
VQModObject::applyMod - SEARCH NOT FOUND (SKIPPED): if (is_file(DIR_SYSTEM . 'library/journal3/vendor/SuperCache

----------------------------------------------------------------------


---------- Date: 2026-04-02 09:08:27 ~ IP : 185.179.188.62 ----------
REQUEST URI : /index.php?route=module/popupcart_extended
MOD DETAILS:
   modFile   : /home/canmotalka/web/can-motalka.ru/public_html/vqmod/xml/lightning.xml
   id        : OpenCart Lightning
   version   : 3.37
   vqmver    : 
   author    : MaxD http://devs.mx

File Name    : system/library/cache.php(0)
VQModObject::applyMod - SEARCH NOT FOUND (SKIPPED): if (is_file(DIR_SYSTEM . 'library/journal3/vendor/SuperCache

----------------------------------------------------------------------


---------- Date: 2026-04-02 09:08:34 ~ IP : 185.179.188.62 ----------
REQUEST URI : /podmotka-spidometra-lada-granta-fl/
MOD DETAILS:
   modFile   : /home/canmotalka/web/can-motalka.ru/public_html/vqmod/xml/lightning.xml
   id        : OpenCart Lightning
   version   : 3.37
   vqmver    : 
   author    : MaxD http://devs.mx

File Name    : system/library/cache.php(0)
VQModObject::applyMod - SEARCH NOT FOUND (SKIPPED): if (is_file(DIR_SYSTEM . 'library/journal3/vendor/SuperCache

----------------------------------------------------------------------


---------- Date: 2026-04-02 09:08:35 ~ IP : 185.179.188.62 ----------
REQUEST URI : /index.php?route=module/popupcart_extended
MOD DETAILS:
   modFile   : /home/canmotalka/web/can-motalka.ru/public_html/vqmod/xml/lightning.xml
   id        : OpenCart Lightning
   version   : 3.37
   vqmver    : 
   author    : MaxD http://devs.mx

File Name    : system/library/cache.php(0)
VQModObject::applyMod - SEARCH NOT FOUND (SKIPPED): if (is_file(DIR_SYSTEM . 'library/journal3/vendor/SuperCache

----------------------------------------------------------------------


---------- Date: 2026-04-02 09:08:35 ~ IP : 185.179.188.62 ----------
REQUEST URI : /index.php?route=product/product/review&amp;product_id=270
MOD DETAILS:
   modFile   : /home/canmotalka/web/can-motalka.ru/public_html/vqmod/xml/lightning.xml
   id        : OpenCart Lightning
   version   : 3.37
   vqmver    : 
   author    : MaxD http://devs.mx

File Name    : system/library/cache.php(0)
VQModObject::applyMod - SEARCH NOT FOUND (SKIPPED): if (is_file(DIR_SYSTEM . 'library/journal3/vendor/SuperCache

----------------------------------------------------------------------


---------- Date: 2026-04-02 09:08:35 ~ IP : 185.179.188.62 ----------
REQUEST URI : /podmotka-spidometra-vesta-ng-np/
MOD DETAILS:
   modFile   : /home/canmotalka/web/can-motalka.ru/public_html/vqmod/xml/lightning.xml
   id        : OpenCart Lightning
   version   : 3.37
   vqmver    : 
   author    : MaxD http://devs.mx

File Name    : system/library/cache.php(0)
VQModObject::applyMod - SEARCH NOT FOUND (SKIPPED): if (is_file(DIR_SYSTEM . 'library/journal3/vendor/SuperCache

----------------------------------------------------------------------


---------- Date: 2026-04-02 09:08:36 ~ IP : 185.179.188.62 ----------
REQUEST URI : /index.php?route=product/product/review&amp;product_id=309
MOD DETAILS:
   modFile   : /home/canmotalka/web/can-motalka.ru/public_html/vqmod/xml/lightning.xml
   id        : OpenCart Lightning
   version   : 3.37
   vqmver    : 
   author    : MaxD http://devs.mx

File Name    : system/library/cache.php(0)
VQModObject::applyMod - SEARCH NOT FOUND (SKIPPED): if (is_file(DIR_SYSTEM . 'library/journal3/vendor/SuperCache

----------------------------------------------------------------------


---------- Date: 2026-04-02 09:08:36 ~ IP : 185.179.188.62 ----------
REQUEST URI : /index.php?route=module/popupcart_extended
MOD DETAILS:
   modFile   : /home/canmotalka/web/can-motalka.ru/public_html/vqmod/xml/lightning.xml
   id        : OpenCart Lightning
   version   : 3.37
   vqmver    : 
   author    : MaxD http://devs.mx

File Name    : system/library/cache.php(0)
VQModObject::applyMod - SEARCH NOT FOUND (SKIPPED): if (is_file(DIR_SYSTEM . 'library/journal3/vendor/SuperCache

----------------------------------------------------------------------


---------- Date: 2026-04-02 09:08:44 ~ IP : 185.179.188.62 ----------
REQUEST URI : /podmotka-spidometra-gazel-nekst/
MOD DETAILS:
   modFile   : /home/canmotalka/web/can-motalka.ru/public_html/vqmod/xml/lightning.xml
   id        : OpenCart Lightning
   version   : 3.37
   vqmver    : 
   author    : MaxD http://devs.mx

File Name    : system/library/cache.php(0)
VQModObject::applyMod - SEARCH NOT FOUND (SKIPPED): if (is_file(DIR_SYSTEM . 'library/journal3/vendor/SuperCache

----------------------------------------------------------------------


---------- Date: 2026-04-02 09:08:45 ~ IP : 185.179.188.62 ----------
REQUEST URI : /index.php?route=product/product/review&amp;product_id=97
MOD DETAILS:
   modFile   : /home/canmotalka/web/can-motalka.ru/public_html/vqmod/xml/lightning.xml
   id        : OpenCart Lightning
   version   : 3.37
   vqmver    : 
   author    : MaxD http://devs.mx

File Name    : system/library/cache.php(0)
VQModObject::applyMod - SEARCH NOT FOUND (SKIPPED): if (is_file(DIR_SYSTEM . 'library/journal3/vendor/SuperCache

----------------------------------------------------------------------


---------- Date: 2026-04-02 09:08:45 ~ IP : 185.179.188.62 ----------
REQUEST URI : /index.php?route=module/popupcart_extended
MOD DETAILS:
   modFile   : /home/canmotalka/web/can-motalka.ru/public_html/vqmod/xml/lightning.xml
   id        : OpenCart Lightning
   version   : 3.37
   vqmver    : 
   author    : MaxD http://devs.mx

File Name    : system/library/cache.php(0)
VQModObject::applyMod - SEARCH NOT FOUND (SKIPPED): if (is_file(DIR_SYSTEM . 'library/journal3/vendor/SuperCache

----------------------------------------------------------------------


---------- Date: 2026-04-02 09:09:04 ~ IP : 185.179.188.62 ----------
REQUEST URI : /podmotka-spidometra-mercedes-sprinter/
MOD DETAILS:
   modFile   : /home/canmotalka/web/can-motalka.ru/public_html/vqmod/xml/lightning.xml
   id        : OpenCart Lightning
   version   : 3.37
   vqmver    : 
   author    : MaxD http://devs.mx

File Name    : system/library/cache.php(0)
VQModObject::applyMod - SEARCH NOT FOUND (SKIPPED): if (is_file(DIR_SYSTEM . 'library/journal3/vendor/SuperCache

----------------------------------------------------------------------


---------- Date: 2026-04-02 09:09:11 ~ IP : 185.179.188.62 ----------
REQUEST URI : /index.php?route=common/footer/click_counter
MOD DETAILS:
   modFile   : /home/canmotalka/web/can-motalka.ru/public_html/vqmod/xml/lightning.xml
   id        : OpenCart Lightning
   version   : 3.37
   vqmver    : 
   author    : MaxD http://devs.mx

File Name    : system/library/cache.php(0)
VQModObject::applyMod - SEARCH NOT FOUND (SKIPPED): if (is_file(DIR_SYSTEM . 'library/journal3/vendor/SuperCache

----------------------------------------------------------------------


---------- Date: 2026-04-02 09:09:22 ~ IP : 185.179.188.62 ----------
REQUEST URI : /podmotka-spidometra-hyundai-ix35/
MOD DETAILS:
   modFile   : /home/canmotalka/web/can-motalka.ru/public_html/vqmod/xml/lightning.xml
   id        : OpenCart Lightning
   version   : 3.37
   vqmver    : 
   author    : MaxD http://devs.mx

File Name    : system/library/cache.php(0)
VQModObject::applyMod - SEARCH NOT FOUND (SKIPPED): if (is_file(DIR_SYSTEM . 'library/journal3/vendor/SuperCache

----------------------------------------------------------------------


---------- Date: 2026-04-02 09:09:22 ~ IP : 185.179.188.62 ----------
REQUEST URI : /index.php?route=product/product/review&amp;product_id=78
MOD DETAILS:
   modFile   : /home/canmotalka/web/can-motalka.ru/public_html/vqmod/xml/lightning.xml
   id        : OpenCart Lightning
   version   : 3.37
   vqmver    : 
   author    : MaxD http://devs.mx

File Name    : system/library/cache.php(0)
VQModObject::applyMod - SEARCH NOT FOUND (SKIPPED): if (is_file(DIR_SYSTEM . 'library/journal3/vendor/SuperCache

----------------------------------------------------------------------


---------- Date: 2026-04-02 09:09:23 ~ IP : 185.179.188.62 ----------
REQUEST URI : /index.php?route=module/popupcart_extended
MOD DETAILS:
   modFile   : /home/canmotalka/web/can-motalka.ru/public_html/vqmod/xml/lightning.xml
   id        : OpenCart Lightning
   version   : 3.37
   vqmver    : 
   author    : MaxD http://devs.mx

File Name    : system/library/cache.php(0)
VQModObject::applyMod - SEARCH NOT FOUND (SKIPPED): if (is_file(DIR_SYSTEM . 'library/journal3/vendor/SuperCache

----------------------------------------------------------------------


---------- Date: 2026-04-02 09:09:23 ~ IP : 185.179.188.62 ----------
REQUEST URI : /podmotka-spidometra-hyndai-santa-fe-4/
MOD DETAILS:
   modFile   : /home/canmotalka/web/can-motalka.ru/public_html/vqmod/xml/lightning.xml
   id        : OpenCart Lightning
   version   : 3.37
   vqmver    : 
   author    : MaxD http://devs.mx

File Name    : system/library/cache.php(0)
VQModObject::applyMod - SEARCH NOT FOUND (SKIPPED): if (is_file(DIR_SYSTEM . 'library/journal3/vendor/SuperCache

----------------------------------------------------------------------


---------- Date: 2026-04-02 09:09:27 ~ IP : 185.179.188.62 ----------
REQUEST URI : /index.php?route=product/product/review&amp;product_id=278
MOD DETAILS:
   modFile   : /home/canmotalka/web/can-motalka.ru/public_html/vqmod/xml/lightning.xml
   id        : OpenCart Lightning
   version   : 3.37
   vqmver    : 
   author    : MaxD http://devs.mx

File Name    : system/library/cache.php(0)
VQModObject::applyMod - SEARCH NOT FOUND (SKIPPED): if (is_file(DIR_SYSTEM . 'library/journal3/vendor/SuperCache

----------------------------------------------------------------------


---------- Date: 2026-04-02 09:09:27 ~ IP : 185.179.188.62 ----------
REQUEST URI : /index.php?route=module/popupcart_extended
MOD DETAILS:
   modFile   : /home/canmotalka/web/can-motalka.ru/public_html/vqmod/xml/lightning.xml
   id        : OpenCart Lightning
   version   : 3.37
   vqmver    : 
   author    : MaxD http://devs.mx

File Name    : system/library/cache.php(0)
VQModObject::applyMod - SEARCH NOT FOUND (SKIPPED): if (is_file(DIR_SYSTEM . 'library/journal3/vendor/SuperCache

----------------------------------------------------------------------


---------- Date: 2026-04-02 09:10:11 ~ IP : 185.179.188.62 ----------
REQUEST URI : /podmotka_spidometra/
MOD DETAILS:
   modFile   : /home/canmotalka/web/can-motalka.ru/public_html/vqmod/xml/lightning.xml
   id        : OpenCart Lightning
   version   : 3.37
   vqmver    : 
   author    : MaxD http://devs.mx

File Name    : system/library/cache.php(0)
VQModObject::applyMod - SEARCH NOT FOUND (SKIPPED): if (is_file(DIR_SYSTEM . 'library/journal3/vendor/SuperCache

----------------------------------------------------------------------


---------- Date: 2026-04-02 09:10:53 ~ IP : 185.179.188.62 ----------
REQUEST URI : /index.php?route=common/footer/click_counter
MOD DETAILS:
   modFile   : /home/canmotalka/web/can-motalka.ru/public_html/vqmod/xml/lightning.xml
   id        : OpenCart Lightning
   version   : 3.37
   vqmver    : 
   author    : MaxD http://devs.mx

File Name    : system/library/cache.php(0)
VQModObject::applyMod - SEARCH NOT FOUND (SKIPPED): if (is_file(DIR_SYSTEM . 'library/journal3/vendor/SuperCache

----------------------------------------------------------------------


---------- Date: 2026-04-02 09:14:31 ~ IP : 185.179.188.62 ----------
REQUEST URI : /manuals/?ysclid=mnh2xyd78s960363959
MOD DETAILS:
   modFile   : /home/canmotalka/web/can-motalka.ru/public_html/vqmod/xml/lightning.xml
   id        : OpenCart Lightning
   version   : 3.37
   vqmver    : 
   author    : MaxD http://devs.mx

File Name    : system/library/cache.php(0)
VQModObject::applyMod - SEARCH NOT FOUND (SKIPPED): if (is_file(DIR_SYSTEM . 'library/journal3/vendor/SuperCache

----------------------------------------------------------------------


---------- Date: 2026-04-02 09:14:33 ~ IP : 185.179.188.62 ----------
REQUEST URI : /index.php?route=module/popupcart_extended
MOD DETAILS:
   modFile   : /home/canmotalka/web/can-motalka.ru/public_html/vqmod/xml/lightning.xml
   id        : OpenCart Lightning
   version   : 3.37
   vqmver    : 
   author    : MaxD http://devs.mx

File Name    : system/library/cache.php(0)
VQModObject::applyMod - SEARCH NOT FOUND (SKIPPED): if (is_file(DIR_SYSTEM . 'library/journal3/vendor/SuperCache

----------------------------------------------------------------------


---------- Date: 2026-04-02 09:17:13 ~ IP : 185.179.188.62 ----------
REQUEST URI : /garantiya/
MOD DETAILS:
   modFile   : /home/canmotalka/web/can-motalka.ru/public_html/vqmod/xml/lightning.xml
   id        : OpenCart Lightning
   version   : 3.37
   vqmver    : 
   author    : MaxD http://devs.mx

File Name    : system/library/cache.php(0)
VQModObject::applyMod - SEARCH NOT FOUND (SKIPPED): if (is_file(DIR_SYSTEM . 'library/journal3/vendor/SuperCache

----------------------------------------------------------------------


---------- Date: 2026-04-02 09:17:14 ~ IP : 185.179.188.62 ----------
REQUEST URI : /manuals/
MOD DETAILS:
   modFile   : /home/canmotalka/web/can-motalka.ru/public_html/vqmod/xml/lightning.xml
   id        : OpenCart Lightning
   version   : 3.37
   vqmver    : 
   author    : MaxD http://devs.mx

File Name    : system/library/cache.php(0)
VQModObject::applyMod - SEARCH NOT FOUND (SKIPPED): if (is_file(DIR_SYSTEM . 'library/journal3/vendor/SuperCache

----------------------------------------------------------------------


---------- Date: 2026-04-02 09:17:16 ~ IP : 185.179.188.62 ----------
REQUEST URI : /otzyvy/
MOD DETAILS:
   modFile   : /home/canmotalka/web/can-motalka.ru/public_html/vqmod/xml/lightning.xml
   id        : OpenCart Lightning
   version   : 3.37
   vqmver    : 
   author    : MaxD http://devs.mx

File Name    : system/library/cache.php(0)
VQModObject::applyMod - SEARCH NOT FOUND (SKIPPED): if (is_file(DIR_SYSTEM . 'library/journal3/vendor/SuperCache

----------------------------------------------------------------------


---------- Date: 2026-04-02 09:17:16 ~ IP : 185.179.188.62 ----------
REQUEST URI : /o-kompanii/
MOD DETAILS:
   modFile   : /home/canmotalka/web/can-motalka.ru/public_html/vqmod/xml/lightning.xml
   id        : OpenCart Lightning
   version   : 3.37
   vqmver    : 
   author    : MaxD http://devs.mx

File Name    : system/library/cache.php(0)
VQModObject::applyMod - SEARCH NOT FOUND (SKIPPED): if (is_file(DIR_SYSTEM . 'library/journal3/vendor/SuperCache

----------------------------------------------------------------------


---------- Date: 2026-04-02 09:17:17 ~ IP : 185.179.188.62 ----------
REQUEST URI : /podmotka-spidometra-reno-logan-za-3000r/
MOD DETAILS:
   modFile   : /home/canmotalka/web/can-motalka.ru/public_html/vqmod/xml/lightning.xml
   id        : OpenCart Lightning
   version   : 3.37
   vqmver    : 
   author    : MaxD http://devs.mx

File Name    : system/library/cache.php(0)
VQModObject::applyMod - SEARCH NOT FOUND (SKIPPED): if (is_file(DIR_SYSTEM . 'library/journal3/vendor/SuperCache

----------------------------------------------------------------------


---------- Date: 2026-04-02 09:17:31 ~ IP : 185.179.188.62 ----------
REQUEST URI : /patriot_re/
MOD DETAILS:
   modFile   : /home/canmotalka/web/can-motalka.ru/public_html/vqmod/xml/lightning.xml
   id        : OpenCart Lightning
   version   : 3.37
   vqmver    : 
   author    : MaxD http://devs.mx

File Name    : system/library/cache.php(0)
VQModObject::applyMod - SEARCH NOT FOUND (SKIPPED): if (is_file(DIR_SYSTEM . 'library/journal3/vendor/SuperCache

----------------------------------------------------------------------


---------- Date: 2026-04-02 09:17:32 ~ IP : 185.179.188.62 ----------
REQUEST URI : /index.php?route=module/popupcart_extended
MOD DETAILS:
   modFile   : /home/canmotalka/web/can-motalka.ru/public_html/vqmod/xml/lightning.xml
   id        : OpenCart Lightning
   version   : 3.37
   vqmver    : 
   author    : MaxD http://devs.mx

File Name    : system/library/cache.php(0)
VQModObject::applyMod - SEARCH NOT FOUND (SKIPPED): if (is_file(DIR_SYSTEM . 'library/journal3/vendor/SuperCache

----------------------------------------------------------------------


---------- Date: 2026-04-02 09:19:35 ~ IP : 185.179.188.62 ----------
REQUEST URI : /podmotka-spidometra-hyundai-h1
MOD DETAILS:
   modFile   : /home/canmotalka/web/can-motalka.ru/public_html/vqmod/xml/lightning.xml
   id        : OpenCart Lightning
   version   : 3.37
   vqmver    : 
   author    : MaxD http://devs.mx

File Name    : system/library/cache.php(0)
VQModObject::applyMod - SEARCH NOT FOUND (SKIPPED): if (is_file(DIR_SYSTEM . 'library/journal3/vendor/SuperCache

----------------------------------------------------------------------


---------- Date: 2026-04-02 09:21:58 ~ IP : 185.179.188.62 ----------
REQUEST URI : /namotchik-probega-dlya-land-rover-discovery
MOD DETAILS:
   modFile   : /home/canmotalka/web/can-motalka.ru/public_html/vqmod/xml/lightning.xml
   id        : OpenCart Lightning
   version   : 3.37
   vqmver    : 
   author    : MaxD http://devs.mx

File Name    : system/library/cache.php(0)
VQModObject::applyMod - SEARCH NOT FOUND (SKIPPED): if (is_file(DIR_SYSTEM . 'library/journal3/vendor/SuperCache

----------------------------------------------------------------------


---------- Date: 2026-04-02 09:22:02 ~ IP : 185.179.188.62 ----------
REQUEST URI : /namotchik-probega-dlya-land-rover-discovery/
MOD DETAILS:
   modFile   : /home/canmotalka/web/can-motalka.ru/public_html/vqmod/xml/lightning.xml
   id        : OpenCart Lightning
   version   : 3.37
   vqmver    : 
   author    : MaxD http://devs.mx

File Name    : system/library/cache.php(0)
VQModObject::applyMod - SEARCH NOT FOUND (SKIPPED): if (is_file(DIR_SYSTEM . 'library/journal3/vendor/SuperCache

----------------------------------------------------------------------


---------- Date: 2026-04-02 09:22:19 ~ IP : 185.179.188.62 ----------
REQUEST URI : /podmotka_spidometra/
MOD DETAILS:
   modFile   : /home/canmotalka/web/can-motalka.ru/public_html/vqmod/xml/lightning.xml
   id        : OpenCart Lightning
   version   : 3.37
   vqmver    : 
   author    : MaxD http://devs.mx

File Name    : system/library/cache.php(0)
VQModObject::applyMod - SEARCH NOT FOUND (SKIPPED): if (is_file(DIR_SYSTEM . 'library/journal3/vendor/SuperCache

----------------------------------------------------------------------


---------- Date: 2026-04-02 09:22:20 ~ IP : 185.179.188.62 ----------
REQUEST URI : /index.php?route=module/popupcart_extended
MOD DETAILS:
   modFile   : /home/canmotalka/web/can-motalka.ru/public_html/vqmod/xml/lightning.xml
   id        : OpenCart Lightning
   version   : 3.37
   vqmver    : 
   author    : MaxD http://devs.mx

File Name    : system/library/cache.php(0)
VQModObject::applyMod - SEARCH NOT FOUND (SKIPPED): if (is_file(DIR_SYSTEM . 'library/journal3/vendor/SuperCache

----------------------------------------------------------------------


---------- Date: 2026-04-02 09:23:06 ~ IP : 185.179.188.62 ----------
REQUEST URI : /podmotka-spidometra-nissan-almera/
MOD DETAILS:
   modFile   : /home/canmotalka/web/can-motalka.ru/public_html/vqmod/xml/lightning.xml
   id        : OpenCart Lightning
   version   : 3.37
   vqmver    : 
   author    : MaxD http://devs.mx

File Name    : system/library/cache.php(0)
VQModObject::applyMod - SEARCH NOT FOUND (SKIPPED): if (is_file(DIR_SYSTEM . 'library/journal3/vendor/SuperCache

----------------------------------------------------------------------


---------- Date: 2026-04-02 09:23:07 ~ IP : 185.179.188.62 ----------
REQUEST URI : /index.php?route=product/product/review&amp;product_id=289
MOD DETAILS:
   modFile   : /home/canmotalka/web/can-motalka.ru/public_html/vqmod/xml/lightning.xml
   id        : OpenCart Lightning
   version   : 3.37
   vqmver    : 
   author    : MaxD http://devs.mx

File Name    : system/library/cache.php(0)
VQModObject::applyMod - SEARCH NOT FOUND (SKIPPED): if (is_file(DIR_SYSTEM . 'library/journal3/vendor/SuperCache

----------------------------------------------------------------------


---------- Date: 2026-04-02 09:23:28 ~ IP : 185.179.188.62 ----------
REQUEST URI : /index.php?route=common/footer/click_counter
MOD DETAILS:
   modFile   : /home/canmotalka/web/can-motalka.ru/public_html/vqmod/xml/lightning.xml
   id        : OpenCart Lightning
   version   : 3.37
   vqmver    : 
   author    : MaxD http://devs.mx

File Name    : system/library/cache.php(0)
VQModObject::applyMod - SEARCH NOT FOUND (SKIPPED): if (is_file(DIR_SYSTEM . 'library/journal3/vendor/SuperCache

----------------------------------------------------------------------


---------- Date: 2026-04-02 09:24:39 ~ IP : 185.179.188.62 ----------
REQUEST URI : /setting_php/zdorovie-soveti/457-pokupka-levitri-20-zaporoje/
MOD DETAILS:
   modFile   : /home/canmotalka/web/can-motalka.ru/public_html/vqmod/xml/lightning.xml
   id        : OpenCart Lightning
   version   : 3.37
   vqmver    : 
   author    : MaxD http://devs.mx

File Name    : system/library/cache.php(0)
VQModObject::applyMod - SEARCH NOT FOUND (SKIPPED): if (is_file(DIR_SYSTEM . 'library/journal3/vendor/SuperCache

----------------------------------------------------------------------


---------- Date: 2026-04-02 09:28:43 ~ IP : 185.179.188.62 ----------
REQUEST URI : /setting_php/kamagra-100/358-cena-sialisa-soft-chehov/
MOD DETAILS:
   modFile   : /home/canmotalka/web/can-motalka.ru/public_html/vqmod/xml/lightning.xml
   id        : OpenCart Lightning
   version   : 3.37
   vqmver    : 
   author    : MaxD http://devs.mx

File Name    : system/library/cache.php(0)
VQModObject::applyMod - SEARCH NOT FOUND (SKIPPED): if (is_file(DIR_SYSTEM . 'library/journal3/vendor/SuperCache

----------------------------------------------------------------------


---------- Date: 2026-04-02 09:36:43 ~ IP : 185.179.188.62 ----------
REQUEST URI : /index.php?route=product/product&amp;path=88&amp;product_id=262
MOD DETAILS:
   modFile   : /home/canmotalka/web/can-motalka.ru/public_html/vqmod/xml/lightning.xml
   id        : OpenCart Lightning
   version   : 3.37
   vqmver    : 
   author    : MaxD http://devs.mx

File Name    : system/library/cache.php(0)
VQModObject::applyMod - SEARCH NOT FOUND (SKIPPED): if (is_file(DIR_SYSTEM . 'library/journal3/vendor/SuperCache

----------------------------------------------------------------------


---------- Date: 2026-04-02 09:39:38 ~ IP : 185.179.188.62 ----------
REQUEST URI : /instrukciya-podmotka-kamaz/?ysclid=mnh3u8joxq984365460
MOD DETAILS:
   modFile   : /home/canmotalka/web/can-motalka.ru/public_html/vqmod/xml/lightning.xml
   id        : OpenCart Lightning
   version   : 3.37
   vqmver    : 
   author    : MaxD http://devs.mx

File Name    : system/library/cache.php(0)
VQModObject::applyMod - SEARCH NOT FOUND (SKIPPED): if (is_file(DIR_SYSTEM . 'library/journal3/vendor/SuperCache

----------------------------------------------------------------------


---------- Date: 2026-04-02 09:39:39 ~ IP : 185.179.188.62 ----------
REQUEST URI : /instrukciya-podmotka-kamaz/
MOD DETAILS:
   modFile   : /home/canmotalka/web/can-motalka.ru/public_html/vqmod/xml/lightning.xml
   id        : OpenCart Lightning
   version   : 3.37
   vqmver    : 
   author    : MaxD http://devs.mx

File Name    : system/library/cache.php(0)
VQModObject::applyMod - SEARCH NOT FOUND (SKIPPED): if (is_file(DIR_SYSTEM . 'library/journal3/vendor/SuperCache

----------------------------------------------------------------------


---------- Date: 2026-04-02 09:39:40 ~ IP : 185.179.188.62 ----------
REQUEST URI : /index.php?route=module/popupcart_extended
MOD DETAILS:
   modFile   : /home/canmotalka/web/can-motalka.ru/public_html/vqmod/xml/lightning.xml
   id        : OpenCart Lightning
   version   : 3.37
   vqmver    : 
   author    : MaxD http://devs.mx

File Name    : system/library/cache.php(0)
VQModObject::applyMod - SEARCH NOT FOUND (SKIPPED): if (is_file(DIR_SYSTEM . 'library/journal3/vendor/SuperCache

----------------------------------------------------------------------


---------- Date: 2026-04-02 09:42:49 ~ IP : 185.179.188.62 ----------
REQUEST URI : /manuals/
MOD DETAILS:
   modFile   : /home/canmotalka/web/can-motalka.ru/public_html/vqmod/xml/lightning.xml
   id        : OpenCart Lightning
   version   : 3.37
   vqmver    : 
   author    : MaxD http://devs.mx

File Name    : system/library/cache.php(0)
VQModObject::applyMod - SEARCH NOT FOUND (SKIPPED): if (is_file(DIR_SYSTEM . 'library/journal3/vendor/SuperCache

----------------------------------------------------------------------


---------- Date: 2026-04-02 09:42:50 ~ IP : 185.179.188.62 ----------
REQUEST URI : /index.php?route=module/popupcart_extended
MOD DETAILS:
   modFile   : /home/canmotalka/web/can-motalka.ru/public_html/vqmod/xml/lightning.xml
   id        : OpenCart Lightning
   version   : 3.37
   vqmver    : 
   author    : MaxD http://devs.mx

File Name    : system/library/cache.php(0)
VQModObject::applyMod - SEARCH NOT FOUND (SKIPPED): if (is_file(DIR_SYSTEM . 'library/journal3/vendor/SuperCache

----------------------------------------------------------------------


---------- Date: 2026-04-02 09:47:28 ~ IP : 185.179.188.62 ----------
REQUEST URI : /.well-known/traffic-advice
MOD DETAILS:
   modFile   : /home/canmotalka/web/can-motalka.ru/public_html/vqmod/xml/lightning.xml
   id        : OpenCart Lightning
   version   : 3.37
   vqmver    : 
   author    : MaxD http://devs.mx

File Name    : system/library/cache.php(0)
VQModObject::applyMod - SEARCH NOT FOUND (SKIPPED): if (is_file(DIR_SYSTEM . 'library/journal3/vendor/SuperCache

----------------------------------------------------------------------


---------- Date: 2026-04-02 09:47:29 ~ IP : 185.179.188.62 ----------
REQUEST URI : /instrukciya-podmotka-kamaz/
MOD DETAILS:
   modFile   : /home/canmotalka/web/can-motalka.ru/public_html/vqmod/xml/lightning.xml
   id        : OpenCart Lightning
   version   : 3.37
   vqmver    : 
   author    : MaxD http://devs.mx

File Name    : system/library/cache.php(0)
VQModObject::applyMod - SEARCH NOT FOUND (SKIPPED): if (is_file(DIR_SYSTEM . 'library/journal3/vendor/SuperCache

----------------------------------------------------------------------


---------- Date: 2026-04-02 09:49:30 ~ IP : 185.179.188.62 ----------
REQUEST URI : /sitemap.xml
MOD DETAILS:
   modFile   : /home/canmotalka/web/can-motalka.ru/public_html/vqmod/xml/lightning.xml
   id        : OpenCart Lightning
   version   : 3.37
   vqmver    : 
   author    : MaxD http://devs.mx

File Name    : system/library/cache.php(0)
VQModObject::applyMod - SEARCH NOT FOUND (SKIPPED): if (is_file(DIR_SYSTEM . 'library/journal3/vendor/SuperCache

----------------------------------------------------------------------


---------- Date: 2026-04-02 09:51:31 ~ IP : 185.179.188.62 ----------
REQUEST URI : /manuals/?ysclid=mnh49hnmyg119305448
MOD DETAILS:
   modFile   : /home/canmotalka/web/can-motalka.ru/public_html/vqmod/xml/lightning.xml
   id        : OpenCart Lightning
   version   : 3.37
   vqmver    : 
   author    : MaxD http://devs.mx

File Name    : system/library/cache.php(0)
VQModObject::applyMod - SEARCH NOT FOUND (SKIPPED): if (is_file(DIR_SYSTEM . 'library/journal3/vendor/SuperCache

----------------------------------------------------------------------


---------- Date: 2026-04-02 09:51:32 ~ IP : 185.179.188.62 ----------
REQUEST URI : /index.php?route=module/popupcart_extended
MOD DETAILS:
   modFile   : /home/canmotalka/web/can-motalka.ru/public_html/vqmod/xml/lightning.xml
   id        : OpenCart Lightning
   version   : 3.37
   vqmver    : 
   author    : MaxD http://devs.mx

File Name    : system/library/cache.php(0)
VQModObject::applyMod - SEARCH NOT FOUND (SKIPPED): if (is_file(DIR_SYSTEM . 'library/journal3/vendor/SuperCache

----------------------------------------------------------------------


---------- Date: 2026-04-02 09:53:04 ~ IP : 185.179.188.62 ----------
REQUEST URI : /gazelle_biz_manual/
MOD DETAILS:
   modFile   : /home/canmotalka/web/can-motalka.ru/public_html/vqmod/xml/lightning.xml
   id        : OpenCart Lightning
   version   : 3.37
   vqmver    : 
   author    : MaxD http://devs.mx

File Name    : system/library/cache.php(0)
VQModObject::applyMod - SEARCH NOT FOUND (SKIPPED): if (is_file(DIR_SYSTEM . 'library/journal3/vendor/SuperCache

----------------------------------------------------------------------


---------- Date: 2026-04-02 09:53:22 ~ IP : 185.179.188.62 ----------
REQUEST URI : /?ysclid=mnh4bw4h4b792291409
MOD DETAILS:
   modFile   : /home/canmotalka/web/can-motalka.ru/public_html/vqmod/xml/lightning.xml
   id        : OpenCart Lightning
   version   : 3.37
   vqmver    : 
   author    : MaxD http://devs.mx

File Name    : system/library/cache.php(0)
VQModObject::applyMod - SEARCH NOT FOUND (SKIPPED): if (is_file(DIR_SYSTEM . 'library/journal3/vendor/SuperCache

----------------------------------------------------------------------


---------- Date: 2026-04-02 09:53:23 ~ IP : 185.179.188.62 ----------
REQUEST URI : /index.php?route=module/popupcart_extended
MOD DETAILS:
   modFile   : /home/canmotalka/web/can-motalka.ru/public_html/vqmod/xml/lightning.xml
   id        : OpenCart Lightning
   version   : 3.37
   vqmver    : 
   author    : MaxD http://devs.mx

File Name    : system/library/cache.php(0)
VQModObject::applyMod - SEARCH NOT FOUND (SKIPPED): if (is_file(DIR_SYSTEM . 'library/journal3/vendor/SuperCache

----------------------------------------------------------------------


---------- Date: 2026-04-02 09:53:31 ~ IP : 185.179.188.62 ----------
REQUEST URI : /podmotka-spidometra-gazel-nekst/
MOD DETAILS:
   modFile   : /home/canmotalka/web/can-motalka.ru/public_html/vqmod/xml/lightning.xml
   id        : OpenCart Lightning
   version   : 3.37
   vqmver    : 
   author    : MaxD http://devs.mx

File Name    : system/library/cache.php(0)
VQModObject::applyMod - SEARCH NOT FOUND (SKIPPED): if (is_file(DIR_SYSTEM . 'library/journal3/vendor/SuperCache

----------------------------------------------------------------------


---------- Date: 2026-04-02 09:53:32 ~ IP : 185.179.188.62 ----------
REQUEST URI : /index.php?route=product/product/review&amp;product_id=97
MOD DETAILS:
   modFile   : /home/canmotalka/web/can-motalka.ru/public_html/vqmod/xml/lightning.xml
   id        : OpenCart Lightning
   version   : 3.37
   vqmver    : 
   author    : MaxD http://devs.mx

File Name    : system/library/cache.php(0)
VQModObject::applyMod - SEARCH NOT FOUND (SKIPPED): if (is_file(DIR_SYSTEM . 'library/journal3/vendor/SuperCache

----------------------------------------------------------------------


---------- Date: 2026-04-02 09:53:49 ~ IP : 185.179.188.62 ----------
REQUEST URI : /podmotka-krutilka-motalka-spidometra-toyota-camry-v50/
MOD DETAILS:
   modFile   : /home/canmotalka/web/can-motalka.ru/public_html/vqmod/xml/lightning.xml
   id        : OpenCart Lightning
   version   : 3.37
   vqmver    : 
   author    : MaxD http://devs.mx

File Name    : system/library/cache.php(0)
VQModObject::applyMod - SEARCH NOT FOUND (SKIPPED): if (is_file(DIR_SYSTEM . 'library/journal3/vendor/SuperCache

----------------------------------------------------------------------


---------- Date: 2026-04-02 09:53:49 ~ IP : 185.179.188.62 ----------
REQUEST URI : /index.php?route=product/product/review&amp;product_id=194
MOD DETAILS:
   modFile   : /home/canmotalka/web/can-motalka.ru/public_html/vqmod/xml/lightning.xml
   id        : OpenCart Lightning
   version   : 3.37
   vqmver    : 
   author    : MaxD http://devs.mx

File Name    : system/library/cache.php(0)
VQModObject::applyMod - SEARCH NOT FOUND (SKIPPED): if (is_file(DIR_SYSTEM . 'library/journal3/vendor/SuperCache

----------------------------------------------------------------------


---------- Date: 2026-04-02 09:54:32 ~ IP : 185.179.188.62 ----------
REQUEST URI : /index.php?route=common/footer/click_counter
MOD DETAILS:
   modFile   : /home/canmotalka/web/can-motalka.ru/public_html/vqmod/xml/lightning.xml
   id        : OpenCart Lightning
   version   : 3.37
   vqmver    : 
   author    : MaxD http://devs.mx

File Name    : system/library/cache.php(0)
VQModObject::applyMod - SEARCH NOT FOUND (SKIPPED): if (is_file(DIR_SYSTEM . 'library/journal3/vendor/SuperCache

----------------------------------------------------------------------


---------- Date: 2026-04-02 09:54:45 ~ IP : 185.179.188.62 ----------
REQUEST URI : /manuals/
MOD DETAILS:
   modFile   : /home/canmotalka/web/can-motalka.ru/public_html/vqmod/xml/lightning.xml
   id        : OpenCart Lightning
   version   : 3.37
   vqmver    : 
   author    : MaxD http://devs.mx

File Name    : system/library/cache.php(0)
VQModObject::applyMod - SEARCH NOT FOUND (SKIPPED): if (is_file(DIR_SYSTEM . 'library/journal3/vendor/SuperCache

----------------------------------------------------------------------


---------- Date: 2026-04-02 09:55:23 ~ IP : 185.179.188.62 ----------
REQUEST URI : /manuals/
MOD DETAILS:
   modFile   : /home/canmotalka/web/can-motalka.ru/public_html/vqmod/xml/lightning.xml
   id        : OpenCart Lightning
   version   : 3.37
   vqmver    : 
   author    : MaxD http://devs.mx

File Name    : system/library/cache.php(0)
VQModObject::applyMod - SEARCH NOT FOUND (SKIPPED): if (is_file(DIR_SYSTEM . 'library/journal3/vendor/SuperCache

----------------------------------------------------------------------


---------- Date: 2026-04-02 09:55:41 ~ IP : 185.179.188.62 ----------
REQUEST URI : /manual-podmotka-toyota-camry-corolla-tlc-rav4/
MOD DETAILS:
   modFile   : /home/canmotalka/web/can-motalka.ru/public_html/vqmod/xml/lightning.xml
   id        : OpenCart Lightning
   version   : 3.37
   vqmver    : 
   author    : MaxD http://devs.mx

File Name    : system/library/cache.php(0)
VQModObject::applyMod - SEARCH NOT FOUND (SKIPPED): if (is_file(DIR_SYSTEM . 'library/journal3/vendor/SuperCache

----------------------------------------------------------------------


---------- Date: 2026-04-02 09:57:06 ~ IP : 185.179.188.62 ----------
REQUEST URI : /motalka_spidometra_re/
MOD DETAILS:
   modFile   : /home/canmotalka/web/can-motalka.ru/public_html/vqmod/xml/lightning.xml
   id        : OpenCart Lightning
   version   : 3.37
   vqmver    : 
   author    : MaxD http://devs.mx

File Name    : system/library/cache.php(0)
VQModObject::applyMod - SEARCH NOT FOUND (SKIPPED): if (is_file(DIR_SYSTEM . 'library/journal3/vendor/SuperCache

----------------------------------------------------------------------


---------- Date: 2026-04-02 09:57:52 ~ IP : 185.179.188.62 ----------
REQUEST URI : /podmotka-spidometra-gazel-nekst/
MOD DETAILS:
   modFile   : /home/canmotalka/web/can-motalka.ru/public_html/vqmod/xml/lightning.xml
   id        : OpenCart Lightning
   version   : 3.37
   vqmver    : 
   author    : MaxD http://devs.mx

File Name    : system/library/cache.php(0)
VQModObject::applyMod - SEARCH NOT FOUND (SKIPPED): if (is_file(DIR_SYSTEM . 'library/journal3/vendor/SuperCache

----------------------------------------------------------------------


---------- Date: 2026-04-02 10:02:03 ~ IP : 185.179.188.62 ----------
REQUEST URI : /?ysclid=mnh4n2vbt0233194382
MOD DETAILS:
   modFile   : /home/canmotalka/web/can-motalka.ru/public_html/vqmod/xml/lightning.xml
   id        : OpenCart Lightning
   version   : 3.37
   vqmver    : 
   author    : MaxD http://devs.mx

File Name    : system/library/cache.php(0)
VQModObject::applyMod - SEARCH NOT FOUND (SKIPPED): if (is_file(DIR_SYSTEM . 'library/journal3/vendor/SuperCache

----------------------------------------------------------------------


---------- Date: 2026-04-02 10:03:26 ~ IP : 185.179.188.62 ----------
REQUEST URI : /podmotka-spidometra-hyundai-genesis-g80/?ysclid=mnh4otvla391784999
MOD DETAILS:
   modFile   : /home/canmotalka/web/can-motalka.ru/public_html/vqmod/xml/lightning.xml
   id        : OpenCart Lightning
   version   : 3.37
   vqmver    : 
   author    : MaxD http://devs.mx

File Name    : system/library/cache.php(0)
VQModObject::applyMod - SEARCH NOT FOUND (SKIPPED): if (is_file(DIR_SYSTEM . 'library/journal3/vendor/SuperCache

----------------------------------------------------------------------


---------- Date: 2026-04-02 10:03:27 ~ IP : 185.179.188.62 ----------
REQUEST URI : /podmotka-spidometra-hyundai-genesis-g80/
MOD DETAILS:
   modFile   : /home/canmotalka/web/can-motalka.ru/public_html/vqmod/xml/lightning.xml
   id        : OpenCart Lightning
   version   : 3.37
   vqmver    : 
   author    : MaxD http://devs.mx

File Name    : system/library/cache.php(0)
VQModObject::applyMod - SEARCH NOT FOUND (SKIPPED): if (is_file(DIR_SYSTEM . 'library/journal3/vendor/SuperCache

----------------------------------------------------------------------


---------- Date: 2026-04-02 10:03:28 ~ IP : 185.179.188.62 ----------
REQUEST URI : /index.php?route=product/product/review&amp;product_id=286
MOD DETAILS:
   modFile   : /home/canmotalka/web/can-motalka.ru/public_html/vqmod/xml/lightning.xml
   id        : OpenCart Lightning
   version   : 3.37
   vqmver    : 
   author    : MaxD http://devs.mx

File Name    : system/library/cache.php(0)
VQModObject::applyMod - SEARCH NOT FOUND (SKIPPED): if (is_file(DIR_SYSTEM . 'library/journal3/vendor/SuperCache

----------------------------------------------------------------------


---------- Date: 2026-04-02 10:03:28 ~ IP : 185.179.188.62 ----------
REQUEST URI : /index.php?route=module/popupcart_extended
MOD DETAILS:
   modFile   : /home/canmotalka/web/can-motalka.ru/public_html/vqmod/xml/lightning.xml
   id        : OpenCart Lightning
   version   : 3.37
   vqmver    : 
   author    : MaxD http://devs.mx

File Name    : system/library/cache.php(0)
VQModObject::applyMod - SEARCH NOT FOUND (SKIPPED): if (is_file(DIR_SYSTEM . 'library/journal3/vendor/SuperCache

----------------------------------------------------------------------


---------- Date: 2026-04-02 10:03:49 ~ IP : 185.179.188.62 ----------
REQUEST URI : /podmotka-spidometra-hyundai-genesis-g80/?ysclid=mnh4otvla391784999
MOD DETAILS:
   modFile   : /home/canmotalka/web/can-motalka.ru/public_html/vqmod/xml/lightning.xml
   id        : OpenCart Lightning
   version   : 3.37
   vqmver    : 
   author    : MaxD http://devs.mx

File Name    : system/library/cache.php(0)
VQModObject::applyMod - SEARCH NOT FOUND (SKIPPED): if (is_file(DIR_SYSTEM . 'library/journal3/vendor/SuperCache

----------------------------------------------------------------------


---------- Date: 2026-04-02 10:05:05 ~ IP : 185.179.188.62 ----------
REQUEST URI : /manuals/?ysclid=mnh4qx106x219536811
MOD DETAILS:
   modFile   : /home/canmotalka/web/can-motalka.ru/public_html/vqmod/xml/lightning.xml
   id        : OpenCart Lightning
   version   : 3.37
   vqmver    : 
   author    : MaxD http://devs.mx

File Name    : system/library/cache.php(0)
VQModObject::applyMod - SEARCH NOT FOUND (SKIPPED): if (is_file(DIR_SYSTEM . 'library/journal3/vendor/SuperCache

----------------------------------------------------------------------


---------- Date: 2026-04-02 10:05:06 ~ IP : 185.179.188.62 ----------
REQUEST URI : /index.php?route=module/popupcart_extended
MOD DETAILS:
   modFile   : /home/canmotalka/web/can-motalka.ru/public_html/vqmod/xml/lightning.xml
   id        : OpenCart Lightning
   version   : 3.37
   vqmver    : 
   author    : MaxD http://devs.mx

File Name    : system/library/cache.php(0)
VQModObject::applyMod - SEARCH NOT FOUND (SKIPPED): if (is_file(DIR_SYSTEM . 'library/journal3/vendor/SuperCache

----------------------------------------------------------------------


---------- Date: 2026-04-02 10:06:54 ~ IP : 185.179.188.62 ----------
REQUEST URI : /index.php?route=common/footer/click_counter
MOD DETAILS:
   modFile   : /home/canmotalka/web/can-motalka.ru/public_html/vqmod/xml/lightning.xml
   id        : OpenCart Lightning
   version   : 3.37
   vqmver    : 
   author    : MaxD http://devs.mx

File Name    : system/library/cache.php(0)
VQModObject::applyMod - SEARCH NOT FOUND (SKIPPED): if (is_file(DIR_SYSTEM . 'library/journal3/vendor/SuperCache

----------------------------------------------------------------------


---------- Date: 2026-04-02 10:12:46 ~ IP : 185.179.188.62 ----------
REQUEST URI : /politika-konfidencialnosti/
MOD DETAILS:
   modFile   : /home/canmotalka/web/can-motalka.ru/public_html/vqmod/xml/lightning.xml
   id        : OpenCart Lightning
   version   : 3.37
   vqmver    : 
   author    : MaxD http://devs.mx

File Name    : system/library/cache.php(0)
VQModObject::applyMod - SEARCH NOT FOUND (SKIPPED): if (is_file(DIR_SYSTEM . 'library/journal3/vendor/SuperCache

----------------------------------------------------------------------


---------- Date: 2026-04-02 10:18:07 ~ IP : 185.179.188.62 ----------
REQUEST URI : /instrukciya-dlya-ford-tranzit/
MOD DETAILS:
   modFile   : /home/canmotalka/web/can-motalka.ru/public_html/vqmod/xml/lightning.xml
   id        : OpenCart Lightning
   version   : 3.37
   vqmver    : 
   author    : MaxD http://devs.mx

File Name    : system/library/cache.php(0)
VQModObject::applyMod - SEARCH NOT FOUND (SKIPPED): if (is_file(DIR_SYSTEM . 'library/journal3/vendor/SuperCache

----------------------------------------------------------------------


---------- Date: 2026-04-02 10:18:08 ~ IP : 185.179.188.62 ----------
REQUEST URI : /index.php?route=module/popupcart_extended
MOD DETAILS:
   modFile   : /home/canmotalka/web/can-motalka.ru/public_html/vqmod/xml/lightning.xml
   id        : OpenCart Lightning
   version   : 3.37
   vqmver    : 
   author    : MaxD http://devs.mx

File Name    : system/library/cache.php(0)
VQModObject::applyMod - SEARCH NOT FOUND (SKIPPED): if (is_file(DIR_SYSTEM . 'library/journal3/vendor/SuperCache

----------------------------------------------------------------------


---------- Date: 2026-04-02 10:23:55 ~ IP : 185.179.188.62 ----------
REQUEST URI : /patriot_re/
MOD DETAILS:
   modFile   : /home/canmotalka/web/can-motalka.ru/public_html/vqmod/xml/lightning.xml
   id        : OpenCart Lightning
   version   : 3.37
   vqmver    : 
   author    : MaxD http://devs.mx

File Name    : system/library/cache.php(0)
VQModObject::applyMod - SEARCH NOT FOUND (SKIPPED): if (is_file(DIR_SYSTEM . 'library/journal3/vendor/SuperCache

----------------------------------------------------------------------


---------- Date: 2026-04-02 10:24:10 ~ IP : 185.179.188.62 ----------
REQUEST URI : /instrukciya-podmotka-kamaz/
MOD DETAILS:
   modFile   : /home/canmotalka/web/can-motalka.ru/public_html/vqmod/xml/lightning.xml
   id        : OpenCart Lightning
   version   : 3.37
   vqmver    : 
   author    : MaxD http://devs.mx

File Name    : system/library/cache.php(0)
VQModObject::applyMod - SEARCH NOT FOUND (SKIPPED): if (is_file(DIR_SYSTEM . 'library/journal3/vendor/SuperCache

----------------------------------------------------------------------


---------- Date: 2026-04-02 10:24:45 ~ IP : 185.179.188.62 ----------
REQUEST URI : /podmotka_uaz_re/?ysclid=mnh5g6f4tx434927101
MOD DETAILS:
   modFile   : /home/canmotalka/web/can-motalka.ru/public_html/vqmod/xml/lightning.xml
   id        : OpenCart Lightning
   version   : 3.37
   vqmver    : 
   author    : MaxD http://devs.mx

File Name    : system/library/cache.php(0)
VQModObject::applyMod - SEARCH NOT FOUND (SKIPPED): if (is_file(DIR_SYSTEM . 'library/journal3/vendor/SuperCache

----------------------------------------------------------------------


---------- Date: 2026-04-02 10:24:45 ~ IP : 185.179.188.62 ----------
REQUEST URI : /podmotka_uaz_re/
MOD DETAILS:
   modFile   : /home/canmotalka/web/can-motalka.ru/public_html/vqmod/xml/lightning.xml
   id        : OpenCart Lightning
   version   : 3.37
   vqmver    : 
   author    : MaxD http://devs.mx

File Name    : system/library/cache.php(0)
VQModObject::applyMod - SEARCH NOT FOUND (SKIPPED): if (is_file(DIR_SYSTEM . 'library/journal3/vendor/SuperCache

----------------------------------------------------------------------


---------- Date: 2026-04-02 10:24:58 ~ IP : 185.179.188.62 ----------
REQUEST URI : /index.php?route=module/popupcart_extended
MOD DETAILS:
   modFile   : /home/canmotalka/web/can-motalka.ru/public_html/vqmod/xml/lightning.xml
   id        : OpenCart Lightning
   version   : 3.37
   vqmver    : 
   author    : MaxD http://devs.mx

File Name    : system/library/cache.php(0)
VQModObject::applyMod - SEARCH NOT FOUND (SKIPPED): if (is_file(DIR_SYSTEM . 'library/journal3/vendor/SuperCache

----------------------------------------------------------------------


---------- Date: 2026-04-02 10:25:36 ~ IP : 185.179.188.62 ----------
REQUEST URI : /patriot_re/
MOD DETAILS:
   modFile   : /home/canmotalka/web/can-motalka.ru/public_html/vqmod/xml/lightning.xml
   id        : OpenCart Lightning
   version   : 3.37
   vqmver    : 
   author    : MaxD http://devs.mx

File Name    : system/library/cache.php(0)
VQModObject::applyMod - SEARCH NOT FOUND (SKIPPED): if (is_file(DIR_SYSTEM . 'library/journal3/vendor/SuperCache

----------------------------------------------------------------------


---------- Date: 2026-04-02 10:25:38 ~ IP : 185.179.188.62 ----------
REQUEST URI : /index.php?route=module/popupcart_extended
MOD DETAILS:
   modFile   : /home/canmotalka/web/can-motalka.ru/public_html/vqmod/xml/lightning.xml
   id        : OpenCart Lightning
   version   : 3.37
   vqmver    : 
   author    : MaxD http://devs.mx

File Name    : system/library/cache.php(0)
VQModObject::applyMod - SEARCH NOT FOUND (SKIPPED): if (is_file(DIR_SYSTEM . 'library/journal3/vendor/SuperCache

----------------------------------------------------------------------


---------- Date: 2026-04-02 10:25:55 ~ IP : 185.179.188.62 ----------
REQUEST URI : /otzyvy/?page=12
MOD DETAILS:
   modFile   : /home/canmotalka/web/can-motalka.ru/public_html/vqmod/xml/lightning.xml
   id        : OpenCart Lightning
   version   : 3.37
   vqmver    : 
   author    : MaxD http://devs.mx

File Name    : system/library/cache.php(0)
VQModObject::applyMod - SEARCH NOT FOUND (SKIPPED): if (is_file(DIR_SYSTEM . 'library/journal3/vendor/SuperCache

----------------------------------------------------------------------


---------- Date: 2026-04-02 10:30:37 ~ IP : 185.179.188.62 ----------
REQUEST URI : /largus_manual/
MOD DETAILS:
   modFile   : /home/canmotalka/web/can-motalka.ru/public_html/vqmod/xml/lightning.xml
   id        : OpenCart Lightning
   version   : 3.37
   vqmver    : 
   author    : MaxD http://devs.mx

File Name    : system/library/cache.php(0)
VQModObject::applyMod - SEARCH NOT FOUND (SKIPPED): if (is_file(DIR_SYSTEM . 'library/journal3/vendor/SuperCache

----------------------------------------------------------------------


---------- Date: 2026-04-02 10:30:41 ~ IP : 185.179.188.62 ----------
REQUEST URI : /index.php?route=module/popupcart_extended
MOD DETAILS:
   modFile   : /home/canmotalka/web/can-motalka.ru/public_html/vqmod/xml/lightning.xml
   id        : OpenCart Lightning
   version   : 3.37
   vqmver    : 
   author    : MaxD http://devs.mx

File Name    : system/library/cache.php(0)
VQModObject::applyMod - SEARCH NOT FOUND (SKIPPED): if (is_file(DIR_SYSTEM . 'library/journal3/vendor/SuperCache

----------------------------------------------------------------------


---------- Date: 2026-04-02 10:30:50 ~ IP : 185.179.188.62 ----------
REQUEST URI : /podmotka-spidometra-nissan-almera/
MOD DETAILS:
   modFile   : /home/canmotalka/web/can-motalka.ru/public_html/vqmod/xml/lightning.xml
   id        : OpenCart Lightning
   version   : 3.37
   vqmver    : 
   author    : MaxD http://devs.mx

File Name    : system/library/cache.php(0)
VQModObject::applyMod - SEARCH NOT FOUND (SKIPPED): if (is_file(DIR_SYSTEM . 'library/journal3/vendor/SuperCache

----------------------------------------------------------------------


---------- Date: 2026-04-02 10:30:58 ~ IP : 185.179.188.62 ----------
REQUEST URI : /index.php?route=product/product/review&amp;product_id=289
MOD DETAILS:
   modFile   : /home/canmotalka/web/can-motalka.ru/public_html/vqmod/xml/lightning.xml
   id        : OpenCart Lightning
   version   : 3.37
   vqmver    : 
   author    : MaxD http://devs.mx

File Name    : system/library/cache.php(0)
VQModObject::applyMod - SEARCH NOT FOUND (SKIPPED): if (is_file(DIR_SYSTEM . 'library/journal3/vendor/SuperCache

----------------------------------------------------------------------


---------- Date: 2026-04-02 10:30:58 ~ IP : 185.179.188.62 ----------
REQUEST URI : /index.php?route=module/popupcart_extended
MOD DETAILS:
   modFile   : /home/canmotalka/web/can-motalka.ru/public_html/vqmod/xml/lightning.xml
   id        : OpenCart Lightning
   version   : 3.37
   vqmver    : 
   author    : MaxD http://devs.mx

File Name    : system/library/cache.php(0)
VQModObject::applyMod - SEARCH NOT FOUND (SKIPPED): if (is_file(DIR_SYSTEM . 'library/journal3/vendor/SuperCache

----------------------------------------------------------------------


---------- Date: 2026-04-02 10:31:15 ~ IP : 185.179.188.62 ----------
REQUEST URI : /?ysclid=mnh5ol9ymr315983947
MOD DETAILS:
   modFile   : /home/canmotalka/web/can-motalka.ru/public_html/vqmod/xml/lightning.xml
   id        : OpenCart Lightning
   version   : 3.37
   vqmver    : 
   author    : MaxD http://devs.mx

File Name    : system/library/cache.php(0)
VQModObject::applyMod - SEARCH NOT FOUND (SKIPPED): if (is_file(DIR_SYSTEM . 'library/journal3/vendor/SuperCache

----------------------------------------------------------------------


---------- Date: 2026-04-02 10:31:18 ~ IP : 185.179.188.62 ----------
REQUEST URI : /index.php?route=module/popupcart_extended
MOD DETAILS:
   modFile   : /home/canmotalka/web/can-motalka.ru/public_html/vqmod/xml/lightning.xml
   id        : OpenCart Lightning
   version   : 3.37
   vqmver    : 
   author    : MaxD http://devs.mx

File Name    : system/library/cache.php(0)
VQModObject::applyMod - SEARCH NOT FOUND (SKIPPED): if (is_file(DIR_SYSTEM . 'library/journal3/vendor/SuperCache

----------------------------------------------------------------------


---------- Date: 2026-04-02 10:31:48 ~ IP : 185.179.188.62 ----------
REQUEST URI : /manuals/
MOD DETAILS:
   modFile   : /home/canmotalka/web/can-motalka.ru/public_html/vqmod/xml/lightning.xml
   id        : OpenCart Lightning
   version   : 3.37
   vqmver    : 
   author    : MaxD http://devs.mx

File Name    : system/library/cache.php(0)
VQModObject::applyMod - SEARCH NOT FOUND (SKIPPED): if (is_file(DIR_SYSTEM . 'library/journal3/vendor/SuperCache

----------------------------------------------------------------------


---------- Date: 2026-04-02 10:32:27 ~ IP : 185.179.188.62 ----------
REQUEST URI : /contact/
MOD DETAILS:
   modFile   : /home/canmotalka/web/can-motalka.ru/public_html/vqmod/xml/lightning.xml
   id        : OpenCart Lightning
   version   : 3.37
   vqmver    : 
   author    : MaxD http://devs.mx

File Name    : system/library/cache.php(0)
VQModObject::applyMod - SEARCH NOT FOUND (SKIPPED): if (is_file(DIR_SYSTEM . 'library/journal3/vendor/SuperCache

----------------------------------------------------------------------


---------- Date: 2026-04-02 10:32:35 ~ IP : 185.179.188.62 ----------
REQUEST URI : /manuals/
MOD DETAILS:
   modFile   : /home/canmotalka/web/can-motalka.ru/public_html/vqmod/xml/lightning.xml
   id        : OpenCart Lightning
   version   : 3.37
   vqmver    : 
   author    : MaxD http://devs.mx

File Name    : system/library/cache.php(0)
VQModObject::applyMod - SEARCH NOT FOUND (SKIPPED): if (is_file(DIR_SYSTEM . 'library/journal3/vendor/SuperCache

----------------------------------------------------------------------


---------- Date: 2026-04-02 10:32:37 ~ IP : 185.179.188.62 ----------
REQUEST URI : /manuals/?page=2
MOD DETAILS:
   modFile   : /home/canmotalka/web/can-motalka.ru/public_html/vqmod/xml/lightning.xml
   id        : OpenCart Lightning
   version   : 3.37
   vqmver    : 
   author    : MaxD http://devs.mx

File Name    : system/library/cache.php(0)
VQModObject::applyMod - SEARCH NOT FOUND (SKIPPED): if (is_file(DIR_SYSTEM . 'library/journal3/vendor/SuperCache

----------------------------------------------------------------------


---------- Date: 2026-04-02 10:32:40 ~ IP : 185.179.188.62 ----------
REQUEST URI : /index.php?route=module/popupcart_extended
MOD DETAILS:
   modFile   : /home/canmotalka/web/can-motalka.ru/public_html/vqmod/xml/lightning.xml
   id        : OpenCart Lightning
   version   : 3.37
   vqmver    : 
   author    : MaxD http://devs.mx

File Name    : system/library/cache.php(0)
VQModObject::applyMod - SEARCH NOT FOUND (SKIPPED): if (is_file(DIR_SYSTEM . 'library/journal3/vendor/SuperCache

----------------------------------------------------------------------


---------- Date: 2026-04-02 10:33:01 ~ IP : 185.179.188.62 ----------
REQUEST URI : /instrukciya-dlya-podmotki-lada-niva/
MOD DETAILS:
   modFile   : /home/canmotalka/web/can-motalka.ru/public_html/vqmod/xml/lightning.xml
   id        : OpenCart Lightning
   version   : 3.37
   vqmver    : 
   author    : MaxD http://devs.mx

File Name    : system/library/cache.php(0)
VQModObject::applyMod - SEARCH NOT FOUND (SKIPPED): if (is_file(DIR_SYSTEM . 'library/journal3/vendor/SuperCache

----------------------------------------------------------------------


---------- Date: 2026-04-02 10:33:15 ~ IP : 185.179.188.62 ----------
REQUEST URI : /manuals/
MOD DETAILS:
   modFile   : /home/canmotalka/web/can-motalka.ru/public_html/vqmod/xml/lightning.xml
   id        : OpenCart Lightning
   version   : 3.37
   vqmver    : 
   author    : MaxD http://devs.mx

File Name    : system/library/cache.php(0)
VQModObject::applyMod - SEARCH NOT FOUND (SKIPPED): if (is_file(DIR_SYSTEM . 'library/journal3/vendor/SuperCache

----------------------------------------------------------------------


---------- Date: 2026-04-02 10:34:11 ~ IP : 185.179.188.62 ----------
REQUEST URI : /podmotka_uaz_re/?ysclid=mnhec1s1ww970663310
MOD DETAILS:
   modFile   : /home/canmotalka/web/can-motalka.ru/public_html/vqmod/xml/lightning.xml
   id        : OpenCart Lightning
   version   : 3.37
   vqmver    : 
   author    : MaxD http://devs.mx

File Name    : system/library/cache.php(0)
VQModObject::applyMod - SEARCH NOT FOUND (SKIPPED): if (is_file(DIR_SYSTEM . 'library/journal3/vendor/SuperCache

----------------------------------------------------------------------


---------- Date: 2026-04-02 10:34:12 ~ IP : 185.179.188.62 ----------
REQUEST URI : /podmotka_uaz_re/
MOD DETAILS:
   modFile   : /home/canmotalka/web/can-motalka.ru/public_html/vqmod/xml/lightning.xml
   id        : OpenCart Lightning
   version   : 3.37
   vqmver    : 
   author    : MaxD http://devs.mx

File Name    : system/library/cache.php(0)
VQModObject::applyMod - SEARCH NOT FOUND (SKIPPED): if (is_file(DIR_SYSTEM . 'library/journal3/vendor/SuperCache

----------------------------------------------------------------------


---------- Date: 2026-04-02 10:34:14 ~ IP : 185.179.188.62 ----------
REQUEST URI : /index.php?route=module/popupcart_extended
MOD DETAILS:
   modFile   : /home/canmotalka/web/can-motalka.ru/public_html/vqmod/xml/lightning.xml
   id        : OpenCart Lightning
   version   : 3.37
   vqmver    : 
   author    : MaxD http://devs.mx

File Name    : system/library/cache.php(0)
VQModObject::applyMod - SEARCH NOT FOUND (SKIPPED): if (is_file(DIR_SYSTEM . 'library/journal3/vendor/SuperCache

----------------------------------------------------------------------


---------- Date: 2026-04-02 10:36:49 ~ IP : 185.179.188.62 ----------
REQUEST URI : /instrukciya-podmotka-niva-travel-chevrolet/?ysclid=mnh5vr1dp1975748444
MOD DETAILS:
   modFile   : /home/canmotalka/web/can-motalka.ru/public_html/vqmod/xml/lightning.xml
   id        : OpenCart Lightning
   version   : 3.37
   vqmver    : 
   author    : MaxD http://devs.mx

File Name    : system/library/cache.php(0)
VQModObject::applyMod - SEARCH NOT FOUND (SKIPPED): if (is_file(DIR_SYSTEM . 'library/journal3/vendor/SuperCache

----------------------------------------------------------------------


---------- Date: 2026-04-02 10:36:50 ~ IP : 185.179.188.62 ----------
REQUEST URI : /instrukciya-podmotka-niva-travel-chevrolet/
MOD DETAILS:
   modFile   : /home/canmotalka/web/can-motalka.ru/public_html/vqmod/xml/lightning.xml
   id        : OpenCart Lightning
   version   : 3.37
   vqmver    : 
   author    : MaxD http://devs.mx

File Name    : system/library/cache.php(0)
VQModObject::applyMod - SEARCH NOT FOUND (SKIPPED): if (is_file(DIR_SYSTEM . 'library/journal3/vendor/SuperCache

----------------------------------------------------------------------


---------- Date: 2026-04-02 10:36:51 ~ IP : 185.179.188.62 ----------
REQUEST URI : /index.php?route=module/popupcart_extended
MOD DETAILS:
   modFile   : /home/canmotalka/web/can-motalka.ru/public_html/vqmod/xml/lightning.xml
   id        : OpenCart Lightning
   version   : 3.37
   vqmver    : 
   author    : MaxD http://devs.mx

File Name    : system/library/cache.php(0)
VQModObject::applyMod - SEARCH NOT FOUND (SKIPPED): if (is_file(DIR_SYSTEM . 'library/journal3/vendor/SuperCache

----------------------------------------------------------------------


---------- Date: 2026-04-02 10:37:02 ~ IP : 185.179.188.62 ----------
REQUEST URI : /otzyvy/
MOD DETAILS:
   modFile   : /home/canmotalka/web/can-motalka.ru/public_html/vqmod/xml/lightning.xml
   id        : OpenCart Lightning
   version   : 3.37
   vqmver    : 
   author    : MaxD http://devs.mx

File Name    : system/library/cache.php(0)
VQModObject::applyMod - SEARCH NOT FOUND (SKIPPED): if (is_file(DIR_SYSTEM . 'library/journal3/vendor/SuperCache

----------------------------------------------------------------------


---------- Date: 2026-04-02 10:37:02 ~ IP : 185.179.188.62 ----------
REQUEST URI : /instrukciya-podmotka-niva-travel-chevrolet/
MOD DETAILS:
   modFile   : /home/canmotalka/web/can-motalka.ru/public_html/vqmod/xml/lightning.xml
   id        : OpenCart Lightning
   version   : 3.37
   vqmver    : 
   author    : MaxD http://devs.mx

File Name    : system/library/cache.php(0)
VQModObject::applyMod - SEARCH NOT FOUND (SKIPPED): if (is_file(DIR_SYSTEM . 'library/journal3/vendor/SuperCache

----------------------------------------------------------------------


---------- Date: 2026-04-02 10:37:03 ~ IP : 185.179.188.62 ----------
REQUEST URI : /index.php?route=module/popupcart_extended
MOD DETAILS:
   modFile   : /home/canmotalka/web/can-motalka.ru/public_html/vqmod/xml/lightning.xml
   id        : OpenCart Lightning
   version   : 3.37
   vqmver    : 
   author    : MaxD http://devs.mx

File Name    : system/library/cache.php(0)
VQModObject::applyMod - SEARCH NOT FOUND (SKIPPED): if (is_file(DIR_SYSTEM . 'library/journal3/vendor/SuperCache

----------------------------------------------------------------------


---------- Date: 2026-04-02 10:37:54 ~ IP : 185.179.188.62 ----------
REQUEST URI : /podmotka-spidometra-hyundai-genesis-g80/?ysclid=mnh5x552r0350968379
MOD DETAILS:
   modFile   : /home/canmotalka/web/can-motalka.ru/public_html/vqmod/xml/lightning.xml
   id        : OpenCart Lightning
   version   : 3.37
   vqmver    : 
   author    : MaxD http://devs.mx

File Name    : system/library/cache.php(0)
VQModObject::applyMod - SEARCH NOT FOUND (SKIPPED): if (is_file(DIR_SYSTEM . 'library/journal3/vendor/SuperCache

----------------------------------------------------------------------


---------- Date: 2026-04-02 10:37:54 ~ IP : 185.179.188.62 ----------
REQUEST URI : /podmotka-spidometra-hyundai-genesis-g80/
MOD DETAILS:
   modFile   : /home/canmotalka/web/can-motalka.ru/public_html/vqmod/xml/lightning.xml
   id        : OpenCart Lightning
   version   : 3.37
   vqmver    : 
   author    : MaxD http://devs.mx

File Name    : system/library/cache.php(0)
VQModObject::applyMod - SEARCH NOT FOUND (SKIPPED): if (is_file(DIR_SYSTEM . 'library/journal3/vendor/SuperCache

----------------------------------------------------------------------


---------- Date: 2026-04-02 10:37:55 ~ IP : 185.179.188.62 ----------
REQUEST URI : /index.php?route=product/product/review&amp;product_id=286
MOD DETAILS:
   modFile   : /home/canmotalka/web/can-motalka.ru/public_html/vqmod/xml/lightning.xml
   id        : OpenCart Lightning
   version   : 3.37
   vqmver    : 
   author    : MaxD http://devs.mx

File Name    : system/library/cache.php(0)
VQModObject::applyMod - SEARCH NOT FOUND (SKIPPED): if (is_file(DIR_SYSTEM . 'library/journal3/vendor/SuperCache

----------------------------------------------------------------------


---------- Date: 2026-04-02 10:37:55 ~ IP : 185.179.188.62 ----------
REQUEST URI : /index.php?route=module/popupcart_extended
MOD DETAILS:
   modFile   : /home/canmotalka/web/can-motalka.ru/public_html/vqmod/xml/lightning.xml
   id        : OpenCart Lightning
   version   : 3.37
   vqmver    : 
   author    : MaxD http://devs.mx

File Name    : system/library/cache.php(0)
VQModObject::applyMod - SEARCH NOT FOUND (SKIPPED): if (is_file(DIR_SYSTEM . 'library/journal3/vendor/SuperCache

----------------------------------------------------------------------


---------- Date: 2026-04-02 10:38:44 ~ IP : 185.179.188.62 ----------
REQUEST URI : /podmotka-spidometra-gazel-v-prikurivatel/
MOD DETAILS:
   modFile   : /home/canmotalka/web/can-motalka.ru/public_html/vqmod/xml/lightning.xml
   id        : OpenCart Lightning
   version   : 3.37
   vqmver    : 
   author    : MaxD http://devs.mx

File Name    : system/library/cache.php(0)
VQModObject::applyMod - SEARCH NOT FOUND (SKIPPED): if (is_file(DIR_SYSTEM . 'library/journal3/vendor/SuperCache

----------------------------------------------------------------------


---------- Date: 2026-04-02 10:39:06 ~ IP : 185.179.188.62 ----------
REQUEST URI : /manuals/
MOD DETAILS:
   modFile   : /home/canmotalka/web/can-motalka.ru/public_html/vqmod/xml/lightning.xml
   id        : OpenCart Lightning
   version   : 3.37
   vqmver    : 
   author    : MaxD http://devs.mx

File Name    : system/library/cache.php(0)
VQModObject::applyMod - SEARCH NOT FOUND (SKIPPED): if (is_file(DIR_SYSTEM . 'library/journal3/vendor/SuperCache

----------------------------------------------------------------------


---------- Date: 2026-04-02 10:39:07 ~ IP : 185.179.188.62 ----------
REQUEST URI : /manuals/?page=2
MOD DETAILS:
   modFile   : /home/canmotalka/web/can-motalka.ru/public_html/vqmod/xml/lightning.xml
   id        : OpenCart Lightning
   version   : 3.37
   vqmver    : 
   author    : MaxD http://devs.mx

File Name    : system/library/cache.php(0)
VQModObject::applyMod - SEARCH NOT FOUND (SKIPPED): if (is_file(DIR_SYSTEM . 'library/journal3/vendor/SuperCache

----------------------------------------------------------------------


---------- Date: 2026-04-02 10:39:17 ~ IP : 185.179.188.62 ----------
REQUEST URI : /manuals/?page=2
MOD DETAILS:
   modFile   : /home/canmotalka/web/can-motalka.ru/public_html/vqmod/xml/lightning.xml
   id        : OpenCart Lightning
   version   : 3.37
   vqmver    : 
   author    : MaxD http://devs.mx

File Name    : system/library/cache.php(0)
VQModObject::applyMod - SEARCH NOT FOUND (SKIPPED): if (is_file(DIR_SYSTEM . 'library/journal3/vendor/SuperCache

----------------------------------------------------------------------


---------- Date: 2026-04-02 10:39:38 ~ IP : 185.179.188.62 ----------
REQUEST URI : /folksvagen-polo-podmotka-spidometra/
MOD DETAILS:
   modFile   : /home/canmotalka/web/can-motalka.ru/public_html/vqmod/xml/lightning.xml
   id        : OpenCart Lightning
   version   : 3.37
   vqmver    : 
   author    : MaxD http://devs.mx

File Name    : system/library/cache.php(0)
VQModObject::applyMod - SEARCH NOT FOUND (SKIPPED): if (is_file(DIR_SYSTEM . 'library/journal3/vendor/SuperCache

----------------------------------------------------------------------


---------- Date: 2026-04-02 10:39:40 ~ IP : 185.179.188.62 ----------
REQUEST URI : /index.php?route=product/product/review&amp;product_id=216
MOD DETAILS:
   modFile   : /home/canmotalka/web/can-motalka.ru/public_html/vqmod/xml/lightning.xml
   id        : OpenCart Lightning
   version   : 3.37
   vqmver    : 
   author    : MaxD http://devs.mx

File Name    : system/library/cache.php(0)
VQModObject::applyMod - SEARCH NOT FOUND (SKIPPED): if (is_file(DIR_SYSTEM . 'library/journal3/vendor/SuperCache

----------------------------------------------------------------------


---------- Date: 2026-04-02 10:39:40 ~ IP : 185.179.188.62 ----------
REQUEST URI : /index.php?route=module/popupcart_extended
MOD DETAILS:
   modFile   : /home/canmotalka/web/can-motalka.ru/public_html/vqmod/xml/lightning.xml
   id        : OpenCart Lightning
   version   : 3.37
   vqmver    : 
   author    : MaxD http://devs.mx

File Name    : system/library/cache.php(0)
VQModObject::applyMod - SEARCH NOT FOUND (SKIPPED): if (is_file(DIR_SYSTEM . 'library/journal3/vendor/SuperCache

----------------------------------------------------------------------


---------- Date: 2026-04-02 10:41:40 ~ IP : 185.179.188.62 ----------
REQUEST URI : /motalka_spidometra_re/
MOD DETAILS:
   modFile   : /home/canmotalka/web/can-motalka.ru/public_html/vqmod/xml/lightning.xml
   id        : OpenCart Lightning
   version   : 3.37
   vqmver    : 
   author    : MaxD http://devs.mx

File Name    : system/library/cache.php(0)
VQModObject::applyMod - SEARCH NOT FOUND (SKIPPED): if (is_file(DIR_SYSTEM . 'library/journal3/vendor/SuperCache

----------------------------------------------------------------------


---------- Date: 2026-04-02 10:41:40 ~ IP : 185.179.188.62 ----------
REQUEST URI : /motalka_spidometra_re/
MOD DETAILS:
   modFile   : /home/canmotalka/web/can-motalka.ru/public_html/vqmod/xml/lightning.xml
   id        : OpenCart Lightning
   version   : 3.37
   vqmver    : 
   author    : MaxD http://devs.mx

File Name    : system/library/cache.php(0)
VQModObject::applyMod - SEARCH NOT FOUND (SKIPPED): if (is_file(DIR_SYSTEM . 'library/journal3/vendor/SuperCache

----------------------------------------------------------------------


---------- Date: 2026-04-02 10:43:18 ~ IP : 185.179.188.62 ----------
REQUEST URI : /podmotka-spidometra-hyundai-genesis-g80/?ysclid=mnh6434c9r486366386
MOD DETAILS:
   modFile   : /home/canmotalka/web/can-motalka.ru/public_html/vqmod/xml/lightning.xml
   id        : OpenCart Lightning
   version   : 3.37
   vqmver    : 
   author    : MaxD http://devs.mx

File Name    : system/library/cache.php(0)
VQModObject::applyMod - SEARCH NOT FOUND (SKIPPED): if (is_file(DIR_SYSTEM . 'library/journal3/vendor/SuperCache

----------------------------------------------------------------------


---------- Date: 2026-04-02 10:46:01 ~ IP : 185.179.188.62 ----------
REQUEST URI : /?ysclid=mnflxyxmsa884776343
MOD DETAILS:
   modFile   : /home/canmotalka/web/can-motalka.ru/public_html/vqmod/xml/lightning.xml
   id        : OpenCart Lightning
   version   : 3.37
   vqmver    : 
   author    : MaxD http://devs.mx

File Name    : system/library/cache.php(0)
VQModObject::applyMod - SEARCH NOT FOUND (SKIPPED): if (is_file(DIR_SYSTEM . 'library/journal3/vendor/SuperCache

----------------------------------------------------------------------


---------- Date: 2026-04-02 10:46:11 ~ IP : 185.179.188.62 ----------
REQUEST URI : /contact/
MOD DETAILS:
   modFile   : /home/canmotalka/web/can-motalka.ru/public_html/vqmod/xml/lightning.xml
   id        : OpenCart Lightning
   version   : 3.37
   vqmver    : 
   author    : MaxD http://devs.mx

File Name    : system/library/cache.php(0)
VQModObject::applyMod - SEARCH NOT FOUND (SKIPPED): if (is_file(DIR_SYSTEM . 'library/journal3/vendor/SuperCache

----------------------------------------------------------------------


---------- Date: 2026-04-02 10:47:32 ~ IP : 185.179.188.62 ----------
REQUEST URI : /setting_php/tadalafil-20/315-kamagra-gold-analog-osinniki/
MOD DETAILS:
   modFile   : /home/canmotalka/web/can-motalka.ru/public_html/vqmod/xml/lightning.xml
   id        : OpenCart Lightning
   version   : 3.37
   vqmver    : 
   author    : MaxD http://devs.mx

File Name    : system/library/cache.php(0)
VQModObject::applyMod - SEARCH NOT FOUND (SKIPPED): if (is_file(DIR_SYSTEM . 'library/journal3/vendor/SuperCache

----------------------------------------------------------------------


---------- Date: 2026-04-02 10:50:14 ~ IP : 185.179.188.62 ----------
REQUEST URI : /niva_abs_re/
MOD DETAILS:
   modFile   : /home/canmotalka/web/can-motalka.ru/public_html/vqmod/xml/lightning.xml
   id        : OpenCart Lightning
   version   : 3.37
   vqmver    : 
   author    : MaxD http://devs.mx

File Name    : system/library/cache.php(0)
VQModObject::applyMod - SEARCH NOT FOUND (SKIPPED): if (is_file(DIR_SYSTEM . 'library/journal3/vendor/SuperCache

----------------------------------------------------------------------


---------- Date: 2026-04-02 10:51:01 ~ IP : 185.179.188.62 ----------
REQUEST URI : /index.php?route=module/popupcart_extended
MOD DETAILS:
   modFile   : /home/canmotalka/web/can-motalka.ru/public_html/vqmod/xml/lightning.xml
   id        : OpenCart Lightning
   version   : 3.37
   vqmver    : 
   author    : MaxD http://devs.mx

File Name    : system/library/cache.php(0)
VQModObject::applyMod - SEARCH NOT FOUND (SKIPPED): if (is_file(DIR_SYSTEM . 'library/journal3/vendor/SuperCache

----------------------------------------------------------------------


---------- Date: 2026-04-02 10:51:04 ~ IP : 185.179.188.62 ----------
REQUEST URI : /index.php?route=module/popupcart_extended
MOD DETAILS:
   modFile   : /home/canmotalka/web/can-motalka.ru/public_html/vqmod/xml/lightning.xml
   id        : OpenCart Lightning
   version   : 3.37
   vqmver    : 
   author    : MaxD http://devs.mx

File Name    : system/library/cache.php(0)
VQModObject::applyMod - SEARCH NOT FOUND (SKIPPED): if (is_file(DIR_SYSTEM . 'library/journal3/vendor/SuperCache

----------------------------------------------------------------------


---------- Date: 2026-04-02 10:53:13 ~ IP : 185.179.188.62 ----------
REQUEST URI : /.well-known/traffic-advice
MOD DETAILS:
   modFile   : /home/canmotalka/web/can-motalka.ru/public_html/vqmod/xml/lightning.xml
   id        : OpenCart Lightning
   version   : 3.37
   vqmver    : 
   author    : MaxD http://devs.mx

File Name    : system/library/cache.php(0)
VQModObject::applyMod - SEARCH NOT FOUND (SKIPPED): if (is_file(DIR_SYSTEM . 'library/journal3/vendor/SuperCache

----------------------------------------------------------------------


---------- Date: 2026-04-02 10:53:14 ~ IP : 185.179.188.62 ----------
REQUEST URI : /manuals/
MOD DETAILS:
   modFile   : /home/canmotalka/web/can-motalka.ru/public_html/vqmod/xml/lightning.xml
   id        : OpenCart Lightning
   version   : 3.37
   vqmver    : 
   author    : MaxD http://devs.mx

File Name    : system/library/cache.php(0)
VQModObject::applyMod - SEARCH NOT FOUND (SKIPPED): if (is_file(DIR_SYSTEM . 'library/journal3/vendor/SuperCache

----------------------------------------------------------------------


---------- Date: 2026-04-02 10:53:15 ~ IP : 185.179.188.62 ----------
REQUEST URI : /manuals/?page=2
MOD DETAILS:
   modFile   : /home/canmotalka/web/can-motalka.ru/public_html/vqmod/xml/lightning.xml
   id        : OpenCart Lightning
   version   : 3.37
   vqmver    : 
   author    : MaxD http://devs.mx

File Name    : system/library/cache.php(0)
VQModObject::applyMod - SEARCH NOT FOUND (SKIPPED): if (is_file(DIR_SYSTEM . 'library/journal3/vendor/SuperCache

----------------------------------------------------------------------


---------- Date: 2026-04-02 10:53:16 ~ IP : 185.179.188.62 ----------
REQUEST URI : /podmotka-spidometra-niva2020/
MOD DETAILS:
   modFile   : /home/canmotalka/web/can-motalka.ru/public_html/vqmod/xml/lightning.xml
   id        : OpenCart Lightning
   version   : 3.37
   vqmver    : 
   author    : MaxD http://devs.mx

File Name    : system/library/cache.php(0)
VQModObject::applyMod - SEARCH NOT FOUND (SKIPPED): if (is_file(DIR_SYSTEM . 'library/journal3/vendor/SuperCache

----------------------------------------------------------------------


---------- Date: 2026-04-02 10:53:28 ~ IP : 185.179.188.62 ----------
REQUEST URI : /motalka_spidometra_re/
MOD DETAILS:
   modFile   : /home/canmotalka/web/can-motalka.ru/public_html/vqmod/xml/lightning.xml
   id        : OpenCart Lightning
   version   : 3.37
   vqmver    : 
   author    : MaxD http://devs.mx

File Name    : system/library/cache.php(0)
VQModObject::applyMod - SEARCH NOT FOUND (SKIPPED): if (is_file(DIR_SYSTEM . 'library/journal3/vendor/SuperCache

----------------------------------------------------------------------


---------- Date: 2026-04-02 10:53:38 ~ IP : 185.179.188.62 ----------
REQUEST URI : /index.php?route=product/product/review&amp;product_id=290
MOD DETAILS:
   modFile   : /home/canmotalka/web/can-motalka.ru/public_html/vqmod/xml/lightning.xml
   id        : OpenCart Lightning
   version   : 3.37
   vqmver    : 
   author    : MaxD http://devs.mx

File Name    : system/library/cache.php(0)
VQModObject::applyMod - SEARCH NOT FOUND (SKIPPED): if (is_file(DIR_SYSTEM . 'library/journal3/vendor/SuperCache

----------------------------------------------------------------------


---------- Date: 2026-04-02 10:54:21 ~ IP : 185.179.188.62 ----------
REQUEST URI : /namotchik-probega-dlya-uaz-patriot-konec-do-2016-zelenyy-displey/
MOD DETAILS:
   modFile   : /home/canmotalka/web/can-motalka.ru/public_html/vqmod/xml/lightning.xml
   id        : OpenCart Lightning
   version   : 3.37
   vqmver    : 
   author    : MaxD http://devs.mx

File Name    : system/library/cache.php(0)
VQModObject::applyMod - SEARCH NOT FOUND (SKIPPED): if (is_file(DIR_SYSTEM . 'library/journal3/vendor/SuperCache

----------------------------------------------------------------------


---------- Date: 2026-04-02 10:57:49 ~ IP : 185.179.188.62 ----------
REQUEST URI : /podmotka-krutilka-motalka-spidometra-dlya-toyota-camry-v55/
MOD DETAILS:
   modFile   : /home/canmotalka/web/can-motalka.ru/public_html/vqmod/xml/lightning.xml
   id        : OpenCart Lightning
   version   : 3.37
   vqmver    : 
   author    : MaxD http://devs.mx

File Name    : system/library/cache.php(0)
VQModObject::applyMod - SEARCH NOT FOUND (SKIPPED): if (is_file(DIR_SYSTEM . 'library/journal3/vendor/SuperCache

----------------------------------------------------------------------


---------- Date: 2026-04-02 10:57:49 ~ IP : 185.179.188.62 ----------
REQUEST URI : /index.php?route=product/product/review&amp;product_id=195
MOD DETAILS:
   modFile   : /home/canmotalka/web/can-motalka.ru/public_html/vqmod/xml/lightning.xml
   id        : OpenCart Lightning
   version   : 3.37
   vqmver    : 
   author    : MaxD http://devs.mx

File Name    : system/library/cache.php(0)
VQModObject::applyMod - SEARCH NOT FOUND (SKIPPED): if (is_file(DIR_SYSTEM . 'library/journal3/vendor/SuperCache

----------------------------------------------------------------------


---------- Date: 2026-04-02 10:58:13 ~ IP : 185.179.188.62 ----------
REQUEST URI : /?ysclid=mnh6na8y8w426537986
MOD DETAILS:
   modFile   : /home/canmotalka/web/can-motalka.ru/public_html/vqmod/xml/lightning.xml
   id        : OpenCart Lightning
   version   : 3.37
   vqmver    : 
   author    : MaxD http://devs.mx

File Name    : system/library/cache.php(0)
VQModObject::applyMod - SEARCH NOT FOUND (SKIPPED): if (is_file(DIR_SYSTEM . 'library/journal3/vendor/SuperCache

----------------------------------------------------------------------


---------- Date: 2026-04-02 10:58:44 ~ IP : 185.179.188.62 ----------
REQUEST URI : /index.php?route=module/popupcart_extended
MOD DETAILS:
   modFile   : /home/canmotalka/web/can-motalka.ru/public_html/vqmod/xml/lightning.xml
   id        : OpenCart Lightning
   version   : 3.37
   vqmver    : 
   author    : MaxD http://devs.mx

File Name    : system/library/cache.php(0)
VQModObject::applyMod - SEARCH NOT FOUND (SKIPPED): if (is_file(DIR_SYSTEM . 'library/journal3/vendor/SuperCache

----------------------------------------------------------------------


---------- Date: 2026-04-02 11:02:33 ~ IP : 185.179.188.62 ----------
REQUEST URI : /podmotka-krutilka-motalka-spidometra-dlya-toyota-camry-v55/
MOD DETAILS:
   modFile   : /home/canmotalka/web/can-motalka.ru/public_html/vqmod/xml/lightning.xml
   id        : OpenCart Lightning
   version   : 3.37
   vqmver    : 
   author    : MaxD http://devs.mx

File Name    : system/library/cache.php(0)
VQModObject::applyMod - SEARCH NOT FOUND (SKIPPED): if (is_file(DIR_SYSTEM . 'library/journal3/vendor/SuperCache

----------------------------------------------------------------------


---------- Date: 2026-04-02 11:03:25 ~ IP : 185.179.188.62 ----------
REQUEST URI : /podmotka-spidometra-gazel-nekst/
MOD DETAILS:
   modFile   : /home/canmotalka/web/can-motalka.ru/public_html/vqmod/xml/lightning.xml
   id        : OpenCart Lightning
   version   : 3.37
   vqmver    : 
   author    : MaxD http://devs.mx

File Name    : system/library/cache.php(0)
VQModObject::applyMod - SEARCH NOT FOUND (SKIPPED): if (is_file(DIR_SYSTEM . 'library/journal3/vendor/SuperCache

----------------------------------------------------------------------


---------- Date: 2026-04-02 11:07:55 ~ IP : 185.179.188.62 ----------
REQUEST URI : /instrukciya-podmotka-kamaz/?ysclid=mnh7cpfdaa527484869
MOD DETAILS:
   modFile   : /home/canmotalka/web/can-motalka.ru/public_html/vqmod/xml/lightning.xml
   id        : OpenCart Lightning
   version   : 3.37
   vqmver    : 
   author    : MaxD http://devs.mx

File Name    : system/library/cache.php(0)
VQModObject::applyMod - SEARCH NOT FOUND (SKIPPED): if (is_file(DIR_SYSTEM . 'library/journal3/vendor/SuperCache

----------------------------------------------------------------------


---------- Date: 2026-04-02 11:07:56 ~ IP : 185.179.188.62 ----------
REQUEST URI : /instrukciya-podmotka-kamaz/
MOD DETAILS:
   modFile   : /home/canmotalka/web/can-motalka.ru/public_html/vqmod/xml/lightning.xml
   id        : OpenCart Lightning
   version   : 3.37
   vqmver    : 
   author    : MaxD http://devs.mx

File Name    : system/library/cache.php(0)
VQModObject::applyMod - SEARCH NOT FOUND (SKIPPED): if (is_file(DIR_SYSTEM . 'library/journal3/vendor/SuperCache

----------------------------------------------------------------------


---------- Date: 2026-04-02 11:07:56 ~ IP : 185.179.188.62 ----------
REQUEST URI : /index.php?route=module/popupcart_extended
MOD DETAILS:
   modFile   : /home/canmotalka/web/can-motalka.ru/public_html/vqmod/xml/lightning.xml
   id        : OpenCart Lightning
   version   : 3.37
   vqmver    : 
   author    : MaxD http://devs.mx

File Name    : system/library/cache.php(0)
VQModObject::applyMod - SEARCH NOT FOUND (SKIPPED): if (is_file(DIR_SYSTEM . 'library/journal3/vendor/SuperCache

----------------------------------------------------------------------


---------- Date: 2026-04-02 11:08:32 ~ IP : 185.179.188.62 ----------
REQUEST URI : /camry70_photo_manual/
MOD DETAILS:
   modFile   : /home/canmotalka/web/can-motalka.ru/public_html/vqmod/xml/lightning.xml
   id        : OpenCart Lightning
   version   : 3.37
   vqmver    : 
   author    : MaxD http://devs.mx

File Name    : system/library/cache.php(0)
VQModObject::applyMod - SEARCH NOT FOUND (SKIPPED): if (is_file(DIR_SYSTEM . 'library/journal3/vendor/SuperCache

----------------------------------------------------------------------


---------- Date: 2026-04-02 11:11:54 ~ IP : 185.179.188.62 ----------
REQUEST URI : /podmotka-spidometra-henday-sonata-8/
MOD DETAILS:
   modFile   : /home/canmotalka/web/can-motalka.ru/public_html/vqmod/xml/lightning.xml
   id        : OpenCart Lightning
   version   : 3.37
   vqmver    : 
   author    : MaxD http://devs.mx

File Name    : system/library/cache.php(0)
VQModObject::applyMod - SEARCH NOT FOUND (SKIPPED): if (is_file(DIR_SYSTEM . 'library/journal3/vendor/SuperCache

----------------------------------------------------------------------


---------- Date: 2026-04-02 11:11:54 ~ IP : 185.179.188.62 ----------
REQUEST URI : /otzyvy/
MOD DETAILS:
   modFile   : /home/canmotalka/web/can-motalka.ru/public_html/vqmod/xml/lightning.xml
   id        : OpenCart Lightning
   version   : 3.37
   vqmver    : 
   author    : MaxD http://devs.mx

File Name    : system/library/cache.php(0)
VQModObject::applyMod - SEARCH NOT FOUND (SKIPPED): if (is_file(DIR_SYSTEM . 'library/journal3/vendor/SuperCache

----------------------------------------------------------------------


---------- Date: 2026-04-02 11:12:58 ~ IP : 185.179.188.62 ----------
REQUEST URI : /patriot_re/?ysclid=mnh768mqku645325892
MOD DETAILS:
   modFile   : /home/canmotalka/web/can-motalka.ru/public_html/vqmod/xml/lightning.xml
   id        : OpenCart Lightning
   version   : 3.37
   vqmver    : 
   author    : MaxD http://devs.mx

File Name    : system/library/cache.php(0)
VQModObject::applyMod - SEARCH NOT FOUND (SKIPPED): if (is_file(DIR_SYSTEM . 'library/journal3/vendor/SuperCache

----------------------------------------------------------------------


---------- Date: 2026-04-02 11:12:59 ~ IP : 185.179.188.62 ----------
REQUEST URI : /patriot_re/
MOD DETAILS:
   modFile   : /home/canmotalka/web/can-motalka.ru/public_html/vqmod/xml/lightning.xml
   id        : OpenCart Lightning
   version   : 3.37
   vqmver    : 
   author    : MaxD http://devs.mx

File Name    : system/library/cache.php(0)
VQModObject::applyMod - SEARCH NOT FOUND (SKIPPED): if (is_file(DIR_SYSTEM . 'library/journal3/vendor/SuperCache

----------------------------------------------------------------------


---------- Date: 2026-04-02 11:13:00 ~ IP : 185.179.188.62 ----------
REQUEST URI : /index.php?route=module/popupcart_extended
MOD DETAILS:
   modFile   : /home/canmotalka/web/can-motalka.ru/public_html/vqmod/xml/lightning.xml
   id        : OpenCart Lightning
   version   : 3.37
   vqmver    : 
   author    : MaxD http://devs.mx

File Name    : system/library/cache.php(0)
VQModObject::applyMod - SEARCH NOT FOUND (SKIPPED): if (is_file(DIR_SYSTEM . 'library/journal3/vendor/SuperCache

----------------------------------------------------------------------


---------- Date: 2026-04-02 11:14:54 ~ IP : 185.179.188.62 ----------
REQUEST URI : /gazelle_biz_manual/
MOD DETAILS:
   modFile   : /home/canmotalka/web/can-motalka.ru/public_html/vqmod/xml/lightning.xml
   id        : OpenCart Lightning
   version   : 3.37
   vqmver    : 
   author    : MaxD http://devs.mx

File Name    : system/library/cache.php(0)
VQModObject::applyMod - SEARCH NOT FOUND (SKIPPED): if (is_file(DIR_SYSTEM . 'library/journal3/vendor/SuperCache

----------------------------------------------------------------------


---------- Date: 2026-04-02 11:15:55 ~ IP : 185.179.188.62 ----------
REQUEST URI : /podmotka-krutilka-spidometra-gazel-biznes-benzin-evotec-ili-cummins/
MOD DETAILS:
   modFile   : /home/canmotalka/web/can-motalka.ru/public_html/vqmod/xml/lightning.xml
   id        : OpenCart Lightning
   version   : 3.37
   vqmver    : 
   author    : MaxD http://devs.mx

File Name    : system/library/cache.php(0)
VQModObject::applyMod - SEARCH NOT FOUND (SKIPPED): if (is_file(DIR_SYSTEM . 'library/journal3/vendor/SuperCache

----------------------------------------------------------------------


---------- Date: 2026-04-02 11:15:56 ~ IP : 185.179.188.62 ----------
REQUEST URI : /index.php?route=product/product/review&amp;product_id=98
MOD DETAILS:
   modFile   : /home/canmotalka/web/can-motalka.ru/public_html/vqmod/xml/lightning.xml
   id        : OpenCart Lightning
   version   : 3.37
   vqmver    : 
   author    : MaxD http://devs.mx

File Name    : system/library/cache.php(0)
VQModObject::applyMod - SEARCH NOT FOUND (SKIPPED): if (is_file(DIR_SYSTEM . 'library/journal3/vendor/SuperCache

----------------------------------------------------------------------


---------- Date: 2026-04-02 11:16:21 ~ IP : 185.179.188.62 ----------
REQUEST URI : /setting_php/kamagra-gold/229-tabletki-djenerik-levitri-soft-kumertau/
MOD DETAILS:
   modFile   : /home/canmotalka/web/can-motalka.ru/public_html/vqmod/xml/lightning.xml
   id        : OpenCart Lightning
   version   : 3.37
   vqmver    : 
   author    : MaxD http://devs.mx

File Name    : system/library/cache.php(0)
VQModObject::applyMod - SEARCH NOT FOUND (SKIPPED): if (is_file(DIR_SYSTEM . 'library/journal3/vendor/SuperCache

----------------------------------------------------------------------


---------- Date: 2026-04-02 11:16:22 ~ IP : 185.179.188.62 ----------
REQUEST URI : /podmotka-spidometra-uaz-patriot/
MOD DETAILS:
   modFile   : /home/canmotalka/web/can-motalka.ru/public_html/vqmod/xml/lightning.xml
   id        : OpenCart Lightning
   version   : 3.37
   vqmver    : 
   author    : MaxD http://devs.mx

File Name    : system/library/cache.php(0)
VQModObject::applyMod - SEARCH NOT FOUND (SKIPPED): if (is_file(DIR_SYSTEM . 'library/journal3/vendor/SuperCache

----------------------------------------------------------------------


---------- Date: 2026-04-02 11:16:23 ~ IP : 185.179.188.62 ----------
REQUEST URI : /podmotka_uaz_re/?ysclid=mnh79srvra25922550
MOD DETAILS:
   modFile   : /home/canmotalka/web/can-motalka.ru/public_html/vqmod/xml/lightning.xml
   id        : OpenCart Lightning
   version   : 3.37
   vqmver    : 
   author    : MaxD http://devs.mx

File Name    : system/library/cache.php(0)
VQModObject::applyMod - SEARCH NOT FOUND (SKIPPED): if (is_file(DIR_SYSTEM . 'library/journal3/vendor/SuperCache

----------------------------------------------------------------------


---------- Date: 2026-04-02 11:16:23 ~ IP : 185.179.188.62 ----------
REQUEST URI : /podmotka_uaz_re/
MOD DETAILS:
   modFile   : /home/canmotalka/web/can-motalka.ru/public_html/vqmod/xml/lightning.xml
   id        : OpenCart Lightning
   version   : 3.37
   vqmver    : 
   author    : MaxD http://devs.mx

File Name    : system/library/cache.php(0)
VQModObject::applyMod - SEARCH NOT FOUND (SKIPPED): if (is_file(DIR_SYSTEM . 'library/journal3/vendor/SuperCache

----------------------------------------------------------------------


---------- Date: 2026-04-02 11:16:26 ~ IP : 185.179.188.62 ----------
REQUEST URI : /index.php?route=module/popupcart_extended
MOD DETAILS:
   modFile   : /home/canmotalka/web/can-motalka.ru/public_html/vqmod/xml/lightning.xml
   id        : OpenCart Lightning
   version   : 3.37
   vqmver    : 
   author    : MaxD http://devs.mx

File Name    : system/library/cache.php(0)
VQModObject::applyMod - SEARCH NOT FOUND (SKIPPED): if (is_file(DIR_SYSTEM . 'library/journal3/vendor/SuperCache

----------------------------------------------------------------------


---------- Date: 2026-04-02 11:16:34 ~ IP : 185.179.188.62 ----------
REQUEST URI : /manuals/?page=2
MOD DETAILS:
   modFile   : /home/canmotalka/web/can-motalka.ru/public_html/vqmod/xml/lightning.xml
   id        : OpenCart Lightning
   version   : 3.37
   vqmver    : 
   author    : MaxD http://devs.mx

File Name    : system/library/cache.php(0)
VQModObject::applyMod - SEARCH NOT FOUND (SKIPPED): if (is_file(DIR_SYSTEM . 'library/journal3/vendor/SuperCache

----------------------------------------------------------------------


---------- Date: 2026-04-02 11:16:39 ~ IP : 185.179.188.62 ----------
REQUEST URI : /index.php?route=module/popupcart_extended
MOD DETAILS:
   modFile   : /home/canmotalka/web/can-motalka.ru/public_html/vqmod/xml/lightning.xml
   id        : OpenCart Lightning
   version   : 3.37
   vqmver    : 
   author    : MaxD http://devs.mx

File Name    : system/library/cache.php(0)
VQModObject::applyMod - SEARCH NOT FOUND (SKIPPED): if (is_file(DIR_SYSTEM . 'library/journal3/vendor/SuperCache

----------------------------------------------------------------------


---------- Date: 2026-04-02 11:16:48 ~ IP : 185.179.188.62 ----------
REQUEST URI : /index.php?route=product/product/review&amp;product_id=277
MOD DETAILS:
   modFile   : /home/canmotalka/web/can-motalka.ru/public_html/vqmod/xml/lightning.xml
   id        : OpenCart Lightning
   version   : 3.37
   vqmver    : 
   author    : MaxD http://devs.mx

File Name    : system/library/cache.php(0)
VQModObject::applyMod - SEARCH NOT FOUND (SKIPPED): if (is_file(DIR_SYSTEM . 'library/journal3/vendor/SuperCache

----------------------------------------------------------------------


---------- Date: 2026-04-02 11:17:09 ~ IP : 185.179.188.62 ----------
REQUEST URI : /index.php?route=common/footer/click_counter
MOD DETAILS:
   modFile   : /home/canmotalka/web/can-motalka.ru/public_html/vqmod/xml/lightning.xml
   id        : OpenCart Lightning
   version   : 3.37
   vqmver    : 
   author    : MaxD http://devs.mx

File Name    : system/library/cache.php(0)
VQModObject::applyMod - SEARCH NOT FOUND (SKIPPED): if (is_file(DIR_SYSTEM . 'library/journal3/vendor/SuperCache

----------------------------------------------------------------------


---------- Date: 2026-04-02 11:17:12 ~ IP : 185.179.188.62 ----------
REQUEST URI : /podmotka_spidometra/
MOD DETAILS:
   modFile   : /home/canmotalka/web/can-motalka.ru/public_html/vqmod/xml/lightning.xml
   id        : OpenCart Lightning
   version   : 3.37
   vqmver    : 
   author    : MaxD http://devs.mx

File Name    : system/library/cache.php(0)
VQModObject::applyMod - SEARCH NOT FOUND (SKIPPED): if (is_file(DIR_SYSTEM . 'library/journal3/vendor/SuperCache

----------------------------------------------------------------------


---------- Date: 2026-04-02 11:18:03 ~ IP : 185.179.188.62 ----------
REQUEST URI : /o-kompanii/
MOD DETAILS:
   modFile   : /home/canmotalka/web/can-motalka.ru/public_html/vqmod/xml/lightning.xml
   id        : OpenCart Lightning
   version   : 3.37
   vqmver    : 
   author    : MaxD http://devs.mx

File Name    : system/library/cache.php(0)
VQModObject::applyMod - SEARCH NOT FOUND (SKIPPED): if (is_file(DIR_SYSTEM . 'library/journal3/vendor/SuperCache

----------------------------------------------------------------------


---------- Date: 2026-04-02 11:18:54 ~ IP : 185.179.188.62 ----------
REQUEST URI : /manuals/?page=2
MOD DETAILS:
   modFile   : /home/canmotalka/web/can-motalka.ru/public_html/vqmod/xml/lightning.xml
   id        : OpenCart Lightning
   version   : 3.37
   vqmver    : 
   author    : MaxD http://devs.mx

File Name    : system/library/cache.php(0)
VQModObject::applyMod - SEARCH NOT FOUND (SKIPPED): if (is_file(DIR_SYSTEM . 'library/journal3/vendor/SuperCache

----------------------------------------------------------------------


---------- Date: 2026-04-02 11:19:42 ~ IP : 185.179.188.62 ----------
REQUEST URI : /podmotka-spidometra-moskvich-3/
MOD DETAILS:
   modFile   : /home/canmotalka/web/can-motalka.ru/public_html/vqmod/xml/lightning.xml
   id        : OpenCart Lightning
   version   : 3.37
   vqmver    : 
   author    : MaxD http://devs.mx

File Name    : system/library/cache.php(0)
VQModObject::applyMod - SEARCH NOT FOUND (SKIPPED): if (is_file(DIR_SYSTEM . 'library/journal3/vendor/SuperCache

----------------------------------------------------------------------


---------- Date: 2026-04-02 11:19:43 ~ IP : 185.179.188.62 ----------
REQUEST URI : /index.php?route=product/product/review&amp;product_id=307
MOD DETAILS:
   modFile   : /home/canmotalka/web/can-motalka.ru/public_html/vqmod/xml/lightning.xml
   id        : OpenCart Lightning
   version   : 3.37
   vqmver    : 
   author    : MaxD http://devs.mx

File Name    : system/library/cache.php(0)
VQModObject::applyMod - SEARCH NOT FOUND (SKIPPED): if (is_file(DIR_SYSTEM . 'library/journal3/vendor/SuperCache

----------------------------------------------------------------------


---------- Date: 2026-04-02 11:20:20 ~ IP : 185.179.188.62 ----------
REQUEST URI : /manuals/
MOD DETAILS:
   modFile   : /home/canmotalka/web/can-motalka.ru/public_html/vqmod/xml/lightning.xml
   id        : OpenCart Lightning
   version   : 3.37
   vqmver    : 
   author    : MaxD http://devs.mx

File Name    : system/library/cache.php(0)
VQModObject::applyMod - SEARCH NOT FOUND (SKIPPED): if (is_file(DIR_SYSTEM . 'library/journal3/vendor/SuperCache

----------------------------------------------------------------------


---------- Date: 2026-04-02 11:20:28 ~ IP : 185.179.188.62 ----------
REQUEST URI : /index.php?route=module/popupcart_extended
MOD DETAILS:
   modFile   : /home/canmotalka/web/can-motalka.ru/public_html/vqmod/xml/lightning.xml
   id        : OpenCart Lightning
   version   : 3.37
   vqmver    : 
   author    : MaxD http://devs.mx

File Name    : system/library/cache.php(0)
VQModObject::applyMod - SEARCH NOT FOUND (SKIPPED): if (is_file(DIR_SYSTEM . 'library/journal3/vendor/SuperCache

----------------------------------------------------------------------


---------- Date: 2026-04-02 11:20:30 ~ IP : 185.179.188.62 ----------
REQUEST URI : /podmotka-spidometra-kia-optima-bezlimitnaya
MOD DETAILS:
   modFile   : /home/canmotalka/web/can-motalka.ru/public_html/vqmod/xml/lightning.xml
   id        : OpenCart Lightning
   version   : 3.37
   vqmver    : 
   author    : MaxD http://devs.mx

File Name    : system/library/cache.php(0)
VQModObject::applyMod - SEARCH NOT FOUND (SKIPPED): if (is_file(DIR_SYSTEM . 'library/journal3/vendor/SuperCache

----------------------------------------------------------------------


---------- Date: 2026-04-02 11:20:32 ~ IP : 185.179.188.62 ----------
REQUEST URI : /podmotka-spidometra-kia-optima-bezlimitnaya/
MOD DETAILS:
   modFile   : /home/canmotalka/web/can-motalka.ru/public_html/vqmod/xml/lightning.xml
   id        : OpenCart Lightning
   version   : 3.37
   vqmver    : 
   author    : MaxD http://devs.mx

File Name    : system/library/cache.php(0)
VQModObject::applyMod - SEARCH NOT FOUND (SKIPPED): if (is_file(DIR_SYSTEM . 'library/journal3/vendor/SuperCache

----------------------------------------------------------------------


---------- Date: 2026-04-02 11:20:35 ~ IP : 185.179.188.62 ----------
REQUEST URI : /instrukciya-lada-granta-2021/
MOD DETAILS:
   modFile   : /home/canmotalka/web/can-motalka.ru/public_html/vqmod/xml/lightning.xml
   id        : OpenCart Lightning
   version   : 3.37
   vqmver    : 
   author    : MaxD http://devs.mx

File Name    : system/library/cache.php(0)
VQModObject::applyMod - SEARCH NOT FOUND (SKIPPED): if (is_file(DIR_SYSTEM . 'library/journal3/vendor/SuperCache

----------------------------------------------------------------------


---------- Date: 2026-04-02 11:20:42 ~ IP : 185.179.188.62 ----------
REQUEST URI : /podmotka-spidometra-moskvich-3/
MOD DETAILS:
   modFile   : /home/canmotalka/web/can-motalka.ru/public_html/vqmod/xml/lightning.xml
   id        : OpenCart Lightning
   version   : 3.37
   vqmver    : 
   author    : MaxD http://devs.mx

File Name    : system/library/cache.php(0)
VQModObject::applyMod - SEARCH NOT FOUND (SKIPPED): if (is_file(DIR_SYSTEM . 'library/journal3/vendor/SuperCache

----------------------------------------------------------------------


---------- Date: 2026-04-02 11:22:21 ~ IP : 185.179.188.62 ----------
REQUEST URI : /instrukciya-dlya-podmotki-lada-niva/
MOD DETAILS:
   modFile   : /home/canmotalka/web/can-motalka.ru/public_html/vqmod/xml/lightning.xml
   id        : OpenCart Lightning
   version   : 3.37
   vqmver    : 
   author    : MaxD http://devs.mx

File Name    : system/library/cache.php(0)
VQModObject::applyMod - SEARCH NOT FOUND (SKIPPED): if (is_file(DIR_SYSTEM . 'library/journal3/vendor/SuperCache

----------------------------------------------------------------------


---------- Date: 2026-04-02 11:22:39 ~ IP : 185.179.188.62 ----------
REQUEST URI : /index.php?route=module/popupcart_extended
MOD DETAILS:
   modFile   : /home/canmotalka/web/can-motalka.ru/public_html/vqmod/xml/lightning.xml
   id        : OpenCart Lightning
   version   : 3.37
   vqmver    : 
   author    : MaxD http://devs.mx

File Name    : system/library/cache.php(0)
VQModObject::applyMod - SEARCH NOT FOUND (SKIPPED): if (is_file(DIR_SYSTEM . 'library/journal3/vendor/SuperCache

----------------------------------------------------------------------


---------- Date: 2026-04-02 11:23:29 ~ IP : 185.179.188.62 ----------
REQUEST URI : /krutilka-spidometra-dlya-honda-civic/
MOD DETAILS:
   modFile   : /home/canmotalka/web/can-motalka.ru/public_html/vqmod/xml/lightning.xml
   id        : OpenCart Lightning
   version   : 3.37
   vqmver    : 
   author    : MaxD http://devs.mx

File Name    : system/library/cache.php(0)
VQModObject::applyMod - SEARCH NOT FOUND (SKIPPED): if (is_file(DIR_SYSTEM . 'library/journal3/vendor/SuperCache

----------------------------------------------------------------------


---------- Date: 2026-04-02 11:25:52 ~ IP : 185.179.188.62 ----------
REQUEST URI : /podmotka_uaz_re/?ysclid=mnh7muag8t792799241
MOD DETAILS:
   modFile   : /home/canmotalka/web/can-motalka.ru/public_html/vqmod/xml/lightning.xml
   id        : OpenCart Lightning
   version   : 3.37
   vqmver    : 
   author    : MaxD http://devs.mx

File Name    : system/library/cache.php(0)
VQModObject::applyMod - SEARCH NOT FOUND (SKIPPED): if (is_file(DIR_SYSTEM . 'library/journal3/vendor/SuperCache

----------------------------------------------------------------------


---------- Date: 2026-04-02 11:25:53 ~ IP : 185.179.188.62 ----------
REQUEST URI : /podmotka_uaz_re/
MOD DETAILS:
   modFile   : /home/canmotalka/web/can-motalka.ru/public_html/vqmod/xml/lightning.xml
   id        : OpenCart Lightning
   version   : 3.37
   vqmver    : 
   author    : MaxD http://devs.mx

File Name    : system/library/cache.php(0)
VQModObject::applyMod - SEARCH NOT FOUND (SKIPPED): if (is_file(DIR_SYSTEM . 'library/journal3/vendor/SuperCache

----------------------------------------------------------------------


---------- Date: 2026-04-02 11:25:54 ~ IP : 185.179.188.62 ----------
REQUEST URI : /index.php?route=module/popupcart_extended
MOD DETAILS:
   modFile   : /home/canmotalka/web/can-motalka.ru/public_html/vqmod/xml/lightning.xml
   id        : OpenCart Lightning
   version   : 3.37
   vqmver    : 
   author    : MaxD http://devs.mx

File Name    : system/library/cache.php(0)
VQModObject::applyMod - SEARCH NOT FOUND (SKIPPED): if (is_file(DIR_SYSTEM . 'library/journal3/vendor/SuperCache

----------------------------------------------------------------------


---------- Date: 2026-04-02 11:25:55 ~ IP : 185.179.188.62 ----------
REQUEST URI : /namotchik-probega-dlya-audi-a8/
MOD DETAILS:
   modFile   : /home/canmotalka/web/can-motalka.ru/public_html/vqmod/xml/lightning.xml
   id        : OpenCart Lightning
   version   : 3.37
   vqmver    : 
   author    : MaxD http://devs.mx

File Name    : system/library/cache.php(0)
VQModObject::applyMod - SEARCH NOT FOUND (SKIPPED): if (is_file(DIR_SYSTEM . 'library/journal3/vendor/SuperCache

----------------------------------------------------------------------


---------- Date: 2026-04-02 11:26:13 ~ IP : 185.179.188.62 ----------
REQUEST URI : /index.php?route=product/product/review&amp;product_id=235
MOD DETAILS:
   modFile   : /home/canmotalka/web/can-motalka.ru/public_html/vqmod/xml/lightning.xml
   id        : OpenCart Lightning
   version   : 3.37
   vqmver    : 
   author    : MaxD http://devs.mx

File Name    : system/library/cache.php(0)
VQModObject::applyMod - SEARCH NOT FOUND (SKIPPED): if (is_file(DIR_SYSTEM . 'library/journal3/vendor/SuperCache

----------------------------------------------------------------------


---------- Date: 2026-04-02 11:26:21 ~ IP : 185.179.188.62 ----------
REQUEST URI : /index.php?route=module/popupcart_extended
MOD DETAILS:
   modFile   : /home/canmotalka/web/can-motalka.ru/public_html/vqmod/xml/lightning.xml
   id        : OpenCart Lightning
   version   : 3.37
   vqmver    : 
   author    : MaxD http://devs.mx

File Name    : system/library/cache.php(0)
VQModObject::applyMod - SEARCH NOT FOUND (SKIPPED): if (is_file(DIR_SYSTEM . 'library/journal3/vendor/SuperCache

----------------------------------------------------------------------


---------- Date: 2026-04-02 11:27:26 ~ IP : 185.179.188.62 ----------
REQUEST URI : /instrukciya-podmotka-kamaz/?ysclid=mnh7owj61j781794002
MOD DETAILS:
   modFile   : /home/canmotalka/web/can-motalka.ru/public_html/vqmod/xml/lightning.xml
   id        : OpenCart Lightning
   version   : 3.37
   vqmver    : 
   author    : MaxD http://devs.mx

File Name    : system/library/cache.php(0)
VQModObject::applyMod - SEARCH NOT FOUND (SKIPPED): if (is_file(DIR_SYSTEM . 'library/journal3/vendor/SuperCache

----------------------------------------------------------------------


---------- Date: 2026-04-02 11:27:26 ~ IP : 185.179.188.62 ----------
REQUEST URI : /instrukciya-podmotka-kamaz/
MOD DETAILS:
   modFile   : /home/canmotalka/web/can-motalka.ru/public_html/vqmod/xml/lightning.xml
   id        : OpenCart Lightning
   version   : 3.37
   vqmver    : 
   author    : MaxD http://devs.mx

File Name    : system/library/cache.php(0)
VQModObject::applyMod - SEARCH NOT FOUND (SKIPPED): if (is_file(DIR_SYSTEM . 'library/journal3/vendor/SuperCache

----------------------------------------------------------------------


---------- Date: 2026-04-02 11:27:28 ~ IP : 185.179.188.62 ----------
REQUEST URI : /index.php?route=module/popupcart_extended
MOD DETAILS:
   modFile   : /home/canmotalka/web/can-motalka.ru/public_html/vqmod/xml/lightning.xml
   id        : OpenCart Lightning
   version   : 3.37
   vqmver    : 
   author    : MaxD http://devs.mx

File Name    : system/library/cache.php(0)
VQModObject::applyMod - SEARCH NOT FOUND (SKIPPED): if (is_file(DIR_SYSTEM . 'library/journal3/vendor/SuperCache

----------------------------------------------------------------------


---------- Date: 2026-04-02 11:28:05 ~ IP : 185.179.188.62 ----------
REQUEST URI : /patriot_re/?ysclid=mnh7ppjz4r945652309
MOD DETAILS:
   modFile   : /home/canmotalka/web/can-motalka.ru/public_html/vqmod/xml/lightning.xml
   id        : OpenCart Lightning
   version   : 3.37
   vqmver    : 
   author    : MaxD http://devs.mx

File Name    : system/library/cache.php(0)
VQModObject::applyMod - SEARCH NOT FOUND (SKIPPED): if (is_file(DIR_SYSTEM . 'library/journal3/vendor/SuperCache

----------------------------------------------------------------------


---------- Date: 2026-04-02 11:28:06 ~ IP : 185.179.188.62 ----------
REQUEST URI : /patriot_re/
MOD DETAILS:
   modFile   : /home/canmotalka/web/can-motalka.ru/public_html/vqmod/xml/lightning.xml
   id        : OpenCart Lightning
   version   : 3.37
   vqmver    : 
   author    : MaxD http://devs.mx

File Name    : system/library/cache.php(0)
VQModObject::applyMod - SEARCH NOT FOUND (SKIPPED): if (is_file(DIR_SYSTEM . 'library/journal3/vendor/SuperCache

----------------------------------------------------------------------


---------- Date: 2026-04-02 11:28:07 ~ IP : 185.179.188.62 ----------
REQUEST URI : /index.php?route=module/popupcart_extended
MOD DETAILS:
   modFile   : /home/canmotalka/web/can-motalka.ru/public_html/vqmod/xml/lightning.xml
   id        : OpenCart Lightning
   version   : 3.37
   vqmver    : 
   author    : MaxD http://devs.mx

File Name    : system/library/cache.php(0)
VQModObject::applyMod - SEARCH NOT FOUND (SKIPPED): if (is_file(DIR_SYSTEM . 'library/journal3/vendor/SuperCache

----------------------------------------------------------------------


---------- Date: 2026-04-02 11:28:08 ~ IP : 185.179.188.62 ----------
REQUEST URI : /podmotka-spidometra-na-ford-fokus-3-za-3500-rubley/?ysclid=mnh7prai4v447497197
MOD DETAILS:
   modFile   : /home/canmotalka/web/can-motalka.ru/public_html/vqmod/xml/lightning.xml
   id        : OpenCart Lightning
   version   : 3.37
   vqmver    : 
   author    : MaxD http://devs.mx

File Name    : system/library/cache.php(0)
VQModObject::applyMod - SEARCH NOT FOUND (SKIPPED): if (is_file(DIR_SYSTEM . 'library/journal3/vendor/SuperCache

----------------------------------------------------------------------


---------- Date: 2026-04-02 11:28:09 ~ IP : 185.179.188.62 ----------
REQUEST URI : /podmotka-spidometra-na-ford-fokus-3-za-3500-rubley/
MOD DETAILS:
   modFile   : /home/canmotalka/web/can-motalka.ru/public_html/vqmod/xml/lightning.xml
   id        : OpenCart Lightning
   version   : 3.37
   vqmver    : 
   author    : MaxD http://devs.mx

File Name    : system/library/cache.php(0)
VQModObject::applyMod - SEARCH NOT FOUND (SKIPPED): if (is_file(DIR_SYSTEM . 'library/journal3/vendor/SuperCache

----------------------------------------------------------------------


---------- Date: 2026-04-02 11:28:10 ~ IP : 185.179.188.62 ----------
REQUEST URI : /index.php?route=product/product/review&amp;product_id=52
MOD DETAILS:
   modFile   : /home/canmotalka/web/can-motalka.ru/public_html/vqmod/xml/lightning.xml
   id        : OpenCart Lightning
   version   : 3.37
   vqmver    : 
   author    : MaxD http://devs.mx

File Name    : system/library/cache.php(0)
VQModObject::applyMod - SEARCH NOT FOUND (SKIPPED): if (is_file(DIR_SYSTEM . 'library/journal3/vendor/SuperCache

----------------------------------------------------------------------


---------- Date: 2026-04-02 11:28:10 ~ IP : 185.179.188.62 ----------
REQUEST URI : /index.php?route=module/popupcart_extended
MOD DETAILS:
   modFile   : /home/canmotalka/web/can-motalka.ru/public_html/vqmod/xml/lightning.xml
   id        : OpenCart Lightning
   version   : 3.37
   vqmver    : 
   author    : MaxD http://devs.mx

File Name    : system/library/cache.php(0)
VQModObject::applyMod - SEARCH NOT FOUND (SKIPPED): if (is_file(DIR_SYSTEM . 'library/journal3/vendor/SuperCache

----------------------------------------------------------------------


---------- Date: 2026-04-02 11:29:00 ~ IP : 185.179.188.62 ----------
REQUEST URI : /podmotka-spidometra-sitroen-spacetourer/
MOD DETAILS:
   modFile   : /home/canmotalka/web/can-motalka.ru/public_html/vqmod/xml/lightning.xml
   id        : OpenCart Lightning
   version   : 3.37
   vqmver    : 
   author    : MaxD http://devs.mx

File Name    : system/library/cache.php(0)
VQModObject::applyMod - SEARCH NOT FOUND (SKIPPED): if (is_file(DIR_SYSTEM . 'library/journal3/vendor/SuperCache

----------------------------------------------------------------------


---------- Date: 2026-04-02 11:29:04 ~ IP : 185.179.188.62 ----------
REQUEST URI : /patriot_re/
MOD DETAILS:
   modFile   : /home/canmotalka/web/can-motalka.ru/public_html/vqmod/xml/lightning.xml
   id        : OpenCart Lightning
   version   : 3.37
   vqmver    : 
   author    : MaxD http://devs.mx

File Name    : system/library/cache.php(0)
VQModObject::applyMod - SEARCH NOT FOUND (SKIPPED): if (is_file(DIR_SYSTEM . 'library/journal3/vendor/SuperCache

----------------------------------------------------------------------


---------- Date: 2026-04-02 11:29:08 ~ IP : 185.179.188.62 ----------
REQUEST URI : /kak-nastroit-podmotku-na-lada-vesta-xray/
MOD DETAILS:
   modFile   : /home/canmotalka/web/can-motalka.ru/public_html/vqmod/xml/lightning.xml
   id        : OpenCart Lightning
   version   : 3.37
   vqmver    : 
   author    : MaxD http://devs.mx

File Name    : system/library/cache.php(0)
VQModObject::applyMod - SEARCH NOT FOUND (SKIPPED): if (is_file(DIR_SYSTEM . 'library/journal3/vendor/SuperCache

----------------------------------------------------------------------


---------- Date: 2026-04-02 11:29:11 ~ IP : 185.179.188.62 ----------
REQUEST URI : /motalki/jac/
MOD DETAILS:
   modFile   : /home/canmotalka/web/can-motalka.ru/public_html/vqmod/xml/lightning.xml
   id        : OpenCart Lightning
   version   : 3.37
   vqmver    : 
   author    : MaxD http://devs.mx

File Name    : system/library/cache.php(0)
VQModObject::applyMod - SEARCH NOT FOUND (SKIPPED): if (is_file(DIR_SYSTEM . 'library/journal3/vendor/SuperCache

----------------------------------------------------------------------


---------- Date: 2026-04-02 11:29:16 ~ IP : 185.179.188.62 ----------
REQUEST URI : /podmotka-spidometra-gazel-v-prikurivatel/
MOD DETAILS:
   modFile   : /home/canmotalka/web/can-motalka.ru/public_html/vqmod/xml/lightning.xml
   id        : OpenCart Lightning
   version   : 3.37
   vqmver    : 
   author    : MaxD http://devs.mx

File Name    : system/library/cache.php(0)
VQModObject::applyMod - SEARCH NOT FOUND (SKIPPED): if (is_file(DIR_SYSTEM . 'library/journal3/vendor/SuperCache

----------------------------------------------------------------------


---------- Date: 2026-04-02 11:29:19 ~ IP : 185.179.188.62 ----------
REQUEST URI : /niva_abs_re/
MOD DETAILS:
   modFile   : /home/canmotalka/web/can-motalka.ru/public_html/vqmod/xml/lightning.xml
   id        : OpenCart Lightning
   version   : 3.37
   vqmver    : 
   author    : MaxD http://devs.mx

File Name    : system/library/cache.php(0)
VQModObject::applyMod - SEARCH NOT FOUND (SKIPPED): if (is_file(DIR_SYSTEM . 'library/journal3/vendor/SuperCache

----------------------------------------------------------------------


---------- Date: 2026-04-02 11:29:23 ~ IP : 185.179.188.62 ----------
REQUEST URI : /podmotka-spidometra-lada-granta-za-3000r/
MOD DETAILS:
   modFile   : /home/canmotalka/web/can-motalka.ru/public_html/vqmod/xml/lightning.xml
   id        : OpenCart Lightning
   version   : 3.37
   vqmver    : 
   author    : MaxD http://devs.mx

File Name    : system/library/cache.php(0)
VQModObject::applyMod - SEARCH NOT FOUND (SKIPPED): if (is_file(DIR_SYSTEM . 'library/journal3/vendor/SuperCache

----------------------------------------------------------------------


---------- Date: 2026-04-02 11:29:27 ~ IP : 185.179.188.62 ----------
REQUEST URI : /otzyvy/?page=2
MOD DETAILS:
   modFile   : /home/canmotalka/web/can-motalka.ru/public_html/vqmod/xml/lightning.xml
   id        : OpenCart Lightning
   version   : 3.37
   vqmver    : 
   author    : MaxD http://devs.mx

File Name    : system/library/cache.php(0)
VQModObject::applyMod - SEARCH NOT FOUND (SKIPPED): if (is_file(DIR_SYSTEM . 'library/journal3/vendor/SuperCache

----------------------------------------------------------------------


---------- Date: 2026-04-02 11:29:30 ~ IP : 185.179.188.62 ----------
REQUEST URI : /podmotka-spidometra-mitsubishi-outlander/
MOD DETAILS:
   modFile   : /home/canmotalka/web/can-motalka.ru/public_html/vqmod/xml/lightning.xml
   id        : OpenCart Lightning
   version   : 3.37
   vqmver    : 
   author    : MaxD http://devs.mx

File Name    : system/library/cache.php(0)
VQModObject::applyMod - SEARCH NOT FOUND (SKIPPED): if (is_file(DIR_SYSTEM . 'library/journal3/vendor/SuperCache

----------------------------------------------------------------------


---------- Date: 2026-04-02 11:29:34 ~ IP : 185.179.188.62 ----------
REQUEST URI : /otzyvy/?page=3
MOD DETAILS:
   modFile   : /home/canmotalka/web/can-motalka.ru/public_html/vqmod/xml/lightning.xml
   id        : OpenCart Lightning
   version   : 3.37
   vqmver    : 
   author    : MaxD http://devs.mx

File Name    : system/library/cache.php(0)
VQModObject::applyMod - SEARCH NOT FOUND (SKIPPED): if (is_file(DIR_SYSTEM . 'library/journal3/vendor/SuperCache

----------------------------------------------------------------------


---------- Date: 2026-04-02 11:29:38 ~ IP : 185.179.188.62 ----------
REQUEST URI : /podmotka-spidometra-reno-daster-za-3000r/
MOD DETAILS:
   modFile   : /home/canmotalka/web/can-motalka.ru/public_html/vqmod/xml/lightning.xml
   id        : OpenCart Lightning
   version   : 3.37
   vqmver    : 
   author    : MaxD http://devs.mx

File Name    : system/library/cache.php(0)
VQModObject::applyMod - SEARCH NOT FOUND (SKIPPED): if (is_file(DIR_SYSTEM . 'library/journal3/vendor/SuperCache

----------------------------------------------------------------------


---------- Date: 2026-04-02 11:29:41 ~ IP : 185.179.188.62 ----------
REQUEST URI : /otzyvy/?page=4
MOD DETAILS:
   modFile   : /home/canmotalka/web/can-motalka.ru/public_html/vqmod/xml/lightning.xml
   id        : OpenCart Lightning
   version   : 3.37
   vqmver    : 
   author    : MaxD http://devs.mx

File Name    : system/library/cache.php(0)
VQModObject::applyMod - SEARCH NOT FOUND (SKIPPED): if (is_file(DIR_SYSTEM . 'library/journal3/vendor/SuperCache

----------------------------------------------------------------------


---------- Date: 2026-04-02 11:29:45 ~ IP : 185.179.188.62 ----------
REQUEST URI : /instrukciya-dlya-podmotki-lada-largus-2021/
MOD DETAILS:
   modFile   : /home/canmotalka/web/can-motalka.ru/public_html/vqmod/xml/lightning.xml
   id        : OpenCart Lightning
   version   : 3.37
   vqmver    : 
   author    : MaxD http://devs.mx

File Name    : system/library/cache.php(0)
VQModObject::applyMod - SEARCH NOT FOUND (SKIPPED): if (is_file(DIR_SYSTEM . 'library/journal3/vendor/SuperCache

----------------------------------------------------------------------


---------- Date: 2026-04-02 11:29:48 ~ IP : 185.179.188.62 ----------
REQUEST URI : /otzyvy/?page=5
MOD DETAILS:
   modFile   : /home/canmotalka/web/can-motalka.ru/public_html/vqmod/xml/lightning.xml
   id        : OpenCart Lightning
   version   : 3.37
   vqmver    : 
   author    : MaxD http://devs.mx

File Name    : system/library/cache.php(0)
VQModObject::applyMod - SEARCH NOT FOUND (SKIPPED): if (is_file(DIR_SYSTEM . 'library/journal3/vendor/SuperCache

----------------------------------------------------------------------


---------- Date: 2026-04-02 11:29:52 ~ IP : 185.179.188.62 ----------
REQUEST URI : /instrukciya-podmotka-niva-travel-chevrolet/
MOD DETAILS:
   modFile   : /home/canmotalka/web/can-motalka.ru/public_html/vqmod/xml/lightning.xml
   id        : OpenCart Lightning
   version   : 3.37
   vqmver    : 
   author    : MaxD http://devs.mx

File Name    : system/library/cache.php(0)
VQModObject::applyMod - SEARCH NOT FOUND (SKIPPED): if (is_file(DIR_SYSTEM . 'library/journal3/vendor/SuperCache

----------------------------------------------------------------------


---------- Date: 2026-04-02 11:29:56 ~ IP : 185.179.188.62 ----------
REQUEST URI : /largus_manual/
MOD DETAILS:
   modFile   : /home/canmotalka/web/can-motalka.ru/public_html/vqmod/xml/lightning.xml
   id        : OpenCart Lightning
   version   : 3.37
   vqmver    : 
   author    : MaxD http://devs.mx

File Name    : system/library/cache.php(0)
VQModObject::applyMod - SEARCH NOT FOUND (SKIPPED): if (is_file(DIR_SYSTEM . 'library/journal3/vendor/SuperCache

----------------------------------------------------------------------


---------- Date: 2026-04-02 11:29:59 ~ IP : 185.179.188.62 ----------
REQUEST URI : /podmotka-spidometra-henday-sonata-za-3000r/
MOD DETAILS:
   modFile   : /home/canmotalka/web/can-motalka.ru/public_html/vqmod/xml/lightning.xml
   id        : OpenCart Lightning
   version   : 3.37
   vqmver    : 
   author    : MaxD http://devs.mx

File Name    : system/library/cache.php(0)
VQModObject::applyMod - SEARCH NOT FOUND (SKIPPED): if (is_file(DIR_SYSTEM . 'library/journal3/vendor/SuperCache

----------------------------------------------------------------------


---------- Date: 2026-04-02 11:30:03 ~ IP : 185.179.188.62 ----------
REQUEST URI : /manuals/?page=2
MOD DETAILS:
   modFile   : /home/canmotalka/web/can-motalka.ru/public_html/vqmod/xml/lightning.xml
   id        : OpenCart Lightning
   version   : 3.37
   vqmver    : 
   author    : MaxD http://devs.mx

File Name    : system/library/cache.php(0)
VQModObject::applyMod - SEARCH NOT FOUND (SKIPPED): if (is_file(DIR_SYSTEM . 'library/journal3/vendor/SuperCache

----------------------------------------------------------------------


---------- Date: 2026-04-02 11:30:07 ~ IP : 185.179.188.62 ----------
REQUEST URI : /podmotka-spidometra-kia-optima-bezlimitnaya/
MOD DETAILS:
   modFile   : /home/canmotalka/web/can-motalka.ru/public_html/vqmod/xml/lightning.xml
   id        : OpenCart Lightning
   version   : 3.37
   vqmver    : 
   author    : MaxD http://devs.mx

File Name    : system/library/cache.php(0)
VQModObject::applyMod - SEARCH NOT FOUND (SKIPPED): if (is_file(DIR_SYSTEM . 'library/journal3/vendor/SuperCache

----------------------------------------------------------------------


---------- Date: 2026-04-02 11:30:11 ~ IP : 185.179.188.62 ----------
REQUEST URI : /otzyvy/?page=30
MOD DETAILS:
   modFile   : /home/canmotalka/web/can-motalka.ru/public_html/vqmod/xml/lightning.xml
   id        : OpenCart Lightning
   version   : 3.37
   vqmver    : 
   author    : MaxD http://devs.mx

File Name    : system/library/cache.php(0)
VQModObject::applyMod - SEARCH NOT FOUND (SKIPPED): if (is_file(DIR_SYSTEM . 'library/journal3/vendor/SuperCache

----------------------------------------------------------------------


---------- Date: 2026-04-02 11:30:15 ~ IP : 185.179.188.62 ----------
REQUEST URI : /podmotka-spidometra-renault-logan-2005-2014/
MOD DETAILS:
   modFile   : /home/canmotalka/web/can-motalka.ru/public_html/vqmod/xml/lightning.xml
   id        : OpenCart Lightning
   version   : 3.37
   vqmver    : 
   author    : MaxD http://devs.mx

File Name    : system/library/cache.php(0)
VQModObject::applyMod - SEARCH NOT FOUND (SKIPPED): if (is_file(DIR_SYSTEM . 'library/journal3/vendor/SuperCache

----------------------------------------------------------------------


---------- Date: 2026-04-02 11:30:18 ~ IP : 185.179.188.62 ----------
REQUEST URI : /podmotka_uaz_re/
MOD DETAILS:
   modFile   : /home/canmotalka/web/can-motalka.ru/public_html/vqmod/xml/lightning.xml
   id        : OpenCart Lightning
   version   : 3.37
   vqmver    : 
   author    : MaxD http://devs.mx

File Name    : system/library/cache.php(0)
VQModObject::applyMod - SEARCH NOT FOUND (SKIPPED): if (is_file(DIR_SYSTEM . 'library/journal3/vendor/SuperCache

----------------------------------------------------------------------


---------- Date: 2026-04-02 11:30:22 ~ IP : 185.179.188.62 ----------
REQUEST URI : /podmotka-spidometra-renault-duster-2009-2015/
MOD DETAILS:
   modFile   : /home/canmotalka/web/can-motalka.ru/public_html/vqmod/xml/lightning.xml
   id        : OpenCart Lightning
   version   : 3.37
   vqmver    : 
   author    : MaxD http://devs.mx

File Name    : system/library/cache.php(0)
VQModObject::applyMod - SEARCH NOT FOUND (SKIPPED): if (is_file(DIR_SYSTEM . 'library/journal3/vendor/SuperCache

----------------------------------------------------------------------


---------- Date: 2026-04-02 11:30:26 ~ IP : 185.179.188.62 ----------
REQUEST URI : /hyundai_h1_manual/
MOD DETAILS:
   modFile   : /home/canmotalka/web/can-motalka.ru/public_html/vqmod/xml/lightning.xml
   id        : OpenCart Lightning
   version   : 3.37
   vqmver    : 
   author    : MaxD http://devs.mx

File Name    : system/library/cache.php(0)
VQModObject::applyMod - SEARCH NOT FOUND (SKIPPED): if (is_file(DIR_SYSTEM . 'library/journal3/vendor/SuperCache

----------------------------------------------------------------------


---------- Date: 2026-04-02 11:30:29 ~ IP : 185.179.188.62 ----------
REQUEST URI : /manual-podmotka-toyota-camry-corolla-tlc-rav4/
MOD DETAILS:
   modFile   : /home/canmotalka/web/can-motalka.ru/public_html/vqmod/xml/lightning.xml
   id        : OpenCart Lightning
   version   : 3.37
   vqmver    : 
   author    : MaxD http://devs.mx

File Name    : system/library/cache.php(0)
VQModObject::applyMod - SEARCH NOT FOUND (SKIPPED): if (is_file(DIR_SYSTEM . 'library/journal3/vendor/SuperCache

----------------------------------------------------------------------


---------- Date: 2026-04-02 11:30:33 ~ IP : 185.179.188.62 ----------
REQUEST URI : /podmotka_vesta_re/
MOD DETAILS:
   modFile   : /home/canmotalka/web/can-motalka.ru/public_html/vqmod/xml/lightning.xml
   id        : OpenCart Lightning
   version   : 3.37
   vqmver    : 
   author    : MaxD http://devs.mx

File Name    : system/library/cache.php(0)
VQModObject::applyMod - SEARCH NOT FOUND (SKIPPED): if (is_file(DIR_SYSTEM . 'library/journal3/vendor/SuperCache

----------------------------------------------------------------------


---------- Date: 2026-04-02 11:30:36 ~ IP : 185.179.188.62 ----------
REQUEST URI : /podmotka-spidometra-dlya-ford-tranzit-do-2014/
MOD DETAILS:
   modFile   : /home/canmotalka/web/can-motalka.ru/public_html/vqmod/xml/lightning.xml
   id        : OpenCart Lightning
   version   : 3.37
   vqmver    : 
   author    : MaxD http://devs.mx

File Name    : system/library/cache.php(0)
VQModObject::applyMod - SEARCH NOT FOUND (SKIPPED): if (is_file(DIR_SYSTEM . 'library/journal3/vendor/SuperCache

----------------------------------------------------------------------


---------- Date: 2026-04-02 11:30:40 ~ IP : 185.179.188.62 ----------
REQUEST URI : /podmotka_vw_video/
MOD DETAILS:
   modFile   : /home/canmotalka/web/can-motalka.ru/public_html/vqmod/xml/lightning.xml
   id        : OpenCart Lightning
   version   : 3.37
   vqmver    : 
   author    : MaxD http://devs.mx

File Name    : system/library/cache.php(0)
VQModObject::applyMod - SEARCH NOT FOUND (SKIPPED): if (is_file(DIR_SYSTEM . 'library/journal3/vendor/SuperCache

----------------------------------------------------------------------


---------- Date: 2026-04-02 11:30:43 ~ IP : 185.179.188.62 ----------
REQUEST URI : /podmotka-spidometra-hyundai-solaris-2011-2016/
MOD DETAILS:
   modFile   : /home/canmotalka/web/can-motalka.ru/public_html/vqmod/xml/lightning.xml
   id        : OpenCart Lightning
   version   : 3.37
   vqmver    : 
   author    : MaxD http://devs.mx

File Name    : system/library/cache.php(0)
VQModObject::applyMod - SEARCH NOT FOUND (SKIPPED): if (is_file(DIR_SYSTEM . 'library/journal3/vendor/SuperCache

----------------------------------------------------------------------


---------- Date: 2026-04-02 11:30:47 ~ IP : 185.179.188.62 ----------
REQUEST URI : /gazelle_biz_manual/
MOD DETAILS:
   modFile   : /home/canmotalka/web/can-motalka.ru/public_html/vqmod/xml/lightning.xml
   id        : OpenCart Lightning
   version   : 3.37
   vqmver    : 
   author    : MaxD http://devs.mx

File Name    : system/library/cache.php(0)
VQModObject::applyMod - SEARCH NOT FOUND (SKIPPED): if (is_file(DIR_SYSTEM . 'library/journal3/vendor/SuperCache

----------------------------------------------------------------------


---------- Date: 2026-04-02 11:30:51 ~ IP : 185.179.188.62 ----------
REQUEST URI : /podmotka-spidometra-mersedes-sprinter-classic/
MOD DETAILS:
   modFile   : /home/canmotalka/web/can-motalka.ru/public_html/vqmod/xml/lightning.xml
   id        : OpenCart Lightning
   version   : 3.37
   vqmver    : 
   author    : MaxD http://devs.mx

File Name    : system/library/cache.php(0)
VQModObject::applyMod - SEARCH NOT FOUND (SKIPPED): if (is_file(DIR_SYSTEM . 'library/journal3/vendor/SuperCache

----------------------------------------------------------------------


---------- Date: 2026-04-02 11:30:55 ~ IP : 185.179.188.62 ----------
REQUEST URI : /podmotka_vw_manual/
MOD DETAILS:
   modFile   : /home/canmotalka/web/can-motalka.ru/public_html/vqmod/xml/lightning.xml
   id        : OpenCart Lightning
   version   : 3.37
   vqmver    : 
   author    : MaxD http://devs.mx

File Name    : system/library/cache.php(0)
VQModObject::applyMod - SEARCH NOT FOUND (SKIPPED): if (is_file(DIR_SYSTEM . 'library/journal3/vendor/SuperCache

----------------------------------------------------------------------


---------- Date: 2026-04-02 11:30:59 ~ IP : 185.179.188.62 ----------
REQUEST URI : /podmotka-spidometra-volkswagen-transporter-t5/
MOD DETAILS:
   modFile   : /home/canmotalka/web/can-motalka.ru/public_html/vqmod/xml/lightning.xml
   id        : OpenCart Lightning
   version   : 3.37
   vqmver    : 
   author    : MaxD http://devs.mx

File Name    : system/library/cache.php(0)
VQModObject::applyMod - SEARCH NOT FOUND (SKIPPED): if (is_file(DIR_SYSTEM . 'library/journal3/vendor/SuperCache

----------------------------------------------------------------------


---------- Date: 2026-04-02 11:31:03 ~ IP : 185.179.188.62 ----------
REQUEST URI : /granta_video_manual/
MOD DETAILS:
   modFile   : /home/canmotalka/web/can-motalka.ru/public_html/vqmod/xml/lightning.xml
   id        : OpenCart Lightning
   version   : 3.37
   vqmver    : 
   author    : MaxD http://devs.mx

File Name    : system/library/cache.php(0)
VQModObject::applyMod - SEARCH NOT FOUND (SKIPPED): if (is_file(DIR_SYSTEM . 'library/journal3/vendor/SuperCache

----------------------------------------------------------------------


---------- Date: 2026-04-02 11:31:06 ~ IP : 185.179.188.62 ----------
REQUEST URI : /podmotka-spidometra-volkswagen-transporter-t6/
MOD DETAILS:
   modFile   : /home/canmotalka/web/can-motalka.ru/public_html/vqmod/xml/lightning.xml
   id        : OpenCart Lightning
   version   : 3.37
   vqmver    : 
   author    : MaxD http://devs.mx

File Name    : system/library/cache.php(0)
VQModObject::applyMod - SEARCH NOT FOUND (SKIPPED): if (is_file(DIR_SYSTEM . 'library/journal3/vendor/SuperCache

----------------------------------------------------------------------


---------- Date: 2026-04-02 11:31:10 ~ IP : 185.179.188.62 ----------
REQUEST URI : /krutilka_spidometra/
MOD DETAILS:
   modFile   : /home/canmotalka/web/can-motalka.ru/public_html/vqmod/xml/lightning.xml
   id        : OpenCart Lightning
   version   : 3.37
   vqmver    : 
   author    : MaxD http://devs.mx

File Name    : system/library/cache.php(0)
VQModObject::applyMod - SEARCH NOT FOUND (SKIPPED): if (is_file(DIR_SYSTEM . 'library/journal3/vendor/SuperCache

----------------------------------------------------------------------


---------- Date: 2026-04-02 11:31:13 ~ IP : 185.179.188.62 ----------
REQUEST URI : /cron__/lipideks/163-zakazat-trenol-75-egorevsk/
MOD DETAILS:
   modFile   : /home/canmotalka/web/can-motalka.ru/public_html/vqmod/xml/lightning.xml
   id        : OpenCart Lightning
   version   : 3.37
   vqmver    : 
   author    : MaxD http://devs.mx

File Name    : system/library/cache.php(0)
VQModObject::applyMod - SEARCH NOT FOUND (SKIPPED): if (is_file(DIR_SYSTEM . 'library/journal3/vendor/SuperCache

----------------------------------------------------------------------


---------- Date: 2026-04-02 11:31:30 ~ IP : 185.179.188.62 ----------
REQUEST URI : /instrukciya-podmotka-kamaz/?ysclid=mnh7u4qxhd520053816
MOD DETAILS:
   modFile   : /home/canmotalka/web/can-motalka.ru/public_html/vqmod/xml/lightning.xml
   id        : OpenCart Lightning
   version   : 3.37
   vqmver    : 
   author    : MaxD http://devs.mx

File Name    : system/library/cache.php(0)
VQModObject::applyMod - SEARCH NOT FOUND (SKIPPED): if (is_file(DIR_SYSTEM . 'library/journal3/vendor/SuperCache

----------------------------------------------------------------------


---------- Date: 2026-04-02 11:31:46 ~ IP : 185.179.188.62 ----------
REQUEST URI : /namotchik-probega-dlya-audi-a8/
MOD DETAILS:
   modFile   : /home/canmotalka/web/can-motalka.ru/public_html/vqmod/xml/lightning.xml
   id        : OpenCart Lightning
   version   : 3.37
   vqmver    : 
   author    : MaxD http://devs.mx

File Name    : system/library/cache.php(0)
VQModObject::applyMod - SEARCH NOT FOUND (SKIPPED): if (is_file(DIR_SYSTEM . 'library/journal3/vendor/SuperCache

----------------------------------------------------------------------


---------- Date: 2026-04-02 11:32:05 ~ IP : 185.179.188.62 ----------
REQUEST URI : /instrukciya-podmotka-niva-travel-chevrolet/
MOD DETAILS:
   modFile   : /home/canmotalka/web/can-motalka.ru/public_html/vqmod/xml/lightning.xml
   id        : OpenCart Lightning
   version   : 3.37
   vqmver    : 
   author    : MaxD http://devs.mx

File Name    : system/library/cache.php(0)
VQModObject::applyMod - SEARCH NOT FOUND (SKIPPED): if (is_file(DIR_SYSTEM . 'library/journal3/vendor/SuperCache

----------------------------------------------------------------------


---------- Date: 2026-04-02 11:32:14 ~ IP : 185.179.188.62 ----------
REQUEST URI : /index.php?route=module/popupcart_extended
MOD DETAILS:
   modFile   : /home/canmotalka/web/can-motalka.ru/public_html/vqmod/xml/lightning.xml
   id        : OpenCart Lightning
   version   : 3.37
   vqmver    : 
   author    : MaxD http://devs.mx

File Name    : system/library/cache.php(0)
VQModObject::applyMod - SEARCH NOT FOUND (SKIPPED): if (is_file(DIR_SYSTEM . 'library/journal3/vendor/SuperCache

----------------------------------------------------------------------


---------- Date: 2026-04-02 11:35:06 ~ IP : 185.179.188.62 ----------
REQUEST URI : /instrukciya-podmotka-niva-travel-chevrolet/?ysclid=mnh7xrzgco886939590
MOD DETAILS:
   modFile   : /home/canmotalka/web/can-motalka.ru/public_html/vqmod/xml/lightning.xml
   id        : OpenCart Lightning
   version   : 3.37
   vqmver    : 
   author    : MaxD http://devs.mx

File Name    : system/library/cache.php(0)
VQModObject::applyMod - SEARCH NOT FOUND (SKIPPED): if (is_file(DIR_SYSTEM . 'library/journal3/vendor/SuperCache

----------------------------------------------------------------------


---------- Date: 2026-04-02 11:35:07 ~ IP : 185.179.188.62 ----------
REQUEST URI : /instrukciya-podmotka-niva-travel-chevrolet/
MOD DETAILS:
   modFile   : /home/canmotalka/web/can-motalka.ru/public_html/vqmod/xml/lightning.xml
   id        : OpenCart Lightning
   version   : 3.37
   vqmver    : 
   author    : MaxD http://devs.mx

File Name    : system/library/cache.php(0)
VQModObject::applyMod - SEARCH NOT FOUND (SKIPPED): if (is_file(DIR_SYSTEM . 'library/journal3/vendor/SuperCache

----------------------------------------------------------------------


---------- Date: 2026-04-02 11:35:09 ~ IP : 185.179.188.62 ----------
REQUEST URI : /index.php?route=module/popupcart_extended
MOD DETAILS:
   modFile   : /home/canmotalka/web/can-motalka.ru/public_html/vqmod/xml/lightning.xml
   id        : OpenCart Lightning
   version   : 3.37
   vqmver    : 
   author    : MaxD http://devs.mx

File Name    : system/library/cache.php(0)
VQModObject::applyMod - SEARCH NOT FOUND (SKIPPED): if (is_file(DIR_SYSTEM . 'library/journal3/vendor/SuperCache

----------------------------------------------------------------------


---------- Date: 2026-04-02 11:36:08 ~ IP : 185.179.188.62 ----------
REQUEST URI : /podmotka-spidometra-largus/?ysclid=mnh8019d9q221898097
MOD DETAILS:
   modFile   : /home/canmotalka/web/can-motalka.ru/public_html/vqmod/xml/lightning.xml
   id        : OpenCart Lightning
   version   : 3.37
   vqmver    : 
   author    : MaxD http://devs.mx

File Name    : system/library/cache.php(0)
VQModObject::applyMod - SEARCH NOT FOUND (SKIPPED): if (is_file(DIR_SYSTEM . 'library/journal3/vendor/SuperCache

----------------------------------------------------------------------


---------- Date: 2026-04-02 11:36:09 ~ IP : 185.179.188.62 ----------
REQUEST URI : /podmotka-spidometra-largus/
MOD DETAILS:
   modFile   : /home/canmotalka/web/can-motalka.ru/public_html/vqmod/xml/lightning.xml
   id        : OpenCart Lightning
   version   : 3.37
   vqmver    : 
   author    : MaxD http://devs.mx

File Name    : system/library/cache.php(0)
VQModObject::applyMod - SEARCH NOT FOUND (SKIPPED): if (is_file(DIR_SYSTEM . 'library/journal3/vendor/SuperCache

----------------------------------------------------------------------


---------- Date: 2026-04-02 11:36:09 ~ IP : 185.179.188.62 ----------
REQUEST URI : /index.php?route=product/product/review&amp;product_id=258
MOD DETAILS:
   modFile   : /home/canmotalka/web/can-motalka.ru/public_html/vqmod/xml/lightning.xml
   id        : OpenCart Lightning
   version   : 3.37
   vqmver    : 
   author    : MaxD http://devs.mx

File Name    : system/library/cache.php(0)
VQModObject::applyMod - SEARCH NOT FOUND (SKIPPED): if (is_file(DIR_SYSTEM . 'library/journal3/vendor/SuperCache

----------------------------------------------------------------------


---------- Date: 2026-04-02 11:36:10 ~ IP : 185.179.188.62 ----------
REQUEST URI : /index.php?route=module/popupcart_extended
MOD DETAILS:
   modFile   : /home/canmotalka/web/can-motalka.ru/public_html/vqmod/xml/lightning.xml
   id        : OpenCart Lightning
   version   : 3.37
   vqmver    : 
   author    : MaxD http://devs.mx

File Name    : system/library/cache.php(0)
VQModObject::applyMod - SEARCH NOT FOUND (SKIPPED): if (is_file(DIR_SYSTEM . 'library/journal3/vendor/SuperCache

----------------------------------------------------------------------


---------- Date: 2026-04-02 11:36:38 ~ IP : 185.179.188.62 ----------
REQUEST URI : /gazelle_biz_manual/?ysclid=mnh80nxy9w570958296
MOD DETAILS:
   modFile   : /home/canmotalka/web/can-motalka.ru/public_html/vqmod/xml/lightning.xml
   id        : OpenCart Lightning
   version   : 3.37
   vqmver    : 
   author    : MaxD http://devs.mx

File Name    : system/library/cache.php(0)
VQModObject::applyMod - SEARCH NOT FOUND (SKIPPED): if (is_file(DIR_SYSTEM . 'library/journal3/vendor/SuperCache

----------------------------------------------------------------------


---------- Date: 2026-04-02 11:36:38 ~ IP : 185.179.188.62 ----------
REQUEST URI : /gazelle_biz_manual/
MOD DETAILS:
   modFile   : /home/canmotalka/web/can-motalka.ru/public_html/vqmod/xml/lightning.xml
   id        : OpenCart Lightning
   version   : 3.37
   vqmver    : 
   author    : MaxD http://devs.mx

File Name    : system/library/cache.php(0)
VQModObject::applyMod - SEARCH NOT FOUND (SKIPPED): if (is_file(DIR_SYSTEM . 'library/journal3/vendor/SuperCache

----------------------------------------------------------------------


---------- Date: 2026-04-02 11:36:40 ~ IP : 185.179.188.62 ----------
REQUEST URI : /index.php?route=module/popupcart_extended
MOD DETAILS:
   modFile   : /home/canmotalka/web/can-motalka.ru/public_html/vqmod/xml/lightning.xml
   id        : OpenCart Lightning
   version   : 3.37
   vqmver    : 
   author    : MaxD http://devs.mx

File Name    : system/library/cache.php(0)
VQModObject::applyMod - SEARCH NOT FOUND (SKIPPED): if (is_file(DIR_SYSTEM . 'library/journal3/vendor/SuperCache

----------------------------------------------------------------------


---------- Date: 2026-04-02 11:39:33 ~ IP : 185.179.188.62 ----------
REQUEST URI : /instrukciya-podmotka-niva-travel-chevrolet/
MOD DETAILS:
   modFile   : /home/canmotalka/web/can-motalka.ru/public_html/vqmod/xml/lightning.xml
   id        : OpenCart Lightning
   version   : 3.37
   vqmver    : 
   author    : MaxD http://devs.mx

File Name    : system/library/cache.php(0)
VQModObject::applyMod - SEARCH NOT FOUND (SKIPPED): if (is_file(DIR_SYSTEM . 'library/journal3/vendor/SuperCache

----------------------------------------------------------------------


---------- Date: 2026-04-02 11:43:36 ~ IP : 185.179.188.62 ----------
REQUEST URI : /instrukciya-podmotka-kamaz/
MOD DETAILS:
   modFile   : /home/canmotalka/web/can-motalka.ru/public_html/vqmod/xml/lightning.xml
   id        : OpenCart Lightning
   version   : 3.37
   vqmver    : 
   author    : MaxD http://devs.mx

File Name    : system/library/cache.php(0)
VQModObject::applyMod - SEARCH NOT FOUND (SKIPPED): if (is_file(DIR_SYSTEM . 'library/journal3/vendor/SuperCache

----------------------------------------------------------------------


---------- Date: 2026-04-02 11:43:37 ~ IP : 185.179.188.62 ----------
REQUEST URI : /index.php?route=module/popupcart_extended
MOD DETAILS:
   modFile   : /home/canmotalka/web/can-motalka.ru/public_html/vqmod/xml/lightning.xml
   id        : OpenCart Lightning
   version   : 3.37
   vqmver    : 
   author    : MaxD http://devs.mx

File Name    : system/library/cache.php(0)
VQModObject::applyMod - SEARCH NOT FOUND (SKIPPED): if (is_file(DIR_SYSTEM . 'library/journal3/vendor/SuperCache

----------------------------------------------------------------------


---------- Date: 2026-04-02 11:43:38 ~ IP : 185.179.188.62 ----------
REQUEST URI : /otzyvy/?page=28
MOD DETAILS:
   modFile   : /home/canmotalka/web/can-motalka.ru/public_html/vqmod/xml/lightning.xml
   id        : OpenCart Lightning
   version   : 3.37
   vqmver    : 
   author    : MaxD http://devs.mx

File Name    : system/library/cache.php(0)
VQModObject::applyMod - SEARCH NOT FOUND (SKIPPED): if (is_file(DIR_SYSTEM . 'library/journal3/vendor/SuperCache

----------------------------------------------------------------------


---------- Date: 2026-04-02 11:45:07 ~ IP : 185.179.188.62 ----------
REQUEST URI : /setting_php/tadalafil-20/331-vardenafil-40-v-apteke-tomsk/
MOD DETAILS:
   modFile   : /home/canmotalka/web/can-motalka.ru/public_html/vqmod/xml/lightning.xml
   id        : OpenCart Lightning
   version   : 3.37
   vqmver    : 
   author    : MaxD http://devs.mx

File Name    : system/library/cache.php(0)
VQModObject::applyMod - SEARCH NOT FOUND (SKIPPED): if (is_file(DIR_SYSTEM . 'library/journal3/vendor/SuperCache

----------------------------------------------------------------------


---------- Date: 2026-04-02 11:45:45 ~ IP : 185.179.188.62 ----------
REQUEST URI : /instrukciya-podmotka-kamaz/
MOD DETAILS:
   modFile   : /home/canmotalka/web/can-motalka.ru/public_html/vqmod/xml/lightning.xml
   id        : OpenCart Lightning
   version   : 3.37
   vqmver    : 
   author    : MaxD http://devs.mx

File Name    : system/library/cache.php(0)
VQModObject::applyMod - SEARCH NOT FOUND (SKIPPED): if (is_file(DIR_SYSTEM . 'library/journal3/vendor/SuperCache

----------------------------------------------------------------------


---------- Date: 2026-04-02 11:45:47 ~ IP : 185.179.188.62 ----------
REQUEST URI : /index.php?route=module/popupcart_extended
MOD DETAILS:
   modFile   : /home/canmotalka/web/can-motalka.ru/public_html/vqmod/xml/lightning.xml
   id        : OpenCart Lightning
   version   : 3.37
   vqmver    : 
   author    : MaxD http://devs.mx

File Name    : system/library/cache.php(0)
VQModObject::applyMod - SEARCH NOT FOUND (SKIPPED): if (is_file(DIR_SYSTEM . 'library/journal3/vendor/SuperCache

----------------------------------------------------------------------


---------- Date: 2026-04-02 11:46:24 ~ IP : 185.179.188.62 ----------
REQUEST URI : /setting_php/nabor-positivniy/496-tabletki-super-nabora-hagen/
MOD DETAILS:
   modFile   : /home/canmotalka/web/can-motalka.ru/public_html/vqmod/xml/lightning.xml
   id        : OpenCart Lightning
   version   : 3.37
   vqmver    : 
   author    : MaxD http://devs.mx

File Name    : system/library/cache.php(0)
VQModObject::applyMod - SEARCH NOT FOUND (SKIPPED): if (is_file(DIR_SYSTEM . 'library/journal3/vendor/SuperCache

----------------------------------------------------------------------


---------- Date: 2026-04-02 11:46:29 ~ IP : 185.179.188.62 ----------
REQUEST URI : /index.php?route=module/popupcart_extended
MOD DETAILS:
   modFile   : /home/canmotalka/web/can-motalka.ru/public_html/vqmod/xml/lightning.xml
   id        : OpenCart Lightning
   version   : 3.37
   vqmver    : 
   author    : MaxD http://devs.mx

File Name    : system/library/cache.php(0)
VQModObject::applyMod - SEARCH NOT FOUND (SKIPPED): if (is_file(DIR_SYSTEM . 'library/journal3/vendor/SuperCache

----------------------------------------------------------------------


---------- Date: 2026-04-02 11:46:49 ~ IP : 185.179.188.62 ----------
REQUEST URI : /instrukciya-podmotka-kamaz/
MOD DETAILS:
   modFile   : /home/canmotalka/web/can-motalka.ru/public_html/vqmod/xml/lightning.xml
   id        : OpenCart Lightning
   version   : 3.37
   vqmver    : 
   author    : MaxD http://devs.mx

File Name    : system/library/cache.php(0)
VQModObject::applyMod - SEARCH NOT FOUND (SKIPPED): if (is_file(DIR_SYSTEM . 'library/journal3/vendor/SuperCache

----------------------------------------------------------------------


---------- Date: 2026-04-02 11:46:51 ~ IP : 185.179.188.62 ----------
REQUEST URI : /index.php?route=module/popupcart_extended
MOD DETAILS:
   modFile   : /home/canmotalka/web/can-motalka.ru/public_html/vqmod/xml/lightning.xml
   id        : OpenCart Lightning
   version   : 3.37
   vqmver    : 
   author    : MaxD http://devs.mx

File Name    : system/library/cache.php(0)
VQModObject::applyMod - SEARCH NOT FOUND (SKIPPED): if (is_file(DIR_SYSTEM . 'library/journal3/vendor/SuperCache

----------------------------------------------------------------------


---------- Date: 2026-04-02 11:48:02 ~ IP : 185.179.188.62 ----------
REQUEST URI : /index.php?route=common/footer/click_counter
MOD DETAILS:
   modFile   : /home/canmotalka/web/can-motalka.ru/public_html/vqmod/xml/lightning.xml
   id        : OpenCart Lightning
   version   : 3.37
   vqmver    : 
   author    : MaxD http://devs.mx

File Name    : system/library/cache.php(0)
VQModObject::applyMod - SEARCH NOT FOUND (SKIPPED): if (is_file(DIR_SYSTEM . 'library/journal3/vendor/SuperCache

----------------------------------------------------------------------


---------- Date: 2026-04-02 11:48:27 ~ IP : 185.179.188.62 ----------
REQUEST URI : /podmotka-spidometra-hyundai-santa-fe-3/
MOD DETAILS:
   modFile   : /home/canmotalka/web/can-motalka.ru/public_html/vqmod/xml/lightning.xml
   id        : OpenCart Lightning
   version   : 3.37
   vqmver    : 
   author    : MaxD http://devs.mx

File Name    : system/library/cache.php(0)
VQModObject::applyMod - SEARCH NOT FOUND (SKIPPED): if (is_file(DIR_SYSTEM . 'library/journal3/vendor/SuperCache

----------------------------------------------------------------------


---------- Date: 2026-04-02 11:48:28 ~ IP : 185.179.188.62 ----------
REQUEST URI : /index.php?route=common/footer/click_counter
MOD DETAILS:
   modFile   : /home/canmotalka/web/can-motalka.ru/public_html/vqmod/xml/lightning.xml
   id        : OpenCart Lightning
   version   : 3.37
   vqmver    : 
   author    : MaxD http://devs.mx

File Name    : system/library/cache.php(0)
VQModObject::applyMod - SEARCH NOT FOUND (SKIPPED): if (is_file(DIR_SYSTEM . 'library/journal3/vendor/SuperCache

----------------------------------------------------------------------


---------- Date: 2026-04-02 11:48:39 ~ IP : 185.179.188.62 ----------
REQUEST URI : /index.php?route=module/popupcart_extended
MOD DETAILS:
   modFile   : /home/canmotalka/web/can-motalka.ru/public_html/vqmod/xml/lightning.xml
   id        : OpenCart Lightning
   version   : 3.37
   vqmver    : 
   author    : MaxD http://devs.mx

File Name    : system/library/cache.php(0)
VQModObject::applyMod - SEARCH NOT FOUND (SKIPPED): if (is_file(DIR_SYSTEM . 'library/journal3/vendor/SuperCache

----------------------------------------------------------------------


---------- Date: 2026-04-02 11:48:39 ~ IP : 185.179.188.62 ----------
REQUEST URI : /index.php?route=product/product/review&amp;product_id=77
MOD DETAILS:
   modFile   : /home/canmotalka/web/can-motalka.ru/public_html/vqmod/xml/lightning.xml
   id        : OpenCart Lightning
   version   : 3.37
   vqmver    : 
   author    : MaxD http://devs.mx

File Name    : system/library/cache.php(0)
VQModObject::applyMod - SEARCH NOT FOUND (SKIPPED): if (is_file(DIR_SYSTEM . 'library/journal3/vendor/SuperCache

----------------------------------------------------------------------


---------- Date: 2026-04-02 11:48:43 ~ IP : 185.179.188.62 ----------
REQUEST URI : /podmotka-spidometra-hyundai-santa-fe-3/
MOD DETAILS:
   modFile   : /home/canmotalka/web/can-motalka.ru/public_html/vqmod/xml/lightning.xml
   id        : OpenCart Lightning
   version   : 3.37
   vqmver    : 
   author    : MaxD http://devs.mx

File Name    : system/library/cache.php(0)
VQModObject::applyMod - SEARCH NOT FOUND (SKIPPED): if (is_file(DIR_SYSTEM . 'library/journal3/vendor/SuperCache

----------------------------------------------------------------------


---------- Date: 2026-04-02 11:48:50 ~ IP : 185.179.188.62 ----------
REQUEST URI : /index.php?route=module/popupcart_extended
MOD DETAILS:
   modFile   : /home/canmotalka/web/can-motalka.ru/public_html/vqmod/xml/lightning.xml
   id        : OpenCart Lightning
   version   : 3.37
   vqmver    : 
   author    : MaxD http://devs.mx

File Name    : system/library/cache.php(0)
VQModObject::applyMod - SEARCH NOT FOUND (SKIPPED): if (is_file(DIR_SYSTEM . 'library/journal3/vendor/SuperCache

----------------------------------------------------------------------


---------- Date: 2026-04-02 11:51:18 ~ IP : 185.179.188.62 ----------
REQUEST URI : /?ysclid=mnh8jjl2pe536797847
MOD DETAILS:
   modFile   : /home/canmotalka/web/can-motalka.ru/public_html/vqmod/xml/lightning.xml
   id        : OpenCart Lightning
   version   : 3.37
   vqmver    : 
   author    : MaxD http://devs.mx

File Name    : system/library/cache.php(0)
VQModObject::applyMod - SEARCH NOT FOUND (SKIPPED): if (is_file(DIR_SYSTEM . 'library/journal3/vendor/SuperCache

----------------------------------------------------------------------


---------- Date: 2026-04-02 11:52:18 ~ IP : 185.179.188.62 ----------
REQUEST URI : /info/
MOD DETAILS:
   modFile   : /home/canmotalka/web/can-motalka.ru/public_html/vqmod/xml/lightning.xml
   id        : OpenCart Lightning
   version   : 3.37
   vqmver    : 
   author    : MaxD http://devs.mx

File Name    : system/library/cache.php(0)
VQModObject::applyMod - SEARCH NOT FOUND (SKIPPED): if (is_file(DIR_SYSTEM . 'library/journal3/vendor/SuperCache

----------------------------------------------------------------------


---------- Date: 2026-04-02 11:52:18 ~ IP : 185.179.188.62 ----------
REQUEST URI : /index.php?route=module/popupcart_extended
MOD DETAILS:
   modFile   : /home/canmotalka/web/can-motalka.ru/public_html/vqmod/xml/lightning.xml
   id        : OpenCart Lightning
   version   : 3.37
   vqmver    : 
   author    : MaxD http://devs.mx

File Name    : system/library/cache.php(0)
VQModObject::applyMod - SEARCH NOT FOUND (SKIPPED): if (is_file(DIR_SYSTEM . 'library/journal3/vendor/SuperCache

----------------------------------------------------------------------


---------- Date: 2026-04-02 11:52:30 ~ IP : 185.179.188.62 ----------
REQUEST URI : /zakaz/
MOD DETAILS:
   modFile   : /home/canmotalka/web/can-motalka.ru/public_html/vqmod/xml/lightning.xml
   id        : OpenCart Lightning
   version   : 3.37
   vqmver    : 
   author    : MaxD http://devs.mx

File Name    : system/library/cache.php(0)
VQModObject::applyMod - SEARCH NOT FOUND (SKIPPED): if (is_file(DIR_SYSTEM . 'library/journal3/vendor/SuperCache

----------------------------------------------------------------------


---------- Date: 2026-04-02 11:52:51 ~ IP : 185.179.188.62 ----------
REQUEST URI : /podmotka_spidometra_solaris/
MOD DETAILS:
   modFile   : /home/canmotalka/web/can-motalka.ru/public_html/vqmod/xml/lightning.xml
   id        : OpenCart Lightning
   version   : 3.37
   vqmver    : 
   author    : MaxD http://devs.mx

File Name    : system/library/cache.php(0)
VQModObject::applyMod - SEARCH NOT FOUND (SKIPPED): if (is_file(DIR_SYSTEM . 'library/journal3/vendor/SuperCache

----------------------------------------------------------------------


---------- Date: 2026-04-02 11:53:44 ~ IP : 185.179.188.62 ----------
REQUEST URI : /CanMoTadLog!n/?verification-request-answer?=login-for-ca9477562947244l
MOD DETAILS:
   modFile   : /home/canmotalka/web/can-motalka.ru/public_html/vqmod/xml/lightning.xml
   id        : OpenCart Lightning
   version   : 3.37
   vqmver    : 
   author    : MaxD http://devs.mx

File Name    : system/library/cache.php(0)
VQModObject::applyMod - SEARCH NOT FOUND (SKIPPED): if (is_file(DIR_SYSTEM . 'library/journal3/vendor/SuperCache

----------------------------------------------------------------------


---------- Date: 2026-04-02 11:53:46 ~ IP : 185.179.188.62 ----------
REQUEST URI : /CanMoTadLog!n/index.php?route=common/login
MOD DETAILS:
   modFile   : /home/canmotalka/web/can-motalka.ru/public_html/vqmod/xml/lightning.xml
   id        : OpenCart Lightning
   version   : 3.37
   vqmver    : 
   author    : MaxD http://devs.mx

File Name    : system/library/cache.php(0)
VQModObject::applyMod - SEARCH NOT FOUND (SKIPPED): if (is_file(DIR_SYSTEM . 'library/journal3/vendor/SuperCache

----------------------------------------------------------------------


---------- Date: 2026-04-02 11:53:46 ~ IP : 185.179.188.62 ----------
REQUEST URI : /CanMoTadLog!n/index.php?route=common/home&amp;token=32b11ebc96cd4a35a6796e17bee6ce50
MOD DETAILS:
   modFile   : /home/canmotalka/web/can-motalka.ru/public_html/vqmod/xml/lightning.xml
   id        : OpenCart Lightning
   version   : 3.37
   vqmver    : 
   author    : MaxD http://devs.mx

File Name    : system/library/cache.php(0)
VQModObject::applyMod - SEARCH NOT FOUND (SKIPPED): if (is_file(DIR_SYSTEM . 'library/journal3/vendor/SuperCache

----------------------------------------------------------------------


---------- Date: 2026-04-02 11:53:47 ~ IP : 185.179.188.62 ----------
REQUEST URI : /CanMoTadLog!n/index.php?route=common/home/chart&amp;token=32b11ebc96cd4a35a6796e17bee6ce50&amp;range=undefined
MOD DETAILS:
   modFile   : /home/canmotalka/web/can-motalka.ru/public_html/vqmod/xml/lightning.xml
   id        : OpenCart Lightning
   version   : 3.37
   vqmver    : 
   author    : MaxD http://devs.mx

File Name    : system/library/cache.php(0)
VQModObject::applyMod - SEARCH NOT FOUND (SKIPPED): if (is_file(DIR_SYSTEM . 'library/journal3/vendor/SuperCache

----------------------------------------------------------------------


---------- Date: 2026-04-02 11:55:02 ~ IP : 185.179.188.62 ----------
REQUEST URI : /podmotka_spidometra_solaris_kak_kupit2/
MOD DETAILS:
   modFile   : /home/canmotalka/web/can-motalka.ru/public_html/vqmod/xml/lightning.xml
   id        : OpenCart Lightning
   version   : 3.37
   vqmver    : 
   author    : MaxD http://devs.mx

File Name    : system/library/cache.php(0)
VQModObject::applyMod - SEARCH NOT FOUND (SKIPPED): if (is_file(DIR_SYSTEM . 'library/journal3/vendor/SuperCache

----------------------------------------------------------------------


---------- Date: 2026-04-02 11:55:03 ~ IP : 185.179.188.62 ----------
REQUEST URI : /podmotka_spidometra_solaris2/
MOD DETAILS:
   modFile   : /home/canmotalka/web/can-motalka.ru/public_html/vqmod/xml/lightning.xml
   id        : OpenCart Lightning
   version   : 3.37
   vqmver    : 
   author    : MaxD http://devs.mx

File Name    : system/library/cache.php(0)
VQModObject::applyMod - SEARCH NOT FOUND (SKIPPED): if (is_file(DIR_SYSTEM . 'library/journal3/vendor/SuperCache

----------------------------------------------------------------------


---------- Date: 2026-04-02 11:58:36 ~ IP : 185.179.188.62 ----------
REQUEST URI : /podmotka_spidometra_solaris/
MOD DETAILS:
   modFile   : /home/canmotalka/web/can-motalka.ru/public_html/vqmod/xml/lightning.xml
   id        : OpenCart Lightning
   version   : 3.37
   vqmver    : 
   author    : MaxD http://devs.mx

File Name    : system/library/cache.php(0)
VQModObject::applyMod - SEARCH NOT FOUND (SKIPPED): if (is_file(DIR_SYSTEM . 'library/journal3/vendor/SuperCache

----------------------------------------------------------------------


---------- Date: 2026-04-02 12:03:08 ~ IP : 185.179.188.62 ----------
REQUEST URI : /podmotka-spidometra-fiat-ducato/
MOD DETAILS:
   modFile   : /home/canmotalka/web/can-motalka.ru/public_html/vqmod/xml/lightning.xml
   id        : OpenCart Lightning
   version   : 3.37
   vqmver    : 
   author    : MaxD http://devs.mx

File Name    : system/library/cache.php(0)
VQModObject::applyMod - SEARCH NOT FOUND (SKIPPED): if (is_file(DIR_SYSTEM . 'library/journal3/vendor/SuperCache

----------------------------------------------------------------------


---------- Date: 2026-04-02 12:03:09 ~ IP : 185.179.188.62 ----------
REQUEST URI : /index.php?route=product/product/review&amp;product_id=94
MOD DETAILS:
   modFile   : /home/canmotalka/web/can-motalka.ru/public_html/vqmod/xml/lightning.xml
   id        : OpenCart Lightning
   version   : 3.37
   vqmver    : 
   author    : MaxD http://devs.mx

File Name    : system/library/cache.php(0)
VQModObject::applyMod - SEARCH NOT FOUND (SKIPPED): if (is_file(DIR_SYSTEM . 'library/journal3/vendor/SuperCache

----------------------------------------------------------------------


---------- Date: 2026-04-02 12:03:09 ~ IP : 185.179.188.62 ----------
REQUEST URI : /index.php?route=module/popupcart_extended
MOD DETAILS:
   modFile   : /home/canmotalka/web/can-motalka.ru/public_html/vqmod/xml/lightning.xml
   id        : OpenCart Lightning
   version   : 3.37
   vqmver    : 
   author    : MaxD http://devs.mx

File Name    : system/library/cache.php(0)
VQModObject::applyMod - SEARCH NOT FOUND (SKIPPED): if (is_file(DIR_SYSTEM . 'library/journal3/vendor/SuperCache

----------------------------------------------------------------------


---------- Date: 2026-04-02 12:03:28 ~ IP : 185.179.188.62 ----------
REQUEST URI : /tranzit_video_manual/
MOD DETAILS:
   modFile   : /home/canmotalka/web/can-motalka.ru/public_html/vqmod/xml/lightning.xml
   id        : OpenCart Lightning
   version   : 3.37
   vqmver    : 
   author    : MaxD http://devs.mx

File Name    : system/library/cache.php(0)
VQModObject::applyMod - SEARCH NOT FOUND (SKIPPED): if (is_file(DIR_SYSTEM . 'library/journal3/vendor/SuperCache

----------------------------------------------------------------------


---------- Date: 2026-04-02 12:04:40 ~ IP : 185.179.188.62 ----------
REQUEST URI : /politika-konfidencialnosti/
MOD DETAILS:
   modFile   : /home/canmotalka/web/can-motalka.ru/public_html/vqmod/xml/lightning.xml
   id        : OpenCart Lightning
   version   : 3.37
   vqmver    : 
   author    : MaxD http://devs.mx

File Name    : system/library/cache.php(0)
VQModObject::applyMod - SEARCH NOT FOUND (SKIPPED): if (is_file(DIR_SYSTEM . 'library/journal3/vendor/SuperCache

----------------------------------------------------------------------


---------- Date: 2026-04-02 12:05:28 ~ IP : 185.179.188.62 ----------
REQUEST URI : /manuals/
MOD DETAILS:
   modFile   : /home/canmotalka/web/can-motalka.ru/public_html/vqmod/xml/lightning.xml
   id        : OpenCart Lightning
   version   : 3.37
   vqmver    : 
   author    : MaxD http://devs.mx

File Name    : system/library/cache.php(0)
VQModObject::applyMod - SEARCH NOT FOUND (SKIPPED): if (is_file(DIR_SYSTEM . 'library/journal3/vendor/SuperCache

----------------------------------------------------------------------


---------- Date: 2026-04-02 12:05:30 ~ IP : 185.179.188.62 ----------
REQUEST URI : /.well-known/traffic-advice
MOD DETAILS:
   modFile   : /home/canmotalka/web/can-motalka.ru/public_html/vqmod/xml/lightning.xml
   id        : OpenCart Lightning
   version   : 3.37
   vqmver    : 
   author    : MaxD http://devs.mx

File Name    : system/library/cache.php(0)
VQModObject::applyMod - SEARCH NOT FOUND (SKIPPED): if (is_file(DIR_SYSTEM . 'library/journal3/vendor/SuperCache

----------------------------------------------------------------------


---------- Date: 2026-04-02 12:05:30 ~ IP : 185.179.188.62 ----------
REQUEST URI : /instrukciya-podmotka-niva-travel-chevrolet/
MOD DETAILS:
   modFile   : /home/canmotalka/web/can-motalka.ru/public_html/vqmod/xml/lightning.xml
   id        : OpenCart Lightning
   version   : 3.37
   vqmver    : 
   author    : MaxD http://devs.mx

File Name    : system/library/cache.php(0)
VQModObject::applyMod - SEARCH NOT FOUND (SKIPPED): if (is_file(DIR_SYSTEM . 'library/journal3/vendor/SuperCache

----------------------------------------------------------------------


---------- Date: 2026-04-02 12:05:50 ~ IP : 185.179.188.62 ----------
REQUEST URI : /otzyvy/
MOD DETAILS:
   modFile   : /home/canmotalka/web/can-motalka.ru/public_html/vqmod/xml/lightning.xml
   id        : OpenCart Lightning
   version   : 3.37
   vqmver    : 
   author    : MaxD http://devs.mx

File Name    : system/library/cache.php(0)
VQModObject::applyMod - SEARCH NOT FOUND (SKIPPED): if (is_file(DIR_SYSTEM . 'library/journal3/vendor/SuperCache

----------------------------------------------------------------------


---------- Date: 2026-04-02 12:05:55 ~ IP : 185.179.188.62 ----------
REQUEST URI : /podmotka_spidometra/?ysclid=mnh92ca4mx778030442
MOD DETAILS:
   modFile   : /home/canmotalka/web/can-motalka.ru/public_html/vqmod/xml/lightning.xml
   id        : OpenCart Lightning
   version   : 3.37
   vqmver    : 
   author    : MaxD http://devs.mx

File Name    : system/library/cache.php(0)
VQModObject::applyMod - SEARCH NOT FOUND (SKIPPED): if (is_file(DIR_SYSTEM . 'library/journal3/vendor/SuperCache

----------------------------------------------------------------------


---------- Date: 2026-04-02 12:05:56 ~ IP : 185.179.188.62 ----------
REQUEST URI : /podmotka_spidometra/
MOD DETAILS:
   modFile   : /home/canmotalka/web/can-motalka.ru/public_html/vqmod/xml/lightning.xml
   id        : OpenCart Lightning
   version   : 3.37
   vqmver    : 
   author    : MaxD http://devs.mx

File Name    : system/library/cache.php(0)
VQModObject::applyMod - SEARCH NOT FOUND (SKIPPED): if (is_file(DIR_SYSTEM . 'library/journal3/vendor/SuperCache

----------------------------------------------------------------------


---------- Date: 2026-04-02 12:07:22 ~ IP : 185.179.188.62 ----------
REQUEST URI : /public_html
MOD DETAILS:
   modFile   : /home/canmotalka/web/can-motalka.ru/public_html/vqmod/xml/lightning.xml
   id        : OpenCart Lightning
   version   : 3.37
   vqmver    : 
   author    : MaxD http://devs.mx

File Name    : system/library/cache.php(0)
VQModObject::applyMod - SEARCH NOT FOUND (SKIPPED): if (is_file(DIR_SYSTEM . 'library/journal3/vendor/SuperCache

----------------------------------------------------------------------


---------- Date: 2026-04-02 12:07:24 ~ IP : 185.179.188.62 ----------
REQUEST URI : /index.php?route=module/popupcart_extended
MOD DETAILS:
   modFile   : /home/canmotalka/web/can-motalka.ru/public_html/vqmod/xml/lightning.xml
   id        : OpenCart Lightning
   version   : 3.37
   vqmver    : 
   author    : MaxD http://devs.mx

File Name    : system/library/cache.php(0)
VQModObject::applyMod - SEARCH NOT FOUND (SKIPPED): if (is_file(DIR_SYSTEM . 'library/journal3/vendor/SuperCache

----------------------------------------------------------------------


---------- Date: 2026-04-02 12:10:59 ~ IP : 185.179.188.62 ----------
REQUEST URI : /podmotka_spidometra/
MOD DETAILS:
   modFile   : /home/canmotalka/web/can-motalka.ru/public_html/vqmod/xml/lightning.xml
   id        : OpenCart Lightning
   version   : 3.37
   vqmver    : 
   author    : MaxD http://devs.mx

File Name    : system/library/cache.php(0)
VQModObject::applyMod - SEARCH NOT FOUND (SKIPPED): if (is_file(DIR_SYSTEM . 'library/journal3/vendor/SuperCache

----------------------------------------------------------------------


---------- Date: 2026-04-02 12:13:55 ~ IP : 185.179.188.62 ----------
REQUEST URI : /setting_php/super-zhevitra/409-viagra-kapsuli-sravnit-ceni-bugulma/
MOD DETAILS:
   modFile   : /home/canmotalka/web/can-motalka.ru/public_html/vqmod/xml/lightning.xml
   id        : OpenCart Lightning
   version   : 3.37
   vqmver    : 
   author    : MaxD http://devs.mx

File Name    : system/library/cache.php(0)
VQModObject::applyMod - SEARCH NOT FOUND (SKIPPED): if (is_file(DIR_SYSTEM . 'library/journal3/vendor/SuperCache

----------------------------------------------------------------------


