---------- Date: 2026-03-28 00:00:12 ~ IP : 185.179.188.62 ----------
REQUEST URI : /index.php?route=feed/google_merchant
MOD DETAILS:
   modFile   : /home/canmotalka/web/can-motalka.ru/public_html/vqmod/xml/lightning.xml
   id        : OpenCart Lightning
   version   : 3.37
   vqmver    : 
   author    : MaxD http://devs.mx

File Name    : system/library/cache.php(0)
VQModObject::applyMod - SEARCH NOT FOUND (SKIPPED): if (is_file(DIR_SYSTEM . 'library/journal3/vendor/SuperCache

----------------------------------------------------------------------


---------- Date: 2026-03-28 00:08:36 ~ IP : 185.179.188.62 ----------
REQUEST URI : /granta_video_manual/
MOD DETAILS:
   modFile   : /home/canmotalka/web/can-motalka.ru/public_html/vqmod/xml/lightning.xml
   id        : OpenCart Lightning
   version   : 3.37
   vqmver    : 
   author    : MaxD http://devs.mx

File Name    : system/library/cache.php(0)
VQModObject::applyMod - SEARCH NOT FOUND (SKIPPED): if (is_file(DIR_SYSTEM . 'library/journal3/vendor/SuperCache

----------------------------------------------------------------------


---------- Date: 2026-03-28 00:15:36 ~ IP : 185.179.188.62 ----------
REQUEST URI : /motalki/uaz/
MOD DETAILS:
   modFile   : /home/canmotalka/web/can-motalka.ru/public_html/vqmod/xml/lightning.xml
   id        : OpenCart Lightning
   version   : 3.37
   vqmver    : 
   author    : MaxD http://devs.mx

File Name    : system/library/cache.php(0)
VQModObject::applyMod - SEARCH NOT FOUND (SKIPPED): if (is_file(DIR_SYSTEM . 'library/journal3/vendor/SuperCache

----------------------------------------------------------------------


---------- Date: 2026-03-28 00:25:51 ~ IP : 185.179.188.62 ----------
REQUEST URI : /instrukciya-podmotka-niva-travel-chevrolet/
MOD DETAILS:
   modFile   : /home/canmotalka/web/can-motalka.ru/public_html/vqmod/xml/lightning.xml
   id        : OpenCart Lightning
   version   : 3.37
   vqmver    : 
   author    : MaxD http://devs.mx

File Name    : system/library/cache.php(0)
VQModObject::applyMod - SEARCH NOT FOUND (SKIPPED): if (is_file(DIR_SYSTEM . 'library/journal3/vendor/SuperCache

----------------------------------------------------------------------


---------- Date: 2026-03-28 00:26:59 ~ IP : 185.179.188.62 ----------
REQUEST URI : /sitemap.xml
MOD DETAILS:
   modFile   : /home/canmotalka/web/can-motalka.ru/public_html/vqmod/xml/lightning.xml
   id        : OpenCart Lightning
   version   : 3.37
   vqmver    : 
   author    : MaxD http://devs.mx

File Name    : system/library/cache.php(0)
VQModObject::applyMod - SEARCH NOT FOUND (SKIPPED): if (is_file(DIR_SYSTEM . 'library/journal3/vendor/SuperCache

----------------------------------------------------------------------


---------- Date: 2026-03-28 00:31:26 ~ IP : 185.179.188.62 ----------
REQUEST URI : /podmotka-spidometra-nissan-x-trail
MOD DETAILS:
   modFile   : /home/canmotalka/web/can-motalka.ru/public_html/vqmod/xml/lightning.xml
   id        : OpenCart Lightning
   version   : 3.37
   vqmver    : 
   author    : MaxD http://devs.mx

File Name    : system/library/cache.php(0)
VQModObject::applyMod - SEARCH NOT FOUND (SKIPPED): if (is_file(DIR_SYSTEM . 'library/journal3/vendor/SuperCache

----------------------------------------------------------------------


---------- Date: 2026-03-28 00:31:27 ~ IP : 185.179.188.62 ----------
REQUEST URI : /podmotka-spidometra-nissan-x-trail/
MOD DETAILS:
   modFile   : /home/canmotalka/web/can-motalka.ru/public_html/vqmod/xml/lightning.xml
   id        : OpenCart Lightning
   version   : 3.37
   vqmver    : 
   author    : MaxD http://devs.mx

File Name    : system/library/cache.php(0)
VQModObject::applyMod - SEARCH NOT FOUND (SKIPPED): if (is_file(DIR_SYSTEM . 'library/journal3/vendor/SuperCache

----------------------------------------------------------------------


---------- Date: 2026-03-28 00:34:59 ~ IP : 185.179.188.62 ----------
REQUEST URI : /otzyvy/?page=6
MOD DETAILS:
   modFile   : /home/canmotalka/web/can-motalka.ru/public_html/vqmod/xml/lightning.xml
   id        : OpenCart Lightning
   version   : 3.37
   vqmver    : 
   author    : MaxD http://devs.mx

File Name    : system/library/cache.php(0)
VQModObject::applyMod - SEARCH NOT FOUND (SKIPPED): if (is_file(DIR_SYSTEM . 'library/journal3/vendor/SuperCache

----------------------------------------------------------------------


---------- Date: 2026-03-28 00:36:13 ~ IP : 185.179.188.62 ----------
REQUEST URI : /otzyvy/
MOD DETAILS:
   modFile   : /home/canmotalka/web/can-motalka.ru/public_html/vqmod/xml/lightning.xml
   id        : OpenCart Lightning
   version   : 3.37
   vqmver    : 
   author    : MaxD http://devs.mx

File Name    : system/library/cache.php(0)
VQModObject::applyMod - SEARCH NOT FOUND (SKIPPED): if (is_file(DIR_SYSTEM . 'library/journal3/vendor/SuperCache

----------------------------------------------------------------------


---------- Date: 2026-03-28 00:38:36 ~ IP : 185.179.188.62 ----------
REQUEST URI : /podmotka-spidometra-henday-sonata-8/;/
MOD DETAILS:
   modFile   : /home/canmotalka/web/can-motalka.ru/public_html/vqmod/xml/lightning.xml
   id        : OpenCart Lightning
   version   : 3.37
   vqmver    : 
   author    : MaxD http://devs.mx

File Name    : system/library/cache.php(0)
VQModObject::applyMod - SEARCH NOT FOUND (SKIPPED): if (is_file(DIR_SYSTEM . 'library/journal3/vendor/SuperCache

----------------------------------------------------------------------


---------- Date: 2026-03-28 00:38:36 ~ IP : 185.179.188.62 ----------
REQUEST URI : /otzyvy/
MOD DETAILS:
   modFile   : /home/canmotalka/web/can-motalka.ru/public_html/vqmod/xml/lightning.xml
   id        : OpenCart Lightning
   version   : 3.37
   vqmver    : 
   author    : MaxD http://devs.mx

File Name    : system/library/cache.php(0)
VQModObject::applyMod - SEARCH NOT FOUND (SKIPPED): if (is_file(DIR_SYSTEM . 'library/journal3/vendor/SuperCache

----------------------------------------------------------------------


---------- Date: 2026-03-28 00:40:31 ~ IP : 185.179.188.62 ----------
REQUEST URI : /krutilka_spidometra/
MOD DETAILS:
   modFile   : /home/canmotalka/web/can-motalka.ru/public_html/vqmod/xml/lightning.xml
   id        : OpenCart Lightning
   version   : 3.37
   vqmver    : 
   author    : MaxD http://devs.mx

File Name    : system/library/cache.php(0)
VQModObject::applyMod - SEARCH NOT FOUND (SKIPPED): if (is_file(DIR_SYSTEM . 'library/journal3/vendor/SuperCache

----------------------------------------------------------------------


---------- Date: 2026-03-28 00:46:01 ~ IP : 185.179.188.62 ----------
REQUEST URI : /manuals/
MOD DETAILS:
   modFile   : /home/canmotalka/web/can-motalka.ru/public_html/vqmod/xml/lightning.xml
   id        : OpenCart Lightning
   version   : 3.37
   vqmver    : 
   author    : MaxD http://devs.mx

File Name    : system/library/cache.php(0)
VQModObject::applyMod - SEARCH NOT FOUND (SKIPPED): if (is_file(DIR_SYSTEM . 'library/journal3/vendor/SuperCache

----------------------------------------------------------------------


---------- Date: 2026-03-28 00:53:27 ~ IP : 185.179.188.62 ----------
REQUEST URI : /podmotka-spidometra-vesta/
MOD DETAILS:
   modFile   : /home/canmotalka/web/can-motalka.ru/public_html/vqmod/xml/lightning.xml
   id        : OpenCart Lightning
   version   : 3.37
   vqmver    : 
   author    : MaxD http://devs.mx

File Name    : system/library/cache.php(0)
VQModObject::applyMod - SEARCH NOT FOUND (SKIPPED): if (is_file(DIR_SYSTEM . 'library/journal3/vendor/SuperCache

----------------------------------------------------------------------


---------- Date: 2026-03-28 00:56:39 ~ IP : 185.179.188.62 ----------
REQUEST URI : /podmotka-spidometra-kia-optima-bezlimitnaya/
MOD DETAILS:
   modFile   : /home/canmotalka/web/can-motalka.ru/public_html/vqmod/xml/lightning.xml
   id        : OpenCart Lightning
   version   : 3.37
   vqmver    : 
   author    : MaxD http://devs.mx

File Name    : system/library/cache.php(0)
VQModObject::applyMod - SEARCH NOT FOUND (SKIPPED): if (is_file(DIR_SYSTEM . 'library/journal3/vendor/SuperCache

----------------------------------------------------------------------


---------- Date: 2026-03-28 00:57:37 ~ IP : 185.179.188.62 ----------
REQUEST URI : /instrukciya-podmotka-niva-travel-chevrolet/?ysclid=mn9fznyqss947039355
MOD DETAILS:
   modFile   : /home/canmotalka/web/can-motalka.ru/public_html/vqmod/xml/lightning.xml
   id        : OpenCart Lightning
   version   : 3.37
   vqmver    : 
   author    : MaxD http://devs.mx

File Name    : system/library/cache.php(0)
VQModObject::applyMod - SEARCH NOT FOUND (SKIPPED): if (is_file(DIR_SYSTEM . 'library/journal3/vendor/SuperCache

----------------------------------------------------------------------


---------- Date: 2026-03-28 00:57:37 ~ IP : 185.179.188.62 ----------
REQUEST URI : /instrukciya-podmotka-niva-travel-chevrolet/
MOD DETAILS:
   modFile   : /home/canmotalka/web/can-motalka.ru/public_html/vqmod/xml/lightning.xml
   id        : OpenCart Lightning
   version   : 3.37
   vqmver    : 
   author    : MaxD http://devs.mx

File Name    : system/library/cache.php(0)
VQModObject::applyMod - SEARCH NOT FOUND (SKIPPED): if (is_file(DIR_SYSTEM . 'library/journal3/vendor/SuperCache

----------------------------------------------------------------------


---------- Date: 2026-03-28 00:57:38 ~ IP : 185.179.188.62 ----------
REQUEST URI : /index.php?route=module/popupcart_extended
MOD DETAILS:
   modFile   : /home/canmotalka/web/can-motalka.ru/public_html/vqmod/xml/lightning.xml
   id        : OpenCart Lightning
   version   : 3.37
   vqmver    : 
   author    : MaxD http://devs.mx

File Name    : system/library/cache.php(0)
VQModObject::applyMod - SEARCH NOT FOUND (SKIPPED): if (is_file(DIR_SYSTEM . 'library/journal3/vendor/SuperCache

----------------------------------------------------------------------


---------- Date: 2026-03-28 00:57:47 ~ IP : 185.179.188.62 ----------
REQUEST URI : /podmotka-spidometra-largus/
MOD DETAILS:
   modFile   : /home/canmotalka/web/can-motalka.ru/public_html/vqmod/xml/lightning.xml
   id        : OpenCart Lightning
   version   : 3.37
   vqmver    : 
   author    : MaxD http://devs.mx

File Name    : system/library/cache.php(0)
VQModObject::applyMod - SEARCH NOT FOUND (SKIPPED): if (is_file(DIR_SYSTEM . 'library/journal3/vendor/SuperCache

----------------------------------------------------------------------


---------- Date: 2026-03-28 00:58:13 ~ IP : 185.179.188.62 ----------
REQUEST URI : /index.php?route=product/product/review&amp;product_id=258
MOD DETAILS:
   modFile   : /home/canmotalka/web/can-motalka.ru/public_html/vqmod/xml/lightning.xml
   id        : OpenCart Lightning
   version   : 3.37
   vqmver    : 
   author    : MaxD http://devs.mx

File Name    : system/library/cache.php(0)
VQModObject::applyMod - SEARCH NOT FOUND (SKIPPED): if (is_file(DIR_SYSTEM . 'library/journal3/vendor/SuperCache

----------------------------------------------------------------------


---------- Date: 2026-03-28 00:58:14 ~ IP : 185.179.188.62 ----------
REQUEST URI : /index.php?route=module/popupcart_extended
MOD DETAILS:
   modFile   : /home/canmotalka/web/can-motalka.ru/public_html/vqmod/xml/lightning.xml
   id        : OpenCart Lightning
   version   : 3.37
   vqmver    : 
   author    : MaxD http://devs.mx

File Name    : system/library/cache.php(0)
VQModObject::applyMod - SEARCH NOT FOUND (SKIPPED): if (is_file(DIR_SYSTEM . 'library/journal3/vendor/SuperCache

----------------------------------------------------------------------


---------- Date: 2026-03-28 00:58:47 ~ IP : 185.179.188.62 ----------
REQUEST URI : /namotchik-probega-dlya-renault-megane-2/
MOD DETAILS:
   modFile   : /home/canmotalka/web/can-motalka.ru/public_html/vqmod/xml/lightning.xml
   id        : OpenCart Lightning
   version   : 3.37
   vqmver    : 
   author    : MaxD http://devs.mx

File Name    : system/library/cache.php(0)
VQModObject::applyMod - SEARCH NOT FOUND (SKIPPED): if (is_file(DIR_SYSTEM . 'library/journal3/vendor/SuperCache

----------------------------------------------------------------------


---------- Date: 2026-03-28 01:03:12 ~ IP : 185.179.188.62 ----------
REQUEST URI : /podmotka-spidometra-na-ford-fokus-3-za-3500-rubley/
MOD DETAILS:
   modFile   : /home/canmotalka/web/can-motalka.ru/public_html/vqmod/xml/lightning.xml
   id        : OpenCart Lightning
   version   : 3.37
   vqmver    : 
   author    : MaxD http://devs.mx

File Name    : system/library/cache.php(0)
VQModObject::applyMod - SEARCH NOT FOUND (SKIPPED): if (is_file(DIR_SYSTEM . 'library/journal3/vendor/SuperCache

----------------------------------------------------------------------


---------- Date: 2026-03-28 01:04:11 ~ IP : 185.179.188.62 ----------
REQUEST URI : /old/
MOD DETAILS:
   modFile   : /home/canmotalka/web/can-motalka.ru/public_html/vqmod/xml/lightning.xml
   id        : OpenCart Lightning
   version   : 3.37
   vqmver    : 
   author    : MaxD http://devs.mx

File Name    : system/library/cache.php(0)
VQModObject::applyMod - SEARCH NOT FOUND (SKIPPED): if (is_file(DIR_SYSTEM . 'library/journal3/vendor/SuperCache

----------------------------------------------------------------------


---------- Date: 2026-03-28 01:04:12 ~ IP : 185.179.188.62 ----------
REQUEST URI : /blog/
MOD DETAILS:
   modFile   : /home/canmotalka/web/can-motalka.ru/public_html/vqmod/xml/lightning.xml
   id        : OpenCart Lightning
   version   : 3.37
   vqmver    : 
   author    : MaxD http://devs.mx

File Name    : system/library/cache.php(0)
VQModObject::applyMod - SEARCH NOT FOUND (SKIPPED): if (is_file(DIR_SYSTEM . 'library/journal3/vendor/SuperCache

----------------------------------------------------------------------


---------- Date: 2026-03-28 01:04:12 ~ IP : 185.179.188.62 ----------
REQUEST URI : /backup/
MOD DETAILS:
   modFile   : /home/canmotalka/web/can-motalka.ru/public_html/vqmod/xml/lightning.xml
   id        : OpenCart Lightning
   version   : 3.37
   vqmver    : 
   author    : MaxD http://devs.mx

File Name    : system/library/cache.php(0)
VQModObject::applyMod - SEARCH NOT FOUND (SKIPPED): if (is_file(DIR_SYSTEM . 'library/journal3/vendor/SuperCache

----------------------------------------------------------------------


---------- Date: 2026-03-28 01:04:13 ~ IP : 185.179.188.62 ----------
REQUEST URI : /new/
MOD DETAILS:
   modFile   : /home/canmotalka/web/can-motalka.ru/public_html/vqmod/xml/lightning.xml
   id        : OpenCart Lightning
   version   : 3.37
   vqmver    : 
   author    : MaxD http://devs.mx

File Name    : system/library/cache.php(0)
VQModObject::applyMod - SEARCH NOT FOUND (SKIPPED): if (is_file(DIR_SYSTEM . 'library/journal3/vendor/SuperCache

----------------------------------------------------------------------


---------- Date: 2026-03-28 01:04:13 ~ IP : 185.179.188.62 ----------
REQUEST URI : /wp/
MOD DETAILS:
   modFile   : /home/canmotalka/web/can-motalka.ru/public_html/vqmod/xml/lightning.xml
   id        : OpenCart Lightning
   version   : 3.37
   vqmver    : 
   author    : MaxD http://devs.mx

File Name    : system/library/cache.php(0)
VQModObject::applyMod - SEARCH NOT FOUND (SKIPPED): if (is_file(DIR_SYSTEM . 'library/journal3/vendor/SuperCache

----------------------------------------------------------------------


---------- Date: 2026-03-28 01:04:14 ~ IP : 185.179.188.62 ----------
REQUEST URI : /wordpress/
MOD DETAILS:
   modFile   : /home/canmotalka/web/can-motalka.ru/public_html/vqmod/xml/lightning.xml
   id        : OpenCart Lightning
   version   : 3.37
   vqmver    : 
   author    : MaxD http://devs.mx

File Name    : system/library/cache.php(0)
VQModObject::applyMod - SEARCH NOT FOUND (SKIPPED): if (is_file(DIR_SYSTEM . 'library/journal3/vendor/SuperCache

----------------------------------------------------------------------


---------- Date: 2026-03-28 01:07:06 ~ IP : 185.179.188.62 ----------
REQUEST URI : /motalki/chevrolet/
MOD DETAILS:
   modFile   : /home/canmotalka/web/can-motalka.ru/public_html/vqmod/xml/lightning.xml
   id        : OpenCart Lightning
   version   : 3.37
   vqmver    : 
   author    : MaxD http://devs.mx

File Name    : system/library/cache.php(0)
VQModObject::applyMod - SEARCH NOT FOUND (SKIPPED): if (is_file(DIR_SYSTEM . 'library/journal3/vendor/SuperCache

----------------------------------------------------------------------


---------- Date: 2026-03-28 01:08:58 ~ IP : 185.179.188.62 ----------
REQUEST URI : /namotchik-probega-dlya-uaz-patriot-konec-do-2016-zelenyy-displey/
MOD DETAILS:
   modFile   : /home/canmotalka/web/can-motalka.ru/public_html/vqmod/xml/lightning.xml
   id        : OpenCart Lightning
   version   : 3.37
   vqmver    : 
   author    : MaxD http://devs.mx

File Name    : system/library/cache.php(0)
VQModObject::applyMod - SEARCH NOT FOUND (SKIPPED): if (is_file(DIR_SYSTEM . 'library/journal3/vendor/SuperCache

----------------------------------------------------------------------


---------- Date: 2026-03-28 01:08:59 ~ IP : 185.179.188.62 ----------
REQUEST URI : /index.php?route=product/product/review&amp;product_id=262
MOD DETAILS:
   modFile   : /home/canmotalka/web/can-motalka.ru/public_html/vqmod/xml/lightning.xml
   id        : OpenCart Lightning
   version   : 3.37
   vqmver    : 
   author    : MaxD http://devs.mx

File Name    : system/library/cache.php(0)
VQModObject::applyMod - SEARCH NOT FOUND (SKIPPED): if (is_file(DIR_SYSTEM . 'library/journal3/vendor/SuperCache

----------------------------------------------------------------------


---------- Date: 2026-03-28 01:08:59 ~ IP : 185.179.188.62 ----------
REQUEST URI : /index.php?route=module/popupcart_extended
MOD DETAILS:
   modFile   : /home/canmotalka/web/can-motalka.ru/public_html/vqmod/xml/lightning.xml
   id        : OpenCart Lightning
   version   : 3.37
   vqmver    : 
   author    : MaxD http://devs.mx

File Name    : system/library/cache.php(0)
VQModObject::applyMod - SEARCH NOT FOUND (SKIPPED): if (is_file(DIR_SYSTEM . 'library/journal3/vendor/SuperCache

----------------------------------------------------------------------


---------- Date: 2026-03-28 01:13:14 ~ IP : 185.179.188.62 ----------
REQUEST URI : /.well-known/traffic-advice
MOD DETAILS:
   modFile   : /home/canmotalka/web/can-motalka.ru/public_html/vqmod/xml/lightning.xml
   id        : OpenCart Lightning
   version   : 3.37
   vqmver    : 
   author    : MaxD http://devs.mx

File Name    : system/library/cache.php(0)
VQModObject::applyMod - SEARCH NOT FOUND (SKIPPED): if (is_file(DIR_SYSTEM . 'library/journal3/vendor/SuperCache

----------------------------------------------------------------------


---------- Date: 2026-03-28 01:13:14 ~ IP : 185.179.188.62 ----------
REQUEST URI : /podmotka_uaz_re/
MOD DETAILS:
   modFile   : /home/canmotalka/web/can-motalka.ru/public_html/vqmod/xml/lightning.xml
   id        : OpenCart Lightning
   version   : 3.37
   vqmver    : 
   author    : MaxD http://devs.mx

File Name    : system/library/cache.php(0)
VQModObject::applyMod - SEARCH NOT FOUND (SKIPPED): if (is_file(DIR_SYSTEM . 'library/journal3/vendor/SuperCache

----------------------------------------------------------------------


---------- Date: 2026-03-28 01:14:05 ~ IP : 185.179.188.62 ----------
REQUEST URI : /tranzit_new_videomanual/
MOD DETAILS:
   modFile   : /home/canmotalka/web/can-motalka.ru/public_html/vqmod/xml/lightning.xml
   id        : OpenCart Lightning
   version   : 3.37
   vqmver    : 
   author    : MaxD http://devs.mx

File Name    : system/library/cache.php(0)
VQModObject::applyMod - SEARCH NOT FOUND (SKIPPED): if (is_file(DIR_SYSTEM . 'library/journal3/vendor/SuperCache

----------------------------------------------------------------------


---------- Date: 2026-03-28 01:18:37 ~ IP : 185.179.188.62 ----------
REQUEST URI : /podmotka-krutilka-spidometra-gazel-biznes-benzin-evotec-ili-cummins/
MOD DETAILS:
   modFile   : /home/canmotalka/web/can-motalka.ru/public_html/vqmod/xml/lightning.xml
   id        : OpenCart Lightning
   version   : 3.37
   vqmver    : 
   author    : MaxD http://devs.mx

File Name    : system/library/cache.php(0)
VQModObject::applyMod - SEARCH NOT FOUND (SKIPPED): if (is_file(DIR_SYSTEM . 'library/journal3/vendor/SuperCache

----------------------------------------------------------------------


---------- Date: 2026-03-28 01:29:58 ~ IP : 185.179.188.62 ----------
REQUEST URI : /wp-login.php
MOD DETAILS:
   modFile   : /home/canmotalka/web/can-motalka.ru/public_html/vqmod/xml/lightning.xml
   id        : OpenCart Lightning
   version   : 3.37
   vqmver    : 
   author    : MaxD http://devs.mx

File Name    : system/library/cache.php(0)
VQModObject::applyMod - SEARCH NOT FOUND (SKIPPED): if (is_file(DIR_SYSTEM . 'library/journal3/vendor/SuperCache

----------------------------------------------------------------------


---------- Date: 2026-03-28 01:29:59 ~ IP : 185.179.188.62 ----------
REQUEST URI : /?author=1
MOD DETAILS:
   modFile   : /home/canmotalka/web/can-motalka.ru/public_html/vqmod/xml/lightning.xml
   id        : OpenCart Lightning
   version   : 3.37
   vqmver    : 
   author    : MaxD http://devs.mx

File Name    : system/library/cache.php(0)
VQModObject::applyMod - SEARCH NOT FOUND (SKIPPED): if (is_file(DIR_SYSTEM . 'library/journal3/vendor/SuperCache

----------------------------------------------------------------------


---------- Date: 2026-03-28 01:30:00 ~ IP : 185.179.188.62 ----------
REQUEST URI : /?author=2
MOD DETAILS:
   modFile   : /home/canmotalka/web/can-motalka.ru/public_html/vqmod/xml/lightning.xml
   id        : OpenCart Lightning
   version   : 3.37
   vqmver    : 
   author    : MaxD http://devs.mx

File Name    : system/library/cache.php(0)
VQModObject::applyMod - SEARCH NOT FOUND (SKIPPED): if (is_file(DIR_SYSTEM . 'library/journal3/vendor/SuperCache

----------------------------------------------------------------------


---------- Date: 2026-03-28 01:30:01 ~ IP : 185.179.188.62 ----------
REQUEST URI : /?author=3
MOD DETAILS:
   modFile   : /home/canmotalka/web/can-motalka.ru/public_html/vqmod/xml/lightning.xml
   id        : OpenCart Lightning
   version   : 3.37
   vqmver    : 
   author    : MaxD http://devs.mx

File Name    : system/library/cache.php(0)
VQModObject::applyMod - SEARCH NOT FOUND (SKIPPED): if (is_file(DIR_SYSTEM . 'library/journal3/vendor/SuperCache

----------------------------------------------------------------------


---------- Date: 2026-03-28 01:30:02 ~ IP : 185.179.188.62 ----------
REQUEST URI : /?author=4
MOD DETAILS:
   modFile   : /home/canmotalka/web/can-motalka.ru/public_html/vqmod/xml/lightning.xml
   id        : OpenCart Lightning
   version   : 3.37
   vqmver    : 
   author    : MaxD http://devs.mx

File Name    : system/library/cache.php(0)
VQModObject::applyMod - SEARCH NOT FOUND (SKIPPED): if (is_file(DIR_SYSTEM . 'library/journal3/vendor/SuperCache

----------------------------------------------------------------------


---------- Date: 2026-03-28 01:30:03 ~ IP : 185.179.188.62 ----------
REQUEST URI : /?author=5
MOD DETAILS:
   modFile   : /home/canmotalka/web/can-motalka.ru/public_html/vqmod/xml/lightning.xml
   id        : OpenCart Lightning
   version   : 3.37
   vqmver    : 
   author    : MaxD http://devs.mx

File Name    : system/library/cache.php(0)
VQModObject::applyMod - SEARCH NOT FOUND (SKIPPED): if (is_file(DIR_SYSTEM . 'library/journal3/vendor/SuperCache

----------------------------------------------------------------------


---------- Date: 2026-03-28 01:30:04 ~ IP : 185.179.188.62 ----------
REQUEST URI : /?author=6
MOD DETAILS:
   modFile   : /home/canmotalka/web/can-motalka.ru/public_html/vqmod/xml/lightning.xml
   id        : OpenCart Lightning
   version   : 3.37
   vqmver    : 
   author    : MaxD http://devs.mx

File Name    : system/library/cache.php(0)
VQModObject::applyMod - SEARCH NOT FOUND (SKIPPED): if (is_file(DIR_SYSTEM . 'library/journal3/vendor/SuperCache

----------------------------------------------------------------------


---------- Date: 2026-03-28 01:30:04 ~ IP : 185.179.188.62 ----------
REQUEST URI : /?author=7
MOD DETAILS:
   modFile   : /home/canmotalka/web/can-motalka.ru/public_html/vqmod/xml/lightning.xml
   id        : OpenCart Lightning
   version   : 3.37
   vqmver    : 
   author    : MaxD http://devs.mx

File Name    : system/library/cache.php(0)
VQModObject::applyMod - SEARCH NOT FOUND (SKIPPED): if (is_file(DIR_SYSTEM . 'library/journal3/vendor/SuperCache

----------------------------------------------------------------------


---------- Date: 2026-03-28 01:30:05 ~ IP : 185.179.188.62 ----------
REQUEST URI : /?author=8
MOD DETAILS:
   modFile   : /home/canmotalka/web/can-motalka.ru/public_html/vqmod/xml/lightning.xml
   id        : OpenCart Lightning
   version   : 3.37
   vqmver    : 
   author    : MaxD http://devs.mx

File Name    : system/library/cache.php(0)
VQModObject::applyMod - SEARCH NOT FOUND (SKIPPED): if (is_file(DIR_SYSTEM . 'library/journal3/vendor/SuperCache

----------------------------------------------------------------------


---------- Date: 2026-03-28 01:30:06 ~ IP : 185.179.188.62 ----------
REQUEST URI : /?author=9
MOD DETAILS:
   modFile   : /home/canmotalka/web/can-motalka.ru/public_html/vqmod/xml/lightning.xml
   id        : OpenCart Lightning
   version   : 3.37
   vqmver    : 
   author    : MaxD http://devs.mx

File Name    : system/library/cache.php(0)
VQModObject::applyMod - SEARCH NOT FOUND (SKIPPED): if (is_file(DIR_SYSTEM . 'library/journal3/vendor/SuperCache

----------------------------------------------------------------------


---------- Date: 2026-03-28 01:30:07 ~ IP : 185.179.188.62 ----------
REQUEST URI : /?author=10
MOD DETAILS:
   modFile   : /home/canmotalka/web/can-motalka.ru/public_html/vqmod/xml/lightning.xml
   id        : OpenCart Lightning
   version   : 3.37
   vqmver    : 
   author    : MaxD http://devs.mx

File Name    : system/library/cache.php(0)
VQModObject::applyMod - SEARCH NOT FOUND (SKIPPED): if (is_file(DIR_SYSTEM . 'library/journal3/vendor/SuperCache

----------------------------------------------------------------------


---------- Date: 2026-03-28 01:30:08 ~ IP : 185.179.188.62 ----------
REQUEST URI : /?author=11
MOD DETAILS:
   modFile   : /home/canmotalka/web/can-motalka.ru/public_html/vqmod/xml/lightning.xml
   id        : OpenCart Lightning
   version   : 3.37
   vqmver    : 
   author    : MaxD http://devs.mx

File Name    : system/library/cache.php(0)
VQModObject::applyMod - SEARCH NOT FOUND (SKIPPED): if (is_file(DIR_SYSTEM . 'library/journal3/vendor/SuperCache

----------------------------------------------------------------------


---------- Date: 2026-03-28 01:30:09 ~ IP : 185.179.188.62 ----------
REQUEST URI : /?author=12
MOD DETAILS:
   modFile   : /home/canmotalka/web/can-motalka.ru/public_html/vqmod/xml/lightning.xml
   id        : OpenCart Lightning
   version   : 3.37
   vqmver    : 
   author    : MaxD http://devs.mx

File Name    : system/library/cache.php(0)
VQModObject::applyMod - SEARCH NOT FOUND (SKIPPED): if (is_file(DIR_SYSTEM . 'library/journal3/vendor/SuperCache

----------------------------------------------------------------------


---------- Date: 2026-03-28 01:30:10 ~ IP : 185.179.188.62 ----------
REQUEST URI : /?author=13
MOD DETAILS:
   modFile   : /home/canmotalka/web/can-motalka.ru/public_html/vqmod/xml/lightning.xml
   id        : OpenCart Lightning
   version   : 3.37
   vqmver    : 
   author    : MaxD http://devs.mx

File Name    : system/library/cache.php(0)
VQModObject::applyMod - SEARCH NOT FOUND (SKIPPED): if (is_file(DIR_SYSTEM . 'library/journal3/vendor/SuperCache

----------------------------------------------------------------------


---------- Date: 2026-03-28 01:30:11 ~ IP : 185.179.188.62 ----------
REQUEST URI : /?author=14
MOD DETAILS:
   modFile   : /home/canmotalka/web/can-motalka.ru/public_html/vqmod/xml/lightning.xml
   id        : OpenCart Lightning
   version   : 3.37
   vqmver    : 
   author    : MaxD http://devs.mx

File Name    : system/library/cache.php(0)
VQModObject::applyMod - SEARCH NOT FOUND (SKIPPED): if (is_file(DIR_SYSTEM . 'library/journal3/vendor/SuperCache

----------------------------------------------------------------------


---------- Date: 2026-03-28 01:30:12 ~ IP : 185.179.188.62 ----------
REQUEST URI : /?author=15
MOD DETAILS:
   modFile   : /home/canmotalka/web/can-motalka.ru/public_html/vqmod/xml/lightning.xml
   id        : OpenCart Lightning
   version   : 3.37
   vqmver    : 
   author    : MaxD http://devs.mx

File Name    : system/library/cache.php(0)
VQModObject::applyMod - SEARCH NOT FOUND (SKIPPED): if (is_file(DIR_SYSTEM . 'library/journal3/vendor/SuperCache

----------------------------------------------------------------------


---------- Date: 2026-03-28 01:30:12 ~ IP : 185.179.188.62 ----------
REQUEST URI : /?author=16
MOD DETAILS:
   modFile   : /home/canmotalka/web/can-motalka.ru/public_html/vqmod/xml/lightning.xml
   id        : OpenCart Lightning
   version   : 3.37
   vqmver    : 
   author    : MaxD http://devs.mx

File Name    : system/library/cache.php(0)
VQModObject::applyMod - SEARCH NOT FOUND (SKIPPED): if (is_file(DIR_SYSTEM . 'library/journal3/vendor/SuperCache

----------------------------------------------------------------------


---------- Date: 2026-03-28 01:30:13 ~ IP : 185.179.188.62 ----------
REQUEST URI : /?author=17
MOD DETAILS:
   modFile   : /home/canmotalka/web/can-motalka.ru/public_html/vqmod/xml/lightning.xml
   id        : OpenCart Lightning
   version   : 3.37
   vqmver    : 
   author    : MaxD http://devs.mx

File Name    : system/library/cache.php(0)
VQModObject::applyMod - SEARCH NOT FOUND (SKIPPED): if (is_file(DIR_SYSTEM . 'library/journal3/vendor/SuperCache

----------------------------------------------------------------------


---------- Date: 2026-03-28 01:30:14 ~ IP : 185.179.188.62 ----------
REQUEST URI : /?author=18
MOD DETAILS:
   modFile   : /home/canmotalka/web/can-motalka.ru/public_html/vqmod/xml/lightning.xml
   id        : OpenCart Lightning
   version   : 3.37
   vqmver    : 
   author    : MaxD http://devs.mx

File Name    : system/library/cache.php(0)
VQModObject::applyMod - SEARCH NOT FOUND (SKIPPED): if (is_file(DIR_SYSTEM . 'library/journal3/vendor/SuperCache

----------------------------------------------------------------------


---------- Date: 2026-03-28 01:30:15 ~ IP : 185.179.188.62 ----------
REQUEST URI : /?author=19
MOD DETAILS:
   modFile   : /home/canmotalka/web/can-motalka.ru/public_html/vqmod/xml/lightning.xml
   id        : OpenCart Lightning
   version   : 3.37
   vqmver    : 
   author    : MaxD http://devs.mx

File Name    : system/library/cache.php(0)
VQModObject::applyMod - SEARCH NOT FOUND (SKIPPED): if (is_file(DIR_SYSTEM . 'library/journal3/vendor/SuperCache

----------------------------------------------------------------------


---------- Date: 2026-03-28 01:30:16 ~ IP : 185.179.188.62 ----------
REQUEST URI : /?author=20
MOD DETAILS:
   modFile   : /home/canmotalka/web/can-motalka.ru/public_html/vqmod/xml/lightning.xml
   id        : OpenCart Lightning
   version   : 3.37
   vqmver    : 
   author    : MaxD http://devs.mx

File Name    : system/library/cache.php(0)
VQModObject::applyMod - SEARCH NOT FOUND (SKIPPED): if (is_file(DIR_SYSTEM . 'library/journal3/vendor/SuperCache

----------------------------------------------------------------------


---------- Date: 2026-03-28 01:34:38 ~ IP : 185.179.188.62 ----------
REQUEST URI : /podmotka-spidometra-henday-sonata-8/
MOD DETAILS:
   modFile   : /home/canmotalka/web/can-motalka.ru/public_html/vqmod/xml/lightning.xml
   id        : OpenCart Lightning
   version   : 3.37
   vqmver    : 
   author    : MaxD http://devs.mx

File Name    : system/library/cache.php(0)
VQModObject::applyMod - SEARCH NOT FOUND (SKIPPED): if (is_file(DIR_SYSTEM . 'library/journal3/vendor/SuperCache

----------------------------------------------------------------------


---------- Date: 2026-03-28 01:34:38 ~ IP : 185.179.188.62 ----------
REQUEST URI : /otzyvy/
MOD DETAILS:
   modFile   : /home/canmotalka/web/can-motalka.ru/public_html/vqmod/xml/lightning.xml
   id        : OpenCart Lightning
   version   : 3.37
   vqmver    : 
   author    : MaxD http://devs.mx

File Name    : system/library/cache.php(0)
VQModObject::applyMod - SEARCH NOT FOUND (SKIPPED): if (is_file(DIR_SYSTEM . 'library/journal3/vendor/SuperCache

----------------------------------------------------------------------


---------- Date: 2026-03-28 01:36:48 ~ IP : 185.179.188.62 ----------
REQUEST URI : /krutilka-podmotka-spidometra-hyundai-elantra-new/
MOD DETAILS:
   modFile   : /home/canmotalka/web/can-motalka.ru/public_html/vqmod/xml/lightning.xml
   id        : OpenCart Lightning
   version   : 3.37
   vqmver    : 
   author    : MaxD http://devs.mx

File Name    : system/library/cache.php(0)
VQModObject::applyMod - SEARCH NOT FOUND (SKIPPED): if (is_file(DIR_SYSTEM . 'library/journal3/vendor/SuperCache

----------------------------------------------------------------------


---------- Date: 2026-03-28 01:38:03 ~ IP : 185.179.188.62 ----------
REQUEST URI : /otzyvy/?page=4
MOD DETAILS:
   modFile   : /home/canmotalka/web/can-motalka.ru/public_html/vqmod/xml/lightning.xml
   id        : OpenCart Lightning
   version   : 3.37
   vqmver    : 
   author    : MaxD http://devs.mx

File Name    : system/library/cache.php(0)
VQModObject::applyMod - SEARCH NOT FOUND (SKIPPED): if (is_file(DIR_SYSTEM . 'library/journal3/vendor/SuperCache

----------------------------------------------------------------------


---------- Date: 2026-03-28 01:40:32 ~ IP : 185.179.188.62 ----------
REQUEST URI : /podmotka-spidometra-toyota-highlander/
MOD DETAILS:
   modFile   : /home/canmotalka/web/can-motalka.ru/public_html/vqmod/xml/lightning.xml
   id        : OpenCart Lightning
   version   : 3.37
   vqmver    : 
   author    : MaxD http://devs.mx

File Name    : system/library/cache.php(0)
VQModObject::applyMod - SEARCH NOT FOUND (SKIPPED): if (is_file(DIR_SYSTEM . 'library/journal3/vendor/SuperCache

----------------------------------------------------------------------


---------- Date: 2026-03-28 01:43:24 ~ IP : 185.179.188.62 ----------
REQUEST URI : /krutilka-spidometra-dlya-fiat-albea/
MOD DETAILS:
   modFile   : /home/canmotalka/web/can-motalka.ru/public_html/vqmod/xml/lightning.xml
   id        : OpenCart Lightning
   version   : 3.37
   vqmver    : 
   author    : MaxD http://devs.mx

File Name    : system/library/cache.php(0)
VQModObject::applyMod - SEARCH NOT FOUND (SKIPPED): if (is_file(DIR_SYSTEM . 'library/journal3/vendor/SuperCache

----------------------------------------------------------------------


---------- Date: 2026-03-28 01:43:28 ~ IP : 185.179.188.62 ----------
REQUEST URI : /podmotka-spidometra-fiat-albea/
MOD DETAILS:
   modFile   : /home/canmotalka/web/can-motalka.ru/public_html/vqmod/xml/lightning.xml
   id        : OpenCart Lightning
   version   : 3.37
   vqmver    : 
   author    : MaxD http://devs.mx

File Name    : system/library/cache.php(0)
VQModObject::applyMod - SEARCH NOT FOUND (SKIPPED): if (is_file(DIR_SYSTEM . 'library/journal3/vendor/SuperCache

----------------------------------------------------------------------


---------- Date: 2026-03-28 01:47:18 ~ IP : 185.179.188.62 ----------
REQUEST URI : /sitemap.xml
MOD DETAILS:
   modFile   : /home/canmotalka/web/can-motalka.ru/public_html/vqmod/xml/lightning.xml
   id        : OpenCart Lightning
   version   : 3.37
   vqmver    : 
   author    : MaxD http://devs.mx

File Name    : system/library/cache.php(0)
VQModObject::applyMod - SEARCH NOT FOUND (SKIPPED): if (is_file(DIR_SYSTEM . 'library/journal3/vendor/SuperCache

----------------------------------------------------------------------


---------- Date: 2026-03-28 01:57:50 ~ IP : 185.179.188.62 ----------
REQUEST URI : /podmotka-spidometra-henday-sonata-8/;/
MOD DETAILS:
   modFile   : /home/canmotalka/web/can-motalka.ru/public_html/vqmod/xml/lightning.xml
   id        : OpenCart Lightning
   version   : 3.37
   vqmver    : 
   author    : MaxD http://devs.mx

File Name    : system/library/cache.php(0)
VQModObject::applyMod - SEARCH NOT FOUND (SKIPPED): if (is_file(DIR_SYSTEM . 'library/journal3/vendor/SuperCache

----------------------------------------------------------------------


---------- Date: 2026-03-28 01:57:51 ~ IP : 185.179.188.62 ----------
REQUEST URI : /otzyvy/
MOD DETAILS:
   modFile   : /home/canmotalka/web/can-motalka.ru/public_html/vqmod/xml/lightning.xml
   id        : OpenCart Lightning
   version   : 3.37
   vqmver    : 
   author    : MaxD http://devs.mx

File Name    : system/library/cache.php(0)
VQModObject::applyMod - SEARCH NOT FOUND (SKIPPED): if (is_file(DIR_SYSTEM . 'library/journal3/vendor/SuperCache

----------------------------------------------------------------------


---------- Date: 2026-03-28 02:00:51 ~ IP : 185.179.188.62 ----------
REQUEST URI : /podmotka-spidometra-sitroen-spacetourer/
MOD DETAILS:
   modFile   : /home/canmotalka/web/can-motalka.ru/public_html/vqmod/xml/lightning.xml
   id        : OpenCart Lightning
   version   : 3.37
   vqmver    : 
   author    : MaxD http://devs.mx

File Name    : system/library/cache.php(0)
VQModObject::applyMod - SEARCH NOT FOUND (SKIPPED): if (is_file(DIR_SYSTEM . 'library/journal3/vendor/SuperCache

----------------------------------------------------------------------


---------- Date: 2026-03-28 02:09:30 ~ IP : 185.179.188.62 ----------
REQUEST URI : /namotchik-probega-dlya-audi-a8/
MOD DETAILS:
   modFile   : /home/canmotalka/web/can-motalka.ru/public_html/vqmod/xml/lightning.xml
   id        : OpenCart Lightning
   version   : 3.37
   vqmver    : 
   author    : MaxD http://devs.mx

File Name    : system/library/cache.php(0)
VQModObject::applyMod - SEARCH NOT FOUND (SKIPPED): if (is_file(DIR_SYSTEM . 'library/journal3/vendor/SuperCache

----------------------------------------------------------------------


---------- Date: 2026-03-28 02:09:35 ~ IP : 185.179.188.62 ----------
REQUEST URI : /index.php?route=product/product/review&amp;product_id=235
MOD DETAILS:
   modFile   : /home/canmotalka/web/can-motalka.ru/public_html/vqmod/xml/lightning.xml
   id        : OpenCart Lightning
   version   : 3.37
   vqmver    : 
   author    : MaxD http://devs.mx

File Name    : system/library/cache.php(0)
VQModObject::applyMod - SEARCH NOT FOUND (SKIPPED): if (is_file(DIR_SYSTEM . 'library/journal3/vendor/SuperCache

----------------------------------------------------------------------


---------- Date: 2026-03-28 02:09:38 ~ IP : 185.179.188.62 ----------
REQUEST URI : /index.php?route=module/popupcart_extended
MOD DETAILS:
   modFile   : /home/canmotalka/web/can-motalka.ru/public_html/vqmod/xml/lightning.xml
   id        : OpenCart Lightning
   version   : 3.37
   vqmver    : 
   author    : MaxD http://devs.mx

File Name    : system/library/cache.php(0)
VQModObject::applyMod - SEARCH NOT FOUND (SKIPPED): if (is_file(DIR_SYSTEM . 'library/journal3/vendor/SuperCache

----------------------------------------------------------------------


---------- Date: 2026-03-28 02:14:01 ~ IP : 185.179.188.62 ----------
REQUEST URI : /podmotka-spidometra-largus-new/
MOD DETAILS:
   modFile   : /home/canmotalka/web/can-motalka.ru/public_html/vqmod/xml/lightning.xml
   id        : OpenCart Lightning
   version   : 3.37
   vqmver    : 
   author    : MaxD http://devs.mx

File Name    : system/library/cache.php(0)
VQModObject::applyMod - SEARCH NOT FOUND (SKIPPED): if (is_file(DIR_SYSTEM . 'library/journal3/vendor/SuperCache

----------------------------------------------------------------------


---------- Date: 2026-03-28 02:18:44 ~ IP : 185.179.188.62 ----------
REQUEST URI : /podmotka-spidometra-hyundai-h1
MOD DETAILS:
   modFile   : /home/canmotalka/web/can-motalka.ru/public_html/vqmod/xml/lightning.xml
   id        : OpenCart Lightning
   version   : 3.37
   vqmver    : 
   author    : MaxD http://devs.mx

File Name    : system/library/cache.php(0)
VQModObject::applyMod - SEARCH NOT FOUND (SKIPPED): if (is_file(DIR_SYSTEM . 'library/journal3/vendor/SuperCache

----------------------------------------------------------------------


---------- Date: 2026-03-28 02:18:47 ~ IP : 185.179.188.62 ----------
REQUEST URI : /podmotka-spidometra-hyundai-h1/
MOD DETAILS:
   modFile   : /home/canmotalka/web/can-motalka.ru/public_html/vqmod/xml/lightning.xml
   id        : OpenCart Lightning
   version   : 3.37
   vqmver    : 
   author    : MaxD http://devs.mx

File Name    : system/library/cache.php(0)
VQModObject::applyMod - SEARCH NOT FOUND (SKIPPED): if (is_file(DIR_SYSTEM . 'library/journal3/vendor/SuperCache

----------------------------------------------------------------------


---------- Date: 2026-03-28 02:21:36 ~ IP : 185.179.188.62 ----------
REQUEST URI : /podmotka-spidometra-fiat-albea
MOD DETAILS:
   modFile   : /home/canmotalka/web/can-motalka.ru/public_html/vqmod/xml/lightning.xml
   id        : OpenCart Lightning
   version   : 3.37
   vqmver    : 
   author    : MaxD http://devs.mx

File Name    : system/library/cache.php(0)
VQModObject::applyMod - SEARCH NOT FOUND (SKIPPED): if (is_file(DIR_SYSTEM . 'library/journal3/vendor/SuperCache

----------------------------------------------------------------------


---------- Date: 2026-03-28 02:24:28 ~ IP : 185.179.188.62 ----------
REQUEST URI : /setting_php/super-zhevitra/743-viagra-v-apteke-krasnoyarsk/
MOD DETAILS:
   modFile   : /home/canmotalka/web/can-motalka.ru/public_html/vqmod/xml/lightning.xml
   id        : OpenCart Lightning
   version   : 3.37
   vqmver    : 
   author    : MaxD http://devs.mx

File Name    : system/library/cache.php(0)
VQModObject::applyMod - SEARCH NOT FOUND (SKIPPED): if (is_file(DIR_SYSTEM . 'library/journal3/vendor/SuperCache

----------------------------------------------------------------------


---------- Date: 2026-03-28 02:27:56 ~ IP : 185.179.188.62 ----------
REQUEST URI : /motalki/ford
MOD DETAILS:
   modFile   : /home/canmotalka/web/can-motalka.ru/public_html/vqmod/xml/lightning.xml
   id        : OpenCart Lightning
   version   : 3.37
   vqmver    : 
   author    : MaxD http://devs.mx

File Name    : system/library/cache.php(0)
VQModObject::applyMod - SEARCH NOT FOUND (SKIPPED): if (is_file(DIR_SYSTEM . 'library/journal3/vendor/SuperCache

----------------------------------------------------------------------


---------- Date: 2026-03-28 02:30:36 ~ IP : 185.179.188.62 ----------
REQUEST URI : /sitemap.xml
MOD DETAILS:
   modFile   : /home/canmotalka/web/can-motalka.ru/public_html/vqmod/xml/lightning.xml
   id        : OpenCart Lightning
   version   : 3.37
   vqmver    : 
   author    : MaxD http://devs.mx

File Name    : system/library/cache.php(0)
VQModObject::applyMod - SEARCH NOT FOUND (SKIPPED): if (is_file(DIR_SYSTEM . 'library/journal3/vendor/SuperCache

----------------------------------------------------------------------


---------- Date: 2026-03-28 02:34:10 ~ IP : 185.179.188.62 ----------
REQUEST URI : /largus_manual/
MOD DETAILS:
   modFile   : /home/canmotalka/web/can-motalka.ru/public_html/vqmod/xml/lightning.xml
   id        : OpenCart Lightning
   version   : 3.37
   vqmver    : 
   author    : MaxD http://devs.mx

File Name    : system/library/cache.php(0)
VQModObject::applyMod - SEARCH NOT FOUND (SKIPPED): if (is_file(DIR_SYSTEM . 'library/journal3/vendor/SuperCache

----------------------------------------------------------------------


---------- Date: 2026-03-28 02:34:43 ~ IP : 185.179.188.62 ----------
REQUEST URI : /largus_manual/
MOD DETAILS:
   modFile   : /home/canmotalka/web/can-motalka.ru/public_html/vqmod/xml/lightning.xml
   id        : OpenCart Lightning
   version   : 3.37
   vqmver    : 
   author    : MaxD http://devs.mx

File Name    : system/library/cache.php(0)
VQModObject::applyMod - SEARCH NOT FOUND (SKIPPED): if (is_file(DIR_SYSTEM . 'library/journal3/vendor/SuperCache

----------------------------------------------------------------------


---------- Date: 2026-03-28 02:34:44 ~ IP : 185.179.188.62 ----------
REQUEST URI : /index.php?route=module/popupcart_extended
MOD DETAILS:
   modFile   : /home/canmotalka/web/can-motalka.ru/public_html/vqmod/xml/lightning.xml
   id        : OpenCart Lightning
   version   : 3.37
   vqmver    : 
   author    : MaxD http://devs.mx

File Name    : system/library/cache.php(0)
VQModObject::applyMod - SEARCH NOT FOUND (SKIPPED): if (is_file(DIR_SYSTEM . 'library/journal3/vendor/SuperCache

----------------------------------------------------------------------


---------- Date: 2026-03-28 02:40:07 ~ IP : 185.179.188.62 ----------
REQUEST URI : /motalki/toyota/
MOD DETAILS:
   modFile   : /home/canmotalka/web/can-motalka.ru/public_html/vqmod/xml/lightning.xml
   id        : OpenCart Lightning
   version   : 3.37
   vqmver    : 
   author    : MaxD http://devs.mx

File Name    : system/library/cache.php(0)
VQModObject::applyMod - SEARCH NOT FOUND (SKIPPED): if (is_file(DIR_SYSTEM . 'library/journal3/vendor/SuperCache

----------------------------------------------------------------------


---------- Date: 2026-03-28 02:43:39 ~ IP : 185.179.188.62 ----------
REQUEST URI : /.well-known/traffic-advice
MOD DETAILS:
   modFile   : /home/canmotalka/web/can-motalka.ru/public_html/vqmod/xml/lightning.xml
   id        : OpenCart Lightning
   version   : 3.37
   vqmver    : 
   author    : MaxD http://devs.mx

File Name    : system/library/cache.php(0)
VQModObject::applyMod - SEARCH NOT FOUND (SKIPPED): if (is_file(DIR_SYSTEM . 'library/journal3/vendor/SuperCache

----------------------------------------------------------------------


---------- Date: 2026-03-28 02:43:39 ~ IP : 185.179.188.62 ----------
REQUEST URI : /instrukciya-podmotka-niva-travel-chevrolet/
MOD DETAILS:
   modFile   : /home/canmotalka/web/can-motalka.ru/public_html/vqmod/xml/lightning.xml
   id        : OpenCart Lightning
   version   : 3.37
   vqmver    : 
   author    : MaxD http://devs.mx

File Name    : system/library/cache.php(0)
VQModObject::applyMod - SEARCH NOT FOUND (SKIPPED): if (is_file(DIR_SYSTEM . 'library/journal3/vendor/SuperCache

----------------------------------------------------------------------


---------- Date: 2026-03-28 02:49:05 ~ IP : 185.179.188.62 ----------
REQUEST URI : /xmlrpc.php
MOD DETAILS:
   modFile   : /home/canmotalka/web/can-motalka.ru/public_html/vqmod/xml/lightning.xml
   id        : OpenCart Lightning
   version   : 3.37
   vqmver    : 
   author    : MaxD http://devs.mx

File Name    : system/library/cache.php(0)
VQModObject::applyMod - SEARCH NOT FOUND (SKIPPED): if (is_file(DIR_SYSTEM . 'library/journal3/vendor/SuperCache

----------------------------------------------------------------------


---------- Date: 2026-03-28 02:51:04 ~ IP : 185.179.188.62 ----------
REQUEST URI : /contact/
MOD DETAILS:
   modFile   : /home/canmotalka/web/can-motalka.ru/public_html/vqmod/xml/lightning.xml
   id        : OpenCart Lightning
   version   : 3.37
   vqmver    : 
   author    : MaxD http://devs.mx

File Name    : system/library/cache.php(0)
VQModObject::applyMod - SEARCH NOT FOUND (SKIPPED): if (is_file(DIR_SYSTEM . 'library/journal3/vendor/SuperCache

----------------------------------------------------------------------


---------- Date: 2026-03-28 02:51:08 ~ IP : 185.179.188.62 ----------
REQUEST URI : /o-kompanii/
MOD DETAILS:
   modFile   : /home/canmotalka/web/can-motalka.ru/public_html/vqmod/xml/lightning.xml
   id        : OpenCart Lightning
   version   : 3.37
   vqmver    : 
   author    : MaxD http://devs.mx

File Name    : system/library/cache.php(0)
VQModObject::applyMod - SEARCH NOT FOUND (SKIPPED): if (is_file(DIR_SYSTEM . 'library/journal3/vendor/SuperCache

----------------------------------------------------------------------


---------- Date: 2026-03-28 03:01:22 ~ IP : 185.179.188.62 ----------
REQUEST URI : /sitemap
MOD DETAILS:
   modFile   : /home/canmotalka/web/can-motalka.ru/public_html/vqmod/xml/lightning.xml
   id        : OpenCart Lightning
   version   : 3.37
   vqmver    : 
   author    : MaxD http://devs.mx

File Name    : system/library/cache.php(0)
VQModObject::applyMod - SEARCH NOT FOUND (SKIPPED): if (is_file(DIR_SYSTEM . 'library/journal3/vendor/SuperCache

----------------------------------------------------------------------


---------- Date: 2026-03-28 03:01:28 ~ IP : 185.179.188.62 ----------
REQUEST URI : /sitemap/
MOD DETAILS:
   modFile   : /home/canmotalka/web/can-motalka.ru/public_html/vqmod/xml/lightning.xml
   id        : OpenCart Lightning
   version   : 3.37
   vqmver    : 
   author    : MaxD http://devs.mx

File Name    : system/library/cache.php(0)
VQModObject::applyMod - SEARCH NOT FOUND (SKIPPED): if (is_file(DIR_SYSTEM . 'library/journal3/vendor/SuperCache

----------------------------------------------------------------------


---------- Date: 2026-03-28 03:04:02 ~ IP : 185.179.188.62 ----------
REQUEST URI : /podmotka-spidometra-renault-logan-2005-2014/
MOD DETAILS:
   modFile   : /home/canmotalka/web/can-motalka.ru/public_html/vqmod/xml/lightning.xml
   id        : OpenCart Lightning
   version   : 3.37
   vqmver    : 
   author    : MaxD http://devs.mx

File Name    : system/library/cache.php(0)
VQModObject::applyMod - SEARCH NOT FOUND (SKIPPED): if (is_file(DIR_SYSTEM . 'library/journal3/vendor/SuperCache

----------------------------------------------------------------------


---------- Date: 2026-03-28 03:07:03 ~ IP : 185.179.188.62 ----------
REQUEST URI : /podmotka-spidometra-ford-mondeo-4
MOD DETAILS:
   modFile   : /home/canmotalka/web/can-motalka.ru/public_html/vqmod/xml/lightning.xml
   id        : OpenCart Lightning
   version   : 3.37
   vqmver    : 
   author    : MaxD http://devs.mx

File Name    : system/library/cache.php(0)
VQModObject::applyMod - SEARCH NOT FOUND (SKIPPED): if (is_file(DIR_SYSTEM . 'library/journal3/vendor/SuperCache

----------------------------------------------------------------------


---------- Date: 2026-03-28 03:07:05 ~ IP : 185.179.188.62 ----------
REQUEST URI : /podmotka-spidometra-ford-mondeo-4/
MOD DETAILS:
   modFile   : /home/canmotalka/web/can-motalka.ru/public_html/vqmod/xml/lightning.xml
   id        : OpenCart Lightning
   version   : 3.37
   vqmver    : 
   author    : MaxD http://devs.mx

File Name    : system/library/cache.php(0)
VQModObject::applyMod - SEARCH NOT FOUND (SKIPPED): if (is_file(DIR_SYSTEM . 'library/journal3/vendor/SuperCache

----------------------------------------------------------------------


---------- Date: 2026-03-28 03:25:26 ~ IP : 185.179.188.62 ----------
REQUEST URI : /podmotka-spidometra-lada-granta-fl/
MOD DETAILS:
   modFile   : /home/canmotalka/web/can-motalka.ru/public_html/vqmod/xml/lightning.xml
   id        : OpenCart Lightning
   version   : 3.37
   vqmver    : 
   author    : MaxD http://devs.mx

File Name    : system/library/cache.php(0)
VQModObject::applyMod - SEARCH NOT FOUND (SKIPPED): if (is_file(DIR_SYSTEM . 'library/journal3/vendor/SuperCache

----------------------------------------------------------------------


---------- Date: 2026-03-28 03:25:27 ~ IP : 185.179.188.62 ----------
REQUEST URI : /index.php?route=product/product/review&amp;product_id=270
MOD DETAILS:
   modFile   : /home/canmotalka/web/can-motalka.ru/public_html/vqmod/xml/lightning.xml
   id        : OpenCart Lightning
   version   : 3.37
   vqmver    : 
   author    : MaxD http://devs.mx

File Name    : system/library/cache.php(0)
VQModObject::applyMod - SEARCH NOT FOUND (SKIPPED): if (is_file(DIR_SYSTEM . 'library/journal3/vendor/SuperCache

----------------------------------------------------------------------


---------- Date: 2026-03-28 03:25:27 ~ IP : 185.179.188.62 ----------
REQUEST URI : /index.php?route=module/popupcart_extended
MOD DETAILS:
   modFile   : /home/canmotalka/web/can-motalka.ru/public_html/vqmod/xml/lightning.xml
   id        : OpenCart Lightning
   version   : 3.37
   vqmver    : 
   author    : MaxD http://devs.mx

File Name    : system/library/cache.php(0)
VQModObject::applyMod - SEARCH NOT FOUND (SKIPPED): if (is_file(DIR_SYSTEM . 'library/journal3/vendor/SuperCache

----------------------------------------------------------------------


---------- Date: 2026-03-28 03:26:33 ~ IP : 185.179.188.62 ----------
REQUEST URI : /largus_manual/?ysclid=mn9lb69kz0149609876
MOD DETAILS:
   modFile   : /home/canmotalka/web/can-motalka.ru/public_html/vqmod/xml/lightning.xml
   id        : OpenCart Lightning
   version   : 3.37
   vqmver    : 
   author    : MaxD http://devs.mx

File Name    : system/library/cache.php(0)
VQModObject::applyMod - SEARCH NOT FOUND (SKIPPED): if (is_file(DIR_SYSTEM . 'library/journal3/vendor/SuperCache

----------------------------------------------------------------------


---------- Date: 2026-03-28 03:26:34 ~ IP : 185.179.188.62 ----------
REQUEST URI : /largus_manual/
MOD DETAILS:
   modFile   : /home/canmotalka/web/can-motalka.ru/public_html/vqmod/xml/lightning.xml
   id        : OpenCart Lightning
   version   : 3.37
   vqmver    : 
   author    : MaxD http://devs.mx

File Name    : system/library/cache.php(0)
VQModObject::applyMod - SEARCH NOT FOUND (SKIPPED): if (is_file(DIR_SYSTEM . 'library/journal3/vendor/SuperCache

----------------------------------------------------------------------


---------- Date: 2026-03-28 03:26:35 ~ IP : 185.179.188.62 ----------
REQUEST URI : /index.php?route=module/popupcart_extended
MOD DETAILS:
   modFile   : /home/canmotalka/web/can-motalka.ru/public_html/vqmod/xml/lightning.xml
   id        : OpenCart Lightning
   version   : 3.37
   vqmver    : 
   author    : MaxD http://devs.mx

File Name    : system/library/cache.php(0)
VQModObject::applyMod - SEARCH NOT FOUND (SKIPPED): if (is_file(DIR_SYSTEM . 'library/journal3/vendor/SuperCache

----------------------------------------------------------------------


---------- Date: 2026-03-28 03:28:26 ~ IP : 185.179.188.62 ----------
REQUEST URI : /podmotka_citroen_jumpy/
MOD DETAILS:
   modFile   : /home/canmotalka/web/can-motalka.ru/public_html/vqmod/xml/lightning.xml
   id        : OpenCart Lightning
   version   : 3.37
   vqmver    : 
   author    : MaxD http://devs.mx

File Name    : system/library/cache.php(0)
VQModObject::applyMod - SEARCH NOT FOUND (SKIPPED): if (is_file(DIR_SYSTEM . 'library/journal3/vendor/SuperCache

----------------------------------------------------------------------


---------- Date: 2026-03-28 03:28:37 ~ IP : 185.179.188.62 ----------
REQUEST URI : /podmotka-spidometra-citroen-jumpy/
MOD DETAILS:
   modFile   : /home/canmotalka/web/can-motalka.ru/public_html/vqmod/xml/lightning.xml
   id        : OpenCart Lightning
   version   : 3.37
   vqmver    : 
   author    : MaxD http://devs.mx

File Name    : system/library/cache.php(0)
VQModObject::applyMod - SEARCH NOT FOUND (SKIPPED): if (is_file(DIR_SYSTEM . 'library/journal3/vendor/SuperCache

----------------------------------------------------------------------


---------- Date: 2026-03-28 03:46:19 ~ IP : 185.179.188.62 ----------
REQUEST URI : /podmotka-spidometra-podoidet-li-razyom/
MOD DETAILS:
   modFile   : /home/canmotalka/web/can-motalka.ru/public_html/vqmod/xml/lightning.xml
   id        : OpenCart Lightning
   version   : 3.37
   vqmver    : 
   author    : MaxD http://devs.mx

File Name    : system/library/cache.php(0)
VQModObject::applyMod - SEARCH NOT FOUND (SKIPPED): if (is_file(DIR_SYSTEM . 'library/journal3/vendor/SuperCache

----------------------------------------------------------------------


---------- Date: 2026-03-28 03:47:20 ~ IP : 185.179.188.62 ----------
REQUEST URI : /cron__/carnosyn/834-testosteron-c-v-magazine-velikiy-novgorod/%3eTestosteron
MOD DETAILS:
   modFile   : /home/canmotalka/web/can-motalka.ru/public_html/vqmod/xml/lightning.xml
   id        : OpenCart Lightning
   version   : 3.37
   vqmver    : 
   author    : MaxD http://devs.mx

File Name    : system/library/cache.php(0)
VQModObject::applyMod - SEARCH NOT FOUND (SKIPPED): if (is_file(DIR_SYSTEM . 'library/journal3/vendor/SuperCache

----------------------------------------------------------------------


---------- Date: 2026-03-28 03:47:26 ~ IP : 185.179.188.62 ----------
REQUEST URI : /index.php?route=module/popupcart_extended
MOD DETAILS:
   modFile   : /home/canmotalka/web/can-motalka.ru/public_html/vqmod/xml/lightning.xml
   id        : OpenCart Lightning
   version   : 3.37
   vqmver    : 
   author    : MaxD http://devs.mx

File Name    : system/library/cache.php(0)
VQModObject::applyMod - SEARCH NOT FOUND (SKIPPED): if (is_file(DIR_SYSTEM . 'library/journal3/vendor/SuperCache

----------------------------------------------------------------------


---------- Date: 2026-03-28 03:49:59 ~ IP : 185.179.188.62 ----------
REQUEST URI : /instrukciya-podmotka-kamaz/
MOD DETAILS:
   modFile   : /home/canmotalka/web/can-motalka.ru/public_html/vqmod/xml/lightning.xml
   id        : OpenCart Lightning
   version   : 3.37
   vqmver    : 
   author    : MaxD http://devs.mx

File Name    : system/library/cache.php(0)
VQModObject::applyMod - SEARCH NOT FOUND (SKIPPED): if (is_file(DIR_SYSTEM . 'library/journal3/vendor/SuperCache

----------------------------------------------------------------------


---------- Date: 2026-03-28 03:50:00 ~ IP : 185.179.188.62 ----------
REQUEST URI : /podmotka-spidometra-kia-carnival/
MOD DETAILS:
   modFile   : /home/canmotalka/web/can-motalka.ru/public_html/vqmod/xml/lightning.xml
   id        : OpenCart Lightning
   version   : 3.37
   vqmver    : 
   author    : MaxD http://devs.mx

File Name    : system/library/cache.php(0)
VQModObject::applyMod - SEARCH NOT FOUND (SKIPPED): if (is_file(DIR_SYSTEM . 'library/journal3/vendor/SuperCache

----------------------------------------------------------------------


---------- Date: 2026-03-28 03:50:25 ~ IP : 185.179.188.62 ----------
REQUEST URI : /manuals/?ysclid=mn79uu8qft945275371
MOD DETAILS:
   modFile   : /home/canmotalka/web/can-motalka.ru/public_html/vqmod/xml/lightning.xml
   id        : OpenCart Lightning
   version   : 3.37
   vqmver    : 
   author    : MaxD http://devs.mx

File Name    : system/library/cache.php(0)
VQModObject::applyMod - SEARCH NOT FOUND (SKIPPED): if (is_file(DIR_SYSTEM . 'library/journal3/vendor/SuperCache

----------------------------------------------------------------------


---------- Date: 2026-03-28 03:50:27 ~ IP : 185.179.188.62 ----------
REQUEST URI : /index.php?route=module/popupcart_extended
MOD DETAILS:
   modFile   : /home/canmotalka/web/can-motalka.ru/public_html/vqmod/xml/lightning.xml
   id        : OpenCart Lightning
   version   : 3.37
   vqmver    : 
   author    : MaxD http://devs.mx

File Name    : system/library/cache.php(0)
VQModObject::applyMod - SEARCH NOT FOUND (SKIPPED): if (is_file(DIR_SYSTEM . 'library/journal3/vendor/SuperCache

----------------------------------------------------------------------


---------- Date: 2026-03-28 03:52:11 ~ IP : 185.179.188.62 ----------
REQUEST URI : /podmotka-spidometra-largus/
MOD DETAILS:
   modFile   : /home/canmotalka/web/can-motalka.ru/public_html/vqmod/xml/lightning.xml
   id        : OpenCart Lightning
   version   : 3.37
   vqmver    : 
   author    : MaxD http://devs.mx

File Name    : system/library/cache.php(0)
VQModObject::applyMod - SEARCH NOT FOUND (SKIPPED): if (is_file(DIR_SYSTEM . 'library/journal3/vendor/SuperCache

----------------------------------------------------------------------


---------- Date: 2026-03-28 03:52:46 ~ IP : 185.179.188.62 ----------
REQUEST URI : /podmotka-spidometra-uaz-patriot/
MOD DETAILS:
   modFile   : /home/canmotalka/web/can-motalka.ru/public_html/vqmod/xml/lightning.xml
   id        : OpenCart Lightning
   version   : 3.37
   vqmver    : 
   author    : MaxD http://devs.mx

File Name    : system/library/cache.php(0)
VQModObject::applyMod - SEARCH NOT FOUND (SKIPPED): if (is_file(DIR_SYSTEM . 'library/journal3/vendor/SuperCache

----------------------------------------------------------------------


---------- Date: 2026-03-28 03:54:06 ~ IP : 185.179.188.62 ----------
REQUEST URI : /podmotka-spidometra-lada-granta-fl/
MOD DETAILS:
   modFile   : /home/canmotalka/web/can-motalka.ru/public_html/vqmod/xml/lightning.xml
   id        : OpenCart Lightning
   version   : 3.37
   vqmver    : 
   author    : MaxD http://devs.mx

File Name    : system/library/cache.php(0)
VQModObject::applyMod - SEARCH NOT FOUND (SKIPPED): if (is_file(DIR_SYSTEM . 'library/journal3/vendor/SuperCache

----------------------------------------------------------------------


---------- Date: 2026-03-28 03:54:54 ~ IP : 185.179.188.62 ----------
REQUEST URI : /namotchik-probega-dlya-audi-q5/
MOD DETAILS:
   modFile   : /home/canmotalka/web/can-motalka.ru/public_html/vqmod/xml/lightning.xml
   id        : OpenCart Lightning
   version   : 3.37
   vqmver    : 
   author    : MaxD http://devs.mx

File Name    : system/library/cache.php(0)
VQModObject::applyMod - SEARCH NOT FOUND (SKIPPED): if (is_file(DIR_SYSTEM . 'library/journal3/vendor/SuperCache

----------------------------------------------------------------------


---------- Date: 2026-03-28 03:55:44 ~ IP : 185.179.188.62 ----------
REQUEST URI : /podmotka-spidometra-lada-priora/
MOD DETAILS:
   modFile   : /home/canmotalka/web/can-motalka.ru/public_html/vqmod/xml/lightning.xml
   id        : OpenCart Lightning
   version   : 3.37
   vqmver    : 
   author    : MaxD http://devs.mx

File Name    : system/library/cache.php(0)
VQModObject::applyMod - SEARCH NOT FOUND (SKIPPED): if (is_file(DIR_SYSTEM . 'library/journal3/vendor/SuperCache

----------------------------------------------------------------------


---------- Date: 2026-03-28 03:56:28 ~ IP : 185.179.188.62 ----------
REQUEST URI : /podmotka-spidometra-toyota-kamri/
MOD DETAILS:
   modFile   : /home/canmotalka/web/can-motalka.ru/public_html/vqmod/xml/lightning.xml
   id        : OpenCart Lightning
   version   : 3.37
   vqmver    : 
   author    : MaxD http://devs.mx

File Name    : system/library/cache.php(0)
VQModObject::applyMod - SEARCH NOT FOUND (SKIPPED): if (is_file(DIR_SYSTEM . 'library/journal3/vendor/SuperCache

----------------------------------------------------------------------


---------- Date: 2026-03-28 03:56:59 ~ IP : 185.179.188.62 ----------
REQUEST URI : /podmotka_uaz_re/
MOD DETAILS:
   modFile   : /home/canmotalka/web/can-motalka.ru/public_html/vqmod/xml/lightning.xml
   id        : OpenCart Lightning
   version   : 3.37
   vqmver    : 
   author    : MaxD http://devs.mx

File Name    : system/library/cache.php(0)
VQModObject::applyMod - SEARCH NOT FOUND (SKIPPED): if (is_file(DIR_SYSTEM . 'library/journal3/vendor/SuperCache

----------------------------------------------------------------------


---------- Date: 2026-03-28 03:57:27 ~ IP : 185.179.188.62 ----------
REQUEST URI : /podmotka-spidometra-gazel-nekst/
MOD DETAILS:
   modFile   : /home/canmotalka/web/can-motalka.ru/public_html/vqmod/xml/lightning.xml
   id        : OpenCart Lightning
   version   : 3.37
   vqmver    : 
   author    : MaxD http://devs.mx

File Name    : system/library/cache.php(0)
VQModObject::applyMod - SEARCH NOT FOUND (SKIPPED): if (is_file(DIR_SYSTEM . 'library/journal3/vendor/SuperCache

----------------------------------------------------------------------


---------- Date: 2026-03-28 04:10:45 ~ IP : 185.179.188.62 ----------
REQUEST URI : /contact/
MOD DETAILS:
   modFile   : /home/canmotalka/web/can-motalka.ru/public_html/vqmod/xml/lightning.xml
   id        : OpenCart Lightning
   version   : 3.37
   vqmver    : 
   author    : MaxD http://devs.mx

File Name    : system/library/cache.php(0)
VQModObject::applyMod - SEARCH NOT FOUND (SKIPPED): if (is_file(DIR_SYSTEM . 'library/journal3/vendor/SuperCache

----------------------------------------------------------------------


---------- Date: 2026-03-28 04:13:16 ~ IP : 185.179.188.62 ----------
REQUEST URI : /namotchik-probega-dlya-nissan-tiida/
MOD DETAILS:
   modFile   : /home/canmotalka/web/can-motalka.ru/public_html/vqmod/xml/lightning.xml
   id        : OpenCart Lightning
   version   : 3.37
   vqmver    : 
   author    : MaxD http://devs.mx

File Name    : system/library/cache.php(0)
VQModObject::applyMod - SEARCH NOT FOUND (SKIPPED): if (is_file(DIR_SYSTEM . 'library/journal3/vendor/SuperCache

----------------------------------------------------------------------


---------- Date: 2026-03-28 04:14:02 ~ IP : 185.179.188.62 ----------
REQUEST URI : /podmotka-spidometra-uaz-patriot/
MOD DETAILS:
   modFile   : /home/canmotalka/web/can-motalka.ru/public_html/vqmod/xml/lightning.xml
   id        : OpenCart Lightning
   version   : 3.37
   vqmver    : 
   author    : MaxD http://devs.mx

File Name    : system/library/cache.php(0)
VQModObject::applyMod - SEARCH NOT FOUND (SKIPPED): if (is_file(DIR_SYSTEM . 'library/journal3/vendor/SuperCache

----------------------------------------------------------------------


---------- Date: 2026-03-28 04:14:04 ~ IP : 185.179.188.62 ----------
REQUEST URI : /.well-known/traffic-advice
MOD DETAILS:
   modFile   : /home/canmotalka/web/can-motalka.ru/public_html/vqmod/xml/lightning.xml
   id        : OpenCart Lightning
   version   : 3.37
   vqmver    : 
   author    : MaxD http://devs.mx

File Name    : system/library/cache.php(0)
VQModObject::applyMod - SEARCH NOT FOUND (SKIPPED): if (is_file(DIR_SYSTEM . 'library/journal3/vendor/SuperCache

----------------------------------------------------------------------


---------- Date: 2026-03-28 04:14:54 ~ IP : 185.179.188.62 ----------
REQUEST URI : /index.php?route=feed/yandex_yml&amp;token=we34w48348ygbh92103ru3klgdfg
MOD DETAILS:
   modFile   : /home/canmotalka/web/can-motalka.ru/public_html/vqmod/xml/lightning.xml
   id        : OpenCart Lightning
   version   : 3.37
   vqmver    : 
   author    : MaxD http://devs.mx

File Name    : system/library/cache.php(0)
VQModObject::applyMod - SEARCH NOT FOUND (SKIPPED): if (is_file(DIR_SYSTEM . 'library/journal3/vendor/SuperCache

----------------------------------------------------------------------


---------- Date: 2026-03-28 04:19:32 ~ IP : 185.179.188.62 ----------
REQUEST URI : /podmotka_uaz_re/
MOD DETAILS:
   modFile   : /home/canmotalka/web/can-motalka.ru/public_html/vqmod/xml/lightning.xml
   id        : OpenCart Lightning
   version   : 3.37
   vqmver    : 
   author    : MaxD http://devs.mx

File Name    : system/library/cache.php(0)
VQModObject::applyMod - SEARCH NOT FOUND (SKIPPED): if (is_file(DIR_SYSTEM . 'library/journal3/vendor/SuperCache

----------------------------------------------------------------------


---------- Date: 2026-03-28 04:23:21 ~ IP : 185.179.188.62 ----------
REQUEST URI : /podmotka_vw_manual/
MOD DETAILS:
   modFile   : /home/canmotalka/web/can-motalka.ru/public_html/vqmod/xml/lightning.xml
   id        : OpenCart Lightning
   version   : 3.37
   vqmver    : 
   author    : MaxD http://devs.mx

File Name    : system/library/cache.php(0)
VQModObject::applyMod - SEARCH NOT FOUND (SKIPPED): if (is_file(DIR_SYSTEM . 'library/journal3/vendor/SuperCache

----------------------------------------------------------------------


---------- Date: 2026-03-28 04:25:09 ~ IP : 185.179.188.62 ----------
REQUEST URI : /podmotka_uaz_re/
MOD DETAILS:
   modFile   : /home/canmotalka/web/can-motalka.ru/public_html/vqmod/xml/lightning.xml
   id        : OpenCart Lightning
   version   : 3.37
   vqmver    : 
   author    : MaxD http://devs.mx

File Name    : system/library/cache.php(0)
VQModObject::applyMod - SEARCH NOT FOUND (SKIPPED): if (is_file(DIR_SYSTEM . 'library/journal3/vendor/SuperCache

----------------------------------------------------------------------


---------- Date: 2026-03-28 04:25:09 ~ IP : 185.179.188.62 ----------
REQUEST URI : /index.php?route=module/popupcart_extended
MOD DETAILS:
   modFile   : /home/canmotalka/web/can-motalka.ru/public_html/vqmod/xml/lightning.xml
   id        : OpenCart Lightning
   version   : 3.37
   vqmver    : 
   author    : MaxD http://devs.mx

File Name    : system/library/cache.php(0)
VQModObject::applyMod - SEARCH NOT FOUND (SKIPPED): if (is_file(DIR_SYSTEM . 'library/journal3/vendor/SuperCache

----------------------------------------------------------------------


---------- Date: 2026-03-28 04:37:47 ~ IP : 185.179.188.62 ----------
REQUEST URI : /instrukciya-lada-granta-2021/
MOD DETAILS:
   modFile   : /home/canmotalka/web/can-motalka.ru/public_html/vqmod/xml/lightning.xml
   id        : OpenCart Lightning
   version   : 3.37
   vqmver    : 
   author    : MaxD http://devs.mx

File Name    : system/library/cache.php(0)
VQModObject::applyMod - SEARCH NOT FOUND (SKIPPED): if (is_file(DIR_SYSTEM . 'library/journal3/vendor/SuperCache

----------------------------------------------------------------------


---------- Date: 2026-03-28 04:38:55 ~ IP : 185.179.188.62 ----------
REQUEST URI : /motalki/mercedes/
MOD DETAILS:
   modFile   : /home/canmotalka/web/can-motalka.ru/public_html/vqmod/xml/lightning.xml
   id        : OpenCart Lightning
   version   : 3.37
   vqmver    : 
   author    : MaxD http://devs.mx

File Name    : system/library/cache.php(0)
VQModObject::applyMod - SEARCH NOT FOUND (SKIPPED): if (is_file(DIR_SYSTEM . 'library/journal3/vendor/SuperCache

----------------------------------------------------------------------


---------- Date: 2026-03-28 04:39:59 ~ IP : 185.179.188.62 ----------
REQUEST URI : /setting_php/vardenafil/166-stoimost-sialisa-40-tymen/
MOD DETAILS:
   modFile   : /home/canmotalka/web/can-motalka.ru/public_html/vqmod/xml/lightning.xml
   id        : OpenCart Lightning
   version   : 3.37
   vqmver    : 
   author    : MaxD http://devs.mx

File Name    : system/library/cache.php(0)
VQModObject::applyMod - SEARCH NOT FOUND (SKIPPED): if (is_file(DIR_SYSTEM . 'library/journal3/vendor/SuperCache

----------------------------------------------------------------------


---------- Date: 2026-03-28 04:39:59 ~ IP : 185.179.188.62 ----------
REQUEST URI : /setting_php/dapoksetin/823-kamagra-gel-aleksandrov/
MOD DETAILS:
   modFile   : /home/canmotalka/web/can-motalka.ru/public_html/vqmod/xml/lightning.xml
   id        : OpenCart Lightning
   version   : 3.37
   vqmver    : 
   author    : MaxD http://devs.mx

File Name    : system/library/cache.php(0)
VQModObject::applyMod - SEARCH NOT FOUND (SKIPPED): if (is_file(DIR_SYSTEM . 'library/journal3/vendor/SuperCache

----------------------------------------------------------------------


---------- Date: 2026-03-28 04:40:02 ~ IP : 185.179.188.62 ----------
REQUEST URI : /index.php?route=module/popupcart_extended
MOD DETAILS:
   modFile   : /home/canmotalka/web/can-motalka.ru/public_html/vqmod/xml/lightning.xml
   id        : OpenCart Lightning
   version   : 3.37
   vqmver    : 
   author    : MaxD http://devs.mx

File Name    : system/library/cache.php(0)
VQModObject::applyMod - SEARCH NOT FOUND (SKIPPED): if (is_file(DIR_SYSTEM . 'library/journal3/vendor/SuperCache

----------------------------------------------------------------------


---------- Date: 2026-03-28 04:40:03 ~ IP : 185.179.188.62 ----------
REQUEST URI : /index.php?route=module/popupcart_extended
MOD DETAILS:
   modFile   : /home/canmotalka/web/can-motalka.ru/public_html/vqmod/xml/lightning.xml
   id        : OpenCart Lightning
   version   : 3.37
   vqmver    : 
   author    : MaxD http://devs.mx

File Name    : system/library/cache.php(0)
VQModObject::applyMod - SEARCH NOT FOUND (SKIPPED): if (is_file(DIR_SYSTEM . 'library/journal3/vendor/SuperCache

----------------------------------------------------------------------


---------- Date: 2026-03-28 04:42:20 ~ IP : 185.179.188.62 ----------
REQUEST URI : /sitemap.xml
MOD DETAILS:
   modFile   : /home/canmotalka/web/can-motalka.ru/public_html/vqmod/xml/lightning.xml
   id        : OpenCart Lightning
   version   : 3.37
   vqmver    : 
   author    : MaxD http://devs.mx

File Name    : system/library/cache.php(0)
VQModObject::applyMod - SEARCH NOT FOUND (SKIPPED): if (is_file(DIR_SYSTEM . 'library/journal3/vendor/SuperCache

----------------------------------------------------------------------


---------- Date: 2026-03-28 04:42:28 ~ IP : 185.179.188.62 ----------
REQUEST URI : /podmotka-krutilka-motalka-spidometra-hyundai-creta
MOD DETAILS:
   modFile   : /home/canmotalka/web/can-motalka.ru/public_html/vqmod/xml/lightning.xml
   id        : OpenCart Lightning
   version   : 3.37
   vqmver    : 
   author    : MaxD http://devs.mx

File Name    : system/library/cache.php(0)
VQModObject::applyMod - SEARCH NOT FOUND (SKIPPED): if (is_file(DIR_SYSTEM . 'library/journal3/vendor/SuperCache

----------------------------------------------------------------------


---------- Date: 2026-03-28 04:45:08 ~ IP : 185.179.188.62 ----------
REQUEST URI : /namotchik-probega-dlya-kia-sportage-3/
MOD DETAILS:
   modFile   : /home/canmotalka/web/can-motalka.ru/public_html/vqmod/xml/lightning.xml
   id        : OpenCart Lightning
   version   : 3.37
   vqmver    : 
   author    : MaxD http://devs.mx

File Name    : system/library/cache.php(0)
VQModObject::applyMod - SEARCH NOT FOUND (SKIPPED): if (is_file(DIR_SYSTEM . 'library/journal3/vendor/SuperCache

----------------------------------------------------------------------


---------- Date: 2026-03-28 04:45:11 ~ IP : 185.179.188.62 ----------
REQUEST URI : /podmotka-spidometra-kia-sportage/
MOD DETAILS:
   modFile   : /home/canmotalka/web/can-motalka.ru/public_html/vqmod/xml/lightning.xml
   id        : OpenCart Lightning
   version   : 3.37
   vqmver    : 
   author    : MaxD http://devs.mx

File Name    : system/library/cache.php(0)
VQModObject::applyMod - SEARCH NOT FOUND (SKIPPED): if (is_file(DIR_SYSTEM . 'library/journal3/vendor/SuperCache

----------------------------------------------------------------------


---------- Date: 2026-03-28 04:45:46 ~ IP : 185.179.188.62 ----------
REQUEST URI : /instrukciya-lada-granta-2021/?ysclid=mn9o50zubp701841359
MOD DETAILS:
   modFile   : /home/canmotalka/web/can-motalka.ru/public_html/vqmod/xml/lightning.xml
   id        : OpenCart Lightning
   version   : 3.37
   vqmver    : 
   author    : MaxD http://devs.mx

File Name    : system/library/cache.php(0)
VQModObject::applyMod - SEARCH NOT FOUND (SKIPPED): if (is_file(DIR_SYSTEM . 'library/journal3/vendor/SuperCache

----------------------------------------------------------------------


---------- Date: 2026-03-28 04:45:46 ~ IP : 185.179.188.62 ----------
REQUEST URI : /instrukciya-lada-granta-2021/
MOD DETAILS:
   modFile   : /home/canmotalka/web/can-motalka.ru/public_html/vqmod/xml/lightning.xml
   id        : OpenCart Lightning
   version   : 3.37
   vqmver    : 
   author    : MaxD http://devs.mx

File Name    : system/library/cache.php(0)
VQModObject::applyMod - SEARCH NOT FOUND (SKIPPED): if (is_file(DIR_SYSTEM . 'library/journal3/vendor/SuperCache

----------------------------------------------------------------------


---------- Date: 2026-03-28 04:45:48 ~ IP : 185.179.188.62 ----------
REQUEST URI : /index.php?route=module/popupcart_extended
MOD DETAILS:
   modFile   : /home/canmotalka/web/can-motalka.ru/public_html/vqmod/xml/lightning.xml
   id        : OpenCart Lightning
   version   : 3.37
   vqmver    : 
   author    : MaxD http://devs.mx

File Name    : system/library/cache.php(0)
VQModObject::applyMod - SEARCH NOT FOUND (SKIPPED): if (is_file(DIR_SYSTEM . 'library/journal3/vendor/SuperCache

----------------------------------------------------------------------


---------- Date: 2026-03-28 04:48:46 ~ IP : 185.179.188.62 ----------
REQUEST URI : /podmotka-spidometra-kia-optima-bezlimitnaya/
MOD DETAILS:
   modFile   : /home/canmotalka/web/can-motalka.ru/public_html/vqmod/xml/lightning.xml
   id        : OpenCart Lightning
   version   : 3.37
   vqmver    : 
   author    : MaxD http://devs.mx

File Name    : system/library/cache.php(0)
VQModObject::applyMod - SEARCH NOT FOUND (SKIPPED): if (is_file(DIR_SYSTEM . 'library/journal3/vendor/SuperCache

----------------------------------------------------------------------


---------- Date: 2026-03-28 04:49:52 ~ IP : 185.179.188.62 ----------
REQUEST URI : /podmotka-spidometra-datsun-on-do/
MOD DETAILS:
   modFile   : /home/canmotalka/web/can-motalka.ru/public_html/vqmod/xml/lightning.xml
   id        : OpenCart Lightning
   version   : 3.37
   vqmver    : 
   author    : MaxD http://devs.mx

File Name    : system/library/cache.php(0)
VQModObject::applyMod - SEARCH NOT FOUND (SKIPPED): if (is_file(DIR_SYSTEM . 'library/journal3/vendor/SuperCache

----------------------------------------------------------------------


---------- Date: 2026-03-28 04:50:45 ~ IP : 185.179.188.62 ----------
REQUEST URI : /podmotka_uaz_re/
MOD DETAILS:
   modFile   : /home/canmotalka/web/can-motalka.ru/public_html/vqmod/xml/lightning.xml
   id        : OpenCart Lightning
   version   : 3.37
   vqmver    : 
   author    : MaxD http://devs.mx

File Name    : system/library/cache.php(0)
VQModObject::applyMod - SEARCH NOT FOUND (SKIPPED): if (is_file(DIR_SYSTEM . 'library/journal3/vendor/SuperCache

----------------------------------------------------------------------


---------- Date: 2026-03-28 04:53:52 ~ IP : 185.179.188.62 ----------
REQUEST URI : /kak-perenastroit-podmotku-spidometra/?ysclid=mn9ofe8pn6486373203
MOD DETAILS:
   modFile   : /home/canmotalka/web/can-motalka.ru/public_html/vqmod/xml/lightning.xml
   id        : OpenCart Lightning
   version   : 3.37
   vqmver    : 
   author    : MaxD http://devs.mx

File Name    : system/library/cache.php(0)
VQModObject::applyMod - SEARCH NOT FOUND (SKIPPED): if (is_file(DIR_SYSTEM . 'library/journal3/vendor/SuperCache

----------------------------------------------------------------------


---------- Date: 2026-03-28 04:53:54 ~ IP : 185.179.188.62 ----------
REQUEST URI : /kak-perenastroit-podmotku-spidometra/
MOD DETAILS:
   modFile   : /home/canmotalka/web/can-motalka.ru/public_html/vqmod/xml/lightning.xml
   id        : OpenCart Lightning
   version   : 3.37
   vqmver    : 
   author    : MaxD http://devs.mx

File Name    : system/library/cache.php(0)
VQModObject::applyMod - SEARCH NOT FOUND (SKIPPED): if (is_file(DIR_SYSTEM . 'library/journal3/vendor/SuperCache

----------------------------------------------------------------------


---------- Date: 2026-03-28 04:53:59 ~ IP : 185.179.188.62 ----------
REQUEST URI : /index.php?route=module/popupcart_extended
MOD DETAILS:
   modFile   : /home/canmotalka/web/can-motalka.ru/public_html/vqmod/xml/lightning.xml
   id        : OpenCart Lightning
   version   : 3.37
   vqmver    : 
   author    : MaxD http://devs.mx

File Name    : system/library/cache.php(0)
VQModObject::applyMod - SEARCH NOT FOUND (SKIPPED): if (is_file(DIR_SYSTEM . 'library/journal3/vendor/SuperCache

----------------------------------------------------------------------


---------- Date: 2026-03-28 04:54:50 ~ IP : 185.179.188.62 ----------
REQUEST URI : /patriot_re/
MOD DETAILS:
   modFile   : /home/canmotalka/web/can-motalka.ru/public_html/vqmod/xml/lightning.xml
   id        : OpenCart Lightning
   version   : 3.37
   vqmver    : 
   author    : MaxD http://devs.mx

File Name    : system/library/cache.php(0)
VQModObject::applyMod - SEARCH NOT FOUND (SKIPPED): if (is_file(DIR_SYSTEM . 'library/journal3/vendor/SuperCache

----------------------------------------------------------------------


---------- Date: 2026-03-28 04:54:51 ~ IP : 185.179.188.62 ----------
REQUEST URI : /index.php?route=module/popupcart_extended
MOD DETAILS:
   modFile   : /home/canmotalka/web/can-motalka.ru/public_html/vqmod/xml/lightning.xml
   id        : OpenCart Lightning
   version   : 3.37
   vqmver    : 
   author    : MaxD http://devs.mx

File Name    : system/library/cache.php(0)
VQModObject::applyMod - SEARCH NOT FOUND (SKIPPED): if (is_file(DIR_SYSTEM . 'library/journal3/vendor/SuperCache

----------------------------------------------------------------------


---------- Date: 2026-03-28 04:57:32 ~ IP : 185.179.188.62 ----------
REQUEST URI : /setting_php/dapoksetin/823-kamagra-gel-aleksandrov/
MOD DETAILS:
   modFile   : /home/canmotalka/web/can-motalka.ru/public_html/vqmod/xml/lightning.xml
   id        : OpenCart Lightning
   version   : 3.37
   vqmver    : 
   author    : MaxD http://devs.mx

File Name    : system/library/cache.php(0)
VQModObject::applyMod - SEARCH NOT FOUND (SKIPPED): if (is_file(DIR_SYSTEM . 'library/journal3/vendor/SuperCache

----------------------------------------------------------------------


---------- Date: 2026-03-28 04:57:32 ~ IP : 185.179.188.62 ----------
REQUEST URI : /setting_php/vardenafil/166-stoimost-sialisa-40-tymen/
MOD DETAILS:
   modFile   : /home/canmotalka/web/can-motalka.ru/public_html/vqmod/xml/lightning.xml
   id        : OpenCart Lightning
   version   : 3.37
   vqmver    : 
   author    : MaxD http://devs.mx

File Name    : system/library/cache.php(0)
VQModObject::applyMod - SEARCH NOT FOUND (SKIPPED): if (is_file(DIR_SYSTEM . 'library/journal3/vendor/SuperCache

----------------------------------------------------------------------


---------- Date: 2026-03-28 05:00:58 ~ IP : 185.179.188.62 ----------
REQUEST URI : /podmotka-spidometra-haval-f7/
MOD DETAILS:
   modFile   : /home/canmotalka/web/can-motalka.ru/public_html/vqmod/xml/lightning.xml
   id        : OpenCart Lightning
   version   : 3.37
   vqmver    : 
   author    : MaxD http://devs.mx

File Name    : system/library/cache.php(0)
VQModObject::applyMod - SEARCH NOT FOUND (SKIPPED): if (is_file(DIR_SYSTEM . 'library/journal3/vendor/SuperCache

----------------------------------------------------------------------


---------- Date: 2026-03-28 05:00:59 ~ IP : 185.179.188.62 ----------
REQUEST URI : /index.php?route=product/product/review&amp;product_id=308
MOD DETAILS:
   modFile   : /home/canmotalka/web/can-motalka.ru/public_html/vqmod/xml/lightning.xml
   id        : OpenCart Lightning
   version   : 3.37
   vqmver    : 
   author    : MaxD http://devs.mx

File Name    : system/library/cache.php(0)
VQModObject::applyMod - SEARCH NOT FOUND (SKIPPED): if (is_file(DIR_SYSTEM . 'library/journal3/vendor/SuperCache

----------------------------------------------------------------------


---------- Date: 2026-03-28 05:00:59 ~ IP : 185.179.188.62 ----------
REQUEST URI : /index.php?route=module/popupcart_extended
MOD DETAILS:
   modFile   : /home/canmotalka/web/can-motalka.ru/public_html/vqmod/xml/lightning.xml
   id        : OpenCart Lightning
   version   : 3.37
   vqmver    : 
   author    : MaxD http://devs.mx

File Name    : system/library/cache.php(0)
VQModObject::applyMod - SEARCH NOT FOUND (SKIPPED): if (is_file(DIR_SYSTEM . 'library/journal3/vendor/SuperCache

----------------------------------------------------------------------


---------- Date: 2026-03-28 05:05:19 ~ IP : 185.179.188.62 ----------
REQUEST URI : /podmotka_uaz_re/?ysclid=mn9ou8402r582967698
MOD DETAILS:
   modFile   : /home/canmotalka/web/can-motalka.ru/public_html/vqmod/xml/lightning.xml
   id        : OpenCart Lightning
   version   : 3.37
   vqmver    : 
   author    : MaxD http://devs.mx

File Name    : system/library/cache.php(0)
VQModObject::applyMod - SEARCH NOT FOUND (SKIPPED): if (is_file(DIR_SYSTEM . 'library/journal3/vendor/SuperCache

----------------------------------------------------------------------


---------- Date: 2026-03-28 05:05:19 ~ IP : 185.179.188.62 ----------
REQUEST URI : /podmotka_uaz_re/
MOD DETAILS:
   modFile   : /home/canmotalka/web/can-motalka.ru/public_html/vqmod/xml/lightning.xml
   id        : OpenCart Lightning
   version   : 3.37
   vqmver    : 
   author    : MaxD http://devs.mx

File Name    : system/library/cache.php(0)
VQModObject::applyMod - SEARCH NOT FOUND (SKIPPED): if (is_file(DIR_SYSTEM . 'library/journal3/vendor/SuperCache

----------------------------------------------------------------------


---------- Date: 2026-03-28 05:05:20 ~ IP : 185.179.188.62 ----------
REQUEST URI : /index.php?route=module/popupcart_extended
MOD DETAILS:
   modFile   : /home/canmotalka/web/can-motalka.ru/public_html/vqmod/xml/lightning.xml
   id        : OpenCart Lightning
   version   : 3.37
   vqmver    : 
   author    : MaxD http://devs.mx

File Name    : system/library/cache.php(0)
VQModObject::applyMod - SEARCH NOT FOUND (SKIPPED): if (is_file(DIR_SYSTEM . 'library/journal3/vendor/SuperCache

----------------------------------------------------------------------


---------- Date: 2026-03-28 05:06:12 ~ IP : 185.179.188.62 ----------
REQUEST URI : /index.php?route=module/popupcart_extended
MOD DETAILS:
   modFile   : /home/canmotalka/web/can-motalka.ru/public_html/vqmod/xml/lightning.xml
   id        : OpenCart Lightning
   version   : 3.37
   vqmver    : 
   author    : MaxD http://devs.mx

File Name    : system/library/cache.php(0)
VQModObject::applyMod - SEARCH NOT FOUND (SKIPPED): if (is_file(DIR_SYSTEM . 'library/journal3/vendor/SuperCache

----------------------------------------------------------------------


---------- Date: 2026-03-28 05:06:48 ~ IP : 185.179.188.62 ----------
REQUEST URI : /
MOD DETAILS:
   modFile   : /home/canmotalka/web/can-motalka.ru/public_html/vqmod/xml/lightning.xml
   id        : OpenCart Lightning
   version   : 3.37
   vqmver    : 
   author    : MaxD http://devs.mx

File Name    : system/library/cache.php(0)
VQModObject::applyMod - SEARCH NOT FOUND (SKIPPED): if (is_file(DIR_SYSTEM . 'library/journal3/vendor/SuperCache

----------------------------------------------------------------------


---------- Date: 2026-03-28 05:09:07 ~ IP : 185.179.188.62 ----------
REQUEST URI : /otzyvy/?page=20
MOD DETAILS:
   modFile   : /home/canmotalka/web/can-motalka.ru/public_html/vqmod/xml/lightning.xml
   id        : OpenCart Lightning
   version   : 3.37
   vqmver    : 
   author    : MaxD http://devs.mx

File Name    : system/library/cache.php(0)
VQModObject::applyMod - SEARCH NOT FOUND (SKIPPED): if (is_file(DIR_SYSTEM . 'library/journal3/vendor/SuperCache

----------------------------------------------------------------------


---------- Date: 2026-03-28 05:16:40 ~ IP : 185.179.188.62 ----------
REQUEST URI : /garantiya/
MOD DETAILS:
   modFile   : /home/canmotalka/web/can-motalka.ru/public_html/vqmod/xml/lightning.xml
   id        : OpenCart Lightning
   version   : 3.37
   vqmver    : 
   author    : MaxD http://devs.mx

File Name    : system/library/cache.php(0)
VQModObject::applyMod - SEARCH NOT FOUND (SKIPPED): if (is_file(DIR_SYSTEM . 'library/journal3/vendor/SuperCache

----------------------------------------------------------------------


---------- Date: 2026-03-28 05:18:00 ~ IP : 185.179.188.62 ----------
REQUEST URI : /podmotka-spidometra-largus/
MOD DETAILS:
   modFile   : /home/canmotalka/web/can-motalka.ru/public_html/vqmod/xml/lightning.xml
   id        : OpenCart Lightning
   version   : 3.37
   vqmver    : 
   author    : MaxD http://devs.mx

File Name    : system/library/cache.php(0)
VQModObject::applyMod - SEARCH NOT FOUND (SKIPPED): if (is_file(DIR_SYSTEM . 'library/journal3/vendor/SuperCache

----------------------------------------------------------------------


---------- Date: 2026-03-28 05:18:01 ~ IP : 185.179.188.62 ----------
REQUEST URI : /index.php?route=product/product/review&amp;product_id=258
MOD DETAILS:
   modFile   : /home/canmotalka/web/can-motalka.ru/public_html/vqmod/xml/lightning.xml
   id        : OpenCart Lightning
   version   : 3.37
   vqmver    : 
   author    : MaxD http://devs.mx

File Name    : system/library/cache.php(0)
VQModObject::applyMod - SEARCH NOT FOUND (SKIPPED): if (is_file(DIR_SYSTEM . 'library/journal3/vendor/SuperCache

----------------------------------------------------------------------


---------- Date: 2026-03-28 05:18:01 ~ IP : 185.179.188.62 ----------
REQUEST URI : /index.php?route=module/popupcart_extended
MOD DETAILS:
   modFile   : /home/canmotalka/web/can-motalka.ru/public_html/vqmod/xml/lightning.xml
   id        : OpenCart Lightning
   version   : 3.37
   vqmver    : 
   author    : MaxD http://devs.mx

File Name    : system/library/cache.php(0)
VQModObject::applyMod - SEARCH NOT FOUND (SKIPPED): if (is_file(DIR_SYSTEM . 'library/journal3/vendor/SuperCache

----------------------------------------------------------------------


---------- Date: 2026-03-28 05:19:16 ~ IP : 185.179.188.62 ----------
REQUEST URI : /instrukciya-podmotka-niva-travel-chevrolet/
MOD DETAILS:
   modFile   : /home/canmotalka/web/can-motalka.ru/public_html/vqmod/xml/lightning.xml
   id        : OpenCart Lightning
   version   : 3.37
   vqmver    : 
   author    : MaxD http://devs.mx

File Name    : system/library/cache.php(0)
VQModObject::applyMod - SEARCH NOT FOUND (SKIPPED): if (is_file(DIR_SYSTEM . 'library/journal3/vendor/SuperCache

----------------------------------------------------------------------


---------- Date: 2026-03-28 05:19:21 ~ IP : 185.179.188.62 ----------
REQUEST URI : /index.php?route=module/popupcart_extended
MOD DETAILS:
   modFile   : /home/canmotalka/web/can-motalka.ru/public_html/vqmod/xml/lightning.xml
   id        : OpenCart Lightning
   version   : 3.37
   vqmver    : 
   author    : MaxD http://devs.mx

File Name    : system/library/cache.php(0)
VQModObject::applyMod - SEARCH NOT FOUND (SKIPPED): if (is_file(DIR_SYSTEM . 'library/journal3/vendor/SuperCache

----------------------------------------------------------------------


---------- Date: 2026-03-28 05:24:43 ~ IP : 185.179.188.62 ----------
REQUEST URI : /setting_php/dapoksetin/823-kamagra-gel-aleksandrov/
MOD DETAILS:
   modFile   : /home/canmotalka/web/can-motalka.ru/public_html/vqmod/xml/lightning.xml
   id        : OpenCart Lightning
   version   : 3.37
   vqmver    : 
   author    : MaxD http://devs.mx

File Name    : system/library/cache.php(0)
VQModObject::applyMod - SEARCH NOT FOUND (SKIPPED): if (is_file(DIR_SYSTEM . 'library/journal3/vendor/SuperCache

----------------------------------------------------------------------


---------- Date: 2026-03-28 05:26:32 ~ IP : 185.179.188.62 ----------
REQUEST URI : /podmotka-spidometra-henday-sonata-8/?ysclid=mn9plh5nk3337748214
MOD DETAILS:
   modFile   : /home/canmotalka/web/can-motalka.ru/public_html/vqmod/xml/lightning.xml
   id        : OpenCart Lightning
   version   : 3.37
   vqmver    : 
   author    : MaxD http://devs.mx

File Name    : system/library/cache.php(0)
VQModObject::applyMod - SEARCH NOT FOUND (SKIPPED): if (is_file(DIR_SYSTEM . 'library/journal3/vendor/SuperCache

----------------------------------------------------------------------


---------- Date: 2026-03-28 05:26:32 ~ IP : 185.179.188.62 ----------
REQUEST URI : /podmotka-spidometra-henday-sonata-8/
MOD DETAILS:
   modFile   : /home/canmotalka/web/can-motalka.ru/public_html/vqmod/xml/lightning.xml
   id        : OpenCart Lightning
   version   : 3.37
   vqmver    : 
   author    : MaxD http://devs.mx

File Name    : system/library/cache.php(0)
VQModObject::applyMod - SEARCH NOT FOUND (SKIPPED): if (is_file(DIR_SYSTEM . 'library/journal3/vendor/SuperCache

----------------------------------------------------------------------


---------- Date: 2026-03-28 05:26:33 ~ IP : 185.179.188.62 ----------
REQUEST URI : /index.php?route=product/product/review&amp;product_id=296
MOD DETAILS:
   modFile   : /home/canmotalka/web/can-motalka.ru/public_html/vqmod/xml/lightning.xml
   id        : OpenCart Lightning
   version   : 3.37
   vqmver    : 
   author    : MaxD http://devs.mx

File Name    : system/library/cache.php(0)
VQModObject::applyMod - SEARCH NOT FOUND (SKIPPED): if (is_file(DIR_SYSTEM . 'library/journal3/vendor/SuperCache

----------------------------------------------------------------------


---------- Date: 2026-03-28 05:26:33 ~ IP : 185.179.188.62 ----------
REQUEST URI : /index.php?route=module/popupcart_extended
MOD DETAILS:
   modFile   : /home/canmotalka/web/can-motalka.ru/public_html/vqmod/xml/lightning.xml
   id        : OpenCart Lightning
   version   : 3.37
   vqmver    : 
   author    : MaxD http://devs.mx

File Name    : system/library/cache.php(0)
VQModObject::applyMod - SEARCH NOT FOUND (SKIPPED): if (is_file(DIR_SYSTEM . 'library/journal3/vendor/SuperCache

----------------------------------------------------------------------


---------- Date: 2026-03-28 05:27:36 ~ IP : 185.179.188.62 ----------
REQUEST URI : /politika-konfidencialnosti/
MOD DETAILS:
   modFile   : /home/canmotalka/web/can-motalka.ru/public_html/vqmod/xml/lightning.xml
   id        : OpenCart Lightning
   version   : 3.37
   vqmver    : 
   author    : MaxD http://devs.mx

File Name    : system/library/cache.php(0)
VQModObject::applyMod - SEARCH NOT FOUND (SKIPPED): if (is_file(DIR_SYSTEM . 'library/journal3/vendor/SuperCache

----------------------------------------------------------------------


---------- Date: 2026-03-28 05:30:49 ~ IP : 185.179.188.62 ----------
REQUEST URI : /setting_php/dapoksetin/823-kamagra-gel-aleksandrov/
MOD DETAILS:
   modFile   : /home/canmotalka/web/can-motalka.ru/public_html/vqmod/xml/lightning.xml
   id        : OpenCart Lightning
   version   : 3.37
   vqmver    : 
   author    : MaxD http://devs.mx

File Name    : system/library/cache.php(0)
VQModObject::applyMod - SEARCH NOT FOUND (SKIPPED): if (is_file(DIR_SYSTEM . 'library/journal3/vendor/SuperCache

----------------------------------------------------------------------


---------- Date: 2026-03-28 05:38:54 ~ IP : 185.179.188.62 ----------
REQUEST URI : /motalki/haval/
MOD DETAILS:
   modFile   : /home/canmotalka/web/can-motalka.ru/public_html/vqmod/xml/lightning.xml
   id        : OpenCart Lightning
   version   : 3.37
   vqmver    : 
   author    : MaxD http://devs.mx

File Name    : system/library/cache.php(0)
VQModObject::applyMod - SEARCH NOT FOUND (SKIPPED): if (is_file(DIR_SYSTEM . 'library/journal3/vendor/SuperCache

----------------------------------------------------------------------


---------- Date: 2026-03-28 05:44:04 ~ IP : 185.179.188.62 ----------
REQUEST URI : /setting_php/vardenafil/166-stoimost-sialisa-40-tymen/
MOD DETAILS:
   modFile   : /home/canmotalka/web/can-motalka.ru/public_html/vqmod/xml/lightning.xml
   id        : OpenCart Lightning
   version   : 3.37
   vqmver    : 
   author    : MaxD http://devs.mx

File Name    : system/library/cache.php(0)
VQModObject::applyMod - SEARCH NOT FOUND (SKIPPED): if (is_file(DIR_SYSTEM . 'library/journal3/vendor/SuperCache

----------------------------------------------------------------------


---------- Date: 2026-03-28 05:53:14 ~ IP : 185.179.188.62 ----------
REQUEST URI : /index.php?route=module/popupcart_extended
MOD DETAILS:
   modFile   : /home/canmotalka/web/can-motalka.ru/public_html/vqmod/xml/lightning.xml
   id        : OpenCart Lightning
   version   : 3.37
   vqmver    : 
   author    : MaxD http://devs.mx

File Name    : system/library/cache.php(0)
VQModObject::applyMod - SEARCH NOT FOUND (SKIPPED): if (is_file(DIR_SYSTEM . 'library/journal3/vendor/SuperCache

----------------------------------------------------------------------


---------- Date: 2026-03-28 05:54:20 ~ IP : 185.179.188.62 ----------
REQUEST URI : /instrukciya-podmotka-niva-travel-chevrolet/
MOD DETAILS:
   modFile   : /home/canmotalka/web/can-motalka.ru/public_html/vqmod/xml/lightning.xml
   id        : OpenCart Lightning
   version   : 3.37
   vqmver    : 
   author    : MaxD http://devs.mx

File Name    : system/library/cache.php(0)
VQModObject::applyMod - SEARCH NOT FOUND (SKIPPED): if (is_file(DIR_SYSTEM . 'library/journal3/vendor/SuperCache

----------------------------------------------------------------------


---------- Date: 2026-03-28 05:54:21 ~ IP : 185.179.188.62 ----------
REQUEST URI : /instrukciya-podmotka-niva-travel-chevrolet/
MOD DETAILS:
   modFile   : /home/canmotalka/web/can-motalka.ru/public_html/vqmod/xml/lightning.xml
   id        : OpenCart Lightning
   version   : 3.37
   vqmver    : 
   author    : MaxD http://devs.mx

File Name    : system/library/cache.php(0)
VQModObject::applyMod - SEARCH NOT FOUND (SKIPPED): if (is_file(DIR_SYSTEM . 'library/journal3/vendor/SuperCache

----------------------------------------------------------------------


---------- Date: 2026-03-28 06:06:26 ~ IP : 185.179.188.62 ----------
REQUEST URI : /motalki/hyundai/
MOD DETAILS:
   modFile   : /home/canmotalka/web/can-motalka.ru/public_html/vqmod/xml/lightning.xml
   id        : OpenCart Lightning
   version   : 3.37
   vqmver    : 
   author    : MaxD http://devs.mx

File Name    : system/library/cache.php(0)
VQModObject::applyMod - SEARCH NOT FOUND (SKIPPED): if (is_file(DIR_SYSTEM . 'library/journal3/vendor/SuperCache

----------------------------------------------------------------------


---------- Date: 2026-03-28 06:06:41 ~ IP : 185.179.188.62 ----------
REQUEST URI : /instrukciya-podmotka-vesta/
MOD DETAILS:
   modFile   : /home/canmotalka/web/can-motalka.ru/public_html/vqmod/xml/lightning.xml
   id        : OpenCart Lightning
   version   : 3.37
   vqmver    : 
   author    : MaxD http://devs.mx

File Name    : system/library/cache.php(0)
VQModObject::applyMod - SEARCH NOT FOUND (SKIPPED): if (is_file(DIR_SYSTEM . 'library/journal3/vendor/SuperCache

----------------------------------------------------------------------


---------- Date: 2026-03-28 06:20:50 ~ IP : 185.179.188.62 ----------
REQUEST URI : /podmotka-spidometra-gazel-nekst/
MOD DETAILS:
   modFile   : /home/canmotalka/web/can-motalka.ru/public_html/vqmod/xml/lightning.xml
   id        : OpenCart Lightning
   version   : 3.37
   vqmver    : 
   author    : MaxD http://devs.mx

File Name    : system/library/cache.php(0)
VQModObject::applyMod - SEARCH NOT FOUND (SKIPPED): if (is_file(DIR_SYSTEM . 'library/journal3/vendor/SuperCache

----------------------------------------------------------------------


---------- Date: 2026-03-28 06:20:51 ~ IP : 185.179.188.62 ----------
REQUEST URI : /index.php?route=product/product/review&amp;product_id=97
MOD DETAILS:
   modFile   : /home/canmotalka/web/can-motalka.ru/public_html/vqmod/xml/lightning.xml
   id        : OpenCart Lightning
   version   : 3.37
   vqmver    : 
   author    : MaxD http://devs.mx

File Name    : system/library/cache.php(0)
VQModObject::applyMod - SEARCH NOT FOUND (SKIPPED): if (is_file(DIR_SYSTEM . 'library/journal3/vendor/SuperCache

----------------------------------------------------------------------


---------- Date: 2026-03-28 06:20:51 ~ IP : 185.179.188.62 ----------
REQUEST URI : /index.php?route=module/popupcart_extended
MOD DETAILS:
   modFile   : /home/canmotalka/web/can-motalka.ru/public_html/vqmod/xml/lightning.xml
   id        : OpenCart Lightning
   version   : 3.37
   vqmver    : 
   author    : MaxD http://devs.mx

File Name    : system/library/cache.php(0)
VQModObject::applyMod - SEARCH NOT FOUND (SKIPPED): if (is_file(DIR_SYSTEM . 'library/journal3/vendor/SuperCache

----------------------------------------------------------------------


---------- Date: 2026-03-28 06:24:23 ~ IP : 185.179.188.62 ----------
REQUEST URI : /.well-known/traffic-advice
MOD DETAILS:
   modFile   : /home/canmotalka/web/can-motalka.ru/public_html/vqmod/xml/lightning.xml
   id        : OpenCart Lightning
   version   : 3.37
   vqmver    : 
   author    : MaxD http://devs.mx

File Name    : system/library/cache.php(0)
VQModObject::applyMod - SEARCH NOT FOUND (SKIPPED): if (is_file(DIR_SYSTEM . 'library/journal3/vendor/SuperCache

----------------------------------------------------------------------


---------- Date: 2026-03-28 06:24:24 ~ IP : 185.179.188.62 ----------
REQUEST URI : /podmotka-krutilka-spidometra-gazel-biznes-benzin-evotec-ili-cummins/
MOD DETAILS:
   modFile   : /home/canmotalka/web/can-motalka.ru/public_html/vqmod/xml/lightning.xml
   id        : OpenCart Lightning
   version   : 3.37
   vqmver    : 
   author    : MaxD http://devs.mx

File Name    : system/library/cache.php(0)
VQModObject::applyMod - SEARCH NOT FOUND (SKIPPED): if (is_file(DIR_SYSTEM . 'library/journal3/vendor/SuperCache

----------------------------------------------------------------------


---------- Date: 2026-03-28 06:25:08 ~ IP : 185.179.188.62 ----------
REQUEST URI : /podmotka-krutilka-spidometra-gazel-biznes-benzin-evotec-ili-cummins/
MOD DETAILS:
   modFile   : /home/canmotalka/web/can-motalka.ru/public_html/vqmod/xml/lightning.xml
   id        : OpenCart Lightning
   version   : 3.37
   vqmver    : 
   author    : MaxD http://devs.mx

File Name    : system/library/cache.php(0)
VQModObject::applyMod - SEARCH NOT FOUND (SKIPPED): if (is_file(DIR_SYSTEM . 'library/journal3/vendor/SuperCache

----------------------------------------------------------------------


---------- Date: 2026-03-28 06:39:58 ~ IP : 185.179.188.62 ----------
REQUEST URI : /niva_abs_re/
MOD DETAILS:
   modFile   : /home/canmotalka/web/can-motalka.ru/public_html/vqmod/xml/lightning.xml
   id        : OpenCart Lightning
   version   : 3.37
   vqmver    : 
   author    : MaxD http://devs.mx

File Name    : system/library/cache.php(0)
VQModObject::applyMod - SEARCH NOT FOUND (SKIPPED): if (is_file(DIR_SYSTEM . 'library/journal3/vendor/SuperCache

----------------------------------------------------------------------


---------- Date: 2026-03-28 06:39:59 ~ IP : 185.179.188.62 ----------
REQUEST URI : /index.php?route=module/popupcart_extended
MOD DETAILS:
   modFile   : /home/canmotalka/web/can-motalka.ru/public_html/vqmod/xml/lightning.xml
   id        : OpenCart Lightning
   version   : 3.37
   vqmver    : 
   author    : MaxD http://devs.mx

File Name    : system/library/cache.php(0)
VQModObject::applyMod - SEARCH NOT FOUND (SKIPPED): if (is_file(DIR_SYSTEM . 'library/journal3/vendor/SuperCache

----------------------------------------------------------------------


---------- Date: 2026-03-28 06:41:02 ~ IP : 185.179.188.62 ----------
REQUEST URI : /podmotka-spidometra-fiat-albea/
MOD DETAILS:
   modFile   : /home/canmotalka/web/can-motalka.ru/public_html/vqmod/xml/lightning.xml
   id        : OpenCart Lightning
   version   : 3.37
   vqmver    : 
   author    : MaxD http://devs.mx

File Name    : system/library/cache.php(0)
VQModObject::applyMod - SEARCH NOT FOUND (SKIPPED): if (is_file(DIR_SYSTEM . 'library/journal3/vendor/SuperCache

----------------------------------------------------------------------


---------- Date: 2026-03-28 06:41:04 ~ IP : 185.179.188.62 ----------
REQUEST URI : /podmotka-spidometra-na-shkoda-oktaviya/
MOD DETAILS:
   modFile   : /home/canmotalka/web/can-motalka.ru/public_html/vqmod/xml/lightning.xml
   id        : OpenCart Lightning
   version   : 3.37
   vqmver    : 
   author    : MaxD http://devs.mx

File Name    : system/library/cache.php(0)
VQModObject::applyMod - SEARCH NOT FOUND (SKIPPED): if (is_file(DIR_SYSTEM . 'library/journal3/vendor/SuperCache

----------------------------------------------------------------------


---------- Date: 2026-03-28 06:48:59 ~ IP : 185.179.188.62 ----------
REQUEST URI : /largus_manual/?ysclid=mn9sjisao4720645647
MOD DETAILS:
   modFile   : /home/canmotalka/web/can-motalka.ru/public_html/vqmod/xml/lightning.xml
   id        : OpenCart Lightning
   version   : 3.37
   vqmver    : 
   author    : MaxD http://devs.mx

File Name    : system/library/cache.php(0)
VQModObject::applyMod - SEARCH NOT FOUND (SKIPPED): if (is_file(DIR_SYSTEM . 'library/journal3/vendor/SuperCache

----------------------------------------------------------------------


---------- Date: 2026-03-28 06:49:00 ~ IP : 185.179.188.62 ----------
REQUEST URI : /largus_manual/
MOD DETAILS:
   modFile   : /home/canmotalka/web/can-motalka.ru/public_html/vqmod/xml/lightning.xml
   id        : OpenCart Lightning
   version   : 3.37
   vqmver    : 
   author    : MaxD http://devs.mx

File Name    : system/library/cache.php(0)
VQModObject::applyMod - SEARCH NOT FOUND (SKIPPED): if (is_file(DIR_SYSTEM . 'library/journal3/vendor/SuperCache

----------------------------------------------------------------------


---------- Date: 2026-03-28 06:49:01 ~ IP : 185.179.188.62 ----------
REQUEST URI : /index.php?route=module/popupcart_extended
MOD DETAILS:
   modFile   : /home/canmotalka/web/can-motalka.ru/public_html/vqmod/xml/lightning.xml
   id        : OpenCart Lightning
   version   : 3.37
   vqmver    : 
   author    : MaxD http://devs.mx

File Name    : system/library/cache.php(0)
VQModObject::applyMod - SEARCH NOT FOUND (SKIPPED): if (is_file(DIR_SYSTEM . 'library/journal3/vendor/SuperCache

----------------------------------------------------------------------


---------- Date: 2026-03-28 06:52:44 ~ IP : 185.179.188.62 ----------
REQUEST URI : /largus_manual/
MOD DETAILS:
   modFile   : /home/canmotalka/web/can-motalka.ru/public_html/vqmod/xml/lightning.xml
   id        : OpenCart Lightning
   version   : 3.37
   vqmver    : 
   author    : MaxD http://devs.mx

File Name    : system/library/cache.php(0)
VQModObject::applyMod - SEARCH NOT FOUND (SKIPPED): if (is_file(DIR_SYSTEM . 'library/journal3/vendor/SuperCache

----------------------------------------------------------------------


---------- Date: 2026-03-28 06:56:00 ~ IP : 185.179.188.62 ----------
REQUEST URI : /image/cache/data/cars/hyundai/Genezis/g80
MOD DETAILS:
   modFile   : /home/canmotalka/web/can-motalka.ru/public_html/vqmod/xml/lightning.xml
   id        : OpenCart Lightning
   version   : 3.37
   vqmver    : 
   author    : MaxD http://devs.mx

File Name    : system/library/cache.php(0)
VQModObject::applyMod - SEARCH NOT FOUND (SKIPPED): if (is_file(DIR_SYSTEM . 'library/journal3/vendor/SuperCache

----------------------------------------------------------------------


---------- Date: 2026-03-28 07:02:13 ~ IP : 185.179.188.62 ----------
REQUEST URI : /podmotka-spidometra-nissan-almera/?ysclid=mn9t0hotmu634911320
MOD DETAILS:
   modFile   : /home/canmotalka/web/can-motalka.ru/public_html/vqmod/xml/lightning.xml
   id        : OpenCart Lightning
   version   : 3.37
   vqmver    : 
   author    : MaxD http://devs.mx

File Name    : system/library/cache.php(0)
VQModObject::applyMod - SEARCH NOT FOUND (SKIPPED): if (is_file(DIR_SYSTEM . 'library/journal3/vendor/SuperCache

----------------------------------------------------------------------


---------- Date: 2026-03-28 07:02:14 ~ IP : 185.179.188.62 ----------
REQUEST URI : /podmotka-spidometra-nissan-almera/
MOD DETAILS:
   modFile   : /home/canmotalka/web/can-motalka.ru/public_html/vqmod/xml/lightning.xml
   id        : OpenCart Lightning
   version   : 3.37
   vqmver    : 
   author    : MaxD http://devs.mx

File Name    : system/library/cache.php(0)
VQModObject::applyMod - SEARCH NOT FOUND (SKIPPED): if (is_file(DIR_SYSTEM . 'library/journal3/vendor/SuperCache

----------------------------------------------------------------------


---------- Date: 2026-03-28 07:02:15 ~ IP : 185.179.188.62 ----------
REQUEST URI : /index.php?route=product/product/review&amp;product_id=289
MOD DETAILS:
   modFile   : /home/canmotalka/web/can-motalka.ru/public_html/vqmod/xml/lightning.xml
   id        : OpenCart Lightning
   version   : 3.37
   vqmver    : 
   author    : MaxD http://devs.mx

File Name    : system/library/cache.php(0)
VQModObject::applyMod - SEARCH NOT FOUND (SKIPPED): if (is_file(DIR_SYSTEM . 'library/journal3/vendor/SuperCache

----------------------------------------------------------------------


---------- Date: 2026-03-28 07:02:15 ~ IP : 185.179.188.62 ----------
REQUEST URI : /index.php?route=module/popupcart_extended
MOD DETAILS:
   modFile   : /home/canmotalka/web/can-motalka.ru/public_html/vqmod/xml/lightning.xml
   id        : OpenCart Lightning
   version   : 3.37
   vqmver    : 
   author    : MaxD http://devs.mx

File Name    : system/library/cache.php(0)
VQModObject::applyMod - SEARCH NOT FOUND (SKIPPED): if (is_file(DIR_SYSTEM . 'library/journal3/vendor/SuperCache

----------------------------------------------------------------------


---------- Date: 2026-03-28 07:08:21 ~ IP : 185.179.188.62 ----------
REQUEST URI : /image/cache/data/cars/hyundai/ix35/ix35
MOD DETAILS:
   modFile   : /home/canmotalka/web/can-motalka.ru/public_html/vqmod/xml/lightning.xml
   id        : OpenCart Lightning
   version   : 3.37
   vqmver    : 
   author    : MaxD http://devs.mx

File Name    : system/library/cache.php(0)
VQModObject::applyMod - SEARCH NOT FOUND (SKIPPED): if (is_file(DIR_SYSTEM . 'library/journal3/vendor/SuperCache

----------------------------------------------------------------------


---------- Date: 2026-03-28 07:18:21 ~ IP : 185.179.188.62 ----------
REQUEST URI : /podmotka-spidometra-kia-sorento/?ysclid=mn9tl9zrwg464254090
MOD DETAILS:
   modFile   : /home/canmotalka/web/can-motalka.ru/public_html/vqmod/xml/lightning.xml
   id        : OpenCart Lightning
   version   : 3.37
   vqmver    : 
   author    : MaxD http://devs.mx

File Name    : system/library/cache.php(0)
VQModObject::applyMod - SEARCH NOT FOUND (SKIPPED): if (is_file(DIR_SYSTEM . 'library/journal3/vendor/SuperCache

----------------------------------------------------------------------


---------- Date: 2026-03-28 07:18:22 ~ IP : 185.179.188.62 ----------
REQUEST URI : /podmotka-spidometra-kia-sorento/
MOD DETAILS:
   modFile   : /home/canmotalka/web/can-motalka.ru/public_html/vqmod/xml/lightning.xml
   id        : OpenCart Lightning
   version   : 3.37
   vqmver    : 
   author    : MaxD http://devs.mx

File Name    : system/library/cache.php(0)
VQModObject::applyMod - SEARCH NOT FOUND (SKIPPED): if (is_file(DIR_SYSTEM . 'library/journal3/vendor/SuperCache

----------------------------------------------------------------------


---------- Date: 2026-03-28 07:18:23 ~ IP : 185.179.188.62 ----------
REQUEST URI : /index.php?route=product/product/review&amp;product_id=70
MOD DETAILS:
   modFile   : /home/canmotalka/web/can-motalka.ru/public_html/vqmod/xml/lightning.xml
   id        : OpenCart Lightning
   version   : 3.37
   vqmver    : 
   author    : MaxD http://devs.mx

File Name    : system/library/cache.php(0)
VQModObject::applyMod - SEARCH NOT FOUND (SKIPPED): if (is_file(DIR_SYSTEM . 'library/journal3/vendor/SuperCache

----------------------------------------------------------------------


---------- Date: 2026-03-28 07:18:23 ~ IP : 185.179.188.62 ----------
REQUEST URI : /index.php?route=module/popupcart_extended
MOD DETAILS:
   modFile   : /home/canmotalka/web/can-motalka.ru/public_html/vqmod/xml/lightning.xml
   id        : OpenCart Lightning
   version   : 3.37
   vqmver    : 
   author    : MaxD http://devs.mx

File Name    : system/library/cache.php(0)
VQModObject::applyMod - SEARCH NOT FOUND (SKIPPED): if (is_file(DIR_SYSTEM . 'library/journal3/vendor/SuperCache

----------------------------------------------------------------------


---------- Date: 2026-03-28 07:19:57 ~ IP : 185.179.188.62 ----------
REQUEST URI : /podmotka-spidometra-kia-sorento4/?ysclid=mn9tnchs1z535184044
MOD DETAILS:
   modFile   : /home/canmotalka/web/can-motalka.ru/public_html/vqmod/xml/lightning.xml
   id        : OpenCart Lightning
   version   : 3.37
   vqmver    : 
   author    : MaxD http://devs.mx

File Name    : system/library/cache.php(0)
VQModObject::applyMod - SEARCH NOT FOUND (SKIPPED): if (is_file(DIR_SYSTEM . 'library/journal3/vendor/SuperCache

----------------------------------------------------------------------


---------- Date: 2026-03-28 07:19:58 ~ IP : 185.179.188.62 ----------
REQUEST URI : /podmotka-spidometra-kia-sorento4/
MOD DETAILS:
   modFile   : /home/canmotalka/web/can-motalka.ru/public_html/vqmod/xml/lightning.xml
   id        : OpenCart Lightning
   version   : 3.37
   vqmver    : 
   author    : MaxD http://devs.mx

File Name    : system/library/cache.php(0)
VQModObject::applyMod - SEARCH NOT FOUND (SKIPPED): if (is_file(DIR_SYSTEM . 'library/journal3/vendor/SuperCache

----------------------------------------------------------------------


---------- Date: 2026-03-28 07:19:59 ~ IP : 185.179.188.62 ----------
REQUEST URI : /index.php?route=product/product/review&amp;product_id=304
MOD DETAILS:
   modFile   : /home/canmotalka/web/can-motalka.ru/public_html/vqmod/xml/lightning.xml
   id        : OpenCart Lightning
   version   : 3.37
   vqmver    : 
   author    : MaxD http://devs.mx

File Name    : system/library/cache.php(0)
VQModObject::applyMod - SEARCH NOT FOUND (SKIPPED): if (is_file(DIR_SYSTEM . 'library/journal3/vendor/SuperCache

----------------------------------------------------------------------


---------- Date: 2026-03-28 07:20:00 ~ IP : 185.179.188.62 ----------
REQUEST URI : /namotchik-probega-dlya-audi-q5/
MOD DETAILS:
   modFile   : /home/canmotalka/web/can-motalka.ru/public_html/vqmod/xml/lightning.xml
   id        : OpenCart Lightning
   version   : 3.37
   vqmver    : 
   author    : MaxD http://devs.mx

File Name    : system/library/cache.php(0)
VQModObject::applyMod - SEARCH NOT FOUND (SKIPPED): if (is_file(DIR_SYSTEM . 'library/journal3/vendor/SuperCache

----------------------------------------------------------------------


---------- Date: 2026-03-28 07:20:16 ~ IP : 185.179.188.62 ----------
REQUEST URI : /index.php?route=product/product/review&amp;product_id=237
MOD DETAILS:
   modFile   : /home/canmotalka/web/can-motalka.ru/public_html/vqmod/xml/lightning.xml
   id        : OpenCart Lightning
   version   : 3.37
   vqmver    : 
   author    : MaxD http://devs.mx

File Name    : system/library/cache.php(0)
VQModObject::applyMod - SEARCH NOT FOUND (SKIPPED): if (is_file(DIR_SYSTEM . 'library/journal3/vendor/SuperCache

----------------------------------------------------------------------


---------- Date: 2026-03-28 07:20:24 ~ IP : 185.179.188.62 ----------
REQUEST URI : /index.php?route=module/popupcart_extended
MOD DETAILS:
   modFile   : /home/canmotalka/web/can-motalka.ru/public_html/vqmod/xml/lightning.xml
   id        : OpenCart Lightning
   version   : 3.37
   vqmver    : 
   author    : MaxD http://devs.mx

File Name    : system/library/cache.php(0)
VQModObject::applyMod - SEARCH NOT FOUND (SKIPPED): if (is_file(DIR_SYSTEM . 'library/journal3/vendor/SuperCache

----------------------------------------------------------------------


---------- Date: 2026-03-28 07:22:39 ~ IP : 185.179.188.62 ----------
REQUEST URI : /index.php?route=common/footer/click_counter
MOD DETAILS:
   modFile   : /home/canmotalka/web/can-motalka.ru/public_html/vqmod/xml/lightning.xml
   id        : OpenCart Lightning
   version   : 3.37
   vqmver    : 
   author    : MaxD http://devs.mx

File Name    : system/library/cache.php(0)
VQModObject::applyMod - SEARCH NOT FOUND (SKIPPED): if (is_file(DIR_SYSTEM . 'library/journal3/vendor/SuperCache

----------------------------------------------------------------------


---------- Date: 2026-03-28 07:24:02 ~ IP : 185.179.188.62 ----------
REQUEST URI : /index.php?route=common/footer/click_counter
MOD DETAILS:
   modFile   : /home/canmotalka/web/can-motalka.ru/public_html/vqmod/xml/lightning.xml
   id        : OpenCart Lightning
   version   : 3.37
   vqmver    : 
   author    : MaxD http://devs.mx

File Name    : system/library/cache.php(0)
VQModObject::applyMod - SEARCH NOT FOUND (SKIPPED): if (is_file(DIR_SYSTEM . 'library/journal3/vendor/SuperCache

----------------------------------------------------------------------


---------- Date: 2026-03-28 07:31:55 ~ IP : 185.179.188.62 ----------
REQUEST URI : /podmotka-spidometra-reno-logan-za-3000r/?ysclid=mn9u2qcxyz285860010
MOD DETAILS:
   modFile   : /home/canmotalka/web/can-motalka.ru/public_html/vqmod/xml/lightning.xml
   id        : OpenCart Lightning
   version   : 3.37
   vqmver    : 
   author    : MaxD http://devs.mx

File Name    : system/library/cache.php(0)
VQModObject::applyMod - SEARCH NOT FOUND (SKIPPED): if (is_file(DIR_SYSTEM . 'library/journal3/vendor/SuperCache

----------------------------------------------------------------------


---------- Date: 2026-03-28 07:31:56 ~ IP : 185.179.188.62 ----------
REQUEST URI : /podmotka-spidometra-reno-logan-za-3000r/
MOD DETAILS:
   modFile   : /home/canmotalka/web/can-motalka.ru/public_html/vqmod/xml/lightning.xml
   id        : OpenCart Lightning
   version   : 3.37
   vqmver    : 
   author    : MaxD http://devs.mx

File Name    : system/library/cache.php(0)
VQModObject::applyMod - SEARCH NOT FOUND (SKIPPED): if (is_file(DIR_SYSTEM . 'library/journal3/vendor/SuperCache

----------------------------------------------------------------------


---------- Date: 2026-03-28 07:31:57 ~ IP : 185.179.188.62 ----------
REQUEST URI : /index.php?route=product/product/review&amp;product_id=187
MOD DETAILS:
   modFile   : /home/canmotalka/web/can-motalka.ru/public_html/vqmod/xml/lightning.xml
   id        : OpenCart Lightning
   version   : 3.37
   vqmver    : 
   author    : MaxD http://devs.mx

File Name    : system/library/cache.php(0)
VQModObject::applyMod - SEARCH NOT FOUND (SKIPPED): if (is_file(DIR_SYSTEM . 'library/journal3/vendor/SuperCache

----------------------------------------------------------------------


---------- Date: 2026-03-28 07:31:57 ~ IP : 185.179.188.62 ----------
REQUEST URI : /index.php?route=module/popupcart_extended
MOD DETAILS:
   modFile   : /home/canmotalka/web/can-motalka.ru/public_html/vqmod/xml/lightning.xml
   id        : OpenCart Lightning
   version   : 3.37
   vqmver    : 
   author    : MaxD http://devs.mx

File Name    : system/library/cache.php(0)
VQModObject::applyMod - SEARCH NOT FOUND (SKIPPED): if (is_file(DIR_SYSTEM . 'library/journal3/vendor/SuperCache

----------------------------------------------------------------------


---------- Date: 2026-03-28 07:34:14 ~ IP : 185.179.188.62 ----------
REQUEST URI : /sitemap.xml
MOD DETAILS:
   modFile   : /home/canmotalka/web/can-motalka.ru/public_html/vqmod/xml/lightning.xml
   id        : OpenCart Lightning
   version   : 3.37
   vqmver    : 
   author    : MaxD http://devs.mx

File Name    : system/library/cache.php(0)
VQModObject::applyMod - SEARCH NOT FOUND (SKIPPED): if (is_file(DIR_SYSTEM . 'library/journal3/vendor/SuperCache

----------------------------------------------------------------------


---------- Date: 2026-03-28 07:34:15 ~ IP : 185.179.188.62 ----------
REQUEST URI : /index.php?route=feed/google_sitemap_fast
MOD DETAILS:
   modFile   : /home/canmotalka/web/can-motalka.ru/public_html/vqmod/xml/lightning.xml
   id        : OpenCart Lightning
   version   : 3.37
   vqmver    : 
   author    : MaxD http://devs.mx

File Name    : system/library/cache.php(0)
VQModObject::applyMod - SEARCH NOT FOUND (SKIPPED): if (is_file(DIR_SYSTEM . 'library/journal3/vendor/SuperCache

----------------------------------------------------------------------


---------- Date: 2026-03-28 07:39:10 ~ IP : 185.179.188.62 ----------
REQUEST URI : /sitemap.xml
MOD DETAILS:
   modFile   : /home/canmotalka/web/can-motalka.ru/public_html/vqmod/xml/lightning.xml
   id        : OpenCart Lightning
   version   : 3.37
   vqmver    : 
   author    : MaxD http://devs.mx

File Name    : system/library/cache.php(0)
VQModObject::applyMod - SEARCH NOT FOUND (SKIPPED): if (is_file(DIR_SYSTEM . 'library/journal3/vendor/SuperCache

----------------------------------------------------------------------


---------- Date: 2026-03-28 07:46:08 ~ IP : 185.179.188.62 ----------
REQUEST URI : /podmotka-spidometra-largus/
MOD DETAILS:
   modFile   : /home/canmotalka/web/can-motalka.ru/public_html/vqmod/xml/lightning.xml
   id        : OpenCart Lightning
   version   : 3.37
   vqmver    : 
   author    : MaxD http://devs.mx

File Name    : system/library/cache.php(0)
VQModObject::applyMod - SEARCH NOT FOUND (SKIPPED): if (is_file(DIR_SYSTEM . 'library/journal3/vendor/SuperCache

----------------------------------------------------------------------


---------- Date: 2026-03-28 07:46:09 ~ IP : 185.179.188.62 ----------
REQUEST URI : /index.php?route=product/product/review&amp;product_id=258
MOD DETAILS:
   modFile   : /home/canmotalka/web/can-motalka.ru/public_html/vqmod/xml/lightning.xml
   id        : OpenCart Lightning
   version   : 3.37
   vqmver    : 
   author    : MaxD http://devs.mx

File Name    : system/library/cache.php(0)
VQModObject::applyMod - SEARCH NOT FOUND (SKIPPED): if (is_file(DIR_SYSTEM . 'library/journal3/vendor/SuperCache

----------------------------------------------------------------------


---------- Date: 2026-03-28 07:46:09 ~ IP : 185.179.188.62 ----------
REQUEST URI : /index.php?route=module/popupcart_extended
MOD DETAILS:
   modFile   : /home/canmotalka/web/can-motalka.ru/public_html/vqmod/xml/lightning.xml
   id        : OpenCart Lightning
   version   : 3.37
   vqmver    : 
   author    : MaxD http://devs.mx

File Name    : system/library/cache.php(0)
VQModObject::applyMod - SEARCH NOT FOUND (SKIPPED): if (is_file(DIR_SYSTEM . 'library/journal3/vendor/SuperCache

----------------------------------------------------------------------


---------- Date: 2026-03-28 07:48:01 ~ IP : 185.179.188.62 ----------
REQUEST URI : /manuals/
MOD DETAILS:
   modFile   : /home/canmotalka/web/can-motalka.ru/public_html/vqmod/xml/lightning.xml
   id        : OpenCart Lightning
   version   : 3.37
   vqmver    : 
   author    : MaxD http://devs.mx

File Name    : system/library/cache.php(0)
VQModObject::applyMod - SEARCH NOT FOUND (SKIPPED): if (is_file(DIR_SYSTEM . 'library/journal3/vendor/SuperCache

----------------------------------------------------------------------


---------- Date: 2026-03-28 07:52:40 ~ IP : 185.179.188.62 ----------
REQUEST URI : /motalki/mitsubishi/
MOD DETAILS:
   modFile   : /home/canmotalka/web/can-motalka.ru/public_html/vqmod/xml/lightning.xml
   id        : OpenCart Lightning
   version   : 3.37
   vqmver    : 
   author    : MaxD http://devs.mx

File Name    : system/library/cache.php(0)
VQModObject::applyMod - SEARCH NOT FOUND (SKIPPED): if (is_file(DIR_SYSTEM . 'library/journal3/vendor/SuperCache

----------------------------------------------------------------------


---------- Date: 2026-03-28 07:52:50 ~ IP : 185.179.188.62 ----------
REQUEST URI : /xmlrpc.php
MOD DETAILS:
   modFile   : /home/canmotalka/web/can-motalka.ru/public_html/vqmod/xml/lightning.xml
   id        : OpenCart Lightning
   version   : 3.37
   vqmver    : 
   author    : MaxD http://devs.mx

File Name    : system/library/cache.php(0)
VQModObject::applyMod - SEARCH NOT FOUND (SKIPPED): if (is_file(DIR_SYSTEM . 'library/journal3/vendor/SuperCache

----------------------------------------------------------------------


---------- Date: 2026-03-28 07:53:00 ~ IP : 185.179.188.62 ----------
REQUEST URI : /namotchik-probega-dlya-audi-a4/
MOD DETAILS:
   modFile   : /home/canmotalka/web/can-motalka.ru/public_html/vqmod/xml/lightning.xml
   id        : OpenCart Lightning
   version   : 3.37
   vqmver    : 
   author    : MaxD http://devs.mx

File Name    : system/library/cache.php(0)
VQModObject::applyMod - SEARCH NOT FOUND (SKIPPED): if (is_file(DIR_SYSTEM . 'library/journal3/vendor/SuperCache

----------------------------------------------------------------------


---------- Date: 2026-03-28 07:55:29 ~ IP : 185.179.188.62 ----------
REQUEST URI : /podmotka-spidometra-reno-logan-za-3000r/
MOD DETAILS:
   modFile   : /home/canmotalka/web/can-motalka.ru/public_html/vqmod/xml/lightning.xml
   id        : OpenCart Lightning
   version   : 3.37
   vqmver    : 
   author    : MaxD http://devs.mx

File Name    : system/library/cache.php(0)
VQModObject::applyMod - SEARCH NOT FOUND (SKIPPED): if (is_file(DIR_SYSTEM . 'library/journal3/vendor/SuperCache

----------------------------------------------------------------------


---------- Date: 2026-03-28 07:56:31 ~ IP : 185.179.188.62 ----------
REQUEST URI : /podmotka-spidometra-toyota-kamri/
MOD DETAILS:
   modFile   : /home/canmotalka/web/can-motalka.ru/public_html/vqmod/xml/lightning.xml
   id        : OpenCart Lightning
   version   : 3.37
   vqmver    : 
   author    : MaxD http://devs.mx

File Name    : system/library/cache.php(0)
VQModObject::applyMod - SEARCH NOT FOUND (SKIPPED): if (is_file(DIR_SYSTEM . 'library/journal3/vendor/SuperCache

----------------------------------------------------------------------


---------- Date: 2026-03-28 07:56:32 ~ IP : 185.179.188.62 ----------
REQUEST URI : /index.php?route=product/product/review&amp;product_id=265
MOD DETAILS:
   modFile   : /home/canmotalka/web/can-motalka.ru/public_html/vqmod/xml/lightning.xml
   id        : OpenCart Lightning
   version   : 3.37
   vqmver    : 
   author    : MaxD http://devs.mx

File Name    : system/library/cache.php(0)
VQModObject::applyMod - SEARCH NOT FOUND (SKIPPED): if (is_file(DIR_SYSTEM . 'library/journal3/vendor/SuperCache

----------------------------------------------------------------------


---------- Date: 2026-03-28 07:56:32 ~ IP : 185.179.188.62 ----------
REQUEST URI : /index.php?route=module/popupcart_extended
MOD DETAILS:
   modFile   : /home/canmotalka/web/can-motalka.ru/public_html/vqmod/xml/lightning.xml
   id        : OpenCart Lightning
   version   : 3.37
   vqmver    : 
   author    : MaxD http://devs.mx

File Name    : system/library/cache.php(0)
VQModObject::applyMod - SEARCH NOT FOUND (SKIPPED): if (is_file(DIR_SYSTEM . 'library/journal3/vendor/SuperCache

----------------------------------------------------------------------


---------- Date: 2026-03-28 07:58:27 ~ IP : 185.179.188.62 ----------
REQUEST URI : /xmlrpc.php
MOD DETAILS:
   modFile   : /home/canmotalka/web/can-motalka.ru/public_html/vqmod/xml/lightning.xml
   id        : OpenCart Lightning
   version   : 3.37
   vqmver    : 
   author    : MaxD http://devs.mx

File Name    : system/library/cache.php(0)
VQModObject::applyMod - SEARCH NOT FOUND (SKIPPED): if (is_file(DIR_SYSTEM . 'library/journal3/vendor/SuperCache

----------------------------------------------------------------------


---------- Date: 2026-03-28 07:59:23 ~ IP : 185.179.188.62 ----------
REQUEST URI : /podmotka-spidometra-renault-logan-2005-2014/
MOD DETAILS:
   modFile   : /home/canmotalka/web/can-motalka.ru/public_html/vqmod/xml/lightning.xml
   id        : OpenCart Lightning
   version   : 3.37
   vqmver    : 
   author    : MaxD http://devs.mx

File Name    : system/library/cache.php(0)
VQModObject::applyMod - SEARCH NOT FOUND (SKIPPED): if (is_file(DIR_SYSTEM . 'library/journal3/vendor/SuperCache

----------------------------------------------------------------------


---------- Date: 2026-03-28 08:00:04 ~ IP : 185.179.188.62 ----------
REQUEST URI : /kak-perenastroit-podmotku-spidometra/
MOD DETAILS:
   modFile   : /home/canmotalka/web/can-motalka.ru/public_html/vqmod/xml/lightning.xml
   id        : OpenCart Lightning
   version   : 3.37
   vqmver    : 
   author    : MaxD http://devs.mx

File Name    : system/library/cache.php(0)
VQModObject::applyMod - SEARCH NOT FOUND (SKIPPED): if (is_file(DIR_SYSTEM . 'library/journal3/vendor/SuperCache

----------------------------------------------------------------------


---------- Date: 2026-03-28 08:01:57 ~ IP : 185.179.188.62 ----------
REQUEST URI : /.well-known/traffic-advice
MOD DETAILS:
   modFile   : /home/canmotalka/web/can-motalka.ru/public_html/vqmod/xml/lightning.xml
   id        : OpenCart Lightning
   version   : 3.37
   vqmver    : 
   author    : MaxD http://devs.mx

File Name    : system/library/cache.php(0)
VQModObject::applyMod - SEARCH NOT FOUND (SKIPPED): if (is_file(DIR_SYSTEM . 'library/journal3/vendor/SuperCache

----------------------------------------------------------------------


---------- Date: 2026-03-28 08:01:58 ~ IP : 185.179.188.62 ----------
REQUEST URI : /kak-rabotaet-podmotka-spidometra/
MOD DETAILS:
   modFile   : /home/canmotalka/web/can-motalka.ru/public_html/vqmod/xml/lightning.xml
   id        : OpenCart Lightning
   version   : 3.37
   vqmver    : 
   author    : MaxD http://devs.mx

File Name    : system/library/cache.php(0)
VQModObject::applyMod - SEARCH NOT FOUND (SKIPPED): if (is_file(DIR_SYSTEM . 'library/journal3/vendor/SuperCache

----------------------------------------------------------------------


---------- Date: 2026-03-28 08:03:42 ~ IP : 185.179.188.62 ----------
REQUEST URI : /podmotka-spidometra-toyota-kamri/
MOD DETAILS:
   modFile   : /home/canmotalka/web/can-motalka.ru/public_html/vqmod/xml/lightning.xml
   id        : OpenCart Lightning
   version   : 3.37
   vqmver    : 
   author    : MaxD http://devs.mx

File Name    : system/library/cache.php(0)
VQModObject::applyMod - SEARCH NOT FOUND (SKIPPED): if (is_file(DIR_SYSTEM . 'library/journal3/vendor/SuperCache

----------------------------------------------------------------------


---------- Date: 2026-03-28 08:05:53 ~ IP : 185.179.188.62 ----------
REQUEST URI : /motalki/infiniti/
MOD DETAILS:
   modFile   : /home/canmotalka/web/can-motalka.ru/public_html/vqmod/xml/lightning.xml
   id        : OpenCart Lightning
   version   : 3.37
   vqmver    : 
   author    : MaxD http://devs.mx

File Name    : system/library/cache.php(0)
VQModObject::applyMod - SEARCH NOT FOUND (SKIPPED): if (is_file(DIR_SYSTEM . 'library/journal3/vendor/SuperCache

----------------------------------------------------------------------


---------- Date: 2026-03-28 08:06:44 ~ IP : 185.179.188.62 ----------
REQUEST URI : /podmotka-spidometra-nissan-almera/
MOD DETAILS:
   modFile   : /home/canmotalka/web/can-motalka.ru/public_html/vqmod/xml/lightning.xml
   id        : OpenCart Lightning
   version   : 3.37
   vqmver    : 
   author    : MaxD http://devs.mx

File Name    : system/library/cache.php(0)
VQModObject::applyMod - SEARCH NOT FOUND (SKIPPED): if (is_file(DIR_SYSTEM . 'library/journal3/vendor/SuperCache

----------------------------------------------------------------------


---------- Date: 2026-03-28 08:11:18 ~ IP : 185.179.188.62 ----------
REQUEST URI : /motalki/
MOD DETAILS:
   modFile   : /home/canmotalka/web/can-motalka.ru/public_html/vqmod/xml/lightning.xml
   id        : OpenCart Lightning
   version   : 3.37
   vqmver    : 
   author    : MaxD http://devs.mx

File Name    : system/library/cache.php(0)
VQModObject::applyMod - SEARCH NOT FOUND (SKIPPED): if (is_file(DIR_SYSTEM . 'library/journal3/vendor/SuperCache

----------------------------------------------------------------------


---------- Date: 2026-03-28 08:12:30 ~ IP : 185.179.188.62 ----------
REQUEST URI : /podmotka-spidometra-kia-carnival/
MOD DETAILS:
   modFile   : /home/canmotalka/web/can-motalka.ru/public_html/vqmod/xml/lightning.xml
   id        : OpenCart Lightning
   version   : 3.37
   vqmver    : 
   author    : MaxD http://devs.mx

File Name    : system/library/cache.php(0)
VQModObject::applyMod - SEARCH NOT FOUND (SKIPPED): if (is_file(DIR_SYSTEM . 'library/journal3/vendor/SuperCache

----------------------------------------------------------------------


---------- Date: 2026-03-28 08:12:32 ~ IP : 185.179.188.62 ----------
REQUEST URI : /sitemap.xml
MOD DETAILS:
   modFile   : /home/canmotalka/web/can-motalka.ru/public_html/vqmod/xml/lightning.xml
   id        : OpenCart Lightning
   version   : 3.37
   vqmver    : 
   author    : MaxD http://devs.mx

File Name    : system/library/cache.php(0)
VQModObject::applyMod - SEARCH NOT FOUND (SKIPPED): if (is_file(DIR_SYSTEM . 'library/journal3/vendor/SuperCache

----------------------------------------------------------------------


---------- Date: 2026-03-28 08:14:14 ~ IP : 185.179.188.62 ----------
REQUEST URI : /podmotka-krutilka-spidometra-gazel-biznes-benzin-evotec-ili-cummins/
MOD DETAILS:
   modFile   : /home/canmotalka/web/can-motalka.ru/public_html/vqmod/xml/lightning.xml
   id        : OpenCart Lightning
   version   : 3.37
   vqmver    : 
   author    : MaxD http://devs.mx

File Name    : system/library/cache.php(0)
VQModObject::applyMod - SEARCH NOT FOUND (SKIPPED): if (is_file(DIR_SYSTEM . 'library/journal3/vendor/SuperCache

----------------------------------------------------------------------


---------- Date: 2026-03-28 08:16:35 ~ IP : 185.179.188.62 ----------
REQUEST URI : /podmotka-spidometra-reno-logan-za-3000r/
MOD DETAILS:
   modFile   : /home/canmotalka/web/can-motalka.ru/public_html/vqmod/xml/lightning.xml
   id        : OpenCart Lightning
   version   : 3.37
   vqmver    : 
   author    : MaxD http://devs.mx

File Name    : system/library/cache.php(0)
VQModObject::applyMod - SEARCH NOT FOUND (SKIPPED): if (is_file(DIR_SYSTEM . 'library/journal3/vendor/SuperCache

----------------------------------------------------------------------


---------- Date: 2026-03-28 08:16:37 ~ IP : 185.179.188.62 ----------
REQUEST URI : /index.php?route=module/popupcart_extended
MOD DETAILS:
   modFile   : /home/canmotalka/web/can-motalka.ru/public_html/vqmod/xml/lightning.xml
   id        : OpenCart Lightning
   version   : 3.37
   vqmver    : 
   author    : MaxD http://devs.mx

File Name    : system/library/cache.php(0)
VQModObject::applyMod - SEARCH NOT FOUND (SKIPPED): if (is_file(DIR_SYSTEM . 'library/journal3/vendor/SuperCache

----------------------------------------------------------------------


---------- Date: 2026-03-28 08:16:37 ~ IP : 185.179.188.62 ----------
REQUEST URI : /index.php?route=product/product/review&amp;product_id=187
MOD DETAILS:
   modFile   : /home/canmotalka/web/can-motalka.ru/public_html/vqmod/xml/lightning.xml
   id        : OpenCart Lightning
   version   : 3.37
   vqmver    : 
   author    : MaxD http://devs.mx

File Name    : system/library/cache.php(0)
VQModObject::applyMod - SEARCH NOT FOUND (SKIPPED): if (is_file(DIR_SYSTEM . 'library/journal3/vendor/SuperCache

----------------------------------------------------------------------


---------- Date: 2026-03-28 08:16:59 ~ IP : 185.179.188.62 ----------
REQUEST URI : /podmotka-spidometra-nissan-x-trail/
MOD DETAILS:
   modFile   : /home/canmotalka/web/can-motalka.ru/public_html/vqmod/xml/lightning.xml
   id        : OpenCart Lightning
   version   : 3.37
   vqmver    : 
   author    : MaxD http://devs.mx

File Name    : system/library/cache.php(0)
VQModObject::applyMod - SEARCH NOT FOUND (SKIPPED): if (is_file(DIR_SYSTEM . 'library/journal3/vendor/SuperCache

----------------------------------------------------------------------


---------- Date: 2026-03-28 08:17:39 ~ IP : 185.179.188.62 ----------
REQUEST URI : /podmotka-spidometra-kia-optima-bezlimitnaya/
MOD DETAILS:
   modFile   : /home/canmotalka/web/can-motalka.ru/public_html/vqmod/xml/lightning.xml
   id        : OpenCart Lightning
   version   : 3.37
   vqmver    : 
   author    : MaxD http://devs.mx

File Name    : system/library/cache.php(0)
VQModObject::applyMod - SEARCH NOT FOUND (SKIPPED): if (is_file(DIR_SYSTEM . 'library/journal3/vendor/SuperCache

----------------------------------------------------------------------


---------- Date: 2026-03-28 08:18:19 ~ IP : 185.179.188.62 ----------
REQUEST URI : /motalki/kia/
MOD DETAILS:
   modFile   : /home/canmotalka/web/can-motalka.ru/public_html/vqmod/xml/lightning.xml
   id        : OpenCart Lightning
   version   : 3.37
   vqmver    : 
   author    : MaxD http://devs.mx

File Name    : system/library/cache.php(0)
VQModObject::applyMod - SEARCH NOT FOUND (SKIPPED): if (is_file(DIR_SYSTEM . 'library/journal3/vendor/SuperCache

----------------------------------------------------------------------


---------- Date: 2026-03-28 08:20:02 ~ IP : 185.179.188.62 ----------
REQUEST URI : /podmotka-spidometra-jac-t6/
MOD DETAILS:
   modFile   : /home/canmotalka/web/can-motalka.ru/public_html/vqmod/xml/lightning.xml
   id        : OpenCart Lightning
   version   : 3.37
   vqmver    : 
   author    : MaxD http://devs.mx

File Name    : system/library/cache.php(0)
VQModObject::applyMod - SEARCH NOT FOUND (SKIPPED): if (is_file(DIR_SYSTEM . 'library/journal3/vendor/SuperCache

----------------------------------------------------------------------


---------- Date: 2026-03-28 08:20:03 ~ IP : 185.179.188.62 ----------
REQUEST URI : /largus_manual/?ysclid=mn9vsn3q8i441179969
MOD DETAILS:
   modFile   : /home/canmotalka/web/can-motalka.ru/public_html/vqmod/xml/lightning.xml
   id        : OpenCart Lightning
   version   : 3.37
   vqmver    : 
   author    : MaxD http://devs.mx

File Name    : system/library/cache.php(0)
VQModObject::applyMod - SEARCH NOT FOUND (SKIPPED): if (is_file(DIR_SYSTEM . 'library/journal3/vendor/SuperCache

----------------------------------------------------------------------


---------- Date: 2026-03-28 08:20:03 ~ IP : 185.179.188.62 ----------
REQUEST URI : /largus_manual/
MOD DETAILS:
   modFile   : /home/canmotalka/web/can-motalka.ru/public_html/vqmod/xml/lightning.xml
   id        : OpenCart Lightning
   version   : 3.37
   vqmver    : 
   author    : MaxD http://devs.mx

File Name    : system/library/cache.php(0)
VQModObject::applyMod - SEARCH NOT FOUND (SKIPPED): if (is_file(DIR_SYSTEM . 'library/journal3/vendor/SuperCache

----------------------------------------------------------------------


---------- Date: 2026-03-28 08:20:04 ~ IP : 185.179.188.62 ----------
REQUEST URI : /index.php?route=module/popupcart_extended
MOD DETAILS:
   modFile   : /home/canmotalka/web/can-motalka.ru/public_html/vqmod/xml/lightning.xml
   id        : OpenCart Lightning
   version   : 3.37
   vqmver    : 
   author    : MaxD http://devs.mx

File Name    : system/library/cache.php(0)
VQModObject::applyMod - SEARCH NOT FOUND (SKIPPED): if (is_file(DIR_SYSTEM . 'library/journal3/vendor/SuperCache

----------------------------------------------------------------------


---------- Date: 2026-03-28 08:22:18 ~ IP : 185.179.188.62 ----------
REQUEST URI : /contact/
MOD DETAILS:
   modFile   : /home/canmotalka/web/can-motalka.ru/public_html/vqmod/xml/lightning.xml
   id        : OpenCart Lightning
   version   : 3.37
   vqmver    : 
   author    : MaxD http://devs.mx

File Name    : system/library/cache.php(0)
VQModObject::applyMod - SEARCH NOT FOUND (SKIPPED): if (is_file(DIR_SYSTEM . 'library/journal3/vendor/SuperCache

----------------------------------------------------------------------


---------- Date: 2026-03-28 08:23:49 ~ IP : 185.179.188.62 ----------
REQUEST URI : /podmotka_uaz_re/
MOD DETAILS:
   modFile   : /home/canmotalka/web/can-motalka.ru/public_html/vqmod/xml/lightning.xml
   id        : OpenCart Lightning
   version   : 3.37
   vqmver    : 
   author    : MaxD http://devs.mx

File Name    : system/library/cache.php(0)
VQModObject::applyMod - SEARCH NOT FOUND (SKIPPED): if (is_file(DIR_SYSTEM . 'library/journal3/vendor/SuperCache

----------------------------------------------------------------------


---------- Date: 2026-03-28 08:25:48 ~ IP : 185.179.188.62 ----------
REQUEST URI : /podmotka-spidometra-lada-granta-fl/
MOD DETAILS:
   modFile   : /home/canmotalka/web/can-motalka.ru/public_html/vqmod/xml/lightning.xml
   id        : OpenCart Lightning
   version   : 3.37
   vqmver    : 
   author    : MaxD http://devs.mx

File Name    : system/library/cache.php(0)
VQModObject::applyMod - SEARCH NOT FOUND (SKIPPED): if (is_file(DIR_SYSTEM . 'library/journal3/vendor/SuperCache

----------------------------------------------------------------------


---------- Date: 2026-03-28 08:27:20 ~ IP : 185.179.188.62 ----------
REQUEST URI : /podmotka-spidometra-niva2020/
MOD DETAILS:
   modFile   : /home/canmotalka/web/can-motalka.ru/public_html/vqmod/xml/lightning.xml
   id        : OpenCart Lightning
   version   : 3.37
   vqmver    : 
   author    : MaxD http://devs.mx

File Name    : system/library/cache.php(0)
VQModObject::applyMod - SEARCH NOT FOUND (SKIPPED): if (is_file(DIR_SYSTEM . 'library/journal3/vendor/SuperCache

----------------------------------------------------------------------


---------- Date: 2026-03-28 08:28:17 ~ IP : 185.179.188.62 ----------
REQUEST URI : /podmotka-spidometra-uaz-patriot/
MOD DETAILS:
   modFile   : /home/canmotalka/web/can-motalka.ru/public_html/vqmod/xml/lightning.xml
   id        : OpenCart Lightning
   version   : 3.37
   vqmver    : 
   author    : MaxD http://devs.mx

File Name    : system/library/cache.php(0)
VQModObject::applyMod - SEARCH NOT FOUND (SKIPPED): if (is_file(DIR_SYSTEM . 'library/journal3/vendor/SuperCache

----------------------------------------------------------------------


---------- Date: 2026-03-28 08:46:10 ~ IP : 185.179.188.62 ----------
REQUEST URI : /xmlrpc.php
MOD DETAILS:
   modFile   : /home/canmotalka/web/can-motalka.ru/public_html/vqmod/xml/lightning.xml
   id        : OpenCart Lightning
   version   : 3.37
   vqmver    : 
   author    : MaxD http://devs.mx

File Name    : system/library/cache.php(0)
VQModObject::applyMod - SEARCH NOT FOUND (SKIPPED): if (is_file(DIR_SYSTEM . 'library/journal3/vendor/SuperCache

----------------------------------------------------------------------


---------- Date: 2026-03-28 08:46:14 ~ IP : 185.179.188.62 ----------
REQUEST URI : /setting_php/prilidji-60/571-super-kamagra-cena-samara/
MOD DETAILS:
   modFile   : /home/canmotalka/web/can-motalka.ru/public_html/vqmod/xml/lightning.xml
   id        : OpenCart Lightning
   version   : 3.37
   vqmver    : 
   author    : MaxD http://devs.mx

File Name    : system/library/cache.php(0)
VQModObject::applyMod - SEARCH NOT FOUND (SKIPPED): if (is_file(DIR_SYSTEM . 'library/journal3/vendor/SuperCache

----------------------------------------------------------------------


---------- Date: 2026-03-28 08:46:23 ~ IP : 185.179.188.62 ----------
REQUEST URI : /setting_php/prilidji-60/571-super-kamagra-cena-samara/
MOD DETAILS:
   modFile   : /home/canmotalka/web/can-motalka.ru/public_html/vqmod/xml/lightning.xml
   id        : OpenCart Lightning
   version   : 3.37
   vqmver    : 
   author    : MaxD http://devs.mx

File Name    : system/library/cache.php(0)
VQModObject::applyMod - SEARCH NOT FOUND (SKIPPED): if (is_file(DIR_SYSTEM . 'library/journal3/vendor/SuperCache

----------------------------------------------------------------------


---------- Date: 2026-03-28 08:52:23 ~ IP : 185.179.188.62 ----------
REQUEST URI : /podmotka-spidometra-toyota-avensis/
MOD DETAILS:
   modFile   : /home/canmotalka/web/can-motalka.ru/public_html/vqmod/xml/lightning.xml
   id        : OpenCart Lightning
   version   : 3.37
   vqmver    : 
   author    : MaxD http://devs.mx

File Name    : system/library/cache.php(0)
VQModObject::applyMod - SEARCH NOT FOUND (SKIPPED): if (is_file(DIR_SYSTEM . 'library/journal3/vendor/SuperCache

----------------------------------------------------------------------


---------- Date: 2026-03-28 08:52:25 ~ IP : 185.179.188.62 ----------
REQUEST URI : /index.php?route=product/product/review&amp;product_id=199
MOD DETAILS:
   modFile   : /home/canmotalka/web/can-motalka.ru/public_html/vqmod/xml/lightning.xml
   id        : OpenCart Lightning
   version   : 3.37
   vqmver    : 
   author    : MaxD http://devs.mx

File Name    : system/library/cache.php(0)
VQModObject::applyMod - SEARCH NOT FOUND (SKIPPED): if (is_file(DIR_SYSTEM . 'library/journal3/vendor/SuperCache

----------------------------------------------------------------------


---------- Date: 2026-03-28 08:52:25 ~ IP : 185.179.188.62 ----------
REQUEST URI : /index.php?route=module/popupcart_extended
MOD DETAILS:
   modFile   : /home/canmotalka/web/can-motalka.ru/public_html/vqmod/xml/lightning.xml
   id        : OpenCart Lightning
   version   : 3.37
   vqmver    : 
   author    : MaxD http://devs.mx

File Name    : system/library/cache.php(0)
VQModObject::applyMod - SEARCH NOT FOUND (SKIPPED): if (is_file(DIR_SYSTEM . 'library/journal3/vendor/SuperCache

----------------------------------------------------------------------


---------- Date: 2026-03-28 08:57:45 ~ IP : 185.179.188.62 ----------
REQUEST URI : /motalki/%20moskvich/
MOD DETAILS:
   modFile   : /home/canmotalka/web/can-motalka.ru/public_html/vqmod/xml/lightning.xml
   id        : OpenCart Lightning
   version   : 3.37
   vqmver    : 
   author    : MaxD http://devs.mx

File Name    : system/library/cache.php(0)
VQModObject::applyMod - SEARCH NOT FOUND (SKIPPED): if (is_file(DIR_SYSTEM . 'library/journal3/vendor/SuperCache

----------------------------------------------------------------------


---------- Date: 2026-03-28 08:58:52 ~ IP : 185.179.188.62 ----------
REQUEST URI : /sitemap.xml%200
MOD DETAILS:
   modFile   : /home/canmotalka/web/can-motalka.ru/public_html/vqmod/xml/lightning.xml
   id        : OpenCart Lightning
   version   : 3.37
   vqmver    : 
   author    : MaxD http://devs.mx

File Name    : system/library/cache.php(0)
VQModObject::applyMod - SEARCH NOT FOUND (SKIPPED): if (is_file(DIR_SYSTEM . 'library/journal3/vendor/SuperCache

----------------------------------------------------------------------


---------- Date: 2026-03-28 08:58:53 ~ IP : 185.179.188.62 ----------
REQUEST URI : /sitemap/
MOD DETAILS:
   modFile   : /home/canmotalka/web/can-motalka.ru/public_html/vqmod/xml/lightning.xml
   id        : OpenCart Lightning
   version   : 3.37
   vqmver    : 
   author    : MaxD http://devs.mx

File Name    : system/library/cache.php(0)
VQModObject::applyMod - SEARCH NOT FOUND (SKIPPED): if (is_file(DIR_SYSTEM . 'library/journal3/vendor/SuperCache

----------------------------------------------------------------------


---------- Date: 2026-03-28 08:58:54 ~ IP : 185.179.188.62 ----------
REQUEST URI : /instrukciya-podmotka-duster/
MOD DETAILS:
   modFile   : /home/canmotalka/web/can-motalka.ru/public_html/vqmod/xml/lightning.xml
   id        : OpenCart Lightning
   version   : 3.37
   vqmver    : 
   author    : MaxD http://devs.mx

File Name    : system/library/cache.php(0)
VQModObject::applyMod - SEARCH NOT FOUND (SKIPPED): if (is_file(DIR_SYSTEM . 'library/journal3/vendor/SuperCache

----------------------------------------------------------------------


---------- Date: 2026-03-28 09:00:59 ~ IP : 185.179.188.62 ----------
REQUEST URI : /podmotka-spidometra-volkswagen-transporter-t5/
MOD DETAILS:
   modFile   : /home/canmotalka/web/can-motalka.ru/public_html/vqmod/xml/lightning.xml
   id        : OpenCart Lightning
   version   : 3.37
   vqmver    : 
   author    : MaxD http://devs.mx

File Name    : system/library/cache.php(0)
VQModObject::applyMod - SEARCH NOT FOUND (SKIPPED): if (is_file(DIR_SYSTEM . 'library/journal3/vendor/SuperCache

----------------------------------------------------------------------


---------- Date: 2026-03-28 09:01:01 ~ IP : 185.179.188.62 ----------
REQUEST URI : /index.php?route=product/product/review&amp;product_id=227
MOD DETAILS:
   modFile   : /home/canmotalka/web/can-motalka.ru/public_html/vqmod/xml/lightning.xml
   id        : OpenCart Lightning
   version   : 3.37
   vqmver    : 
   author    : MaxD http://devs.mx

File Name    : system/library/cache.php(0)
VQModObject::applyMod - SEARCH NOT FOUND (SKIPPED): if (is_file(DIR_SYSTEM . 'library/journal3/vendor/SuperCache

----------------------------------------------------------------------


---------- Date: 2026-03-28 09:04:07 ~ IP : 185.179.188.62 ----------
REQUEST URI : /.well-known/traffic-advice
MOD DETAILS:
   modFile   : /home/canmotalka/web/can-motalka.ru/public_html/vqmod/xml/lightning.xml
   id        : OpenCart Lightning
   version   : 3.37
   vqmver    : 
   author    : MaxD http://devs.mx

File Name    : system/library/cache.php(0)
VQModObject::applyMod - SEARCH NOT FOUND (SKIPPED): if (is_file(DIR_SYSTEM . 'library/journal3/vendor/SuperCache

----------------------------------------------------------------------


---------- Date: 2026-03-28 09:04:07 ~ IP : 185.179.188.62 ----------
REQUEST URI : /podmotka_spidometra/
MOD DETAILS:
   modFile   : /home/canmotalka/web/can-motalka.ru/public_html/vqmod/xml/lightning.xml
   id        : OpenCart Lightning
   version   : 3.37
   vqmver    : 
   author    : MaxD http://devs.mx

File Name    : system/library/cache.php(0)
VQModObject::applyMod - SEARCH NOT FOUND (SKIPPED): if (is_file(DIR_SYSTEM . 'library/journal3/vendor/SuperCache

----------------------------------------------------------------------


---------- Date: 2026-03-28 09:04:32 ~ IP : 185.179.188.62 ----------
REQUEST URI : /index.php?route=module/popupcart_extended
MOD DETAILS:
   modFile   : /home/canmotalka/web/can-motalka.ru/public_html/vqmod/xml/lightning.xml
   id        : OpenCart Lightning
   version   : 3.37
   vqmver    : 
   author    : MaxD http://devs.mx

File Name    : system/library/cache.php(0)
VQModObject::applyMod - SEARCH NOT FOUND (SKIPPED): if (is_file(DIR_SYSTEM . 'library/journal3/vendor/SuperCache

----------------------------------------------------------------------


---------- Date: 2026-03-28 09:05:42 ~ IP : 185.179.188.62 ----------
REQUEST URI : /otzyvy/?page=13
MOD DETAILS:
   modFile   : /home/canmotalka/web/can-motalka.ru/public_html/vqmod/xml/lightning.xml
   id        : OpenCart Lightning
   version   : 3.37
   vqmver    : 
   author    : MaxD http://devs.mx

File Name    : system/library/cache.php(0)
VQModObject::applyMod - SEARCH NOT FOUND (SKIPPED): if (is_file(DIR_SYSTEM . 'library/journal3/vendor/SuperCache

----------------------------------------------------------------------


---------- Date: 2026-03-28 09:09:34 ~ IP : 185.179.188.62 ----------
REQUEST URI : /podmotka_spidometra/?ysclid=mn9xkcxvn151849889
MOD DETAILS:
   modFile   : /home/canmotalka/web/can-motalka.ru/public_html/vqmod/xml/lightning.xml
   id        : OpenCart Lightning
   version   : 3.37
   vqmver    : 
   author    : MaxD http://devs.mx

File Name    : system/library/cache.php(0)
VQModObject::applyMod - SEARCH NOT FOUND (SKIPPED): if (is_file(DIR_SYSTEM . 'library/journal3/vendor/SuperCache

----------------------------------------------------------------------


---------- Date: 2026-03-28 09:09:35 ~ IP : 185.179.188.62 ----------
REQUEST URI : /podmotka_spidometra/
MOD DETAILS:
   modFile   : /home/canmotalka/web/can-motalka.ru/public_html/vqmod/xml/lightning.xml
   id        : OpenCart Lightning
   version   : 3.37
   vqmver    : 
   author    : MaxD http://devs.mx

File Name    : system/library/cache.php(0)
VQModObject::applyMod - SEARCH NOT FOUND (SKIPPED): if (is_file(DIR_SYSTEM . 'library/journal3/vendor/SuperCache

----------------------------------------------------------------------


---------- Date: 2026-03-28 09:09:35 ~ IP : 185.179.188.62 ----------
REQUEST URI : /index.php?route=module/popupcart_extended
MOD DETAILS:
   modFile   : /home/canmotalka/web/can-motalka.ru/public_html/vqmod/xml/lightning.xml
   id        : OpenCart Lightning
   version   : 3.37
   vqmver    : 
   author    : MaxD http://devs.mx

File Name    : system/library/cache.php(0)
VQModObject::applyMod - SEARCH NOT FOUND (SKIPPED): if (is_file(DIR_SYSTEM . 'library/journal3/vendor/SuperCache

----------------------------------------------------------------------


---------- Date: 2026-03-28 09:12:03 ~ IP : 185.179.188.62 ----------
REQUEST URI : /podmotka-spidometra-volkswagen-crafter/?ysclid=mn9xnhj79k201690738
MOD DETAILS:
   modFile   : /home/canmotalka/web/can-motalka.ru/public_html/vqmod/xml/lightning.xml
   id        : OpenCart Lightning
   version   : 3.37
   vqmver    : 
   author    : MaxD http://devs.mx

File Name    : system/library/cache.php(0)
VQModObject::applyMod - SEARCH NOT FOUND (SKIPPED): if (is_file(DIR_SYSTEM . 'library/journal3/vendor/SuperCache

----------------------------------------------------------------------


---------- Date: 2026-03-28 09:12:06 ~ IP : 185.179.188.62 ----------
REQUEST URI : /podmotka-spidometra-henday-sonata-8/
MOD DETAILS:
   modFile   : /home/canmotalka/web/can-motalka.ru/public_html/vqmod/xml/lightning.xml
   id        : OpenCart Lightning
   version   : 3.37
   vqmver    : 
   author    : MaxD http://devs.mx

File Name    : system/library/cache.php(0)
VQModObject::applyMod - SEARCH NOT FOUND (SKIPPED): if (is_file(DIR_SYSTEM . 'library/journal3/vendor/SuperCache

----------------------------------------------------------------------


---------- Date: 2026-03-28 09:12:07 ~ IP : 185.179.188.62 ----------
REQUEST URI : /otzyvy/
MOD DETAILS:
   modFile   : /home/canmotalka/web/can-motalka.ru/public_html/vqmod/xml/lightning.xml
   id        : OpenCart Lightning
   version   : 3.37
   vqmver    : 
   author    : MaxD http://devs.mx

File Name    : system/library/cache.php(0)
VQModObject::applyMod - SEARCH NOT FOUND (SKIPPED): if (is_file(DIR_SYSTEM . 'library/journal3/vendor/SuperCache

----------------------------------------------------------------------


---------- Date: 2026-03-28 09:12:29 ~ IP : 185.179.188.62 ----------
REQUEST URI : /podmotka-spidometra-volkswagen-crafter/
MOD DETAILS:
   modFile   : /home/canmotalka/web/can-motalka.ru/public_html/vqmod/xml/lightning.xml
   id        : OpenCart Lightning
   version   : 3.37
   vqmver    : 
   author    : MaxD http://devs.mx

File Name    : system/library/cache.php(0)
VQModObject::applyMod - SEARCH NOT FOUND (SKIPPED): if (is_file(DIR_SYSTEM . 'library/journal3/vendor/SuperCache

----------------------------------------------------------------------


---------- Date: 2026-03-28 09:15:14 ~ IP : 185.179.188.62 ----------
REQUEST URI : /test/
MOD DETAILS:
   modFile   : /home/canmotalka/web/can-motalka.ru/public_html/vqmod/xml/lightning.xml
   id        : OpenCart Lightning
   version   : 3.37
   vqmver    : 
   author    : MaxD http://devs.mx

File Name    : system/library/cache.php(0)
VQModObject::applyMod - SEARCH NOT FOUND (SKIPPED): if (is_file(DIR_SYSTEM . 'library/journal3/vendor/SuperCache

----------------------------------------------------------------------


---------- Date: 2026-03-28 09:19:22 ~ IP : 185.179.188.62 ----------
REQUEST URI : /kak-rabotaet-podmotka-spidometra/
MOD DETAILS:
   modFile   : /home/canmotalka/web/can-motalka.ru/public_html/vqmod/xml/lightning.xml
   id        : OpenCart Lightning
   version   : 3.37
   vqmver    : 
   author    : MaxD http://devs.mx

File Name    : system/library/cache.php(0)
VQModObject::applyMod - SEARCH NOT FOUND (SKIPPED): if (is_file(DIR_SYSTEM . 'library/journal3/vendor/SuperCache

----------------------------------------------------------------------


---------- Date: 2026-03-28 09:21:24 ~ IP : 185.179.188.62 ----------
REQUEST URI : /instrukciya-podmotka-kamaz/
MOD DETAILS:
   modFile   : /home/canmotalka/web/can-motalka.ru/public_html/vqmod/xml/lightning.xml
   id        : OpenCart Lightning
   version   : 3.37
   vqmver    : 
   author    : MaxD http://devs.mx

File Name    : system/library/cache.php(0)
VQModObject::applyMod - SEARCH NOT FOUND (SKIPPED): if (is_file(DIR_SYSTEM . 'library/journal3/vendor/SuperCache

----------------------------------------------------------------------


---------- Date: 2026-03-28 09:21:24 ~ IP : 185.179.188.62 ----------
REQUEST URI : /index.php?route=module/popupcart_extended
MOD DETAILS:
   modFile   : /home/canmotalka/web/can-motalka.ru/public_html/vqmod/xml/lightning.xml
   id        : OpenCart Lightning
   version   : 3.37
   vqmver    : 
   author    : MaxD http://devs.mx

File Name    : system/library/cache.php(0)
VQModObject::applyMod - SEARCH NOT FOUND (SKIPPED): if (is_file(DIR_SYSTEM . 'library/journal3/vendor/SuperCache

----------------------------------------------------------------------


---------- Date: 2026-03-28 09:25:13 ~ IP : 185.179.188.62 ----------
REQUEST URI : /patriot_re/?ysclid=mn9y4fbshx320852005
MOD DETAILS:
   modFile   : /home/canmotalka/web/can-motalka.ru/public_html/vqmod/xml/lightning.xml
   id        : OpenCart Lightning
   version   : 3.37
   vqmver    : 
   author    : MaxD http://devs.mx

File Name    : system/library/cache.php(0)
VQModObject::applyMod - SEARCH NOT FOUND (SKIPPED): if (is_file(DIR_SYSTEM . 'library/journal3/vendor/SuperCache

----------------------------------------------------------------------


---------- Date: 2026-03-28 09:25:14 ~ IP : 185.179.188.62 ----------
REQUEST URI : /patriot_re/
MOD DETAILS:
   modFile   : /home/canmotalka/web/can-motalka.ru/public_html/vqmod/xml/lightning.xml
   id        : OpenCart Lightning
   version   : 3.37
   vqmver    : 
   author    : MaxD http://devs.mx

File Name    : system/library/cache.php(0)
VQModObject::applyMod - SEARCH NOT FOUND (SKIPPED): if (is_file(DIR_SYSTEM . 'library/journal3/vendor/SuperCache

----------------------------------------------------------------------


---------- Date: 2026-03-28 09:36:07 ~ IP : 185.179.188.62 ----------
REQUEST URI : /podmotka-spidometra-dlya-lada-granta-bez-abs-bezlimitnaya/
MOD DETAILS:
   modFile   : /home/canmotalka/web/can-motalka.ru/public_html/vqmod/xml/lightning.xml
   id        : OpenCart Lightning
   version   : 3.37
   vqmver    : 
   author    : MaxD http://devs.mx

File Name    : system/library/cache.php(0)
VQModObject::applyMod - SEARCH NOT FOUND (SKIPPED): if (is_file(DIR_SYSTEM . 'library/journal3/vendor/SuperCache

----------------------------------------------------------------------


---------- Date: 2026-03-28 09:37:19 ~ IP : 185.179.188.62 ----------
REQUEST URI : /podmotka-spidometra-peugeot-traveller/
MOD DETAILS:
   modFile   : /home/canmotalka/web/can-motalka.ru/public_html/vqmod/xml/lightning.xml
   id        : OpenCart Lightning
   version   : 3.37
   vqmver    : 
   author    : MaxD http://devs.mx

File Name    : system/library/cache.php(0)
VQModObject::applyMod - SEARCH NOT FOUND (SKIPPED): if (is_file(DIR_SYSTEM . 'library/journal3/vendor/SuperCache

----------------------------------------------------------------------


---------- Date: 2026-03-28 09:42:27 ~ IP : 185.179.188.62 ----------
REQUEST URI : /podmotka-spidometra-toyota-rav4/
MOD DETAILS:
   modFile   : /home/canmotalka/web/can-motalka.ru/public_html/vqmod/xml/lightning.xml
   id        : OpenCart Lightning
   version   : 3.37
   vqmver    : 
   author    : MaxD http://devs.mx

File Name    : system/library/cache.php(0)
VQModObject::applyMod - SEARCH NOT FOUND (SKIPPED): if (is_file(DIR_SYSTEM . 'library/journal3/vendor/SuperCache

----------------------------------------------------------------------


---------- Date: 2026-03-28 09:43:23 ~ IP : 185.179.188.62 ----------
REQUEST URI : /podmotka-spidometra-niva-travel/
MOD DETAILS:
   modFile   : /home/canmotalka/web/can-motalka.ru/public_html/vqmod/xml/lightning.xml
   id        : OpenCart Lightning
   version   : 3.37
   vqmver    : 
   author    : MaxD http://devs.mx

File Name    : system/library/cache.php(0)
VQModObject::applyMod - SEARCH NOT FOUND (SKIPPED): if (is_file(DIR_SYSTEM . 'library/journal3/vendor/SuperCache

----------------------------------------------------------------------


---------- Date: 2026-03-28 09:44:12 ~ IP : 185.179.188.62 ----------
REQUEST URI : /instrukciya-podmotka-niva-travel-chevrolet/
MOD DETAILS:
   modFile   : /home/canmotalka/web/can-motalka.ru/public_html/vqmod/xml/lightning.xml
   id        : OpenCart Lightning
   version   : 3.37
   vqmver    : 
   author    : MaxD http://devs.mx

File Name    : system/library/cache.php(0)
VQModObject::applyMod - SEARCH NOT FOUND (SKIPPED): if (is_file(DIR_SYSTEM . 'library/journal3/vendor/SuperCache

----------------------------------------------------------------------


---------- Date: 2026-03-28 09:44:45 ~ IP : 185.179.188.62 ----------
REQUEST URI : /namotchik-probega-dlya-audi-q5/
MOD DETAILS:
   modFile   : /home/canmotalka/web/can-motalka.ru/public_html/vqmod/xml/lightning.xml
   id        : OpenCart Lightning
   version   : 3.37
   vqmver    : 
   author    : MaxD http://devs.mx

File Name    : system/library/cache.php(0)
VQModObject::applyMod - SEARCH NOT FOUND (SKIPPED): if (is_file(DIR_SYSTEM . 'library/journal3/vendor/SuperCache

----------------------------------------------------------------------


---------- Date: 2026-03-28 09:45:01 ~ IP : 185.179.188.62 ----------
REQUEST URI : /index.php?route=product/product/review&amp;product_id=237
MOD DETAILS:
   modFile   : /home/canmotalka/web/can-motalka.ru/public_html/vqmod/xml/lightning.xml
   id        : OpenCart Lightning
   version   : 3.37
   vqmver    : 
   author    : MaxD http://devs.mx

File Name    : system/library/cache.php(0)
VQModObject::applyMod - SEARCH NOT FOUND (SKIPPED): if (is_file(DIR_SYSTEM . 'library/journal3/vendor/SuperCache

----------------------------------------------------------------------


---------- Date: 2026-03-28 09:45:08 ~ IP : 185.179.188.62 ----------
REQUEST URI : /index.php?route=module/popupcart_extended
MOD DETAILS:
   modFile   : /home/canmotalka/web/can-motalka.ru/public_html/vqmod/xml/lightning.xml
   id        : OpenCart Lightning
   version   : 3.37
   vqmver    : 
   author    : MaxD http://devs.mx

File Name    : system/library/cache.php(0)
VQModObject::applyMod - SEARCH NOT FOUND (SKIPPED): if (is_file(DIR_SYSTEM . 'library/journal3/vendor/SuperCache

----------------------------------------------------------------------


---------- Date: 2026-03-28 09:48:16 ~ IP : 185.179.188.62 ----------
REQUEST URI : /?ysclid=mn9yy24zob120251413
MOD DETAILS:
   modFile   : /home/canmotalka/web/can-motalka.ru/public_html/vqmod/xml/lightning.xml
   id        : OpenCart Lightning
   version   : 3.37
   vqmver    : 
   author    : MaxD http://devs.mx

File Name    : system/library/cache.php(0)
VQModObject::applyMod - SEARCH NOT FOUND (SKIPPED): if (is_file(DIR_SYSTEM . 'library/journal3/vendor/SuperCache

----------------------------------------------------------------------


---------- Date: 2026-03-28 09:50:39 ~ IP : 185.179.188.62 ----------
REQUEST URI : /instrukciya-podmotka-niva-travel-chevrolet/
MOD DETAILS:
   modFile   : /home/canmotalka/web/can-motalka.ru/public_html/vqmod/xml/lightning.xml
   id        : OpenCart Lightning
   version   : 3.37
   vqmver    : 
   author    : MaxD http://devs.mx

File Name    : system/library/cache.php(0)
VQModObject::applyMod - SEARCH NOT FOUND (SKIPPED): if (is_file(DIR_SYSTEM . 'library/journal3/vendor/SuperCache

----------------------------------------------------------------------


---------- Date: 2026-03-28 09:53:01 ~ IP : 185.179.188.62 ----------
REQUEST URI : /podmotka-spidometra-nissan-almera/
MOD DETAILS:
   modFile   : /home/canmotalka/web/can-motalka.ru/public_html/vqmod/xml/lightning.xml
   id        : OpenCart Lightning
   version   : 3.37
   vqmver    : 
   author    : MaxD http://devs.mx

File Name    : system/library/cache.php(0)
VQModObject::applyMod - SEARCH NOT FOUND (SKIPPED): if (is_file(DIR_SYSTEM . 'library/journal3/vendor/SuperCache

----------------------------------------------------------------------


---------- Date: 2026-03-28 09:53:03 ~ IP : 185.179.188.62 ----------
REQUEST URI : /index.php?route=product/product/review&amp;product_id=289
MOD DETAILS:
   modFile   : /home/canmotalka/web/can-motalka.ru/public_html/vqmod/xml/lightning.xml
   id        : OpenCart Lightning
   version   : 3.37
   vqmver    : 
   author    : MaxD http://devs.mx

File Name    : system/library/cache.php(0)
VQModObject::applyMod - SEARCH NOT FOUND (SKIPPED): if (is_file(DIR_SYSTEM . 'library/journal3/vendor/SuperCache

----------------------------------------------------------------------


---------- Date: 2026-03-28 09:53:03 ~ IP : 185.179.188.62 ----------
REQUEST URI : /index.php?route=module/popupcart_extended
MOD DETAILS:
   modFile   : /home/canmotalka/web/can-motalka.ru/public_html/vqmod/xml/lightning.xml
   id        : OpenCart Lightning
   version   : 3.37
   vqmver    : 
   author    : MaxD http://devs.mx

File Name    : system/library/cache.php(0)
VQModObject::applyMod - SEARCH NOT FOUND (SKIPPED): if (is_file(DIR_SYSTEM . 'library/journal3/vendor/SuperCache

----------------------------------------------------------------------


---------- Date: 2026-03-28 10:01:45 ~ IP : 185.179.188.62 ----------
REQUEST URI : /gazelle_biz_manual/
MOD DETAILS:
   modFile   : /home/canmotalka/web/can-motalka.ru/public_html/vqmod/xml/lightning.xml
   id        : OpenCart Lightning
   version   : 3.37
   vqmver    : 
   author    : MaxD http://devs.mx

File Name    : system/library/cache.php(0)
VQModObject::applyMod - SEARCH NOT FOUND (SKIPPED): if (is_file(DIR_SYSTEM . 'library/journal3/vendor/SuperCache

----------------------------------------------------------------------


---------- Date: 2026-03-28 10:02:29 ~ IP : 185.179.188.62 ----------
REQUEST URI : /gazelle_biz_manual/
MOD DETAILS:
   modFile   : /home/canmotalka/web/can-motalka.ru/public_html/vqmod/xml/lightning.xml
   id        : OpenCart Lightning
   version   : 3.37
   vqmver    : 
   author    : MaxD http://devs.mx

File Name    : system/library/cache.php(0)
VQModObject::applyMod - SEARCH NOT FOUND (SKIPPED): if (is_file(DIR_SYSTEM . 'library/journal3/vendor/SuperCache

----------------------------------------------------------------------


---------- Date: 2026-03-28 10:05:40 ~ IP : 185.179.188.62 ----------
REQUEST URI : /otzyvy?page=12
MOD DETAILS:
   modFile   : /home/canmotalka/web/can-motalka.ru/public_html/vqmod/xml/lightning.xml
   id        : OpenCart Lightning
   version   : 3.37
   vqmver    : 
   author    : MaxD http://devs.mx

File Name    : system/library/cache.php(0)
VQModObject::applyMod - SEARCH NOT FOUND (SKIPPED): if (is_file(DIR_SYSTEM . 'library/journal3/vendor/SuperCache

----------------------------------------------------------------------


---------- Date: 2026-03-28 10:05:45 ~ IP : 185.179.188.62 ----------
REQUEST URI : /otzyvy/?page=12
MOD DETAILS:
   modFile   : /home/canmotalka/web/can-motalka.ru/public_html/vqmod/xml/lightning.xml
   id        : OpenCart Lightning
   version   : 3.37
   vqmver    : 
   author    : MaxD http://devs.mx

File Name    : system/library/cache.php(0)
VQModObject::applyMod - SEARCH NOT FOUND (SKIPPED): if (is_file(DIR_SYSTEM . 'library/journal3/vendor/SuperCache

----------------------------------------------------------------------


---------- Date: 2026-03-28 10:10:13 ~ IP : 185.179.188.62 ----------
REQUEST URI : /.well-known/traffic-advice
MOD DETAILS:
   modFile   : /home/canmotalka/web/can-motalka.ru/public_html/vqmod/xml/lightning.xml
   id        : OpenCart Lightning
   version   : 3.37
   vqmver    : 
   author    : MaxD http://devs.mx

File Name    : system/library/cache.php(0)
VQModObject::applyMod - SEARCH NOT FOUND (SKIPPED): if (is_file(DIR_SYSTEM . 'library/journal3/vendor/SuperCache

----------------------------------------------------------------------


---------- Date: 2026-03-28 10:10:14 ~ IP : 185.179.188.62 ----------
REQUEST URI : /podmotka-spidometra-fiat-albea/
MOD DETAILS:
   modFile   : /home/canmotalka/web/can-motalka.ru/public_html/vqmod/xml/lightning.xml
   id        : OpenCart Lightning
   version   : 3.37
   vqmver    : 
   author    : MaxD http://devs.mx

File Name    : system/library/cache.php(0)
VQModObject::applyMod - SEARCH NOT FOUND (SKIPPED): if (is_file(DIR_SYSTEM . 'library/journal3/vendor/SuperCache

----------------------------------------------------------------------


---------- Date: 2026-03-28 10:14:30 ~ IP : 185.179.188.62 ----------
REQUEST URI : /podmotka-spidometra-gazel-nekst/
MOD DETAILS:
   modFile   : /home/canmotalka/web/can-motalka.ru/public_html/vqmod/xml/lightning.xml
   id        : OpenCart Lightning
   version   : 3.37
   vqmver    : 
   author    : MaxD http://devs.mx

File Name    : system/library/cache.php(0)
VQModObject::applyMod - SEARCH NOT FOUND (SKIPPED): if (is_file(DIR_SYSTEM . 'library/journal3/vendor/SuperCache

----------------------------------------------------------------------


---------- Date: 2026-03-28 10:15:12 ~ IP : 185.179.188.62 ----------
REQUEST URI : /kak-nastroit-podmotku-na-lada-vesta-xray/?ysclid=mn9zwpbgqy57573900
MOD DETAILS:
   modFile   : /home/canmotalka/web/can-motalka.ru/public_html/vqmod/xml/lightning.xml
   id        : OpenCart Lightning
   version   : 3.37
   vqmver    : 
   author    : MaxD http://devs.mx

File Name    : system/library/cache.php(0)
VQModObject::applyMod - SEARCH NOT FOUND (SKIPPED): if (is_file(DIR_SYSTEM . 'library/journal3/vendor/SuperCache

----------------------------------------------------------------------


---------- Date: 2026-03-28 10:15:13 ~ IP : 185.179.188.62 ----------
REQUEST URI : /kak-nastroit-podmotku-na-lada-vesta-xray/
MOD DETAILS:
   modFile   : /home/canmotalka/web/can-motalka.ru/public_html/vqmod/xml/lightning.xml
   id        : OpenCart Lightning
   version   : 3.37
   vqmver    : 
   author    : MaxD http://devs.mx

File Name    : system/library/cache.php(0)
VQModObject::applyMod - SEARCH NOT FOUND (SKIPPED): if (is_file(DIR_SYSTEM . 'library/journal3/vendor/SuperCache

----------------------------------------------------------------------


---------- Date: 2026-03-28 10:15:15 ~ IP : 185.179.188.62 ----------
REQUEST URI : /index.php?route=module/popupcart_extended
MOD DETAILS:
   modFile   : /home/canmotalka/web/can-motalka.ru/public_html/vqmod/xml/lightning.xml
   id        : OpenCart Lightning
   version   : 3.37
   vqmver    : 
   author    : MaxD http://devs.mx

File Name    : system/library/cache.php(0)
VQModObject::applyMod - SEARCH NOT FOUND (SKIPPED): if (is_file(DIR_SYSTEM . 'library/journal3/vendor/SuperCache

----------------------------------------------------------------------


---------- Date: 2026-03-28 10:16:14 ~ IP : 185.179.188.62 ----------
REQUEST URI : /podmotka-spidometra-fiat-albea/
MOD DETAILS:
   modFile   : /home/canmotalka/web/can-motalka.ru/public_html/vqmod/xml/lightning.xml
   id        : OpenCart Lightning
   version   : 3.37
   vqmver    : 
   author    : MaxD http://devs.mx

File Name    : system/library/cache.php(0)
VQModObject::applyMod - SEARCH NOT FOUND (SKIPPED): if (is_file(DIR_SYSTEM . 'library/journal3/vendor/SuperCache

----------------------------------------------------------------------


---------- Date: 2026-03-28 10:19:37 ~ IP : 185.179.188.62 ----------
REQUEST URI : /podmotka-spidometra-largus/
MOD DETAILS:
   modFile   : /home/canmotalka/web/can-motalka.ru/public_html/vqmod/xml/lightning.xml
   id        : OpenCart Lightning
   version   : 3.37
   vqmver    : 
   author    : MaxD http://devs.mx

File Name    : system/library/cache.php(0)
VQModObject::applyMod - SEARCH NOT FOUND (SKIPPED): if (is_file(DIR_SYSTEM . 'library/journal3/vendor/SuperCache

----------------------------------------------------------------------


---------- Date: 2026-03-28 10:20:06 ~ IP : 185.179.188.62 ----------
REQUEST URI : /index.php?route=product/product/review&amp;product_id=258
MOD DETAILS:
   modFile   : /home/canmotalka/web/can-motalka.ru/public_html/vqmod/xml/lightning.xml
   id        : OpenCart Lightning
   version   : 3.37
   vqmver    : 
   author    : MaxD http://devs.mx

File Name    : system/library/cache.php(0)
VQModObject::applyMod - SEARCH NOT FOUND (SKIPPED): if (is_file(DIR_SYSTEM . 'library/journal3/vendor/SuperCache

----------------------------------------------------------------------


---------- Date: 2026-03-28 10:20:07 ~ IP : 185.179.188.62 ----------
REQUEST URI : /index.php?route=module/popupcart_extended
MOD DETAILS:
   modFile   : /home/canmotalka/web/can-motalka.ru/public_html/vqmod/xml/lightning.xml
   id        : OpenCart Lightning
   version   : 3.37
   vqmver    : 
   author    : MaxD http://devs.mx

File Name    : system/library/cache.php(0)
VQModObject::applyMod - SEARCH NOT FOUND (SKIPPED): if (is_file(DIR_SYSTEM . 'library/journal3/vendor/SuperCache

----------------------------------------------------------------------


---------- Date: 2026-03-28 10:24:45 ~ IP : 185.179.188.62 ----------
REQUEST URI : /podmotka_vw_manual/
MOD DETAILS:
   modFile   : /home/canmotalka/web/can-motalka.ru/public_html/vqmod/xml/lightning.xml
   id        : OpenCart Lightning
   version   : 3.37
   vqmver    : 
   author    : MaxD http://devs.mx

File Name    : system/library/cache.php(0)
VQModObject::applyMod - SEARCH NOT FOUND (SKIPPED): if (is_file(DIR_SYSTEM . 'library/journal3/vendor/SuperCache

----------------------------------------------------------------------


---------- Date: 2026-03-28 10:25:23 ~ IP : 185.179.188.62 ----------
REQUEST URI : /podmotka-spidometra-lada-priora/
MOD DETAILS:
   modFile   : /home/canmotalka/web/can-motalka.ru/public_html/vqmod/xml/lightning.xml
   id        : OpenCart Lightning
   version   : 3.37
   vqmver    : 
   author    : MaxD http://devs.mx

File Name    : system/library/cache.php(0)
VQModObject::applyMod - SEARCH NOT FOUND (SKIPPED): if (is_file(DIR_SYSTEM . 'library/journal3/vendor/SuperCache

----------------------------------------------------------------------


---------- Date: 2026-03-28 10:31:05 ~ IP : 185.179.188.62 ----------
REQUEST URI : /niva_abs_re/
MOD DETAILS:
   modFile   : /home/canmotalka/web/can-motalka.ru/public_html/vqmod/xml/lightning.xml
   id        : OpenCart Lightning
   version   : 3.37
   vqmver    : 
   author    : MaxD http://devs.mx

File Name    : system/library/cache.php(0)
VQModObject::applyMod - SEARCH NOT FOUND (SKIPPED): if (is_file(DIR_SYSTEM . 'library/journal3/vendor/SuperCache

----------------------------------------------------------------------


---------- Date: 2026-03-28 10:32:24 ~ IP : 185.179.188.62 ----------
REQUEST URI : /podmotka-spidometra-skoda-rapid/
MOD DETAILS:
   modFile   : /home/canmotalka/web/can-motalka.ru/public_html/vqmod/xml/lightning.xml
   id        : OpenCart Lightning
   version   : 3.37
   vqmver    : 
   author    : MaxD http://devs.mx

File Name    : system/library/cache.php(0)
VQModObject::applyMod - SEARCH NOT FOUND (SKIPPED): if (is_file(DIR_SYSTEM . 'library/journal3/vendor/SuperCache

----------------------------------------------------------------------


---------- Date: 2026-03-28 10:33:14 ~ IP : 185.179.188.62 ----------
REQUEST URI : /podmotka-spidometra-dlya-lada-granta-fl-2018-2019-s-abs-bezlimitnaya/
MOD DETAILS:
   modFile   : /home/canmotalka/web/can-motalka.ru/public_html/vqmod/xml/lightning.xml
   id        : OpenCart Lightning
   version   : 3.37
   vqmver    : 
   author    : MaxD http://devs.mx

File Name    : system/library/cache.php(0)
VQModObject::applyMod - SEARCH NOT FOUND (SKIPPED): if (is_file(DIR_SYSTEM . 'library/journal3/vendor/SuperCache

----------------------------------------------------------------------


---------- Date: 2026-03-28 10:33:14 ~ IP : 185.179.188.62 ----------
REQUEST URI : /podmotka-spidometra-lada-granta-fl/
MOD DETAILS:
   modFile   : /home/canmotalka/web/can-motalka.ru/public_html/vqmod/xml/lightning.xml
   id        : OpenCart Lightning
   version   : 3.37
   vqmver    : 
   author    : MaxD http://devs.mx

File Name    : system/library/cache.php(0)
VQModObject::applyMod - SEARCH NOT FOUND (SKIPPED): if (is_file(DIR_SYSTEM . 'library/journal3/vendor/SuperCache

----------------------------------------------------------------------


---------- Date: 2026-03-28 10:38:15 ~ IP : 185.179.188.62 ----------
REQUEST URI : /kak-rabotaet-podmotka-spidometra/
MOD DETAILS:
   modFile   : /home/canmotalka/web/can-motalka.ru/public_html/vqmod/xml/lightning.xml
   id        : OpenCart Lightning
   version   : 3.37
   vqmver    : 
   author    : MaxD http://devs.mx

File Name    : system/library/cache.php(0)
VQModObject::applyMod - SEARCH NOT FOUND (SKIPPED): if (is_file(DIR_SYSTEM . 'library/journal3/vendor/SuperCache

----------------------------------------------------------------------


---------- Date: 2026-03-28 10:39:04 ~ IP : 185.179.188.62 ----------
REQUEST URI : /namotchik-probega-dlya-audi-a8/
MOD DETAILS:
   modFile   : /home/canmotalka/web/can-motalka.ru/public_html/vqmod/xml/lightning.xml
   id        : OpenCart Lightning
   version   : 3.37
   vqmver    : 
   author    : MaxD http://devs.mx

File Name    : system/library/cache.php(0)
VQModObject::applyMod - SEARCH NOT FOUND (SKIPPED): if (is_file(DIR_SYSTEM . 'library/journal3/vendor/SuperCache

----------------------------------------------------------------------


---------- Date: 2026-03-28 10:39:22 ~ IP : 185.179.188.62 ----------
REQUEST URI : /index.php?route=product/product/review&amp;product_id=235
MOD DETAILS:
   modFile   : /home/canmotalka/web/can-motalka.ru/public_html/vqmod/xml/lightning.xml
   id        : OpenCart Lightning
   version   : 3.37
   vqmver    : 
   author    : MaxD http://devs.mx

File Name    : system/library/cache.php(0)
VQModObject::applyMod - SEARCH NOT FOUND (SKIPPED): if (is_file(DIR_SYSTEM . 'library/journal3/vendor/SuperCache

----------------------------------------------------------------------


---------- Date: 2026-03-28 10:39:31 ~ IP : 185.179.188.62 ----------
REQUEST URI : /index.php?route=module/popupcart_extended
MOD DETAILS:
   modFile   : /home/canmotalka/web/can-motalka.ru/public_html/vqmod/xml/lightning.xml
   id        : OpenCart Lightning
   version   : 3.37
   vqmver    : 
   author    : MaxD http://devs.mx

File Name    : system/library/cache.php(0)
VQModObject::applyMod - SEARCH NOT FOUND (SKIPPED): if (is_file(DIR_SYSTEM . 'library/journal3/vendor/SuperCache

----------------------------------------------------------------------


---------- Date: 2026-03-28 10:50:11 ~ IP : 185.179.188.62 ----------
REQUEST URI : /xmlrpc.php
MOD DETAILS:
   modFile   : /home/canmotalka/web/can-motalka.ru/public_html/vqmod/xml/lightning.xml
   id        : OpenCart Lightning
   version   : 3.37
   vqmver    : 
   author    : MaxD http://devs.mx

File Name    : system/library/cache.php(0)
VQModObject::applyMod - SEARCH NOT FOUND (SKIPPED): if (is_file(DIR_SYSTEM . 'library/journal3/vendor/SuperCache

----------------------------------------------------------------------


---------- Date: 2026-03-28 10:53:32 ~ IP : 185.179.188.62 ----------
REQUEST URI : /instrukciya-dlya-podmotki-lada-niva/
MOD DETAILS:
   modFile   : /home/canmotalka/web/can-motalka.ru/public_html/vqmod/xml/lightning.xml
   id        : OpenCart Lightning
   version   : 3.37
   vqmver    : 
   author    : MaxD http://devs.mx

File Name    : system/library/cache.php(0)
VQModObject::applyMod - SEARCH NOT FOUND (SKIPPED): if (is_file(DIR_SYSTEM . 'library/journal3/vendor/SuperCache

----------------------------------------------------------------------


---------- Date: 2026-03-28 10:53:32 ~ IP : 185.179.188.62 ----------
REQUEST URI : /index.php?route=module/popupcart_extended
MOD DETAILS:
   modFile   : /home/canmotalka/web/can-motalka.ru/public_html/vqmod/xml/lightning.xml
   id        : OpenCart Lightning
   version   : 3.37
   vqmver    : 
   author    : MaxD http://devs.mx

File Name    : system/library/cache.php(0)
VQModObject::applyMod - SEARCH NOT FOUND (SKIPPED): if (is_file(DIR_SYSTEM . 'library/journal3/vendor/SuperCache

----------------------------------------------------------------------


---------- Date: 2026-03-28 10:55:01 ~ IP : 185.179.188.62 ----------
REQUEST URI : /motalki/nissan/
MOD DETAILS:
   modFile   : /home/canmotalka/web/can-motalka.ru/public_html/vqmod/xml/lightning.xml
   id        : OpenCart Lightning
   version   : 3.37
   vqmver    : 
   author    : MaxD http://devs.mx

File Name    : system/library/cache.php(0)
VQModObject::applyMod - SEARCH NOT FOUND (SKIPPED): if (is_file(DIR_SYSTEM . 'library/journal3/vendor/SuperCache

----------------------------------------------------------------------


---------- Date: 2026-03-28 10:55:13 ~ IP : 185.179.188.62 ----------
REQUEST URI : /tranzit_new_videomanual/
MOD DETAILS:
   modFile   : /home/canmotalka/web/can-motalka.ru/public_html/vqmod/xml/lightning.xml
   id        : OpenCart Lightning
   version   : 3.37
   vqmver    : 
   author    : MaxD http://devs.mx

File Name    : system/library/cache.php(0)
VQModObject::applyMod - SEARCH NOT FOUND (SKIPPED): if (is_file(DIR_SYSTEM . 'library/journal3/vendor/SuperCache

----------------------------------------------------------------------


---------- Date: 2026-03-28 11:04:40 ~ IP : 185.179.188.62 ----------
REQUEST URI : /podmotka_vw_manual/
MOD DETAILS:
   modFile   : /home/canmotalka/web/can-motalka.ru/public_html/vqmod/xml/lightning.xml
   id        : OpenCart Lightning
   version   : 3.37
   vqmver    : 
   author    : MaxD http://devs.mx

File Name    : system/library/cache.php(0)
VQModObject::applyMod - SEARCH NOT FOUND (SKIPPED): if (is_file(DIR_SYSTEM . 'library/journal3/vendor/SuperCache

----------------------------------------------------------------------


---------- Date: 2026-03-28 11:15:57 ~ IP : 185.179.188.62 ----------
REQUEST URI : /instrukciya-dlya-podmotki-lada-niva/
MOD DETAILS:
   modFile   : /home/canmotalka/web/can-motalka.ru/public_html/vqmod/xml/lightning.xml
   id        : OpenCart Lightning
   version   : 3.37
   vqmver    : 
   author    : MaxD http://devs.mx

File Name    : system/library/cache.php(0)
VQModObject::applyMod - SEARCH NOT FOUND (SKIPPED): if (is_file(DIR_SYSTEM . 'library/journal3/vendor/SuperCache

----------------------------------------------------------------------


---------- Date: 2026-03-28 11:15:57 ~ IP : 185.179.188.62 ----------
REQUEST URI : /instrukciya-dlya-podmotki-lada-niva/
MOD DETAILS:
   modFile   : /home/canmotalka/web/can-motalka.ru/public_html/vqmod/xml/lightning.xml
   id        : OpenCart Lightning
   version   : 3.37
   vqmver    : 
   author    : MaxD http://devs.mx

File Name    : system/library/cache.php(0)
VQModObject::applyMod - SEARCH NOT FOUND (SKIPPED): if (is_file(DIR_SYSTEM . 'library/journal3/vendor/SuperCache

----------------------------------------------------------------------


---------- Date: 2026-03-28 11:20:16 ~ IP : 185.179.188.62 ----------
REQUEST URI : /podmotka_uaz_re/?ysclid=mna28dh7j4489942529
MOD DETAILS:
   modFile   : /home/canmotalka/web/can-motalka.ru/public_html/vqmod/xml/lightning.xml
   id        : OpenCart Lightning
   version   : 3.37
   vqmver    : 
   author    : MaxD http://devs.mx

File Name    : system/library/cache.php(0)
VQModObject::applyMod - SEARCH NOT FOUND (SKIPPED): if (is_file(DIR_SYSTEM . 'library/journal3/vendor/SuperCache

----------------------------------------------------------------------


---------- Date: 2026-03-28 11:20:16 ~ IP : 185.179.188.62 ----------
REQUEST URI : /podmotka_uaz_re/
MOD DETAILS:
   modFile   : /home/canmotalka/web/can-motalka.ru/public_html/vqmod/xml/lightning.xml
   id        : OpenCart Lightning
   version   : 3.37
   vqmver    : 
   author    : MaxD http://devs.mx

File Name    : system/library/cache.php(0)
VQModObject::applyMod - SEARCH NOT FOUND (SKIPPED): if (is_file(DIR_SYSTEM . 'library/journal3/vendor/SuperCache

----------------------------------------------------------------------


---------- Date: 2026-03-28 11:20:33 ~ IP : 185.179.188.62 ----------
REQUEST URI : /index.php?route=module/popupcart_extended
MOD DETAILS:
   modFile   : /home/canmotalka/web/can-motalka.ru/public_html/vqmod/xml/lightning.xml
   id        : OpenCart Lightning
   version   : 3.37
   vqmver    : 
   author    : MaxD http://devs.mx

File Name    : system/library/cache.php(0)
VQModObject::applyMod - SEARCH NOT FOUND (SKIPPED): if (is_file(DIR_SYSTEM . 'library/journal3/vendor/SuperCache

----------------------------------------------------------------------


---------- Date: 2026-03-28 11:22:17 ~ IP : 185.179.188.62 ----------
REQUEST URI : /instrukciya-podmotka-kamaz/
MOD DETAILS:
   modFile   : /home/canmotalka/web/can-motalka.ru/public_html/vqmod/xml/lightning.xml
   id        : OpenCart Lightning
   version   : 3.37
   vqmver    : 
   author    : MaxD http://devs.mx

File Name    : system/library/cache.php(0)
VQModObject::applyMod - SEARCH NOT FOUND (SKIPPED): if (is_file(DIR_SYSTEM . 'library/journal3/vendor/SuperCache

----------------------------------------------------------------------


---------- Date: 2026-03-28 11:22:18 ~ IP : 185.179.188.62 ----------
REQUEST URI : /index.php?route=module/popupcart_extended
MOD DETAILS:
   modFile   : /home/canmotalka/web/can-motalka.ru/public_html/vqmod/xml/lightning.xml
   id        : OpenCart Lightning
   version   : 3.37
   vqmver    : 
   author    : MaxD http://devs.mx

File Name    : system/library/cache.php(0)
VQModObject::applyMod - SEARCH NOT FOUND (SKIPPED): if (is_file(DIR_SYSTEM . 'library/journal3/vendor/SuperCache

----------------------------------------------------------------------


---------- Date: 2026-03-28 11:22:59 ~ IP : 185.179.188.62 ----------
REQUEST URI : /instrukciya-podmotka-kamaz/?ysclid=mna2buq565806312778
MOD DETAILS:
   modFile   : /home/canmotalka/web/can-motalka.ru/public_html/vqmod/xml/lightning.xml
   id        : OpenCart Lightning
   version   : 3.37
   vqmver    : 
   author    : MaxD http://devs.mx

File Name    : system/library/cache.php(0)
VQModObject::applyMod - SEARCH NOT FOUND (SKIPPED): if (is_file(DIR_SYSTEM . 'library/journal3/vendor/SuperCache

----------------------------------------------------------------------


---------- Date: 2026-03-28 11:22:59 ~ IP : 185.179.188.62 ----------
REQUEST URI : /instrukciya-podmotka-kamaz/
MOD DETAILS:
   modFile   : /home/canmotalka/web/can-motalka.ru/public_html/vqmod/xml/lightning.xml
   id        : OpenCart Lightning
   version   : 3.37
   vqmver    : 
   author    : MaxD http://devs.mx

File Name    : system/library/cache.php(0)
VQModObject::applyMod - SEARCH NOT FOUND (SKIPPED): if (is_file(DIR_SYSTEM . 'library/journal3/vendor/SuperCache

----------------------------------------------------------------------


---------- Date: 2026-03-28 11:23:00 ~ IP : 185.179.188.62 ----------
REQUEST URI : /index.php?route=module/popupcart_extended
MOD DETAILS:
   modFile   : /home/canmotalka/web/can-motalka.ru/public_html/vqmod/xml/lightning.xml
   id        : OpenCart Lightning
   version   : 3.37
   vqmver    : 
   author    : MaxD http://devs.mx

File Name    : system/library/cache.php(0)
VQModObject::applyMod - SEARCH NOT FOUND (SKIPPED): if (is_file(DIR_SYSTEM . 'library/journal3/vendor/SuperCache

----------------------------------------------------------------------


---------- Date: 2026-03-28 11:23:26 ~ IP : 185.179.188.62 ----------
REQUEST URI : /instrukciya-dlya-podmotki-lada-niva/
MOD DETAILS:
   modFile   : /home/canmotalka/web/can-motalka.ru/public_html/vqmod/xml/lightning.xml
   id        : OpenCart Lightning
   version   : 3.37
   vqmver    : 
   author    : MaxD http://devs.mx

File Name    : system/library/cache.php(0)
VQModObject::applyMod - SEARCH NOT FOUND (SKIPPED): if (is_file(DIR_SYSTEM . 'library/journal3/vendor/SuperCache

----------------------------------------------------------------------


---------- Date: 2026-03-28 11:24:45 ~ IP : 185.179.188.62 ----------
REQUEST URI : /index.php?route=module/popupcart_extended
MOD DETAILS:
   modFile   : /home/canmotalka/web/can-motalka.ru/public_html/vqmod/xml/lightning.xml
   id        : OpenCart Lightning
   version   : 3.37
   vqmver    : 
   author    : MaxD http://devs.mx

File Name    : system/library/cache.php(0)
VQModObject::applyMod - SEARCH NOT FOUND (SKIPPED): if (is_file(DIR_SYSTEM . 'library/journal3/vendor/SuperCache

----------------------------------------------------------------------


---------- Date: 2026-03-28 11:25:17 ~ IP : 185.179.188.62 ----------
REQUEST URI : /setting_php/prilidji-60/622-djenerik-viagra-cena-kostroma/
MOD DETAILS:
   modFile   : /home/canmotalka/web/can-motalka.ru/public_html/vqmod/xml/lightning.xml
   id        : OpenCart Lightning
   version   : 3.37
   vqmver    : 
   author    : MaxD http://devs.mx

File Name    : system/library/cache.php(0)
VQModObject::applyMod - SEARCH NOT FOUND (SKIPPED): if (is_file(DIR_SYSTEM . 'library/journal3/vendor/SuperCache

----------------------------------------------------------------------


---------- Date: 2026-03-28 11:30:00 ~ IP : 185.179.188.62 ----------
REQUEST URI : /namotchik-probega-dlya-opel-zafira/
MOD DETAILS:
   modFile   : /home/canmotalka/web/can-motalka.ru/public_html/vqmod/xml/lightning.xml
   id        : OpenCart Lightning
   version   : 3.37
   vqmver    : 
   author    : MaxD http://devs.mx

File Name    : system/library/cache.php(0)
VQModObject::applyMod - SEARCH NOT FOUND (SKIPPED): if (is_file(DIR_SYSTEM . 'library/journal3/vendor/SuperCache

----------------------------------------------------------------------


---------- Date: 2026-03-28 11:30:38 ~ IP : 185.179.188.62 ----------
REQUEST URI : /.well-known/traffic-advice
MOD DETAILS:
   modFile   : /home/canmotalka/web/can-motalka.ru/public_html/vqmod/xml/lightning.xml
   id        : OpenCart Lightning
   version   : 3.37
   vqmver    : 
   author    : MaxD http://devs.mx

File Name    : system/library/cache.php(0)
VQModObject::applyMod - SEARCH NOT FOUND (SKIPPED): if (is_file(DIR_SYSTEM . 'library/journal3/vendor/SuperCache

----------------------------------------------------------------------


---------- Date: 2026-03-28 11:30:39 ~ IP : 185.179.188.62 ----------
REQUEST URI : /patriot_re/
MOD DETAILS:
   modFile   : /home/canmotalka/web/can-motalka.ru/public_html/vqmod/xml/lightning.xml
   id        : OpenCart Lightning
   version   : 3.37
   vqmver    : 
   author    : MaxD http://devs.mx

File Name    : system/library/cache.php(0)
VQModObject::applyMod - SEARCH NOT FOUND (SKIPPED): if (is_file(DIR_SYSTEM . 'library/journal3/vendor/SuperCache

----------------------------------------------------------------------


---------- Date: 2026-03-28 11:31:31 ~ IP : 185.179.188.62 ----------
REQUEST URI : /patriot_re/
MOD DETAILS:
   modFile   : /home/canmotalka/web/can-motalka.ru/public_html/vqmod/xml/lightning.xml
   id        : OpenCart Lightning
   version   : 3.37
   vqmver    : 
   author    : MaxD http://devs.mx

File Name    : system/library/cache.php(0)
VQModObject::applyMod - SEARCH NOT FOUND (SKIPPED): if (is_file(DIR_SYSTEM . 'library/journal3/vendor/SuperCache

----------------------------------------------------------------------


---------- Date: 2026-03-28 11:39:54 ~ IP : 185.179.188.62 ----------
REQUEST URI : /podmotka-spidometra-henday-staria/
MOD DETAILS:
   modFile   : /home/canmotalka/web/can-motalka.ru/public_html/vqmod/xml/lightning.xml
   id        : OpenCart Lightning
   version   : 3.37
   vqmver    : 
   author    : MaxD http://devs.mx

File Name    : system/library/cache.php(0)
VQModObject::applyMod - SEARCH NOT FOUND (SKIPPED): if (is_file(DIR_SYSTEM . 'library/journal3/vendor/SuperCache

----------------------------------------------------------------------


---------- Date: 2026-03-28 11:39:55 ~ IP : 185.179.188.62 ----------
REQUEST URI : /podmotka-spidometra-henday-staria/
MOD DETAILS:
   modFile   : /home/canmotalka/web/can-motalka.ru/public_html/vqmod/xml/lightning.xml
   id        : OpenCart Lightning
   version   : 3.37
   vqmver    : 
   author    : MaxD http://devs.mx

File Name    : system/library/cache.php(0)
VQModObject::applyMod - SEARCH NOT FOUND (SKIPPED): if (is_file(DIR_SYSTEM . 'library/journal3/vendor/SuperCache

----------------------------------------------------------------------


---------- Date: 2026-03-28 11:40:25 ~ IP : 185.179.188.62 ----------
REQUEST URI : /motalka_spidometra_re/
MOD DETAILS:
   modFile   : /home/canmotalka/web/can-motalka.ru/public_html/vqmod/xml/lightning.xml
   id        : OpenCart Lightning
   version   : 3.37
   vqmver    : 
   author    : MaxD http://devs.mx

File Name    : system/library/cache.php(0)
VQModObject::applyMod - SEARCH NOT FOUND (SKIPPED): if (is_file(DIR_SYSTEM . 'library/journal3/vendor/SuperCache

----------------------------------------------------------------------


---------- Date: 2026-03-28 11:43:29 ~ IP : 185.179.188.62 ----------
REQUEST URI : /sitemap.xml
MOD DETAILS:
   modFile   : /home/canmotalka/web/can-motalka.ru/public_html/vqmod/xml/lightning.xml
   id        : OpenCart Lightning
   version   : 3.37
   vqmver    : 
   author    : MaxD http://devs.mx

File Name    : system/library/cache.php(0)
VQModObject::applyMod - SEARCH NOT FOUND (SKIPPED): if (is_file(DIR_SYSTEM . 'library/journal3/vendor/SuperCache

----------------------------------------------------------------------


---------- Date: 2026-03-28 11:43:41 ~ IP : 185.179.188.62 ----------
REQUEST URI : /gazelle_biz_manual/
MOD DETAILS:
   modFile   : /home/canmotalka/web/can-motalka.ru/public_html/vqmod/xml/lightning.xml
   id        : OpenCart Lightning
   version   : 3.37
   vqmver    : 
   author    : MaxD http://devs.mx

File Name    : system/library/cache.php(0)
VQModObject::applyMod - SEARCH NOT FOUND (SKIPPED): if (is_file(DIR_SYSTEM . 'library/journal3/vendor/SuperCache

----------------------------------------------------------------------


---------- Date: 2026-03-28 11:43:42 ~ IP : 185.179.188.62 ----------
REQUEST URI : /index.php?route=module/popupcart_extended
MOD DETAILS:
   modFile   : /home/canmotalka/web/can-motalka.ru/public_html/vqmod/xml/lightning.xml
   id        : OpenCart Lightning
   version   : 3.37
   vqmver    : 
   author    : MaxD http://devs.mx

File Name    : system/library/cache.php(0)
VQModObject::applyMod - SEARCH NOT FOUND (SKIPPED): if (is_file(DIR_SYSTEM . 'library/journal3/vendor/SuperCache

----------------------------------------------------------------------


---------- Date: 2026-03-28 11:45:27 ~ IP : 185.179.188.62 ----------
REQUEST URI : /otzyvy?page=28
MOD DETAILS:
   modFile   : /home/canmotalka/web/can-motalka.ru/public_html/vqmod/xml/lightning.xml
   id        : OpenCart Lightning
   version   : 3.37
   vqmver    : 
   author    : MaxD http://devs.mx

File Name    : system/library/cache.php(0)
VQModObject::applyMod - SEARCH NOT FOUND (SKIPPED): if (is_file(DIR_SYSTEM . 'library/journal3/vendor/SuperCache

----------------------------------------------------------------------


---------- Date: 2026-03-28 11:45:34 ~ IP : 185.179.188.62 ----------
REQUEST URI : /otzyvy/?page=28
MOD DETAILS:
   modFile   : /home/canmotalka/web/can-motalka.ru/public_html/vqmod/xml/lightning.xml
   id        : OpenCart Lightning
   version   : 3.37
   vqmver    : 
   author    : MaxD http://devs.mx

File Name    : system/library/cache.php(0)
VQModObject::applyMod - SEARCH NOT FOUND (SKIPPED): if (is_file(DIR_SYSTEM . 'library/journal3/vendor/SuperCache

----------------------------------------------------------------------


---------- Date: 2026-03-28 11:48:07 ~ IP : 185.179.188.62 ----------
REQUEST URI : /patriot_re/?ysclid=mna387jho8684481997
MOD DETAILS:
   modFile   : /home/canmotalka/web/can-motalka.ru/public_html/vqmod/xml/lightning.xml
   id        : OpenCart Lightning
   version   : 3.37
   vqmver    : 
   author    : MaxD http://devs.mx

File Name    : system/library/cache.php(0)
VQModObject::applyMod - SEARCH NOT FOUND (SKIPPED): if (is_file(DIR_SYSTEM . 'library/journal3/vendor/SuperCache

----------------------------------------------------------------------


---------- Date: 2026-03-28 11:48:08 ~ IP : 185.179.188.62 ----------
REQUEST URI : /patriot_re/
MOD DETAILS:
   modFile   : /home/canmotalka/web/can-motalka.ru/public_html/vqmod/xml/lightning.xml
   id        : OpenCart Lightning
   version   : 3.37
   vqmver    : 
   author    : MaxD http://devs.mx

File Name    : system/library/cache.php(0)
VQModObject::applyMod - SEARCH NOT FOUND (SKIPPED): if (is_file(DIR_SYSTEM . 'library/journal3/vendor/SuperCache

----------------------------------------------------------------------


---------- Date: 2026-03-28 11:48:09 ~ IP : 185.179.188.62 ----------
REQUEST URI : /index.php?route=module/popupcart_extended
MOD DETAILS:
   modFile   : /home/canmotalka/web/can-motalka.ru/public_html/vqmod/xml/lightning.xml
   id        : OpenCart Lightning
   version   : 3.37
   vqmver    : 
   author    : MaxD http://devs.mx

File Name    : system/library/cache.php(0)
VQModObject::applyMod - SEARCH NOT FOUND (SKIPPED): if (is_file(DIR_SYSTEM . 'library/journal3/vendor/SuperCache

----------------------------------------------------------------------


---------- Date: 2026-03-28 11:49:57 ~ IP : 185.179.188.62 ----------
REQUEST URI : /sitemap.xml
MOD DETAILS:
   modFile   : /home/canmotalka/web/can-motalka.ru/public_html/vqmod/xml/lightning.xml
   id        : OpenCart Lightning
   version   : 3.37
   vqmver    : 
   author    : MaxD http://devs.mx

File Name    : system/library/cache.php(0)
VQModObject::applyMod - SEARCH NOT FOUND (SKIPPED): if (is_file(DIR_SYSTEM . 'library/journal3/vendor/SuperCache

----------------------------------------------------------------------


---------- Date: 2026-03-28 11:49:58 ~ IP : 185.179.188.62 ----------
REQUEST URI : /index.php?route=feed/google_sitemap_fast
MOD DETAILS:
   modFile   : /home/canmotalka/web/can-motalka.ru/public_html/vqmod/xml/lightning.xml
   id        : OpenCart Lightning
   version   : 3.37
   vqmver    : 
   author    : MaxD http://devs.mx

File Name    : system/library/cache.php(0)
VQModObject::applyMod - SEARCH NOT FOUND (SKIPPED): if (is_file(DIR_SYSTEM . 'library/journal3/vendor/SuperCache

----------------------------------------------------------------------


---------- Date: 2026-03-28 11:51:45 ~ IP : 185.179.188.62 ----------
REQUEST URI : /podmotka-spidometra-lada-priora/
MOD DETAILS:
   modFile   : /home/canmotalka/web/can-motalka.ru/public_html/vqmod/xml/lightning.xml
   id        : OpenCart Lightning
   version   : 3.37
   vqmver    : 
   author    : MaxD http://devs.mx

File Name    : system/library/cache.php(0)
VQModObject::applyMod - SEARCH NOT FOUND (SKIPPED): if (is_file(DIR_SYSTEM . 'library/journal3/vendor/SuperCache

----------------------------------------------------------------------


---------- Date: 2026-03-28 11:51:48 ~ IP : 185.179.188.62 ----------
REQUEST URI : /podmotka-spidometra-lada-priora/
MOD DETAILS:
   modFile   : /home/canmotalka/web/can-motalka.ru/public_html/vqmod/xml/lightning.xml
   id        : OpenCart Lightning
   version   : 3.37
   vqmver    : 
   author    : MaxD http://devs.mx

File Name    : system/library/cache.php(0)
VQModObject::applyMod - SEARCH NOT FOUND (SKIPPED): if (is_file(DIR_SYSTEM . 'library/journal3/vendor/SuperCache

----------------------------------------------------------------------


---------- Date: 2026-03-28 11:58:01 ~ IP : 185.179.188.62 ----------
REQUEST URI : /podmotka-spidometra-lada-kalina/
MOD DETAILS:
   modFile   : /home/canmotalka/web/can-motalka.ru/public_html/vqmod/xml/lightning.xml
   id        : OpenCart Lightning
   version   : 3.37
   vqmver    : 
   author    : MaxD http://devs.mx

File Name    : system/library/cache.php(0)
VQModObject::applyMod - SEARCH NOT FOUND (SKIPPED): if (is_file(DIR_SYSTEM . 'library/journal3/vendor/SuperCache

----------------------------------------------------------------------


---------- Date: 2026-03-28 11:58:04 ~ IP : 185.179.188.62 ----------
REQUEST URI : /index.php?route=product/product/review&amp;product_id=113
MOD DETAILS:
   modFile   : /home/canmotalka/web/can-motalka.ru/public_html/vqmod/xml/lightning.xml
   id        : OpenCart Lightning
   version   : 3.37
   vqmver    : 
   author    : MaxD http://devs.mx

File Name    : system/library/cache.php(0)
VQModObject::applyMod - SEARCH NOT FOUND (SKIPPED): if (is_file(DIR_SYSTEM . 'library/journal3/vendor/SuperCache

----------------------------------------------------------------------


---------- Date: 2026-03-28 11:58:04 ~ IP : 185.179.188.62 ----------
REQUEST URI : /index.php?route=module/popupcart_extended
MOD DETAILS:
   modFile   : /home/canmotalka/web/can-motalka.ru/public_html/vqmod/xml/lightning.xml
   id        : OpenCart Lightning
   version   : 3.37
   vqmver    : 
   author    : MaxD http://devs.mx

File Name    : system/library/cache.php(0)
VQModObject::applyMod - SEARCH NOT FOUND (SKIPPED): if (is_file(DIR_SYSTEM . 'library/journal3/vendor/SuperCache

----------------------------------------------------------------------


---------- Date: 2026-03-28 11:58:45 ~ IP : 185.179.188.62 ----------
REQUEST URI : /sitemap.xml
MOD DETAILS:
   modFile   : /home/canmotalka/web/can-motalka.ru/public_html/vqmod/xml/lightning.xml
   id        : OpenCart Lightning
   version   : 3.37
   vqmver    : 
   author    : MaxD http://devs.mx

File Name    : system/library/cache.php(0)
VQModObject::applyMod - SEARCH NOT FOUND (SKIPPED): if (is_file(DIR_SYSTEM . 'library/journal3/vendor/SuperCache

----------------------------------------------------------------------


---------- Date: 2026-03-28 12:00:13 ~ IP : 185.179.188.62 ----------
REQUEST URI : /largus_manual/
MOD DETAILS:
   modFile   : /home/canmotalka/web/can-motalka.ru/public_html/vqmod/xml/lightning.xml
   id        : OpenCart Lightning
   version   : 3.37
   vqmver    : 
   author    : MaxD http://devs.mx

File Name    : system/library/cache.php(0)
VQModObject::applyMod - SEARCH NOT FOUND (SKIPPED): if (is_file(DIR_SYSTEM . 'library/journal3/vendor/SuperCache

----------------------------------------------------------------------


---------- Date: 2026-03-28 12:06:00 ~ IP : 185.179.188.62 ----------
REQUEST URI : /index.php?route=module/popupcart_extended
MOD DETAILS:
   modFile   : /home/canmotalka/web/can-motalka.ru/public_html/vqmod/xml/lightning.xml
   id        : OpenCart Lightning
   version   : 3.37
   vqmver    : 
   author    : MaxD http://devs.mx

File Name    : system/library/cache.php(0)
VQModObject::applyMod - SEARCH NOT FOUND (SKIPPED): if (is_file(DIR_SYSTEM . 'library/journal3/vendor/SuperCache

----------------------------------------------------------------------


---------- Date: 2026-03-28 12:06:16 ~ IP : 185.179.188.62 ----------
REQUEST URI : /podmotka_vw_manual/
MOD DETAILS:
   modFile   : /home/canmotalka/web/can-motalka.ru/public_html/vqmod/xml/lightning.xml
   id        : OpenCart Lightning
   version   : 3.37
   vqmver    : 
   author    : MaxD http://devs.mx

File Name    : system/library/cache.php(0)
VQModObject::applyMod - SEARCH NOT FOUND (SKIPPED): if (is_file(DIR_SYSTEM . 'library/journal3/vendor/SuperCache

----------------------------------------------------------------------


---------- Date: 2026-03-28 12:07:02 ~ IP : 185.179.188.62 ----------
REQUEST URI : /motalki/ford/
MOD DETAILS:
   modFile   : /home/canmotalka/web/can-motalka.ru/public_html/vqmod/xml/lightning.xml
   id        : OpenCart Lightning
   version   : 3.37
   vqmver    : 
   author    : MaxD http://devs.mx

File Name    : system/library/cache.php(0)
VQModObject::applyMod - SEARCH NOT FOUND (SKIPPED): if (is_file(DIR_SYSTEM . 'library/journal3/vendor/SuperCache

----------------------------------------------------------------------


---------- Date: 2026-03-28 12:07:35 ~ IP : 185.179.188.62 ----------
REQUEST URI : /niva_abs_re/
MOD DETAILS:
   modFile   : /home/canmotalka/web/can-motalka.ru/public_html/vqmod/xml/lightning.xml
   id        : OpenCart Lightning
   version   : 3.37
   vqmver    : 
   author    : MaxD http://devs.mx

File Name    : system/library/cache.php(0)
VQModObject::applyMod - SEARCH NOT FOUND (SKIPPED): if (is_file(DIR_SYSTEM . 'library/journal3/vendor/SuperCache

----------------------------------------------------------------------


---------- Date: 2026-03-28 12:07:36 ~ IP : 185.179.188.62 ----------
REQUEST URI : /index.php?route=module/popupcart_extended
MOD DETAILS:
   modFile   : /home/canmotalka/web/can-motalka.ru/public_html/vqmod/xml/lightning.xml
   id        : OpenCart Lightning
   version   : 3.37
   vqmver    : 
   author    : MaxD http://devs.mx

File Name    : system/library/cache.php(0)
VQModObject::applyMod - SEARCH NOT FOUND (SKIPPED): if (is_file(DIR_SYSTEM . 'library/journal3/vendor/SuperCache

----------------------------------------------------------------------


---------- Date: 2026-03-28 12:09:07 ~ IP : 185.179.188.62 ----------
REQUEST URI : /motalki/%20moskvich/
MOD DETAILS:
   modFile   : /home/canmotalka/web/can-motalka.ru/public_html/vqmod/xml/lightning.xml
   id        : OpenCart Lightning
   version   : 3.37
   vqmver    : 
   author    : MaxD http://devs.mx

File Name    : system/library/cache.php(0)
VQModObject::applyMod - SEARCH NOT FOUND (SKIPPED): if (is_file(DIR_SYSTEM . 'library/journal3/vendor/SuperCache

----------------------------------------------------------------------


---------- Date: 2026-03-28 12:09:54 ~ IP : 185.179.188.62 ----------
REQUEST URI : /niva_abs_re/
MOD DETAILS:
   modFile   : /home/canmotalka/web/can-motalka.ru/public_html/vqmod/xml/lightning.xml
   id        : OpenCart Lightning
   version   : 3.37
   vqmver    : 
   author    : MaxD http://devs.mx

File Name    : system/library/cache.php(0)
VQModObject::applyMod - SEARCH NOT FOUND (SKIPPED): if (is_file(DIR_SYSTEM . 'library/journal3/vendor/SuperCache

----------------------------------------------------------------------


---------- Date: 2026-03-28 12:09:56 ~ IP : 185.179.188.62 ----------
REQUEST URI : /index.php?route=module/popupcart_extended
MOD DETAILS:
   modFile   : /home/canmotalka/web/can-motalka.ru/public_html/vqmod/xml/lightning.xml
   id        : OpenCart Lightning
   version   : 3.37
   vqmver    : 
   author    : MaxD http://devs.mx

File Name    : system/library/cache.php(0)
VQModObject::applyMod - SEARCH NOT FOUND (SKIPPED): if (is_file(DIR_SYSTEM . 'library/journal3/vendor/SuperCache

----------------------------------------------------------------------


---------- Date: 2026-03-28 12:10:31 ~ IP : 185.179.188.62 ----------
REQUEST URI : /instrukciya-podmotka-niva-travel-chevrolet/
MOD DETAILS:
   modFile   : /home/canmotalka/web/can-motalka.ru/public_html/vqmod/xml/lightning.xml
   id        : OpenCart Lightning
   version   : 3.37
   vqmver    : 
   author    : MaxD http://devs.mx

File Name    : system/library/cache.php(0)
VQModObject::applyMod - SEARCH NOT FOUND (SKIPPED): if (is_file(DIR_SYSTEM . 'library/journal3/vendor/SuperCache

----------------------------------------------------------------------


---------- Date: 2026-03-28 12:10:32 ~ IP : 185.179.188.62 ----------
REQUEST URI : /index.php?route=module/popupcart_extended
MOD DETAILS:
   modFile   : /home/canmotalka/web/can-motalka.ru/public_html/vqmod/xml/lightning.xml
   id        : OpenCart Lightning
   version   : 3.37
   vqmver    : 
   author    : MaxD http://devs.mx

File Name    : system/library/cache.php(0)
VQModObject::applyMod - SEARCH NOT FOUND (SKIPPED): if (is_file(DIR_SYSTEM . 'library/journal3/vendor/SuperCache

----------------------------------------------------------------------


---------- Date: 2026-03-28 12:13:18 ~ IP : 185.179.188.62 ----------
REQUEST URI : /podmotka-spidometra-datsun-on-do/
MOD DETAILS:
   modFile   : /home/canmotalka/web/can-motalka.ru/public_html/vqmod/xml/lightning.xml
   id        : OpenCart Lightning
   version   : 3.37
   vqmver    : 
   author    : MaxD http://devs.mx

File Name    : system/library/cache.php(0)
VQModObject::applyMod - SEARCH NOT FOUND (SKIPPED): if (is_file(DIR_SYSTEM . 'library/journal3/vendor/SuperCache

----------------------------------------------------------------------


---------- Date: 2026-03-28 12:13:26 ~ IP : 185.179.188.62 ----------
REQUEST URI : /sitemap.xml
MOD DETAILS:
   modFile   : /home/canmotalka/web/can-motalka.ru/public_html/vqmod/xml/lightning.xml
   id        : OpenCart Lightning
   version   : 3.37
   vqmver    : 
   author    : MaxD http://devs.mx

File Name    : system/library/cache.php(0)
VQModObject::applyMod - SEARCH NOT FOUND (SKIPPED): if (is_file(DIR_SYSTEM . 'library/journal3/vendor/SuperCache

----------------------------------------------------------------------


---------- Date: 2026-03-28 12:13:40 ~ IP : 185.179.188.62 ----------
REQUEST URI : /index.php?route=feed%2Fgoogle_sitemap_fast
MOD DETAILS:
   modFile   : /home/canmotalka/web/can-motalka.ru/public_html/vqmod/xml/lightning.xml
   id        : OpenCart Lightning
   version   : 3.37
   vqmver    : 
   author    : MaxD http://devs.mx

File Name    : system/library/cache.php(0)
VQModObject::applyMod - SEARCH NOT FOUND (SKIPPED): if (is_file(DIR_SYSTEM . 'library/journal3/vendor/SuperCache

----------------------------------------------------------------------


---------- Date: 2026-03-28 12:18:31 ~ IP : 185.179.188.62 ----------
REQUEST URI : /motalki/jac/
MOD DETAILS:
   modFile   : /home/canmotalka/web/can-motalka.ru/public_html/vqmod/xml/lightning.xml
   id        : OpenCart Lightning
   version   : 3.37
   vqmver    : 
   author    : MaxD http://devs.mx

File Name    : system/library/cache.php(0)
VQModObject::applyMod - SEARCH NOT FOUND (SKIPPED): if (is_file(DIR_SYSTEM . 'library/journal3/vendor/SuperCache

----------------------------------------------------------------------


---------- Date: 2026-03-28 12:23:57 ~ IP : 185.179.188.62 ----------
REQUEST URI : /podmotka-spidometra-dlya-lada-granta-bez-abs-bezlimitnaya/
MOD DETAILS:
   modFile   : /home/canmotalka/web/can-motalka.ru/public_html/vqmod/xml/lightning.xml
   id        : OpenCart Lightning
   version   : 3.37
   vqmver    : 
   author    : MaxD http://devs.mx

File Name    : system/library/cache.php(0)
VQModObject::applyMod - SEARCH NOT FOUND (SKIPPED): if (is_file(DIR_SYSTEM . 'library/journal3/vendor/SuperCache

----------------------------------------------------------------------


---------- Date: 2026-03-28 12:23:58 ~ IP : 185.179.188.62 ----------
REQUEST URI : /index.php?route=product/product/review&amp;product_id=111
MOD DETAILS:
   modFile   : /home/canmotalka/web/can-motalka.ru/public_html/vqmod/xml/lightning.xml
   id        : OpenCart Lightning
   version   : 3.37
   vqmver    : 
   author    : MaxD http://devs.mx

File Name    : system/library/cache.php(0)
VQModObject::applyMod - SEARCH NOT FOUND (SKIPPED): if (is_file(DIR_SYSTEM . 'library/journal3/vendor/SuperCache

----------------------------------------------------------------------


---------- Date: 2026-03-28 12:23:58 ~ IP : 185.179.188.62 ----------
REQUEST URI : /index.php?route=module/popupcart_extended
MOD DETAILS:
   modFile   : /home/canmotalka/web/can-motalka.ru/public_html/vqmod/xml/lightning.xml
   id        : OpenCart Lightning
   version   : 3.37
   vqmver    : 
   author    : MaxD http://devs.mx

File Name    : system/library/cache.php(0)
VQModObject::applyMod - SEARCH NOT FOUND (SKIPPED): if (is_file(DIR_SYSTEM . 'library/journal3/vendor/SuperCache

----------------------------------------------------------------------


---------- Date: 2026-03-28 12:24:40 ~ IP : 185.179.188.62 ----------
REQUEST URI : /podmotka_vesta_re/
MOD DETAILS:
   modFile   : /home/canmotalka/web/can-motalka.ru/public_html/vqmod/xml/lightning.xml
   id        : OpenCart Lightning
   version   : 3.37
   vqmver    : 
   author    : MaxD http://devs.mx

File Name    : system/library/cache.php(0)
VQModObject::applyMod - SEARCH NOT FOUND (SKIPPED): if (is_file(DIR_SYSTEM . 'library/journal3/vendor/SuperCache

----------------------------------------------------------------------


---------- Date: 2026-03-28 12:24:41 ~ IP : 185.179.188.62 ----------
REQUEST URI : /index.php?route=module/popupcart_extended
MOD DETAILS:
   modFile   : /home/canmotalka/web/can-motalka.ru/public_html/vqmod/xml/lightning.xml
   id        : OpenCart Lightning
   version   : 3.37
   vqmver    : 
   author    : MaxD http://devs.mx

File Name    : system/library/cache.php(0)
VQModObject::applyMod - SEARCH NOT FOUND (SKIPPED): if (is_file(DIR_SYSTEM . 'library/journal3/vendor/SuperCache

----------------------------------------------------------------------


---------- Date: 2026-03-28 12:25:38 ~ IP : 185.179.188.62 ----------
REQUEST URI : /podmotka-spidometra-vesta/
MOD DETAILS:
   modFile   : /home/canmotalka/web/can-motalka.ru/public_html/vqmod/xml/lightning.xml
   id        : OpenCart Lightning
   version   : 3.37
   vqmver    : 
   author    : MaxD http://devs.mx

File Name    : system/library/cache.php(0)
VQModObject::applyMod - SEARCH NOT FOUND (SKIPPED): if (is_file(DIR_SYSTEM . 'library/journal3/vendor/SuperCache

----------------------------------------------------------------------


---------- Date: 2026-03-28 12:25:39 ~ IP : 185.179.188.62 ----------
REQUEST URI : /index.php?route=product/product/review&amp;product_id=247
MOD DETAILS:
   modFile   : /home/canmotalka/web/can-motalka.ru/public_html/vqmod/xml/lightning.xml
   id        : OpenCart Lightning
   version   : 3.37
   vqmver    : 
   author    : MaxD http://devs.mx

File Name    : system/library/cache.php(0)
VQModObject::applyMod - SEARCH NOT FOUND (SKIPPED): if (is_file(DIR_SYSTEM . 'library/journal3/vendor/SuperCache

----------------------------------------------------------------------


---------- Date: 2026-03-28 12:28:02 ~ IP : 185.179.188.62 ----------
REQUEST URI : /motalki/peugeot/
MOD DETAILS:
   modFile   : /home/canmotalka/web/can-motalka.ru/public_html/vqmod/xml/lightning.xml
   id        : OpenCart Lightning
   version   : 3.37
   vqmver    : 
   author    : MaxD http://devs.mx

File Name    : system/library/cache.php(0)
VQModObject::applyMod - SEARCH NOT FOUND (SKIPPED): if (is_file(DIR_SYSTEM . 'library/journal3/vendor/SuperCache

----------------------------------------------------------------------


---------- Date: 2026-03-28 12:29:27 ~ IP : 185.179.188.62 ----------
REQUEST URI : /manuals/?ysclid=mna4la232c40130390
MOD DETAILS:
   modFile   : /home/canmotalka/web/can-motalka.ru/public_html/vqmod/xml/lightning.xml
   id        : OpenCart Lightning
   version   : 3.37
   vqmver    : 
   author    : MaxD http://devs.mx

File Name    : system/library/cache.php(0)
VQModObject::applyMod - SEARCH NOT FOUND (SKIPPED): if (is_file(DIR_SYSTEM . 'library/journal3/vendor/SuperCache

----------------------------------------------------------------------


---------- Date: 2026-03-28 12:29:48 ~ IP : 185.179.188.62 ----------
REQUEST URI : /podmotka-spidometra-largus/
MOD DETAILS:
   modFile   : /home/canmotalka/web/can-motalka.ru/public_html/vqmod/xml/lightning.xml
   id        : OpenCart Lightning
   version   : 3.37
   vqmver    : 
   author    : MaxD http://devs.mx

File Name    : system/library/cache.php(0)
VQModObject::applyMod - SEARCH NOT FOUND (SKIPPED): if (is_file(DIR_SYSTEM . 'library/journal3/vendor/SuperCache

----------------------------------------------------------------------


---------- Date: 2026-03-28 12:30:31 ~ IP : 185.179.188.62 ----------
REQUEST URI : /index.php?route=product/product/review&amp;product_id=258
MOD DETAILS:
   modFile   : /home/canmotalka/web/can-motalka.ru/public_html/vqmod/xml/lightning.xml
   id        : OpenCart Lightning
   version   : 3.37
   vqmver    : 
   author    : MaxD http://devs.mx

File Name    : system/library/cache.php(0)
VQModObject::applyMod - SEARCH NOT FOUND (SKIPPED): if (is_file(DIR_SYSTEM . 'library/journal3/vendor/SuperCache

----------------------------------------------------------------------


---------- Date: 2026-03-28 12:30:32 ~ IP : 185.179.188.62 ----------
REQUEST URI : /index.php?route=module/popupcart_extended
MOD DETAILS:
   modFile   : /home/canmotalka/web/can-motalka.ru/public_html/vqmod/xml/lightning.xml
   id        : OpenCart Lightning
   version   : 3.37
   vqmver    : 
   author    : MaxD http://devs.mx

File Name    : system/library/cache.php(0)
VQModObject::applyMod - SEARCH NOT FOUND (SKIPPED): if (is_file(DIR_SYSTEM . 'library/journal3/vendor/SuperCache

----------------------------------------------------------------------


---------- Date: 2026-03-28 12:30:37 ~ IP : 185.179.188.62 ----------
REQUEST URI : /instrukciya-lada-granta-2021/
MOD DETAILS:
   modFile   : /home/canmotalka/web/can-motalka.ru/public_html/vqmod/xml/lightning.xml
   id        : OpenCart Lightning
   version   : 3.37
   vqmver    : 
   author    : MaxD http://devs.mx

File Name    : system/library/cache.php(0)
VQModObject::applyMod - SEARCH NOT FOUND (SKIPPED): if (is_file(DIR_SYSTEM . 'library/journal3/vendor/SuperCache

----------------------------------------------------------------------


---------- Date: 2026-03-28 12:32:22 ~ IP : 185.179.188.62 ----------
REQUEST URI : /index.php?route=information/information&amp;information_id=3
MOD DETAILS:
   modFile   : /home/canmotalka/web/can-motalka.ru/public_html/vqmod/xml/lightning.xml
   id        : OpenCart Lightning
   version   : 3.37
   vqmver    : 
   author    : MaxD http://devs.mx

File Name    : system/library/cache.php(0)
VQModObject::applyMod - SEARCH NOT FOUND (SKIPPED): if (is_file(DIR_SYSTEM . 'library/journal3/vendor/SuperCache

----------------------------------------------------------------------


---------- Date: 2026-03-28 12:32:23 ~ IP : 185.179.188.62 ----------
REQUEST URI : /instrukciya-podmotka-vesta/
MOD DETAILS:
   modFile   : /home/canmotalka/web/can-motalka.ru/public_html/vqmod/xml/lightning.xml
   id        : OpenCart Lightning
   version   : 3.37
   vqmver    : 
   author    : MaxD http://devs.mx

File Name    : system/library/cache.php(0)
VQModObject::applyMod - SEARCH NOT FOUND (SKIPPED): if (is_file(DIR_SYSTEM . 'library/journal3/vendor/SuperCache

----------------------------------------------------------------------


---------- Date: 2026-03-28 12:35:33 ~ IP : 185.179.188.62 ----------
REQUEST URI : /podmotka-spidometra-uaz-buhanka/
MOD DETAILS:
   modFile   : /home/canmotalka/web/can-motalka.ru/public_html/vqmod/xml/lightning.xml
   id        : OpenCart Lightning
   version   : 3.37
   vqmver    : 
   author    : MaxD http://devs.mx

File Name    : system/library/cache.php(0)
VQModObject::applyMod - SEARCH NOT FOUND (SKIPPED): if (is_file(DIR_SYSTEM . 'library/journal3/vendor/SuperCache

----------------------------------------------------------------------


---------- Date: 2026-03-28 12:38:48 ~ IP : 185.179.188.62 ----------
REQUEST URI : /dostavka-i-oplata/
MOD DETAILS:
   modFile   : /home/canmotalka/web/can-motalka.ru/public_html/vqmod/xml/lightning.xml
   id        : OpenCart Lightning
   version   : 3.37
   vqmver    : 
   author    : MaxD http://devs.mx

File Name    : system/library/cache.php(0)
VQModObject::applyMod - SEARCH NOT FOUND (SKIPPED): if (is_file(DIR_SYSTEM . 'library/journal3/vendor/SuperCache

----------------------------------------------------------------------


---------- Date: 2026-03-28 12:39:09 ~ IP : 185.179.188.62 ----------
REQUEST URI : /podmotka-spidometra-volkswagen-polo-6
MOD DETAILS:
   modFile   : /home/canmotalka/web/can-motalka.ru/public_html/vqmod/xml/lightning.xml
   id        : OpenCart Lightning
   version   : 3.37
   vqmver    : 
   author    : MaxD http://devs.mx

File Name    : system/library/cache.php(0)
VQModObject::applyMod - SEARCH NOT FOUND (SKIPPED): if (is_file(DIR_SYSTEM . 'library/journal3/vendor/SuperCache

----------------------------------------------------------------------


---------- Date: 2026-03-28 12:39:10 ~ IP : 185.179.188.62 ----------
REQUEST URI : /podmotka-spidometra-volkswagen-polo-6/
MOD DETAILS:
   modFile   : /home/canmotalka/web/can-motalka.ru/public_html/vqmod/xml/lightning.xml
   id        : OpenCart Lightning
   version   : 3.37
   vqmver    : 
   author    : MaxD http://devs.mx

File Name    : system/library/cache.php(0)
VQModObject::applyMod - SEARCH NOT FOUND (SKIPPED): if (is_file(DIR_SYSTEM . 'library/journal3/vendor/SuperCache

----------------------------------------------------------------------


---------- Date: 2026-03-28 12:40:33 ~ IP : 185.179.188.62 ----------
REQUEST URI : /manuals/
MOD DETAILS:
   modFile   : /home/canmotalka/web/can-motalka.ru/public_html/vqmod/xml/lightning.xml
   id        : OpenCart Lightning
   version   : 3.37
   vqmver    : 
   author    : MaxD http://devs.mx

File Name    : system/library/cache.php(0)
VQModObject::applyMod - SEARCH NOT FOUND (SKIPPED): if (is_file(DIR_SYSTEM . 'library/journal3/vendor/SuperCache

----------------------------------------------------------------------


---------- Date: 2026-03-28 12:41:51 ~ IP : 185.179.188.62 ----------
REQUEST URI : /.well-known/traffic-advice
MOD DETAILS:
   modFile   : /home/canmotalka/web/can-motalka.ru/public_html/vqmod/xml/lightning.xml
   id        : OpenCart Lightning
   version   : 3.37
   vqmver    : 
   author    : MaxD http://devs.mx

File Name    : system/library/cache.php(0)
VQModObject::applyMod - SEARCH NOT FOUND (SKIPPED): if (is_file(DIR_SYSTEM . 'library/journal3/vendor/SuperCache

----------------------------------------------------------------------


---------- Date: 2026-03-28 12:43:12 ~ IP : 185.179.188.62 ----------
REQUEST URI : /instrukciya-dlya-ford-tranzit/
MOD DETAILS:
   modFile   : /home/canmotalka/web/can-motalka.ru/public_html/vqmod/xml/lightning.xml
   id        : OpenCart Lightning
   version   : 3.37
   vqmver    : 
   author    : MaxD http://devs.mx

File Name    : system/library/cache.php(0)
VQModObject::applyMod - SEARCH NOT FOUND (SKIPPED): if (is_file(DIR_SYSTEM . 'library/journal3/vendor/SuperCache

----------------------------------------------------------------------


---------- Date: 2026-03-28 12:44:58 ~ IP : 185.179.188.62 ----------
REQUEST URI : /manuals/
MOD DETAILS:
   modFile   : /home/canmotalka/web/can-motalka.ru/public_html/vqmod/xml/lightning.xml
   id        : OpenCart Lightning
   version   : 3.37
   vqmver    : 
   author    : MaxD http://devs.mx

File Name    : system/library/cache.php(0)
VQModObject::applyMod - SEARCH NOT FOUND (SKIPPED): if (is_file(DIR_SYSTEM . 'library/journal3/vendor/SuperCache

----------------------------------------------------------------------


---------- Date: 2026-03-28 12:45:16 ~ IP : 185.179.188.62 ----------
REQUEST URI : /index.php?route=module/popupcart_extended
MOD DETAILS:
   modFile   : /home/canmotalka/web/can-motalka.ru/public_html/vqmod/xml/lightning.xml
   id        : OpenCart Lightning
   version   : 3.37
   vqmver    : 
   author    : MaxD http://devs.mx

File Name    : system/library/cache.php(0)
VQModObject::applyMod - SEARCH NOT FOUND (SKIPPED): if (is_file(DIR_SYSTEM . 'library/journal3/vendor/SuperCache

----------------------------------------------------------------------


---------- Date: 2026-03-28 12:46:05 ~ IP : 185.179.188.62 ----------
REQUEST URI : /setting_php/vardenafil/138-levitra-40-dostavka-kaluga/
MOD DETAILS:
   modFile   : /home/canmotalka/web/can-motalka.ru/public_html/vqmod/xml/lightning.xml
   id        : OpenCart Lightning
   version   : 3.37
   vqmver    : 
   author    : MaxD http://devs.mx

File Name    : system/library/cache.php(0)
VQModObject::applyMod - SEARCH NOT FOUND (SKIPPED): if (is_file(DIR_SYSTEM . 'library/journal3/vendor/SuperCache

----------------------------------------------------------------------


---------- Date: 2026-03-28 12:46:35 ~ IP : 185.179.188.62 ----------
REQUEST URI : /index.php?route=module/popupcart_extended
MOD DETAILS:
   modFile   : /home/canmotalka/web/can-motalka.ru/public_html/vqmod/xml/lightning.xml
   id        : OpenCart Lightning
   version   : 3.37
   vqmver    : 
   author    : MaxD http://devs.mx

File Name    : system/library/cache.php(0)
VQModObject::applyMod - SEARCH NOT FOUND (SKIPPED): if (is_file(DIR_SYSTEM . 'library/journal3/vendor/SuperCache

----------------------------------------------------------------------


---------- Date: 2026-03-28 12:46:38 ~ IP : 185.179.188.62 ----------
REQUEST URI : /index.php?route=module/popupcart_extended
MOD DETAILS:
   modFile   : /home/canmotalka/web/can-motalka.ru/public_html/vqmod/xml/lightning.xml
   id        : OpenCart Lightning
   version   : 3.37
   vqmver    : 
   author    : MaxD http://devs.mx

File Name    : system/library/cache.php(0)
VQModObject::applyMod - SEARCH NOT FOUND (SKIPPED): if (is_file(DIR_SYSTEM . 'library/journal3/vendor/SuperCache

----------------------------------------------------------------------


---------- Date: 2026-03-28 12:47:44 ~ IP : 185.179.188.62 ----------
REQUEST URI : /podmotka_vw_manual/
MOD DETAILS:
   modFile   : /home/canmotalka/web/can-motalka.ru/public_html/vqmod/xml/lightning.xml
   id        : OpenCart Lightning
   version   : 3.37
   vqmver    : 
   author    : MaxD http://devs.mx

File Name    : system/library/cache.php(0)
VQModObject::applyMod - SEARCH NOT FOUND (SKIPPED): if (is_file(DIR_SYSTEM . 'library/journal3/vendor/SuperCache

----------------------------------------------------------------------


---------- Date: 2026-03-28 12:49:04 ~ IP : 185.179.188.62 ----------
REQUEST URI : /hyundai_h1_manual/
MOD DETAILS:
   modFile   : /home/canmotalka/web/can-motalka.ru/public_html/vqmod/xml/lightning.xml
   id        : OpenCart Lightning
   version   : 3.37
   vqmver    : 
   author    : MaxD http://devs.mx

File Name    : system/library/cache.php(0)
VQModObject::applyMod - SEARCH NOT FOUND (SKIPPED): if (is_file(DIR_SYSTEM . 'library/journal3/vendor/SuperCache

----------------------------------------------------------------------


---------- Date: 2026-03-28 12:49:09 ~ IP : 185.179.188.62 ----------
REQUEST URI : /otzyvy/
MOD DETAILS:
   modFile   : /home/canmotalka/web/can-motalka.ru/public_html/vqmod/xml/lightning.xml
   id        : OpenCart Lightning
   version   : 3.37
   vqmver    : 
   author    : MaxD http://devs.mx

File Name    : system/library/cache.php(0)
VQModObject::applyMod - SEARCH NOT FOUND (SKIPPED): if (is_file(DIR_SYSTEM . 'library/journal3/vendor/SuperCache

----------------------------------------------------------------------


---------- Date: 2026-03-28 12:49:35 ~ IP : 185.179.188.62 ----------
REQUEST URI : /niva_abs_re/
MOD DETAILS:
   modFile   : /home/canmotalka/web/can-motalka.ru/public_html/vqmod/xml/lightning.xml
   id        : OpenCart Lightning
   version   : 3.37
   vqmver    : 
   author    : MaxD http://devs.mx

File Name    : system/library/cache.php(0)
VQModObject::applyMod - SEARCH NOT FOUND (SKIPPED): if (is_file(DIR_SYSTEM . 'library/journal3/vendor/SuperCache

----------------------------------------------------------------------


---------- Date: 2026-03-28 12:50:05 ~ IP : 185.179.188.62 ----------
REQUEST URI : /camry70_video_manual/
MOD DETAILS:
   modFile   : /home/canmotalka/web/can-motalka.ru/public_html/vqmod/xml/lightning.xml
   id        : OpenCart Lightning
   version   : 3.37
   vqmver    : 
   author    : MaxD http://devs.mx

File Name    : system/library/cache.php(0)
VQModObject::applyMod - SEARCH NOT FOUND (SKIPPED): if (is_file(DIR_SYSTEM . 'library/journal3/vendor/SuperCache

----------------------------------------------------------------------


---------- Date: 2026-03-28 12:50:51 ~ IP : 185.179.188.62 ----------
REQUEST URI : /camry70_photo_manual/
MOD DETAILS:
   modFile   : /home/canmotalka/web/can-motalka.ru/public_html/vqmod/xml/lightning.xml
   id        : OpenCart Lightning
   version   : 3.37
   vqmver    : 
   author    : MaxD http://devs.mx

File Name    : system/library/cache.php(0)
VQModObject::applyMod - SEARCH NOT FOUND (SKIPPED): if (is_file(DIR_SYSTEM . 'library/journal3/vendor/SuperCache

----------------------------------------------------------------------


---------- Date: 2026-03-28 12:51:09 ~ IP : 185.179.188.62 ----------
REQUEST URI : /granta_video_manual/
MOD DETAILS:
   modFile   : /home/canmotalka/web/can-motalka.ru/public_html/vqmod/xml/lightning.xml
   id        : OpenCart Lightning
   version   : 3.37
   vqmver    : 
   author    : MaxD http://devs.mx

File Name    : system/library/cache.php(0)
VQModObject::applyMod - SEARCH NOT FOUND (SKIPPED): if (is_file(DIR_SYSTEM . 'library/journal3/vendor/SuperCache

----------------------------------------------------------------------


---------- Date: 2026-03-28 12:51:38 ~ IP : 185.179.188.62 ----------
REQUEST URI : /podmotka-spidometra-skoda-rapid/?ysclid=mna5hupi82256935682
MOD DETAILS:
   modFile   : /home/canmotalka/web/can-motalka.ru/public_html/vqmod/xml/lightning.xml
   id        : OpenCart Lightning
   version   : 3.37
   vqmver    : 
   author    : MaxD http://devs.mx

File Name    : system/library/cache.php(0)
VQModObject::applyMod - SEARCH NOT FOUND (SKIPPED): if (is_file(DIR_SYSTEM . 'library/journal3/vendor/SuperCache

----------------------------------------------------------------------


---------- Date: 2026-03-28 12:51:38 ~ IP : 185.179.188.62 ----------
REQUEST URI : /podmotka-spidometra-skoda-rapid/
MOD DETAILS:
   modFile   : /home/canmotalka/web/can-motalka.ru/public_html/vqmod/xml/lightning.xml
   id        : OpenCart Lightning
   version   : 3.37
   vqmver    : 
   author    : MaxD http://devs.mx

File Name    : system/library/cache.php(0)
VQModObject::applyMod - SEARCH NOT FOUND (SKIPPED): if (is_file(DIR_SYSTEM . 'library/journal3/vendor/SuperCache

----------------------------------------------------------------------


---------- Date: 2026-03-28 12:51:40 ~ IP : 185.179.188.62 ----------
REQUEST URI : /index.php?route=product/product/review&amp;product_id=215
MOD DETAILS:
   modFile   : /home/canmotalka/web/can-motalka.ru/public_html/vqmod/xml/lightning.xml
   id        : OpenCart Lightning
   version   : 3.37
   vqmver    : 
   author    : MaxD http://devs.mx

File Name    : system/library/cache.php(0)
VQModObject::applyMod - SEARCH NOT FOUND (SKIPPED): if (is_file(DIR_SYSTEM . 'library/journal3/vendor/SuperCache

----------------------------------------------------------------------


---------- Date: 2026-03-28 12:51:40 ~ IP : 185.179.188.62 ----------
REQUEST URI : /index.php?route=module/popupcart_extended
MOD DETAILS:
   modFile   : /home/canmotalka/web/can-motalka.ru/public_html/vqmod/xml/lightning.xml
   id        : OpenCart Lightning
   version   : 3.37
   vqmver    : 
   author    : MaxD http://devs.mx

File Name    : system/library/cache.php(0)
VQModObject::applyMod - SEARCH NOT FOUND (SKIPPED): if (is_file(DIR_SYSTEM . 'library/journal3/vendor/SuperCache

----------------------------------------------------------------------


---------- Date: 2026-03-28 12:52:05 ~ IP : 185.179.188.62 ----------
REQUEST URI : /index.php?route=common/footer/click_counter
MOD DETAILS:
   modFile   : /home/canmotalka/web/can-motalka.ru/public_html/vqmod/xml/lightning.xml
   id        : OpenCart Lightning
   version   : 3.37
   vqmver    : 
   author    : MaxD http://devs.mx

File Name    : system/library/cache.php(0)
VQModObject::applyMod - SEARCH NOT FOUND (SKIPPED): if (is_file(DIR_SYSTEM . 'library/journal3/vendor/SuperCache

----------------------------------------------------------------------


---------- Date: 2026-03-28 12:52:36 ~ IP : 185.179.188.62 ----------
REQUEST URI : /kak-perenastroit-podmotku-spidometra/
MOD DETAILS:
   modFile   : /home/canmotalka/web/can-motalka.ru/public_html/vqmod/xml/lightning.xml
   id        : OpenCart Lightning
   version   : 3.37
   vqmver    : 
   author    : MaxD http://devs.mx

File Name    : system/library/cache.php(0)
VQModObject::applyMod - SEARCH NOT FOUND (SKIPPED): if (is_file(DIR_SYSTEM . 'library/journal3/vendor/SuperCache

----------------------------------------------------------------------


---------- Date: 2026-03-28 12:58:01 ~ IP : 185.179.188.62 ----------
REQUEST URI : /podmotka-spidometra-uaz-profi/
MOD DETAILS:
   modFile   : /home/canmotalka/web/can-motalka.ru/public_html/vqmod/xml/lightning.xml
   id        : OpenCart Lightning
   version   : 3.37
   vqmver    : 
   author    : MaxD http://devs.mx

File Name    : system/library/cache.php(0)
VQModObject::applyMod - SEARCH NOT FOUND (SKIPPED): if (is_file(DIR_SYSTEM . 'library/journal3/vendor/SuperCache

----------------------------------------------------------------------


---------- Date: 2026-03-28 13:03:04 ~ IP : 185.179.188.62 ----------
REQUEST URI : /manuals/
MOD DETAILS:
   modFile   : /home/canmotalka/web/can-motalka.ru/public_html/vqmod/xml/lightning.xml
   id        : OpenCart Lightning
   version   : 3.37
   vqmver    : 
   author    : MaxD http://devs.mx

File Name    : system/library/cache.php(0)
VQModObject::applyMod - SEARCH NOT FOUND (SKIPPED): if (is_file(DIR_SYSTEM . 'library/journal3/vendor/SuperCache

----------------------------------------------------------------------


---------- Date: 2026-03-28 13:03:45 ~ IP : 185.179.188.62 ----------
REQUEST URI : /manuals/
MOD DETAILS:
   modFile   : /home/canmotalka/web/can-motalka.ru/public_html/vqmod/xml/lightning.xml
   id        : OpenCart Lightning
   version   : 3.37
   vqmver    : 
   author    : MaxD http://devs.mx

File Name    : system/library/cache.php(0)
VQModObject::applyMod - SEARCH NOT FOUND (SKIPPED): if (is_file(DIR_SYSTEM . 'library/journal3/vendor/SuperCache

----------------------------------------------------------------------


---------- Date: 2026-03-28 13:03:46 ~ IP : 185.179.188.62 ----------
REQUEST URI : /index.php?route=module/popupcart_extended
MOD DETAILS:
   modFile   : /home/canmotalka/web/can-motalka.ru/public_html/vqmod/xml/lightning.xml
   id        : OpenCart Lightning
   version   : 3.37
   vqmver    : 
   author    : MaxD http://devs.mx

File Name    : system/library/cache.php(0)
VQModObject::applyMod - SEARCH NOT FOUND (SKIPPED): if (is_file(DIR_SYSTEM . 'library/journal3/vendor/SuperCache

----------------------------------------------------------------------


---------- Date: 2026-03-28 13:04:30 ~ IP : 185.179.188.62 ----------
REQUEST URI : /instrukciya-lada-granta-2021/
MOD DETAILS:
   modFile   : /home/canmotalka/web/can-motalka.ru/public_html/vqmod/xml/lightning.xml
   id        : OpenCart Lightning
   version   : 3.37
   vqmver    : 
   author    : MaxD http://devs.mx

File Name    : system/library/cache.php(0)
VQModObject::applyMod - SEARCH NOT FOUND (SKIPPED): if (is_file(DIR_SYSTEM . 'library/journal3/vendor/SuperCache

----------------------------------------------------------------------


---------- Date: 2026-03-28 13:04:31 ~ IP : 185.179.188.62 ----------
REQUEST URI : /index.php?route=module/popupcart_extended
MOD DETAILS:
   modFile   : /home/canmotalka/web/can-motalka.ru/public_html/vqmod/xml/lightning.xml
   id        : OpenCart Lightning
   version   : 3.37
   vqmver    : 
   author    : MaxD http://devs.mx

File Name    : system/library/cache.php(0)
VQModObject::applyMod - SEARCH NOT FOUND (SKIPPED): if (is_file(DIR_SYSTEM . 'library/journal3/vendor/SuperCache

----------------------------------------------------------------------


---------- Date: 2026-03-28 13:05:28 ~ IP : 185.179.188.62 ----------
REQUEST URI : /podmotka_vw_manual/
MOD DETAILS:
   modFile   : /home/canmotalka/web/can-motalka.ru/public_html/vqmod/xml/lightning.xml
   id        : OpenCart Lightning
   version   : 3.37
   vqmver    : 
   author    : MaxD http://devs.mx

File Name    : system/library/cache.php(0)
VQModObject::applyMod - SEARCH NOT FOUND (SKIPPED): if (is_file(DIR_SYSTEM . 'library/journal3/vendor/SuperCache

----------------------------------------------------------------------


---------- Date: 2026-03-28 13:05:30 ~ IP : 185.179.188.62 ----------
REQUEST URI : /index.php?route=module/popupcart_extended
MOD DETAILS:
   modFile   : /home/canmotalka/web/can-motalka.ru/public_html/vqmod/xml/lightning.xml
   id        : OpenCart Lightning
   version   : 3.37
   vqmver    : 
   author    : MaxD http://devs.mx

File Name    : system/library/cache.php(0)
VQModObject::applyMod - SEARCH NOT FOUND (SKIPPED): if (is_file(DIR_SYSTEM . 'library/journal3/vendor/SuperCache

----------------------------------------------------------------------


---------- Date: 2026-03-28 13:08:32 ~ IP : 185.179.188.62 ----------
REQUEST URI : /podmotka-spidometra-sitroen-spacetourer/
MOD DETAILS:
   modFile   : /home/canmotalka/web/can-motalka.ru/public_html/vqmod/xml/lightning.xml
   id        : OpenCart Lightning
   version   : 3.37
   vqmver    : 
   author    : MaxD http://devs.mx

File Name    : system/library/cache.php(0)
VQModObject::applyMod - SEARCH NOT FOUND (SKIPPED): if (is_file(DIR_SYSTEM . 'library/journal3/vendor/SuperCache

----------------------------------------------------------------------


---------- Date: 2026-03-28 13:10:50 ~ IP : 185.179.188.62 ----------
REQUEST URI : /podmotka-spidometra-fiat-albea/
MOD DETAILS:
   modFile   : /home/canmotalka/web/can-motalka.ru/public_html/vqmod/xml/lightning.xml
   id        : OpenCart Lightning
   version   : 3.37
   vqmver    : 
   author    : MaxD http://devs.mx

File Name    : system/library/cache.php(0)
VQModObject::applyMod - SEARCH NOT FOUND (SKIPPED): if (is_file(DIR_SYSTEM . 'library/journal3/vendor/SuperCache

----------------------------------------------------------------------


---------- Date: 2026-03-28 13:18:26 ~ IP : 185.179.188.62 ----------
REQUEST URI : /index.php?route=product/product&amp;product_id=187
MOD DETAILS:
   modFile   : /home/canmotalka/web/can-motalka.ru/public_html/vqmod/xml/lightning.xml
   id        : OpenCart Lightning
   version   : 3.37
   vqmver    : 
   author    : MaxD http://devs.mx

File Name    : system/library/cache.php(0)
VQModObject::applyMod - SEARCH NOT FOUND (SKIPPED): if (is_file(DIR_SYSTEM . 'library/journal3/vendor/SuperCache

----------------------------------------------------------------------


---------- Date: 2026-03-28 13:18:26 ~ IP : 185.179.188.62 ----------
REQUEST URI : /podmotka-spidometra-reno-logan-za-3000r/
MOD DETAILS:
   modFile   : /home/canmotalka/web/can-motalka.ru/public_html/vqmod/xml/lightning.xml
   id        : OpenCart Lightning
   version   : 3.37
   vqmver    : 
   author    : MaxD http://devs.mx

File Name    : system/library/cache.php(0)
VQModObject::applyMod - SEARCH NOT FOUND (SKIPPED): if (is_file(DIR_SYSTEM . 'library/journal3/vendor/SuperCache

----------------------------------------------------------------------


---------- Date: 2026-03-28 13:18:46 ~ IP : 185.179.188.62 ----------
REQUEST URI : /podmotka-spidometra-jac-t6/
MOD DETAILS:
   modFile   : /home/canmotalka/web/can-motalka.ru/public_html/vqmod/xml/lightning.xml
   id        : OpenCart Lightning
   version   : 3.37
   vqmver    : 
   author    : MaxD http://devs.mx

File Name    : system/library/cache.php(0)
VQModObject::applyMod - SEARCH NOT FOUND (SKIPPED): if (is_file(DIR_SYSTEM . 'library/journal3/vendor/SuperCache

----------------------------------------------------------------------


---------- Date: 2026-03-28 13:19:38 ~ IP : 185.179.188.62 ----------
REQUEST URI : /podmotka-spidometra-gazon-nekst/?ysclid=mna6hvlw2f8294385
MOD DETAILS:
   modFile   : /home/canmotalka/web/can-motalka.ru/public_html/vqmod/xml/lightning.xml
   id        : OpenCart Lightning
   version   : 3.37
   vqmver    : 
   author    : MaxD http://devs.mx

File Name    : system/library/cache.php(0)
VQModObject::applyMod - SEARCH NOT FOUND (SKIPPED): if (is_file(DIR_SYSTEM . 'library/journal3/vendor/SuperCache

----------------------------------------------------------------------


---------- Date: 2026-03-28 13:19:38 ~ IP : 185.179.188.62 ----------
REQUEST URI : /podmotka-spidometra-gazon-nekst/
MOD DETAILS:
   modFile   : /home/canmotalka/web/can-motalka.ru/public_html/vqmod/xml/lightning.xml
   id        : OpenCart Lightning
   version   : 3.37
   vqmver    : 
   author    : MaxD http://devs.mx

File Name    : system/library/cache.php(0)
VQModObject::applyMod - SEARCH NOT FOUND (SKIPPED): if (is_file(DIR_SYSTEM . 'library/journal3/vendor/SuperCache

----------------------------------------------------------------------


---------- Date: 2026-03-28 13:19:39 ~ IP : 185.179.188.62 ----------
REQUEST URI : /index.php?route=product/product/review&amp;product_id=275
MOD DETAILS:
   modFile   : /home/canmotalka/web/can-motalka.ru/public_html/vqmod/xml/lightning.xml
   id        : OpenCart Lightning
   version   : 3.37
   vqmver    : 
   author    : MaxD http://devs.mx

File Name    : system/library/cache.php(0)
VQModObject::applyMod - SEARCH NOT FOUND (SKIPPED): if (is_file(DIR_SYSTEM . 'library/journal3/vendor/SuperCache

----------------------------------------------------------------------


---------- Date: 2026-03-28 13:19:39 ~ IP : 185.179.188.62 ----------
REQUEST URI : /index.php?route=module/popupcart_extended
MOD DETAILS:
   modFile   : /home/canmotalka/web/can-motalka.ru/public_html/vqmod/xml/lightning.xml
   id        : OpenCart Lightning
   version   : 3.37
   vqmver    : 
   author    : MaxD http://devs.mx

File Name    : system/library/cache.php(0)
VQModObject::applyMod - SEARCH NOT FOUND (SKIPPED): if (is_file(DIR_SYSTEM . 'library/journal3/vendor/SuperCache

----------------------------------------------------------------------


---------- Date: 2026-03-28 13:21:53 ~ IP : 185.179.188.62 ----------
REQUEST URI : /instrukciya-podmotka-niva-travel-chevrolet/
MOD DETAILS:
   modFile   : /home/canmotalka/web/can-motalka.ru/public_html/vqmod/xml/lightning.xml
   id        : OpenCart Lightning
   version   : 3.37
   vqmver    : 
   author    : MaxD http://devs.mx

File Name    : system/library/cache.php(0)
VQModObject::applyMod - SEARCH NOT FOUND (SKIPPED): if (is_file(DIR_SYSTEM . 'library/journal3/vendor/SuperCache

----------------------------------------------------------------------


---------- Date: 2026-03-28 13:22:17 ~ IP : 185.179.188.62 ----------
REQUEST URI : /instrukciya-podmotka-niva-travel-chevrolet/
MOD DETAILS:
   modFile   : /home/canmotalka/web/can-motalka.ru/public_html/vqmod/xml/lightning.xml
   id        : OpenCart Lightning
   version   : 3.37
   vqmver    : 
   author    : MaxD http://devs.mx

File Name    : system/library/cache.php(0)
VQModObject::applyMod - SEARCH NOT FOUND (SKIPPED): if (is_file(DIR_SYSTEM . 'library/journal3/vendor/SuperCache

----------------------------------------------------------------------


---------- Date: 2026-03-28 13:29:15 ~ IP : 185.179.188.62 ----------
REQUEST URI : /image/cache/data/cars/peugeot/boxer/boxer
MOD DETAILS:
   modFile   : /home/canmotalka/web/can-motalka.ru/public_html/vqmod/xml/lightning.xml
   id        : OpenCart Lightning
   version   : 3.37
   vqmver    : 
   author    : MaxD http://devs.mx

File Name    : system/library/cache.php(0)
VQModObject::applyMod - SEARCH NOT FOUND (SKIPPED): if (is_file(DIR_SYSTEM . 'library/journal3/vendor/SuperCache

----------------------------------------------------------------------


---------- Date: 2026-03-28 13:36:58 ~ IP : 185.179.188.62 ----------
REQUEST URI : /patriot_re/?ysclid=mna746f0af770040552
MOD DETAILS:
   modFile   : /home/canmotalka/web/can-motalka.ru/public_html/vqmod/xml/lightning.xml
   id        : OpenCart Lightning
   version   : 3.37
   vqmver    : 
   author    : MaxD http://devs.mx

File Name    : system/library/cache.php(0)
VQModObject::applyMod - SEARCH NOT FOUND (SKIPPED): if (is_file(DIR_SYSTEM . 'library/journal3/vendor/SuperCache

----------------------------------------------------------------------


---------- Date: 2026-03-28 13:36:58 ~ IP : 185.179.188.62 ----------
REQUEST URI : /patriot_re/
MOD DETAILS:
   modFile   : /home/canmotalka/web/can-motalka.ru/public_html/vqmod/xml/lightning.xml
   id        : OpenCart Lightning
   version   : 3.37
   vqmver    : 
   author    : MaxD http://devs.mx

File Name    : system/library/cache.php(0)
VQModObject::applyMod - SEARCH NOT FOUND (SKIPPED): if (is_file(DIR_SYSTEM . 'library/journal3/vendor/SuperCache

----------------------------------------------------------------------


---------- Date: 2026-03-28 13:37:01 ~ IP : 185.179.188.62 ----------
REQUEST URI : /index.php?route=module/popupcart_extended
MOD DETAILS:
   modFile   : /home/canmotalka/web/can-motalka.ru/public_html/vqmod/xml/lightning.xml
   id        : OpenCart Lightning
   version   : 3.37
   vqmver    : 
   author    : MaxD http://devs.mx

File Name    : system/library/cache.php(0)
VQModObject::applyMod - SEARCH NOT FOUND (SKIPPED): if (is_file(DIR_SYSTEM . 'library/journal3/vendor/SuperCache

----------------------------------------------------------------------


---------- Date: 2026-03-28 13:37:30 ~ IP : 185.179.188.62 ----------
REQUEST URI : /setting_php/dapoksetin-60/778-zakazat-sialis-40-svobodniy/
MOD DETAILS:
   modFile   : /home/canmotalka/web/can-motalka.ru/public_html/vqmod/xml/lightning.xml
   id        : OpenCart Lightning
   version   : 3.37
   vqmver    : 
   author    : MaxD http://devs.mx

File Name    : system/library/cache.php(0)
VQModObject::applyMod - SEARCH NOT FOUND (SKIPPED): if (is_file(DIR_SYSTEM . 'library/journal3/vendor/SuperCache

----------------------------------------------------------------------


---------- Date: 2026-03-28 13:37:30 ~ IP : 185.179.188.62 ----------
REQUEST URI : /setting_php/prilidji-60/596-dapoksetin-60-deshevo-moskva/
MOD DETAILS:
   modFile   : /home/canmotalka/web/can-motalka.ru/public_html/vqmod/xml/lightning.xml
   id        : OpenCart Lightning
   version   : 3.37
   vqmver    : 
   author    : MaxD http://devs.mx

File Name    : system/library/cache.php(0)
VQModObject::applyMod - SEARCH NOT FOUND (SKIPPED): if (is_file(DIR_SYSTEM . 'library/journal3/vendor/SuperCache

----------------------------------------------------------------------


---------- Date: 2026-03-28 13:37:31 ~ IP : 185.179.188.62 ----------
REQUEST URI : /setting_php/super-jevitra/927-nabor-kazanova-sravnit-ceni-usolesibirskoe/
MOD DETAILS:
   modFile   : /home/canmotalka/web/can-motalka.ru/public_html/vqmod/xml/lightning.xml
   id        : OpenCart Lightning
   version   : 3.37
   vqmver    : 
   author    : MaxD http://devs.mx

File Name    : system/library/cache.php(0)
VQModObject::applyMod - SEARCH NOT FOUND (SKIPPED): if (is_file(DIR_SYSTEM . 'library/journal3/vendor/SuperCache

----------------------------------------------------------------------


---------- Date: 2026-03-28 13:37:34 ~ IP : 185.179.188.62 ----------
REQUEST URI : /setting_php/kamagra-gold/816-zakazat-levitru-viagru-sialis-apatiti/
MOD DETAILS:
   modFile   : /home/canmotalka/web/can-motalka.ru/public_html/vqmod/xml/lightning.xml
   id        : OpenCart Lightning
   version   : 3.37
   vqmver    : 
   author    : MaxD http://devs.mx

File Name    : system/library/cache.php(0)
VQModObject::applyMod - SEARCH NOT FOUND (SKIPPED): if (is_file(DIR_SYSTEM . 'library/journal3/vendor/SuperCache

----------------------------------------------------------------------


---------- Date: 2026-03-28 13:40:16 ~ IP : 185.179.188.62 ----------
REQUEST URI : /patriot_re/
MOD DETAILS:
   modFile   : /home/canmotalka/web/can-motalka.ru/public_html/vqmod/xml/lightning.xml
   id        : OpenCart Lightning
   version   : 3.37
   vqmver    : 
   author    : MaxD http://devs.mx

File Name    : system/library/cache.php(0)
VQModObject::applyMod - SEARCH NOT FOUND (SKIPPED): if (is_file(DIR_SYSTEM . 'library/journal3/vendor/SuperCache

----------------------------------------------------------------------


---------- Date: 2026-03-28 13:41:05 ~ IP : 185.179.188.62 ----------
REQUEST URI : /instrukciya-dlya-podmotki-lada-largus-2021/
MOD DETAILS:
   modFile   : /home/canmotalka/web/can-motalka.ru/public_html/vqmod/xml/lightning.xml
   id        : OpenCart Lightning
   version   : 3.37
   vqmver    : 
   author    : MaxD http://devs.mx

File Name    : system/library/cache.php(0)
VQModObject::applyMod - SEARCH NOT FOUND (SKIPPED): if (is_file(DIR_SYSTEM . 'library/journal3/vendor/SuperCache

----------------------------------------------------------------------


---------- Date: 2026-03-28 13:41:31 ~ IP : 185.179.188.62 ----------
REQUEST URI : /krutilka-podmotka-spidometra-hyundai-elantra-new/
MOD DETAILS:
   modFile   : /home/canmotalka/web/can-motalka.ru/public_html/vqmod/xml/lightning.xml
   id        : OpenCart Lightning
   version   : 3.37
   vqmver    : 
   author    : MaxD http://devs.mx

File Name    : system/library/cache.php(0)
VQModObject::applyMod - SEARCH NOT FOUND (SKIPPED): if (is_file(DIR_SYSTEM . 'library/journal3/vendor/SuperCache

----------------------------------------------------------------------


---------- Date: 2026-03-28 13:42:22 ~ IP : 185.179.188.62 ----------
REQUEST URI : /podmotka-spidometra-largus/
MOD DETAILS:
   modFile   : /home/canmotalka/web/can-motalka.ru/public_html/vqmod/xml/lightning.xml
   id        : OpenCart Lightning
   version   : 3.37
   vqmver    : 
   author    : MaxD http://devs.mx

File Name    : system/library/cache.php(0)
VQModObject::applyMod - SEARCH NOT FOUND (SKIPPED): if (is_file(DIR_SYSTEM . 'library/journal3/vendor/SuperCache

----------------------------------------------------------------------


---------- Date: 2026-03-28 13:42:22 ~ IP : 185.179.188.62 ----------
REQUEST URI : /index.php?route=product/product/review&amp;product_id=258
MOD DETAILS:
   modFile   : /home/canmotalka/web/can-motalka.ru/public_html/vqmod/xml/lightning.xml
   id        : OpenCart Lightning
   version   : 3.37
   vqmver    : 
   author    : MaxD http://devs.mx

File Name    : system/library/cache.php(0)
VQModObject::applyMod - SEARCH NOT FOUND (SKIPPED): if (is_file(DIR_SYSTEM . 'library/journal3/vendor/SuperCache

----------------------------------------------------------------------


---------- Date: 2026-03-28 13:42:32 ~ IP : 185.179.188.62 ----------
REQUEST URI : /kak-rabotaet-podmotka-spidometra/
MOD DETAILS:
   modFile   : /home/canmotalka/web/can-motalka.ru/public_html/vqmod/xml/lightning.xml
   id        : OpenCart Lightning
   version   : 3.37
   vqmver    : 
   author    : MaxD http://devs.mx

File Name    : system/library/cache.php(0)
VQModObject::applyMod - SEARCH NOT FOUND (SKIPPED): if (is_file(DIR_SYSTEM . 'library/journal3/vendor/SuperCache

----------------------------------------------------------------------


---------- Date: 2026-03-28 13:42:33 ~ IP : 185.179.188.62 ----------
REQUEST URI : /index.php?route=module/popupcart_extended
MOD DETAILS:
   modFile   : /home/canmotalka/web/can-motalka.ru/public_html/vqmod/xml/lightning.xml
   id        : OpenCart Lightning
   version   : 3.37
   vqmver    : 
   author    : MaxD http://devs.mx

File Name    : system/library/cache.php(0)
VQModObject::applyMod - SEARCH NOT FOUND (SKIPPED): if (is_file(DIR_SYSTEM . 'library/journal3/vendor/SuperCache

----------------------------------------------------------------------


---------- Date: 2026-03-28 13:43:28 ~ IP : 185.179.188.62 ----------
REQUEST URI : /instrukciya-podmotka-niva-travel-chevrolet/
MOD DETAILS:
   modFile   : /home/canmotalka/web/can-motalka.ru/public_html/vqmod/xml/lightning.xml
   id        : OpenCart Lightning
   version   : 3.37
   vqmver    : 
   author    : MaxD http://devs.mx

File Name    : system/library/cache.php(0)
VQModObject::applyMod - SEARCH NOT FOUND (SKIPPED): if (is_file(DIR_SYSTEM . 'library/journal3/vendor/SuperCache

----------------------------------------------------------------------


---------- Date: 2026-03-28 13:44:10 ~ IP : 185.179.188.62 ----------
REQUEST URI : /setting_php/uluchshenie-potencii/598-sialis-kapsuli-analog-moskva/
MOD DETAILS:
   modFile   : /home/canmotalka/web/can-motalka.ru/public_html/vqmod/xml/lightning.xml
   id        : OpenCart Lightning
   version   : 3.37
   vqmver    : 
   author    : MaxD http://devs.mx

File Name    : system/library/cache.php(0)
VQModObject::applyMod - SEARCH NOT FOUND (SKIPPED): if (is_file(DIR_SYSTEM . 'library/journal3/vendor/SuperCache

----------------------------------------------------------------------


---------- Date: 2026-03-28 13:44:11 ~ IP : 185.179.188.62 ----------
REQUEST URI : /setting_php/kamagra-100/727-tadalafil-40-ulanude/
MOD DETAILS:
   modFile   : /home/canmotalka/web/can-motalka.ru/public_html/vqmod/xml/lightning.xml
   id        : OpenCart Lightning
   version   : 3.37
   vqmver    : 
   author    : MaxD http://devs.mx

File Name    : system/library/cache.php(0)
VQModObject::applyMod - SEARCH NOT FOUND (SKIPPED): if (is_file(DIR_SYSTEM . 'library/journal3/vendor/SuperCache

----------------------------------------------------------------------


---------- Date: 2026-03-28 13:45:27 ~ IP : 185.179.188.62 ----------
REQUEST URI : /kak-nastroit-podmotku-na-lada-vesta-xray/
MOD DETAILS:
   modFile   : /home/canmotalka/web/can-motalka.ru/public_html/vqmod/xml/lightning.xml
   id        : OpenCart Lightning
   version   : 3.37
   vqmver    : 
   author    : MaxD http://devs.mx

File Name    : system/library/cache.php(0)
VQModObject::applyMod - SEARCH NOT FOUND (SKIPPED): if (is_file(DIR_SYSTEM . 'library/journal3/vendor/SuperCache

----------------------------------------------------------------------


---------- Date: 2026-03-28 13:47:07 ~ IP : 185.179.188.62 ----------
REQUEST URI : /podmotka-spidometra-renault-logan-2005-2014/
MOD DETAILS:
   modFile   : /home/canmotalka/web/can-motalka.ru/public_html/vqmod/xml/lightning.xml
   id        : OpenCart Lightning
   version   : 3.37
   vqmver    : 
   author    : MaxD http://devs.mx

File Name    : system/library/cache.php(0)
VQModObject::applyMod - SEARCH NOT FOUND (SKIPPED): if (is_file(DIR_SYSTEM . 'library/journal3/vendor/SuperCache

----------------------------------------------------------------------


---------- Date: 2026-03-28 13:47:08 ~ IP : 185.179.188.62 ----------
REQUEST URI : /index.php?route=product/product/review&amp;product_id=259
MOD DETAILS:
   modFile   : /home/canmotalka/web/can-motalka.ru/public_html/vqmod/xml/lightning.xml
   id        : OpenCart Lightning
   version   : 3.37
   vqmver    : 
   author    : MaxD http://devs.mx

File Name    : system/library/cache.php(0)
VQModObject::applyMod - SEARCH NOT FOUND (SKIPPED): if (is_file(DIR_SYSTEM . 'library/journal3/vendor/SuperCache

----------------------------------------------------------------------


---------- Date: 2026-03-28 13:47:08 ~ IP : 185.179.188.62 ----------
REQUEST URI : /index.php?route=module/popupcart_extended
MOD DETAILS:
   modFile   : /home/canmotalka/web/can-motalka.ru/public_html/vqmod/xml/lightning.xml
   id        : OpenCart Lightning
   version   : 3.37
   vqmver    : 
   author    : MaxD http://devs.mx

File Name    : system/library/cache.php(0)
VQModObject::applyMod - SEARCH NOT FOUND (SKIPPED): if (is_file(DIR_SYSTEM . 'library/journal3/vendor/SuperCache

----------------------------------------------------------------------


---------- Date: 2026-03-28 13:47:30 ~ IP : 185.179.188.62 ----------
REQUEST URI : /setting_php/kamagra-gold/702-super-jevitra-sravnit-ceni-tuymazi/
MOD DETAILS:
   modFile   : /home/canmotalka/web/can-motalka.ru/public_html/vqmod/xml/lightning.xml
   id        : OpenCart Lightning
   version   : 3.37
   vqmver    : 
   author    : MaxD http://devs.mx

File Name    : system/library/cache.php(0)
VQModObject::applyMod - SEARCH NOT FOUND (SKIPPED): if (is_file(DIR_SYSTEM . 'library/journal3/vendor/SuperCache

----------------------------------------------------------------------


---------- Date: 2026-03-28 13:47:31 ~ IP : 185.179.188.62 ----------
REQUEST URI : /namotchik-probega-dlya-nissan-teana-2015/
MOD DETAILS:
   modFile   : /home/canmotalka/web/can-motalka.ru/public_html/vqmod/xml/lightning.xml
   id        : OpenCart Lightning
   version   : 3.37
   vqmver    : 
   author    : MaxD http://devs.mx

File Name    : system/library/cache.php(0)
VQModObject::applyMod - SEARCH NOT FOUND (SKIPPED): if (is_file(DIR_SYSTEM . 'library/journal3/vendor/SuperCache

----------------------------------------------------------------------


---------- Date: 2026-03-28 13:47:31 ~ IP : 185.179.188.62 ----------
REQUEST URI : /setting_php/kamagra-100/380-zakazat-levitru-viagru-krasnokamensk/
MOD DETAILS:
   modFile   : /home/canmotalka/web/can-motalka.ru/public_html/vqmod/xml/lightning.xml
   id        : OpenCart Lightning
   version   : 3.37
   vqmver    : 
   author    : MaxD http://devs.mx

File Name    : system/library/cache.php(0)
VQModObject::applyMod - SEARCH NOT FOUND (SKIPPED): if (is_file(DIR_SYSTEM . 'library/journal3/vendor/SuperCache

----------------------------------------------------------------------


---------- Date: 2026-03-28 13:47:31 ~ IP : 185.179.188.62 ----------
REQUEST URI : /setting_php/nabor-positivniy/818-levitra-kupit-murmansk/
MOD DETAILS:
   modFile   : /home/canmotalka/web/can-motalka.ru/public_html/vqmod/xml/lightning.xml
   id        : OpenCart Lightning
   version   : 3.37
   vqmver    : 
   author    : MaxD http://devs.mx

File Name    : system/library/cache.php(0)
VQModObject::applyMod - SEARCH NOT FOUND (SKIPPED): if (is_file(DIR_SYSTEM . 'library/journal3/vendor/SuperCache

----------------------------------------------------------------------


---------- Date: 2026-03-28 13:47:33 ~ IP : 185.179.188.62 ----------
REQUEST URI : /setting_php/super-zhevitra/190-super-kamagra-sravnit-ceni-novosibirsk/
MOD DETAILS:
   modFile   : /home/canmotalka/web/can-motalka.ru/public_html/vqmod/xml/lightning.xml
   id        : OpenCart Lightning
   version   : 3.37
   vqmver    : 
   author    : MaxD http://devs.mx

File Name    : system/library/cache.php(0)
VQModObject::applyMod - SEARCH NOT FOUND (SKIPPED): if (is_file(DIR_SYSTEM . 'library/journal3/vendor/SuperCache

----------------------------------------------------------------------


---------- Date: 2026-03-28 13:48:11 ~ IP : 185.179.188.62 ----------
REQUEST URI : /podmotka-spidometra-vesta-ng-np
MOD DETAILS:
   modFile   : /home/canmotalka/web/can-motalka.ru/public_html/vqmod/xml/lightning.xml
   id        : OpenCart Lightning
   version   : 3.37
   vqmver    : 
   author    : MaxD http://devs.mx

File Name    : system/library/cache.php(0)
VQModObject::applyMod - SEARCH NOT FOUND (SKIPPED): if (is_file(DIR_SYSTEM . 'library/journal3/vendor/SuperCache

----------------------------------------------------------------------


---------- Date: 2026-03-28 13:48:11 ~ IP : 185.179.188.62 ----------
REQUEST URI : /podmotka-spidometra-vesta-ng-np/
MOD DETAILS:
   modFile   : /home/canmotalka/web/can-motalka.ru/public_html/vqmod/xml/lightning.xml
   id        : OpenCart Lightning
   version   : 3.37
   vqmver    : 
   author    : MaxD http://devs.mx

File Name    : system/library/cache.php(0)
VQModObject::applyMod - SEARCH NOT FOUND (SKIPPED): if (is_file(DIR_SYSTEM . 'library/journal3/vendor/SuperCache

----------------------------------------------------------------------


---------- Date: 2026-03-28 13:48:27 ~ IP : 185.179.188.62 ----------
REQUEST URI : /manuals
MOD DETAILS:
   modFile   : /home/canmotalka/web/can-motalka.ru/public_html/vqmod/xml/lightning.xml
   id        : OpenCart Lightning
   version   : 3.37
   vqmver    : 
   author    : MaxD http://devs.mx

File Name    : system/library/cache.php(0)
VQModObject::applyMod - SEARCH NOT FOUND (SKIPPED): if (is_file(DIR_SYSTEM . 'library/journal3/vendor/SuperCache

----------------------------------------------------------------------


---------- Date: 2026-03-28 13:48:27 ~ IP : 185.179.188.62 ----------
REQUEST URI : /manuals/
MOD DETAILS:
   modFile   : /home/canmotalka/web/can-motalka.ru/public_html/vqmod/xml/lightning.xml
   id        : OpenCart Lightning
   version   : 3.37
   vqmver    : 
   author    : MaxD http://devs.mx

File Name    : system/library/cache.php(0)
VQModObject::applyMod - SEARCH NOT FOUND (SKIPPED): if (is_file(DIR_SYSTEM . 'library/journal3/vendor/SuperCache

----------------------------------------------------------------------


---------- Date: 2026-03-28 13:48:28 ~ IP : 185.179.188.62 ----------
REQUEST URI : /index.php?route=module/popupcart_extended
MOD DETAILS:
   modFile   : /home/canmotalka/web/can-motalka.ru/public_html/vqmod/xml/lightning.xml
   id        : OpenCart Lightning
   version   : 3.37
   vqmver    : 
   author    : MaxD http://devs.mx

File Name    : system/library/cache.php(0)
VQModObject::applyMod - SEARCH NOT FOUND (SKIPPED): if (is_file(DIR_SYSTEM . 'library/journal3/vendor/SuperCache

----------------------------------------------------------------------


---------- Date: 2026-03-28 13:49:01 ~ IP : 185.179.188.62 ----------
REQUEST URI : /otzyvy/?page=5
MOD DETAILS:
   modFile   : /home/canmotalka/web/can-motalka.ru/public_html/vqmod/xml/lightning.xml
   id        : OpenCart Lightning
   version   : 3.37
   vqmver    : 
   author    : MaxD http://devs.mx

File Name    : system/library/cache.php(0)
VQModObject::applyMod - SEARCH NOT FOUND (SKIPPED): if (is_file(DIR_SYSTEM . 'library/journal3/vendor/SuperCache

----------------------------------------------------------------------


---------- Date: 2026-03-28 13:49:15 ~ IP : 185.179.188.62 ----------
REQUEST URI : /instrukciya-podmotka-camry/
MOD DETAILS:
   modFile   : /home/canmotalka/web/can-motalka.ru/public_html/vqmod/xml/lightning.xml
   id        : OpenCart Lightning
   version   : 3.37
   vqmver    : 
   author    : MaxD http://devs.mx

File Name    : system/library/cache.php(0)
VQModObject::applyMod - SEARCH NOT FOUND (SKIPPED): if (is_file(DIR_SYSTEM . 'library/journal3/vendor/SuperCache

----------------------------------------------------------------------


---------- Date: 2026-03-28 13:50:00 ~ IP : 185.179.188.62 ----------
REQUEST URI : /instrukciya-podmotka-duster/
MOD DETAILS:
   modFile   : /home/canmotalka/web/can-motalka.ru/public_html/vqmod/xml/lightning.xml
   id        : OpenCart Lightning
   version   : 3.37
   vqmver    : 
   author    : MaxD http://devs.mx

File Name    : system/library/cache.php(0)
VQModObject::applyMod - SEARCH NOT FOUND (SKIPPED): if (is_file(DIR_SYSTEM . 'library/journal3/vendor/SuperCache

----------------------------------------------------------------------


---------- Date: 2026-03-28 13:50:51 ~ IP : 185.179.188.62 ----------
REQUEST URI : /setting_php/tadalafil-20/390-super-kamagra-analog-uglich/
MOD DETAILS:
   modFile   : /home/canmotalka/web/can-motalka.ru/public_html/vqmod/xml/lightning.xml
   id        : OpenCart Lightning
   version   : 3.37
   vqmver    : 
   author    : MaxD http://devs.mx

File Name    : system/library/cache.php(0)
VQModObject::applyMod - SEARCH NOT FOUND (SKIPPED): if (is_file(DIR_SYSTEM . 'library/journal3/vendor/SuperCache

----------------------------------------------------------------------


---------- Date: 2026-03-28 13:50:51 ~ IP : 185.179.188.62 ----------
REQUEST URI : /setting_php/nabor-positivniy/440-viagra-kapsuli-deshevo-yarcevo/
MOD DETAILS:
   modFile   : /home/canmotalka/web/can-motalka.ru/public_html/vqmod/xml/lightning.xml
   id        : OpenCart Lightning
   version   : 3.37
   vqmver    : 
   author    : MaxD http://devs.mx

File Name    : system/library/cache.php(0)
VQModObject::applyMod - SEARCH NOT FOUND (SKIPPED): if (is_file(DIR_SYSTEM . 'library/journal3/vendor/SuperCache

----------------------------------------------------------------------


---------- Date: 2026-03-28 13:50:51 ~ IP : 185.179.188.62 ----------
REQUEST URI : /namotchik-probega-dlya-mazda-3/
MOD DETAILS:
   modFile   : /home/canmotalka/web/can-motalka.ru/public_html/vqmod/xml/lightning.xml
   id        : OpenCart Lightning
   version   : 3.37
   vqmver    : 
   author    : MaxD http://devs.mx

File Name    : system/library/cache.php(0)
VQModObject::applyMod - SEARCH NOT FOUND (SKIPPED): if (is_file(DIR_SYSTEM . 'library/journal3/vendor/SuperCache

----------------------------------------------------------------------


---------- Date: 2026-03-28 13:50:51 ~ IP : 185.179.188.62 ----------
REQUEST URI : /setting_php/uluchshenie-potencii/687-cena-djenerik-levitri-soft-noyruppin/
MOD DETAILS:
   modFile   : /home/canmotalka/web/can-motalka.ru/public_html/vqmod/xml/lightning.xml
   id        : OpenCart Lightning
   version   : 3.37
   vqmver    : 
   author    : MaxD http://devs.mx

File Name    : system/library/cache.php(0)
VQModObject::applyMod - SEARCH NOT FOUND (SKIPPED): if (is_file(DIR_SYSTEM . 'library/journal3/vendor/SuperCache

----------------------------------------------------------------------


---------- Date: 2026-03-28 13:51:48 ~ IP : 185.179.188.62 ----------
REQUEST URI : /instrukciya-podmotka-duster/
MOD DETAILS:
   modFile   : /home/canmotalka/web/can-motalka.ru/public_html/vqmod/xml/lightning.xml
   id        : OpenCart Lightning
   version   : 3.37
   vqmver    : 
   author    : MaxD http://devs.mx

File Name    : system/library/cache.php(0)
VQModObject::applyMod - SEARCH NOT FOUND (SKIPPED): if (is_file(DIR_SYSTEM . 'library/journal3/vendor/SuperCache

----------------------------------------------------------------------


---------- Date: 2026-03-28 13:52:14 ~ IP : 185.179.188.62 ----------
REQUEST URI : /manuals/
MOD DETAILS:
   modFile   : /home/canmotalka/web/can-motalka.ru/public_html/vqmod/xml/lightning.xml
   id        : OpenCart Lightning
   version   : 3.37
   vqmver    : 
   author    : MaxD http://devs.mx

File Name    : system/library/cache.php(0)
VQModObject::applyMod - SEARCH NOT FOUND (SKIPPED): if (is_file(DIR_SYSTEM . 'library/journal3/vendor/SuperCache

----------------------------------------------------------------------


---------- Date: 2026-03-28 13:53:34 ~ IP : 185.179.188.62 ----------
REQUEST URI : /instrukciya-podmotka-kamaz/
MOD DETAILS:
   modFile   : /home/canmotalka/web/can-motalka.ru/public_html/vqmod/xml/lightning.xml
   id        : OpenCart Lightning
   version   : 3.37
   vqmver    : 
   author    : MaxD http://devs.mx

File Name    : system/library/cache.php(0)
VQModObject::applyMod - SEARCH NOT FOUND (SKIPPED): if (is_file(DIR_SYSTEM . 'library/journal3/vendor/SuperCache

----------------------------------------------------------------------


---------- Date: 2026-03-28 13:54:28 ~ IP : 185.179.188.62 ----------
REQUEST URI : /instrukciya-dlya-ford-tranzit/
MOD DETAILS:
   modFile   : /home/canmotalka/web/can-motalka.ru/public_html/vqmod/xml/lightning.xml
   id        : OpenCart Lightning
   version   : 3.37
   vqmver    : 
   author    : MaxD http://devs.mx

File Name    : system/library/cache.php(0)
VQModObject::applyMod - SEARCH NOT FOUND (SKIPPED): if (is_file(DIR_SYSTEM . 'library/journal3/vendor/SuperCache

----------------------------------------------------------------------


---------- Date: 2026-03-28 13:54:56 ~ IP : 185.179.188.62 ----------
REQUEST URI : /manuals
MOD DETAILS:
   modFile   : /home/canmotalka/web/can-motalka.ru/public_html/vqmod/xml/lightning.xml
   id        : OpenCart Lightning
   version   : 3.37
   vqmver    : 
   author    : MaxD http://devs.mx

File Name    : system/library/cache.php(0)
VQModObject::applyMod - SEARCH NOT FOUND (SKIPPED): if (is_file(DIR_SYSTEM . 'library/journal3/vendor/SuperCache

----------------------------------------------------------------------


---------- Date: 2026-03-28 13:55:04 ~ IP : 185.179.188.62 ----------
REQUEST URI : /kak-nastroit-podmotku-na-lada-vesta-xray/
MOD DETAILS:
   modFile   : /home/canmotalka/web/can-motalka.ru/public_html/vqmod/xml/lightning.xml
   id        : OpenCart Lightning
   version   : 3.37
   vqmver    : 
   author    : MaxD http://devs.mx

File Name    : system/library/cache.php(0)
VQModObject::applyMod - SEARCH NOT FOUND (SKIPPED): if (is_file(DIR_SYSTEM . 'library/journal3/vendor/SuperCache

----------------------------------------------------------------------


---------- Date: 2026-03-28 13:55:55 ~ IP : 185.179.188.62 ----------
REQUEST URI : /?ysclid=mna7sic67d391389465
MOD DETAILS:
   modFile   : /home/canmotalka/web/can-motalka.ru/public_html/vqmod/xml/lightning.xml
   id        : OpenCart Lightning
   version   : 3.37
   vqmver    : 
   author    : MaxD http://devs.mx

File Name    : system/library/cache.php(0)
VQModObject::applyMod - SEARCH NOT FOUND (SKIPPED): if (is_file(DIR_SYSTEM . 'library/journal3/vendor/SuperCache

----------------------------------------------------------------------


---------- Date: 2026-03-28 13:55:56 ~ IP : 185.179.188.62 ----------
REQUEST URI : /index.php?route=module/popupcart_extended
MOD DETAILS:
   modFile   : /home/canmotalka/web/can-motalka.ru/public_html/vqmod/xml/lightning.xml
   id        : OpenCart Lightning
   version   : 3.37
   vqmver    : 
   author    : MaxD http://devs.mx

File Name    : system/library/cache.php(0)
VQModObject::applyMod - SEARCH NOT FOUND (SKIPPED): if (is_file(DIR_SYSTEM . 'library/journal3/vendor/SuperCache

----------------------------------------------------------------------


---------- Date: 2026-03-28 13:56:09 ~ IP : 185.179.188.62 ----------
REQUEST URI : /kak-nastroit-podmotku-na-lada-vesta-xray/
MOD DETAILS:
   modFile   : /home/canmotalka/web/can-motalka.ru/public_html/vqmod/xml/lightning.xml
   id        : OpenCart Lightning
   version   : 3.37
   vqmver    : 
   author    : MaxD http://devs.mx

File Name    : system/library/cache.php(0)
VQModObject::applyMod - SEARCH NOT FOUND (SKIPPED): if (is_file(DIR_SYSTEM . 'library/journal3/vendor/SuperCache

----------------------------------------------------------------------


---------- Date: 2026-03-28 13:56:10 ~ IP : 185.179.188.62 ----------
REQUEST URI : /kak-nastroit-podmotku-na-lada-vesta-xray/
MOD DETAILS:
   modFile   : /home/canmotalka/web/can-motalka.ru/public_html/vqmod/xml/lightning.xml
   id        : OpenCart Lightning
   version   : 3.37
   vqmver    : 
   author    : MaxD http://devs.mx

File Name    : system/library/cache.php(0)
VQModObject::applyMod - SEARCH NOT FOUND (SKIPPED): if (is_file(DIR_SYSTEM . 'library/journal3/vendor/SuperCache

----------------------------------------------------------------------


---------- Date: 2026-03-28 13:57:26 ~ IP : 185.179.188.62 ----------
REQUEST URI : /podmotka-spidometra-uaz-profi/
MOD DETAILS:
   modFile   : /home/canmotalka/web/can-motalka.ru/public_html/vqmod/xml/lightning.xml
   id        : OpenCart Lightning
   version   : 3.37
   vqmver    : 
   author    : MaxD http://devs.mx

File Name    : system/library/cache.php(0)
VQModObject::applyMod - SEARCH NOT FOUND (SKIPPED): if (is_file(DIR_SYSTEM . 'library/journal3/vendor/SuperCache

----------------------------------------------------------------------


---------- Date: 2026-03-28 14:05:38 ~ IP : 185.179.188.62 ----------
REQUEST URI : /namotchik-probega-dlya-suzuki-grand-vitara/
MOD DETAILS:
   modFile   : /home/canmotalka/web/can-motalka.ru/public_html/vqmod/xml/lightning.xml
   id        : OpenCart Lightning
   version   : 3.37
   vqmver    : 
   author    : MaxD http://devs.mx

File Name    : system/library/cache.php(0)
VQModObject::applyMod - SEARCH NOT FOUND (SKIPPED): if (is_file(DIR_SYSTEM . 'library/journal3/vendor/SuperCache

----------------------------------------------------------------------


---------- Date: 2026-03-28 14:07:56 ~ IP : 185.179.188.62 ----------
REQUEST URI : /podmotka-spidometra-jac-t6/
MOD DETAILS:
   modFile   : /home/canmotalka/web/can-motalka.ru/public_html/vqmod/xml/lightning.xml
   id        : OpenCart Lightning
   version   : 3.37
   vqmver    : 
   author    : MaxD http://devs.mx

File Name    : system/library/cache.php(0)
VQModObject::applyMod - SEARCH NOT FOUND (SKIPPED): if (is_file(DIR_SYSTEM . 'library/journal3/vendor/SuperCache

----------------------------------------------------------------------


---------- Date: 2026-03-28 14:12:15 ~ IP : 185.179.188.62 ----------
REQUEST URI : /podmotka-spidometra-uaz-patriot/?ysclid=mna8dj2yht377433178
MOD DETAILS:
   modFile   : /home/canmotalka/web/can-motalka.ru/public_html/vqmod/xml/lightning.xml
   id        : OpenCart Lightning
   version   : 3.37
   vqmver    : 
   author    : MaxD http://devs.mx

File Name    : system/library/cache.php(0)
VQModObject::applyMod - SEARCH NOT FOUND (SKIPPED): if (is_file(DIR_SYSTEM . 'library/journal3/vendor/SuperCache

----------------------------------------------------------------------


---------- Date: 2026-03-28 14:12:15 ~ IP : 185.179.188.62 ----------
REQUEST URI : /podmotka-spidometra-uaz-patriot/
MOD DETAILS:
   modFile   : /home/canmotalka/web/can-motalka.ru/public_html/vqmod/xml/lightning.xml
   id        : OpenCart Lightning
   version   : 3.37
   vqmver    : 
   author    : MaxD http://devs.mx

File Name    : system/library/cache.php(0)
VQModObject::applyMod - SEARCH NOT FOUND (SKIPPED): if (is_file(DIR_SYSTEM . 'library/journal3/vendor/SuperCache

----------------------------------------------------------------------


---------- Date: 2026-03-28 14:12:16 ~ IP : 185.179.188.62 ----------
REQUEST URI : /index.php?route=product/product/review&amp;product_id=277
MOD DETAILS:
   modFile   : /home/canmotalka/web/can-motalka.ru/public_html/vqmod/xml/lightning.xml
   id        : OpenCart Lightning
   version   : 3.37
   vqmver    : 
   author    : MaxD http://devs.mx

File Name    : system/library/cache.php(0)
VQModObject::applyMod - SEARCH NOT FOUND (SKIPPED): if (is_file(DIR_SYSTEM . 'library/journal3/vendor/SuperCache

----------------------------------------------------------------------


---------- Date: 2026-03-28 14:12:17 ~ IP : 185.179.188.62 ----------
REQUEST URI : /index.php?route=module/popupcart_extended
MOD DETAILS:
   modFile   : /home/canmotalka/web/can-motalka.ru/public_html/vqmod/xml/lightning.xml
   id        : OpenCart Lightning
   version   : 3.37
   vqmver    : 
   author    : MaxD http://devs.mx

File Name    : system/library/cache.php(0)
VQModObject::applyMod - SEARCH NOT FOUND (SKIPPED): if (is_file(DIR_SYSTEM . 'library/journal3/vendor/SuperCache

----------------------------------------------------------------------


---------- Date: 2026-03-28 14:15:08 ~ IP : 185.179.188.62 ----------
REQUEST URI : /kak-rabotaet-podmotka-spidometra/?ysclid=mna8h9dev8238390564
MOD DETAILS:
   modFile   : /home/canmotalka/web/can-motalka.ru/public_html/vqmod/xml/lightning.xml
   id        : OpenCart Lightning
   version   : 3.37
   vqmver    : 
   author    : MaxD http://devs.mx

File Name    : system/library/cache.php(0)
VQModObject::applyMod - SEARCH NOT FOUND (SKIPPED): if (is_file(DIR_SYSTEM . 'library/journal3/vendor/SuperCache

----------------------------------------------------------------------


---------- Date: 2026-03-28 14:15:09 ~ IP : 185.179.188.62 ----------
REQUEST URI : /kak-rabotaet-podmotka-spidometra/
MOD DETAILS:
   modFile   : /home/canmotalka/web/can-motalka.ru/public_html/vqmod/xml/lightning.xml
   id        : OpenCart Lightning
   version   : 3.37
   vqmver    : 
   author    : MaxD http://devs.mx

File Name    : system/library/cache.php(0)
VQModObject::applyMod - SEARCH NOT FOUND (SKIPPED): if (is_file(DIR_SYSTEM . 'library/journal3/vendor/SuperCache

----------------------------------------------------------------------


---------- Date: 2026-03-28 14:15:10 ~ IP : 185.179.188.62 ----------
REQUEST URI : /index.php?route=module/popupcart_extended
MOD DETAILS:
   modFile   : /home/canmotalka/web/can-motalka.ru/public_html/vqmod/xml/lightning.xml
   id        : OpenCart Lightning
   version   : 3.37
   vqmver    : 
   author    : MaxD http://devs.mx

File Name    : system/library/cache.php(0)
VQModObject::applyMod - SEARCH NOT FOUND (SKIPPED): if (is_file(DIR_SYSTEM . 'library/journal3/vendor/SuperCache

----------------------------------------------------------------------


---------- Date: 2026-03-28 14:15:35 ~ IP : 185.179.188.62 ----------
REQUEST URI : /?ysclid=mna8htnozr838041602
MOD DETAILS:
   modFile   : /home/canmotalka/web/can-motalka.ru/public_html/vqmod/xml/lightning.xml
   id        : OpenCart Lightning
   version   : 3.37
   vqmver    : 
   author    : MaxD http://devs.mx

File Name    : system/library/cache.php(0)
VQModObject::applyMod - SEARCH NOT FOUND (SKIPPED): if (is_file(DIR_SYSTEM . 'library/journal3/vendor/SuperCache

----------------------------------------------------------------------


---------- Date: 2026-03-28 14:16:06 ~ IP : 185.179.188.62 ----------
REQUEST URI : /index.php?route=module/popupcart_extended
MOD DETAILS:
   modFile   : /home/canmotalka/web/can-motalka.ru/public_html/vqmod/xml/lightning.xml
   id        : OpenCart Lightning
   version   : 3.37
   vqmver    : 
   author    : MaxD http://devs.mx

File Name    : system/library/cache.php(0)
VQModObject::applyMod - SEARCH NOT FOUND (SKIPPED): if (is_file(DIR_SYSTEM . 'library/journal3/vendor/SuperCache

----------------------------------------------------------------------


---------- Date: 2026-03-28 14:16:20 ~ IP : 185.179.188.62 ----------
REQUEST URI : /index.php?route=module/popupcart_extended
MOD DETAILS:
   modFile   : /home/canmotalka/web/can-motalka.ru/public_html/vqmod/xml/lightning.xml
   id        : OpenCart Lightning
   version   : 3.37
   vqmver    : 
   author    : MaxD http://devs.mx

File Name    : system/library/cache.php(0)
VQModObject::applyMod - SEARCH NOT FOUND (SKIPPED): if (is_file(DIR_SYSTEM . 'library/journal3/vendor/SuperCache

----------------------------------------------------------------------


---------- Date: 2026-03-28 14:16:59 ~ IP : 185.179.188.62 ----------
REQUEST URI : /.well-known/traffic-advice
MOD DETAILS:
   modFile   : /home/canmotalka/web/can-motalka.ru/public_html/vqmod/xml/lightning.xml
   id        : OpenCart Lightning
   version   : 3.37
   vqmver    : 
   author    : MaxD http://devs.mx

File Name    : system/library/cache.php(0)
VQModObject::applyMod - SEARCH NOT FOUND (SKIPPED): if (is_file(DIR_SYSTEM . 'library/journal3/vendor/SuperCache

----------------------------------------------------------------------


---------- Date: 2026-03-28 14:17:28 ~ IP : 185.179.188.62 ----------
REQUEST URI : /instrukciya-dlya-podmotki-lada-largus-2021/?ysclid=mna8k9pq26904209691
MOD DETAILS:
   modFile   : /home/canmotalka/web/can-motalka.ru/public_html/vqmod/xml/lightning.xml
   id        : OpenCart Lightning
   version   : 3.37
   vqmver    : 
   author    : MaxD http://devs.mx

File Name    : system/library/cache.php(0)
VQModObject::applyMod - SEARCH NOT FOUND (SKIPPED): if (is_file(DIR_SYSTEM . 'library/journal3/vendor/SuperCache

----------------------------------------------------------------------


---------- Date: 2026-03-28 14:17:29 ~ IP : 185.179.188.62 ----------
REQUEST URI : /instrukciya-dlya-podmotki-lada-largus-2021/
MOD DETAILS:
   modFile   : /home/canmotalka/web/can-motalka.ru/public_html/vqmod/xml/lightning.xml
   id        : OpenCart Lightning
   version   : 3.37
   vqmver    : 
   author    : MaxD http://devs.mx

File Name    : system/library/cache.php(0)
VQModObject::applyMod - SEARCH NOT FOUND (SKIPPED): if (is_file(DIR_SYSTEM . 'library/journal3/vendor/SuperCache

----------------------------------------------------------------------


---------- Date: 2026-03-28 14:17:29 ~ IP : 185.179.188.62 ----------
REQUEST URI : /index.php?route=module/popupcart_extended
MOD DETAILS:
   modFile   : /home/canmotalka/web/can-motalka.ru/public_html/vqmod/xml/lightning.xml
   id        : OpenCart Lightning
   version   : 3.37
   vqmver    : 
   author    : MaxD http://devs.mx

File Name    : system/library/cache.php(0)
VQModObject::applyMod - SEARCH NOT FOUND (SKIPPED): if (is_file(DIR_SYSTEM . 'library/journal3/vendor/SuperCache

----------------------------------------------------------------------


---------- Date: 2026-03-28 14:18:00 ~ IP : 185.179.188.62 ----------
REQUEST URI : /instrukciya-dlya-podmotki-lada-largus-2021/
MOD DETAILS:
   modFile   : /home/canmotalka/web/can-motalka.ru/public_html/vqmod/xml/lightning.xml
   id        : OpenCart Lightning
   version   : 3.37
   vqmver    : 
   author    : MaxD http://devs.mx

File Name    : system/library/cache.php(0)
VQModObject::applyMod - SEARCH NOT FOUND (SKIPPED): if (is_file(DIR_SYSTEM . 'library/journal3/vendor/SuperCache

----------------------------------------------------------------------


---------- Date: 2026-03-28 14:18:28 ~ IP : 185.179.188.62 ----------
REQUEST URI : /podmotka-spidometra-hyundai-genesis-g80/
MOD DETAILS:
   modFile   : /home/canmotalka/web/can-motalka.ru/public_html/vqmod/xml/lightning.xml
   id        : OpenCart Lightning
   version   : 3.37
   vqmver    : 
   author    : MaxD http://devs.mx

File Name    : system/library/cache.php(0)
VQModObject::applyMod - SEARCH NOT FOUND (SKIPPED): if (is_file(DIR_SYSTEM . 'library/journal3/vendor/SuperCache

----------------------------------------------------------------------


---------- Date: 2026-03-28 14:18:37 ~ IP : 185.179.188.62 ----------
REQUEST URI : /index.php?route=product/search&amp;tag=CAN
MOD DETAILS:
   modFile   : /home/canmotalka/web/can-motalka.ru/public_html/vqmod/xml/lightning.xml
   id        : OpenCart Lightning
   version   : 3.37
   vqmver    : 
   author    : MaxD http://devs.mx

File Name    : system/library/cache.php(0)
VQModObject::applyMod - SEARCH NOT FOUND (SKIPPED): if (is_file(DIR_SYSTEM . 'library/journal3/vendor/SuperCache

----------------------------------------------------------------------


---------- Date: 2026-03-28 14:18:55 ~ IP : 185.179.188.62 ----------
REQUEST URI : /podmotka-spidometra-hyundai-ix35/
MOD DETAILS:
   modFile   : /home/canmotalka/web/can-motalka.ru/public_html/vqmod/xml/lightning.xml
   id        : OpenCart Lightning
   version   : 3.37
   vqmver    : 
   author    : MaxD http://devs.mx

File Name    : system/library/cache.php(0)
VQModObject::applyMod - SEARCH NOT FOUND (SKIPPED): if (is_file(DIR_SYSTEM . 'library/journal3/vendor/SuperCache

----------------------------------------------------------------------


---------- Date: 2026-03-28 14:19:01 ~ IP : 185.179.188.62 ----------
REQUEST URI : /podmotka-krutilka-spidometra-gazel-biznes-benzin-evotec-ili-cummins/
MOD DETAILS:
   modFile   : /home/canmotalka/web/can-motalka.ru/public_html/vqmod/xml/lightning.xml
   id        : OpenCart Lightning
   version   : 3.37
   vqmver    : 
   author    : MaxD http://devs.mx

File Name    : system/library/cache.php(0)
VQModObject::applyMod - SEARCH NOT FOUND (SKIPPED): if (is_file(DIR_SYSTEM . 'library/journal3/vendor/SuperCache

----------------------------------------------------------------------


---------- Date: 2026-03-28 14:19:07 ~ IP : 185.179.188.62 ----------
REQUEST URI : /podmotka-spidometra-vesta-ng-np/
MOD DETAILS:
   modFile   : /home/canmotalka/web/can-motalka.ru/public_html/vqmod/xml/lightning.xml
   id        : OpenCart Lightning
   version   : 3.37
   vqmver    : 
   author    : MaxD http://devs.mx

File Name    : system/library/cache.php(0)
VQModObject::applyMod - SEARCH NOT FOUND (SKIPPED): if (is_file(DIR_SYSTEM . 'library/journal3/vendor/SuperCache

----------------------------------------------------------------------


---------- Date: 2026-03-28 14:20:00 ~ IP : 185.179.188.62 ----------
REQUEST URI : /namotchik-probega-dlya-mazda-3/
MOD DETAILS:
   modFile   : /home/canmotalka/web/can-motalka.ru/public_html/vqmod/xml/lightning.xml
   id        : OpenCart Lightning
   version   : 3.37
   vqmver    : 
   author    : MaxD http://devs.mx

File Name    : system/library/cache.php(0)
VQModObject::applyMod - SEARCH NOT FOUND (SKIPPED): if (is_file(DIR_SYSTEM . 'library/journal3/vendor/SuperCache

----------------------------------------------------------------------


---------- Date: 2026-03-28 14:20:33 ~ IP : 185.179.188.62 ----------
REQUEST URI : /podmotka-spidometra-jac-t6/
MOD DETAILS:
   modFile   : /home/canmotalka/web/can-motalka.ru/public_html/vqmod/xml/lightning.xml
   id        : OpenCart Lightning
   version   : 3.37
   vqmver    : 
   author    : MaxD http://devs.mx

File Name    : system/library/cache.php(0)
VQModObject::applyMod - SEARCH NOT FOUND (SKIPPED): if (is_file(DIR_SYSTEM . 'library/journal3/vendor/SuperCache

----------------------------------------------------------------------


---------- Date: 2026-03-28 14:20:34 ~ IP : 185.179.188.62 ----------
REQUEST URI : /index.php?route=product/product/review&amp;product_id=310
MOD DETAILS:
   modFile   : /home/canmotalka/web/can-motalka.ru/public_html/vqmod/xml/lightning.xml
   id        : OpenCart Lightning
   version   : 3.37
   vqmver    : 
   author    : MaxD http://devs.mx

File Name    : system/library/cache.php(0)
VQModObject::applyMod - SEARCH NOT FOUND (SKIPPED): if (is_file(DIR_SYSTEM . 'library/journal3/vendor/SuperCache

----------------------------------------------------------------------


---------- Date: 2026-03-28 14:21:10 ~ IP : 185.179.188.62 ----------
REQUEST URI : /podmotka-spidometra-toyota-highlander/
MOD DETAILS:
   modFile   : /home/canmotalka/web/can-motalka.ru/public_html/vqmod/xml/lightning.xml
   id        : OpenCart Lightning
   version   : 3.37
   vqmver    : 
   author    : MaxD http://devs.mx

File Name    : system/library/cache.php(0)
VQModObject::applyMod - SEARCH NOT FOUND (SKIPPED): if (is_file(DIR_SYSTEM . 'library/journal3/vendor/SuperCache

----------------------------------------------------------------------


---------- Date: 2026-03-28 14:21:11 ~ IP : 185.179.188.62 ----------
REQUEST URI : /podmotka-spidometra-dlya-ford-exploer/
MOD DETAILS:
   modFile   : /home/canmotalka/web/can-motalka.ru/public_html/vqmod/xml/lightning.xml
   id        : OpenCart Lightning
   version   : 3.37
   vqmver    : 
   author    : MaxD http://devs.mx

File Name    : system/library/cache.php(0)
VQModObject::applyMod - SEARCH NOT FOUND (SKIPPED): if (is_file(DIR_SYSTEM . 'library/journal3/vendor/SuperCache

----------------------------------------------------------------------


---------- Date: 2026-03-28 14:21:29 ~ IP : 185.179.188.62 ----------
REQUEST URI : /podmotka-spidometra-largus/
MOD DETAILS:
   modFile   : /home/canmotalka/web/can-motalka.ru/public_html/vqmod/xml/lightning.xml
   id        : OpenCart Lightning
   version   : 3.37
   vqmver    : 
   author    : MaxD http://devs.mx

File Name    : system/library/cache.php(0)
VQModObject::applyMod - SEARCH NOT FOUND (SKIPPED): if (is_file(DIR_SYSTEM . 'library/journal3/vendor/SuperCache

----------------------------------------------------------------------


---------- Date: 2026-03-28 14:21:55 ~ IP : 185.179.188.62 ----------
REQUEST URI : /podmotka-spidometra-na-shkoda-oktaviya/
MOD DETAILS:
   modFile   : /home/canmotalka/web/can-motalka.ru/public_html/vqmod/xml/lightning.xml
   id        : OpenCart Lightning
   version   : 3.37
   vqmver    : 
   author    : MaxD http://devs.mx

File Name    : system/library/cache.php(0)
VQModObject::applyMod - SEARCH NOT FOUND (SKIPPED): if (is_file(DIR_SYSTEM . 'library/journal3/vendor/SuperCache

----------------------------------------------------------------------


---------- Date: 2026-03-28 14:21:55 ~ IP : 185.179.188.62 ----------
REQUEST URI : /namotchik-probega-dlya-mazda-cx
MOD DETAILS:
   modFile   : /home/canmotalka/web/can-motalka.ru/public_html/vqmod/xml/lightning.xml
   id        : OpenCart Lightning
   version   : 3.37
   vqmver    : 
   author    : MaxD http://devs.mx

File Name    : system/library/cache.php(0)
VQModObject::applyMod - SEARCH NOT FOUND (SKIPPED): if (is_file(DIR_SYSTEM . 'library/journal3/vendor/SuperCache

----------------------------------------------------------------------


---------- Date: 2026-03-28 14:23:00 ~ IP : 185.179.188.62 ----------
REQUEST URI : /kak-perenatroit-podmotku-spidometra/
MOD DETAILS:
   modFile   : /home/canmotalka/web/can-motalka.ru/public_html/vqmod/xml/lightning.xml
   id        : OpenCart Lightning
   version   : 3.37
   vqmver    : 
   author    : MaxD http://devs.mx

File Name    : system/library/cache.php(0)
VQModObject::applyMod - SEARCH NOT FOUND (SKIPPED): if (is_file(DIR_SYSTEM . 'library/journal3/vendor/SuperCache

----------------------------------------------------------------------


---------- Date: 2026-03-28 14:23:09 ~ IP : 185.179.188.62 ----------
REQUEST URI : /podmotka-spidometra-peugeot-boxer/
MOD DETAILS:
   modFile   : /home/canmotalka/web/can-motalka.ru/public_html/vqmod/xml/lightning.xml
   id        : OpenCart Lightning
   version   : 3.37
   vqmver    : 
   author    : MaxD http://devs.mx

File Name    : system/library/cache.php(0)
VQModObject::applyMod - SEARCH NOT FOUND (SKIPPED): if (is_file(DIR_SYSTEM . 'library/journal3/vendor/SuperCache

----------------------------------------------------------------------


---------- Date: 2026-03-28 14:23:50 ~ IP : 185.179.188.62 ----------
REQUEST URI : /instrukciya-lada-granta-2021/
MOD DETAILS:
   modFile   : /home/canmotalka/web/can-motalka.ru/public_html/vqmod/xml/lightning.xml
   id        : OpenCart Lightning
   version   : 3.37
   vqmver    : 
   author    : MaxD http://devs.mx

File Name    : system/library/cache.php(0)
VQModObject::applyMod - SEARCH NOT FOUND (SKIPPED): if (is_file(DIR_SYSTEM . 'library/journal3/vendor/SuperCache

----------------------------------------------------------------------


---------- Date: 2026-03-28 14:24:28 ~ IP : 185.179.188.62 ----------
REQUEST URI : /instrukciya-dlya-podmotki-lada-largus-2021/
MOD DETAILS:
   modFile   : /home/canmotalka/web/can-motalka.ru/public_html/vqmod/xml/lightning.xml
   id        : OpenCart Lightning
   version   : 3.37
   vqmver    : 
   author    : MaxD http://devs.mx

File Name    : system/library/cache.php(0)
VQModObject::applyMod - SEARCH NOT FOUND (SKIPPED): if (is_file(DIR_SYSTEM . 'library/journal3/vendor/SuperCache

----------------------------------------------------------------------


---------- Date: 2026-03-28 14:24:29 ~ IP : 185.179.188.62 ----------
REQUEST URI : /index.php?route=module/popupcart_extended
MOD DETAILS:
   modFile   : /home/canmotalka/web/can-motalka.ru/public_html/vqmod/xml/lightning.xml
   id        : OpenCart Lightning
   version   : 3.37
   vqmver    : 
   author    : MaxD http://devs.mx

File Name    : system/library/cache.php(0)
VQModObject::applyMod - SEARCH NOT FOUND (SKIPPED): if (is_file(DIR_SYSTEM . 'library/journal3/vendor/SuperCache

----------------------------------------------------------------------


---------- Date: 2026-03-28 14:25:55 ~ IP : 185.179.188.62 ----------
REQUEST URI : /kak-rabotaet-podmotka-spidometra/
MOD DETAILS:
   modFile   : /home/canmotalka/web/can-motalka.ru/public_html/vqmod/xml/lightning.xml
   id        : OpenCart Lightning
   version   : 3.37
   vqmver    : 
   author    : MaxD http://devs.mx

File Name    : system/library/cache.php(0)
VQModObject::applyMod - SEARCH NOT FOUND (SKIPPED): if (is_file(DIR_SYSTEM . 'library/journal3/vendor/SuperCache

----------------------------------------------------------------------


---------- Date: 2026-03-28 14:27:24 ~ IP : 185.179.188.62 ----------
REQUEST URI : /index.php?route=module/popupcart_extended
MOD DETAILS:
   modFile   : /home/canmotalka/web/can-motalka.ru/public_html/vqmod/xml/lightning.xml
   id        : OpenCart Lightning
   version   : 3.37
   vqmver    : 
   author    : MaxD http://devs.mx

File Name    : system/library/cache.php(0)
VQModObject::applyMod - SEARCH NOT FOUND (SKIPPED): if (is_file(DIR_SYSTEM . 'library/journal3/vendor/SuperCache

----------------------------------------------------------------------


---------- Date: 2026-03-28 14:27:59 ~ IP : 185.179.188.62 ----------
REQUEST URI : /podmotka-spidometra-na-ford-fokus-3-za-3000-rubley/
MOD DETAILS:
   modFile   : /home/canmotalka/web/can-motalka.ru/public_html/vqmod/xml/lightning.xml
   id        : OpenCart Lightning
   version   : 3.37
   vqmver    : 
   author    : MaxD http://devs.mx

File Name    : system/library/cache.php(0)
VQModObject::applyMod - SEARCH NOT FOUND (SKIPPED): if (is_file(DIR_SYSTEM . 'library/journal3/vendor/SuperCache

----------------------------------------------------------------------


---------- Date: 2026-03-28 14:28:46 ~ IP : 185.179.188.62 ----------
REQUEST URI : /podmotka_spidometra_solaris/
MOD DETAILS:
   modFile   : /home/canmotalka/web/can-motalka.ru/public_html/vqmod/xml/lightning.xml
   id        : OpenCart Lightning
   version   : 3.37
   vqmver    : 
   author    : MaxD http://devs.mx

File Name    : system/library/cache.php(0)
VQModObject::applyMod - SEARCH NOT FOUND (SKIPPED): if (is_file(DIR_SYSTEM . 'library/journal3/vendor/SuperCache

----------------------------------------------------------------------


---------- Date: 2026-03-28 14:30:58 ~ IP : 185.179.188.62 ----------
REQUEST URI : /podmotka-spidometra-niva/
MOD DETAILS:
   modFile   : /home/canmotalka/web/can-motalka.ru/public_html/vqmod/xml/lightning.xml
   id        : OpenCart Lightning
   version   : 3.37
   vqmver    : 
   author    : MaxD http://devs.mx

File Name    : system/library/cache.php(0)
VQModObject::applyMod - SEARCH NOT FOUND (SKIPPED): if (is_file(DIR_SYSTEM . 'library/journal3/vendor/SuperCache

----------------------------------------------------------------------


---------- Date: 2026-03-28 14:31:40 ~ IP : 185.179.188.62 ----------
REQUEST URI : /sitemap.xml
MOD DETAILS:
   modFile   : /home/canmotalka/web/can-motalka.ru/public_html/vqmod/xml/lightning.xml
   id        : OpenCart Lightning
   version   : 3.37
   vqmver    : 
   author    : MaxD http://devs.mx

File Name    : system/library/cache.php(0)
VQModObject::applyMod - SEARCH NOT FOUND (SKIPPED): if (is_file(DIR_SYSTEM . 'library/journal3/vendor/SuperCache

----------------------------------------------------------------------


---------- Date: 2026-03-28 14:32:51 ~ IP : 185.179.188.62 ----------
REQUEST URI : /manuals
MOD DETAILS:
   modFile   : /home/canmotalka/web/can-motalka.ru/public_html/vqmod/xml/lightning.xml
   id        : OpenCart Lightning
   version   : 3.37
   vqmver    : 
   author    : MaxD http://devs.mx

File Name    : system/library/cache.php(0)
VQModObject::applyMod - SEARCH NOT FOUND (SKIPPED): if (is_file(DIR_SYSTEM . 'library/journal3/vendor/SuperCache

----------------------------------------------------------------------


---------- Date: 2026-03-28 14:32:52 ~ IP : 185.179.188.62 ----------
REQUEST URI : /manuals/
MOD DETAILS:
   modFile   : /home/canmotalka/web/can-motalka.ru/public_html/vqmod/xml/lightning.xml
   id        : OpenCart Lightning
   version   : 3.37
   vqmver    : 
   author    : MaxD http://devs.mx

File Name    : system/library/cache.php(0)
VQModObject::applyMod - SEARCH NOT FOUND (SKIPPED): if (is_file(DIR_SYSTEM . 'library/journal3/vendor/SuperCache

----------------------------------------------------------------------


---------- Date: 2026-03-28 14:32:53 ~ IP : 185.179.188.62 ----------
REQUEST URI : /index.php?route=module/popupcart_extended
MOD DETAILS:
   modFile   : /home/canmotalka/web/can-motalka.ru/public_html/vqmod/xml/lightning.xml
   id        : OpenCart Lightning
   version   : 3.37
   vqmver    : 
   author    : MaxD http://devs.mx

File Name    : system/library/cache.php(0)
VQModObject::applyMod - SEARCH NOT FOUND (SKIPPED): if (is_file(DIR_SYSTEM . 'library/journal3/vendor/SuperCache

----------------------------------------------------------------------


---------- Date: 2026-03-28 14:33:03 ~ IP : 185.179.188.62 ----------
REQUEST URI : /instrukciya-dlya-podmotki-lada-niva/
MOD DETAILS:
   modFile   : /home/canmotalka/web/can-motalka.ru/public_html/vqmod/xml/lightning.xml
   id        : OpenCart Lightning
   version   : 3.37
   vqmver    : 
   author    : MaxD http://devs.mx

File Name    : system/library/cache.php(0)
VQModObject::applyMod - SEARCH NOT FOUND (SKIPPED): if (is_file(DIR_SYSTEM . 'library/journal3/vendor/SuperCache

----------------------------------------------------------------------


---------- Date: 2026-03-28 14:33:46 ~ IP : 185.179.188.62 ----------
REQUEST URI : /instrukciya-dlya-podmotki-lada-niva/
MOD DETAILS:
   modFile   : /home/canmotalka/web/can-motalka.ru/public_html/vqmod/xml/lightning.xml
   id        : OpenCart Lightning
   version   : 3.37
   vqmver    : 
   author    : MaxD http://devs.mx

File Name    : system/library/cache.php(0)
VQModObject::applyMod - SEARCH NOT FOUND (SKIPPED): if (is_file(DIR_SYSTEM . 'library/journal3/vendor/SuperCache

----------------------------------------------------------------------


---------- Date: 2026-03-28 14:33:49 ~ IP : 185.179.188.62 ----------
REQUEST URI : /manuals/
MOD DETAILS:
   modFile   : /home/canmotalka/web/can-motalka.ru/public_html/vqmod/xml/lightning.xml
   id        : OpenCart Lightning
   version   : 3.37
   vqmver    : 
   author    : MaxD http://devs.mx

File Name    : system/library/cache.php(0)
VQModObject::applyMod - SEARCH NOT FOUND (SKIPPED): if (is_file(DIR_SYSTEM . 'library/journal3/vendor/SuperCache

----------------------------------------------------------------------


---------- Date: 2026-03-28 14:35:34 ~ IP : 185.179.188.62 ----------
REQUEST URI : /podmotka-spidometra-ford-mondeo-4
MOD DETAILS:
   modFile   : /home/canmotalka/web/can-motalka.ru/public_html/vqmod/xml/lightning.xml
   id        : OpenCart Lightning
   version   : 3.37
   vqmver    : 
   author    : MaxD http://devs.mx

File Name    : system/library/cache.php(0)
VQModObject::applyMod - SEARCH NOT FOUND (SKIPPED): if (is_file(DIR_SYSTEM . 'library/journal3/vendor/SuperCache

----------------------------------------------------------------------


---------- Date: 2026-03-28 14:35:34 ~ IP : 185.179.188.62 ----------
REQUEST URI : /podmotka-spidometra-ford-mondeo-4/
MOD DETAILS:
   modFile   : /home/canmotalka/web/can-motalka.ru/public_html/vqmod/xml/lightning.xml
   id        : OpenCart Lightning
   version   : 3.37
   vqmver    : 
   author    : MaxD http://devs.mx

File Name    : system/library/cache.php(0)
VQModObject::applyMod - SEARCH NOT FOUND (SKIPPED): if (is_file(DIR_SYSTEM . 'library/journal3/vendor/SuperCache

----------------------------------------------------------------------


---------- Date: 2026-03-28 14:37:03 ~ IP : 185.179.188.62 ----------
REQUEST URI : /kak-rabotaet-podmotka-spidometra/
MOD DETAILS:
   modFile   : /home/canmotalka/web/can-motalka.ru/public_html/vqmod/xml/lightning.xml
   id        : OpenCart Lightning
   version   : 3.37
   vqmver    : 
   author    : MaxD http://devs.mx

File Name    : system/library/cache.php(0)
VQModObject::applyMod - SEARCH NOT FOUND (SKIPPED): if (is_file(DIR_SYSTEM . 'library/journal3/vendor/SuperCache

----------------------------------------------------------------------


---------- Date: 2026-03-28 14:37:27 ~ IP : 185.179.188.62 ----------
REQUEST URI : /otzyvy/?page=30
MOD DETAILS:
   modFile   : /home/canmotalka/web/can-motalka.ru/public_html/vqmod/xml/lightning.xml
   id        : OpenCart Lightning
   version   : 3.37
   vqmver    : 
   author    : MaxD http://devs.mx

File Name    : system/library/cache.php(0)
VQModObject::applyMod - SEARCH NOT FOUND (SKIPPED): if (is_file(DIR_SYSTEM . 'library/journal3/vendor/SuperCache

----------------------------------------------------------------------


---------- Date: 2026-03-28 14:37:28 ~ IP : 185.179.188.62 ----------
REQUEST URI : /camry70_photo_manual/
MOD DETAILS:
   modFile   : /home/canmotalka/web/can-motalka.ru/public_html/vqmod/xml/lightning.xml
   id        : OpenCart Lightning
   version   : 3.37
   vqmver    : 
   author    : MaxD http://devs.mx

File Name    : system/library/cache.php(0)
VQModObject::applyMod - SEARCH NOT FOUND (SKIPPED): if (is_file(DIR_SYSTEM . 'library/journal3/vendor/SuperCache

----------------------------------------------------------------------


---------- Date: 2026-03-28 14:37:42 ~ IP : 185.179.188.62 ----------
REQUEST URI : /granta_video_manual/
MOD DETAILS:
   modFile   : /home/canmotalka/web/can-motalka.ru/public_html/vqmod/xml/lightning.xml
   id        : OpenCart Lightning
   version   : 3.37
   vqmver    : 
   author    : MaxD http://devs.mx

File Name    : system/library/cache.php(0)
VQModObject::applyMod - SEARCH NOT FOUND (SKIPPED): if (is_file(DIR_SYSTEM . 'library/journal3/vendor/SuperCache

----------------------------------------------------------------------


---------- Date: 2026-03-28 14:37:56 ~ IP : 185.179.188.62 ----------
REQUEST URI : /podmotka-spidometra-mersedes-sprinter-classic/
MOD DETAILS:
   modFile   : /home/canmotalka/web/can-motalka.ru/public_html/vqmod/xml/lightning.xml
   id        : OpenCart Lightning
   version   : 3.37
   vqmver    : 
   author    : MaxD http://devs.mx

File Name    : system/library/cache.php(0)
VQModObject::applyMod - SEARCH NOT FOUND (SKIPPED): if (is_file(DIR_SYSTEM . 'library/journal3/vendor/SuperCache

----------------------------------------------------------------------


---------- Date: 2026-03-28 14:40:50 ~ IP : 185.179.188.62 ----------
REQUEST URI : /otzyvy/?page=21
MOD DETAILS:
   modFile   : /home/canmotalka/web/can-motalka.ru/public_html/vqmod/xml/lightning.xml
   id        : OpenCart Lightning
   version   : 3.37
   vqmver    : 
   author    : MaxD http://devs.mx

File Name    : system/library/cache.php(0)
VQModObject::applyMod - SEARCH NOT FOUND (SKIPPED): if (is_file(DIR_SYSTEM . 'library/journal3/vendor/SuperCache

----------------------------------------------------------------------


---------- Date: 2026-03-28 14:40:54 ~ IP : 185.179.188.62 ----------
REQUEST URI : /index.php?route=module/popupcart_extended
MOD DETAILS:
   modFile   : /home/canmotalka/web/can-motalka.ru/public_html/vqmod/xml/lightning.xml
   id        : OpenCart Lightning
   version   : 3.37
   vqmver    : 
   author    : MaxD http://devs.mx

File Name    : system/library/cache.php(0)
VQModObject::applyMod - SEARCH NOT FOUND (SKIPPED): if (is_file(DIR_SYSTEM . 'library/journal3/vendor/SuperCache

----------------------------------------------------------------------


---------- Date: 2026-03-28 14:41:21 ~ IP : 185.179.188.62 ----------
REQUEST URI : /podmotka-spidometra-mersedes-sprinter-classic/?ysclid=mna9ez1rka114897776
MOD DETAILS:
   modFile   : /home/canmotalka/web/can-motalka.ru/public_html/vqmod/xml/lightning.xml
   id        : OpenCart Lightning
   version   : 3.37
   vqmver    : 
   author    : MaxD http://devs.mx

File Name    : system/library/cache.php(0)
VQModObject::applyMod - SEARCH NOT FOUND (SKIPPED): if (is_file(DIR_SYSTEM . 'library/journal3/vendor/SuperCache

----------------------------------------------------------------------


---------- Date: 2026-03-28 14:41:22 ~ IP : 185.179.188.62 ----------
REQUEST URI : /podmotka-spidometra-mersedes-sprinter-classic/
MOD DETAILS:
   modFile   : /home/canmotalka/web/can-motalka.ru/public_html/vqmod/xml/lightning.xml
   id        : OpenCart Lightning
   version   : 3.37
   vqmver    : 
   author    : MaxD http://devs.mx

File Name    : system/library/cache.php(0)
VQModObject::applyMod - SEARCH NOT FOUND (SKIPPED): if (is_file(DIR_SYSTEM . 'library/journal3/vendor/SuperCache

----------------------------------------------------------------------


---------- Date: 2026-03-28 14:41:22 ~ IP : 185.179.188.62 ----------
REQUEST URI : /index.php?route=product/product/review&amp;product_id=249
MOD DETAILS:
   modFile   : /home/canmotalka/web/can-motalka.ru/public_html/vqmod/xml/lightning.xml
   id        : OpenCart Lightning
   version   : 3.37
   vqmver    : 
   author    : MaxD http://devs.mx

File Name    : system/library/cache.php(0)
VQModObject::applyMod - SEARCH NOT FOUND (SKIPPED): if (is_file(DIR_SYSTEM . 'library/journal3/vendor/SuperCache

----------------------------------------------------------------------


---------- Date: 2026-03-28 14:41:23 ~ IP : 185.179.188.62 ----------
REQUEST URI : /index.php?route=module/popupcart_extended
MOD DETAILS:
   modFile   : /home/canmotalka/web/can-motalka.ru/public_html/vqmod/xml/lightning.xml
   id        : OpenCart Lightning
   version   : 3.37
   vqmver    : 
   author    : MaxD http://devs.mx

File Name    : system/library/cache.php(0)
VQModObject::applyMod - SEARCH NOT FOUND (SKIPPED): if (is_file(DIR_SYSTEM . 'library/journal3/vendor/SuperCache

----------------------------------------------------------------------


---------- Date: 2026-03-28 14:41:24 ~ IP : 185.179.188.62 ----------
REQUEST URI : /otzyvy/?page=21
MOD DETAILS:
   modFile   : /home/canmotalka/web/can-motalka.ru/public_html/vqmod/xml/lightning.xml
   id        : OpenCart Lightning
   version   : 3.37
   vqmver    : 
   author    : MaxD http://devs.mx

File Name    : system/library/cache.php(0)
VQModObject::applyMod - SEARCH NOT FOUND (SKIPPED): if (is_file(DIR_SYSTEM . 'library/journal3/vendor/SuperCache

----------------------------------------------------------------------


---------- Date: 2026-03-28 14:42:26 ~ IP : 185.179.188.62 ----------
REQUEST URI : /podmotka-spidometra-mersedes-sprinter-classic/
MOD DETAILS:
   modFile   : /home/canmotalka/web/can-motalka.ru/public_html/vqmod/xml/lightning.xml
   id        : OpenCart Lightning
   version   : 3.37
   vqmver    : 
   author    : MaxD http://devs.mx

File Name    : system/library/cache.php(0)
VQModObject::applyMod - SEARCH NOT FOUND (SKIPPED): if (is_file(DIR_SYSTEM . 'library/journal3/vendor/SuperCache

----------------------------------------------------------------------


---------- Date: 2026-03-28 14:48:30 ~ IP : 185.179.188.62 ----------
REQUEST URI : /podmotka-spidometra-uaz-buhanka/
MOD DETAILS:
   modFile   : /home/canmotalka/web/can-motalka.ru/public_html/vqmod/xml/lightning.xml
   id        : OpenCart Lightning
   version   : 3.37
   vqmver    : 
   author    : MaxD http://devs.mx

File Name    : system/library/cache.php(0)
VQModObject::applyMod - SEARCH NOT FOUND (SKIPPED): if (is_file(DIR_SYSTEM . 'library/journal3/vendor/SuperCache

----------------------------------------------------------------------


---------- Date: 2026-03-28 14:49:29 ~ IP : 185.179.188.62 ----------
REQUEST URI : /patriot_re/
MOD DETAILS:
   modFile   : /home/canmotalka/web/can-motalka.ru/public_html/vqmod/xml/lightning.xml
   id        : OpenCart Lightning
   version   : 3.37
   vqmver    : 
   author    : MaxD http://devs.mx

File Name    : system/library/cache.php(0)
VQModObject::applyMod - SEARCH NOT FOUND (SKIPPED): if (is_file(DIR_SYSTEM . 'library/journal3/vendor/SuperCache

----------------------------------------------------------------------


---------- Date: 2026-03-28 14:49:30 ~ IP : 185.179.188.62 ----------
REQUEST URI : /index.php?route=module/popupcart_extended
MOD DETAILS:
   modFile   : /home/canmotalka/web/can-motalka.ru/public_html/vqmod/xml/lightning.xml
   id        : OpenCart Lightning
   version   : 3.37
   vqmver    : 
   author    : MaxD http://devs.mx

File Name    : system/library/cache.php(0)
VQModObject::applyMod - SEARCH NOT FOUND (SKIPPED): if (is_file(DIR_SYSTEM . 'library/journal3/vendor/SuperCache

----------------------------------------------------------------------


---------- Date: 2026-03-28 14:51:27 ~ IP : 185.179.188.62 ----------
REQUEST URI : /sitemap.xml
MOD DETAILS:
   modFile   : /home/canmotalka/web/can-motalka.ru/public_html/vqmod/xml/lightning.xml
   id        : OpenCart Lightning
   version   : 3.37
   vqmver    : 
   author    : MaxD http://devs.mx

File Name    : system/library/cache.php(0)
VQModObject::applyMod - SEARCH NOT FOUND (SKIPPED): if (is_file(DIR_SYSTEM . 'library/journal3/vendor/SuperCache

----------------------------------------------------------------------


---------- Date: 2026-03-28 14:52:06 ~ IP : 185.179.188.62 ----------
REQUEST URI : /podmotka-spidometra-lada-granta-fl/
MOD DETAILS:
   modFile   : /home/canmotalka/web/can-motalka.ru/public_html/vqmod/xml/lightning.xml
   id        : OpenCart Lightning
   version   : 3.37
   vqmver    : 
   author    : MaxD http://devs.mx

File Name    : system/library/cache.php(0)
VQModObject::applyMod - SEARCH NOT FOUND (SKIPPED): if (is_file(DIR_SYSTEM . 'library/journal3/vendor/SuperCache

----------------------------------------------------------------------


---------- Date: 2026-03-28 14:55:04 ~ IP : 185.179.188.62 ----------
REQUEST URI : /?ysclid=mna9wm8p3368025655
MOD DETAILS:
   modFile   : /home/canmotalka/web/can-motalka.ru/public_html/vqmod/xml/lightning.xml
   id        : OpenCart Lightning
   version   : 3.37
   vqmver    : 
   author    : MaxD http://devs.mx

File Name    : system/library/cache.php(0)
VQModObject::applyMod - SEARCH NOT FOUND (SKIPPED): if (is_file(DIR_SYSTEM . 'library/journal3/vendor/SuperCache

----------------------------------------------------------------------


---------- Date: 2026-03-28 14:55:35 ~ IP : 185.179.188.62 ----------
REQUEST URI : /index.php?route=module/popupcart_extended
MOD DETAILS:
   modFile   : /home/canmotalka/web/can-motalka.ru/public_html/vqmod/xml/lightning.xml
   id        : OpenCart Lightning
   version   : 3.37
   vqmver    : 
   author    : MaxD http://devs.mx

File Name    : system/library/cache.php(0)
VQModObject::applyMod - SEARCH NOT FOUND (SKIPPED): if (is_file(DIR_SYSTEM . 'library/journal3/vendor/SuperCache

----------------------------------------------------------------------


---------- Date: 2026-03-28 14:57:15 ~ IP : 185.179.188.62 ----------
REQUEST URI : /otzyvy/?ysclid=mna9zf22el644376049
MOD DETAILS:
   modFile   : /home/canmotalka/web/can-motalka.ru/public_html/vqmod/xml/lightning.xml
   id        : OpenCart Lightning
   version   : 3.37
   vqmver    : 
   author    : MaxD http://devs.mx

File Name    : system/library/cache.php(0)
VQModObject::applyMod - SEARCH NOT FOUND (SKIPPED): if (is_file(DIR_SYSTEM . 'library/journal3/vendor/SuperCache

----------------------------------------------------------------------


---------- Date: 2026-03-28 14:57:17 ~ IP : 185.179.188.62 ----------
REQUEST URI : /index.php?route=module/popupcart_extended
MOD DETAILS:
   modFile   : /home/canmotalka/web/can-motalka.ru/public_html/vqmod/xml/lightning.xml
   id        : OpenCart Lightning
   version   : 3.37
   vqmver    : 
   author    : MaxD http://devs.mx

File Name    : system/library/cache.php(0)
VQModObject::applyMod - SEARCH NOT FOUND (SKIPPED): if (is_file(DIR_SYSTEM . 'library/journal3/vendor/SuperCache

----------------------------------------------------------------------


---------- Date: 2026-03-28 14:58:16 ~ IP : 185.179.188.62 ----------
REQUEST URI : /instrukciya-podmotka-kamaz/
MOD DETAILS:
   modFile   : /home/canmotalka/web/can-motalka.ru/public_html/vqmod/xml/lightning.xml
   id        : OpenCart Lightning
   version   : 3.37
   vqmver    : 
   author    : MaxD http://devs.mx

File Name    : system/library/cache.php(0)
VQModObject::applyMod - SEARCH NOT FOUND (SKIPPED): if (is_file(DIR_SYSTEM . 'library/journal3/vendor/SuperCache

----------------------------------------------------------------------


---------- Date: 2026-03-28 14:58:36 ~ IP : 185.179.188.62 ----------
REQUEST URI : /podmotka-spidometra-uaz-profi/
MOD DETAILS:
   modFile   : /home/canmotalka/web/can-motalka.ru/public_html/vqmod/xml/lightning.xml
   id        : OpenCart Lightning
   version   : 3.37
   vqmver    : 
   author    : MaxD http://devs.mx

File Name    : system/library/cache.php(0)
VQModObject::applyMod - SEARCH NOT FOUND (SKIPPED): if (is_file(DIR_SYSTEM . 'library/journal3/vendor/SuperCache

----------------------------------------------------------------------


---------- Date: 2026-03-28 14:59:27 ~ IP : 185.179.188.62 ----------
REQUEST URI : /niva_abs_re/
MOD DETAILS:
   modFile   : /home/canmotalka/web/can-motalka.ru/public_html/vqmod/xml/lightning.xml
   id        : OpenCart Lightning
   version   : 3.37
   vqmver    : 
   author    : MaxD http://devs.mx

File Name    : system/library/cache.php(0)
VQModObject::applyMod - SEARCH NOT FOUND (SKIPPED): if (is_file(DIR_SYSTEM . 'library/journal3/vendor/SuperCache

----------------------------------------------------------------------


---------- Date: 2026-03-28 15:00:36 ~ IP : 185.179.188.62 ----------
REQUEST URI : /instrukciya-lada-granta-2021/
MOD DETAILS:
   modFile   : /home/canmotalka/web/can-motalka.ru/public_html/vqmod/xml/lightning.xml
   id        : OpenCart Lightning
   version   : 3.37
   vqmver    : 
   author    : MaxD http://devs.mx

File Name    : system/library/cache.php(0)
VQModObject::applyMod - SEARCH NOT FOUND (SKIPPED): if (is_file(DIR_SYSTEM . 'library/journal3/vendor/SuperCache

----------------------------------------------------------------------


---------- Date: 2026-03-28 15:00:37 ~ IP : 185.179.188.62 ----------
REQUEST URI : /index.php?route=module/popupcart_extended
MOD DETAILS:
   modFile   : /home/canmotalka/web/can-motalka.ru/public_html/vqmod/xml/lightning.xml
   id        : OpenCart Lightning
   version   : 3.37
   vqmver    : 
   author    : MaxD http://devs.mx

File Name    : system/library/cache.php(0)
VQModObject::applyMod - SEARCH NOT FOUND (SKIPPED): if (is_file(DIR_SYSTEM . 'library/journal3/vendor/SuperCache

----------------------------------------------------------------------


---------- Date: 2026-03-28 15:02:35 ~ IP : 185.179.188.62 ----------
REQUEST URI : /manuals/
MOD DETAILS:
   modFile   : /home/canmotalka/web/can-motalka.ru/public_html/vqmod/xml/lightning.xml
   id        : OpenCart Lightning
   version   : 3.37
   vqmver    : 
   author    : MaxD http://devs.mx

File Name    : system/library/cache.php(0)
VQModObject::applyMod - SEARCH NOT FOUND (SKIPPED): if (is_file(DIR_SYSTEM . 'library/journal3/vendor/SuperCache

----------------------------------------------------------------------


---------- Date: 2026-03-28 15:02:40 ~ IP : 185.179.188.62 ----------
REQUEST URI : /instrukciya-podmotka-kamaz/
MOD DETAILS:
   modFile   : /home/canmotalka/web/can-motalka.ru/public_html/vqmod/xml/lightning.xml
   id        : OpenCart Lightning
   version   : 3.37
   vqmver    : 
   author    : MaxD http://devs.mx

File Name    : system/library/cache.php(0)
VQModObject::applyMod - SEARCH NOT FOUND (SKIPPED): if (is_file(DIR_SYSTEM . 'library/journal3/vendor/SuperCache

----------------------------------------------------------------------


---------- Date: 2026-03-28 15:03:40 ~ IP : 185.179.188.62 ----------
REQUEST URI : /gazelle_biz_manual/
MOD DETAILS:
   modFile   : /home/canmotalka/web/can-motalka.ru/public_html/vqmod/xml/lightning.xml
   id        : OpenCart Lightning
   version   : 3.37
   vqmver    : 
   author    : MaxD http://devs.mx

File Name    : system/library/cache.php(0)
VQModObject::applyMod - SEARCH NOT FOUND (SKIPPED): if (is_file(DIR_SYSTEM . 'library/journal3/vendor/SuperCache

----------------------------------------------------------------------


---------- Date: 2026-03-28 15:04:25 ~ IP : 185.179.188.62 ----------
REQUEST URI : /index.php?route=module/popupcart_extended
MOD DETAILS:
   modFile   : /home/canmotalka/web/can-motalka.ru/public_html/vqmod/xml/lightning.xml
   id        : OpenCart Lightning
   version   : 3.37
   vqmver    : 
   author    : MaxD http://devs.mx

File Name    : system/library/cache.php(0)
VQModObject::applyMod - SEARCH NOT FOUND (SKIPPED): if (is_file(DIR_SYSTEM . 'library/journal3/vendor/SuperCache

----------------------------------------------------------------------


---------- Date: 2026-03-28 15:06:59 ~ IP : 185.179.188.62 ----------
REQUEST URI : /gazelle_biz_manual/
MOD DETAILS:
   modFile   : /home/canmotalka/web/can-motalka.ru/public_html/vqmod/xml/lightning.xml
   id        : OpenCart Lightning
   version   : 3.37
   vqmver    : 
   author    : MaxD http://devs.mx

File Name    : system/library/cache.php(0)
VQModObject::applyMod - SEARCH NOT FOUND (SKIPPED): if (is_file(DIR_SYSTEM . 'library/journal3/vendor/SuperCache

----------------------------------------------------------------------


---------- Date: 2026-03-28 15:09:36 ~ IP : 185.179.188.62 ----------
REQUEST URI : /gazelle_biz_manual/
MOD DETAILS:
   modFile   : /home/canmotalka/web/can-motalka.ru/public_html/vqmod/xml/lightning.xml
   id        : OpenCart Lightning
   version   : 3.37
   vqmver    : 
   author    : MaxD http://devs.mx

File Name    : system/library/cache.php(0)
VQModObject::applyMod - SEARCH NOT FOUND (SKIPPED): if (is_file(DIR_SYSTEM . 'library/journal3/vendor/SuperCache

----------------------------------------------------------------------


---------- Date: 2026-03-28 15:11:10 ~ IP : 185.179.188.62 ----------
REQUEST URI : /instrukciya-podmotka-niva-travel-chevrolet/
MOD DETAILS:
   modFile   : /home/canmotalka/web/can-motalka.ru/public_html/vqmod/xml/lightning.xml
   id        : OpenCart Lightning
   version   : 3.37
   vqmver    : 
   author    : MaxD http://devs.mx

File Name    : system/library/cache.php(0)
VQModObject::applyMod - SEARCH NOT FOUND (SKIPPED): if (is_file(DIR_SYSTEM . 'library/journal3/vendor/SuperCache

----------------------------------------------------------------------


---------- Date: 2026-03-28 15:13:46 ~ IP : 185.179.188.62 ----------
REQUEST URI : /podmotka-spidometra-henday-solyaris/
MOD DETAILS:
   modFile   : /home/canmotalka/web/can-motalka.ru/public_html/vqmod/xml/lightning.xml
   id        : OpenCart Lightning
   version   : 3.37
   vqmver    : 
   author    : MaxD http://devs.mx

File Name    : system/library/cache.php(0)
VQModObject::applyMod - SEARCH NOT FOUND (SKIPPED): if (is_file(DIR_SYSTEM . 'library/journal3/vendor/SuperCache

----------------------------------------------------------------------


---------- Date: 2026-03-28 15:13:47 ~ IP : 185.179.188.62 ----------
REQUEST URI : /podmotka-spidometra-henday-solyaris/
MOD DETAILS:
   modFile   : /home/canmotalka/web/can-motalka.ru/public_html/vqmod/xml/lightning.xml
   id        : OpenCart Lightning
   version   : 3.37
   vqmver    : 
   author    : MaxD http://devs.mx

File Name    : system/library/cache.php(0)
VQModObject::applyMod - SEARCH NOT FOUND (SKIPPED): if (is_file(DIR_SYSTEM . 'library/journal3/vendor/SuperCache

----------------------------------------------------------------------


---------- Date: 2026-03-28 15:16:09 ~ IP : 185.179.188.62 ----------
REQUEST URI : /?ysclid=mnaanqk93k385071477
MOD DETAILS:
   modFile   : /home/canmotalka/web/can-motalka.ru/public_html/vqmod/xml/lightning.xml
   id        : OpenCart Lightning
   version   : 3.37
   vqmver    : 
   author    : MaxD http://devs.mx

File Name    : system/library/cache.php(0)
VQModObject::applyMod - SEARCH NOT FOUND (SKIPPED): if (is_file(DIR_SYSTEM . 'library/journal3/vendor/SuperCache

----------------------------------------------------------------------


---------- Date: 2026-03-28 15:16:10 ~ IP : 185.179.188.62 ----------
REQUEST URI : /index.php?route=module/popupcart_extended
MOD DETAILS:
   modFile   : /home/canmotalka/web/can-motalka.ru/public_html/vqmod/xml/lightning.xml
   id        : OpenCart Lightning
   version   : 3.37
   vqmver    : 
   author    : MaxD http://devs.mx

File Name    : system/library/cache.php(0)
VQModObject::applyMod - SEARCH NOT FOUND (SKIPPED): if (is_file(DIR_SYSTEM . 'library/journal3/vendor/SuperCache

----------------------------------------------------------------------


---------- Date: 2026-03-28 15:16:34 ~ IP : 185.179.188.62 ----------
REQUEST URI : /adminLite/jQuery-File-Upload/server/php/index.php?file=tf2rghf.jpg
MOD DETAILS:
   modFile   : /home/canmotalka/web/can-motalka.ru/public_html/vqmod/xml/lightning.xml
   id        : OpenCart Lightning
   version   : 3.37
   vqmver    : 
   author    : MaxD http://devs.mx

File Name    : system/library/cache.php(0)
VQModObject::applyMod - SEARCH NOT FOUND (SKIPPED): if (is_file(DIR_SYSTEM . 'library/journal3/vendor/SuperCache

----------------------------------------------------------------------


---------- Date: 2026-03-28 15:22:24 ~ IP : 185.179.188.62 ----------
REQUEST URI : /.well-known/traffic-advice
MOD DETAILS:
   modFile   : /home/canmotalka/web/can-motalka.ru/public_html/vqmod/xml/lightning.xml
   id        : OpenCart Lightning
   version   : 3.37
   vqmver    : 
   author    : MaxD http://devs.mx

File Name    : system/library/cache.php(0)
VQModObject::applyMod - SEARCH NOT FOUND (SKIPPED): if (is_file(DIR_SYSTEM . 'library/journal3/vendor/SuperCache

----------------------------------------------------------------------


---------- Date: 2026-03-28 15:22:25 ~ IP : 185.179.188.62 ----------
REQUEST URI : /instrukciya-podmotka-niva-travel-chevrolet/
MOD DETAILS:
   modFile   : /home/canmotalka/web/can-motalka.ru/public_html/vqmod/xml/lightning.xml
   id        : OpenCart Lightning
   version   : 3.37
   vqmver    : 
   author    : MaxD http://devs.mx

File Name    : system/library/cache.php(0)
VQModObject::applyMod - SEARCH NOT FOUND (SKIPPED): if (is_file(DIR_SYSTEM . 'library/journal3/vendor/SuperCache

----------------------------------------------------------------------


---------- Date: 2026-03-28 15:23:10 ~ IP : 185.179.188.62 ----------
REQUEST URI : /motalki/fiat/
MOD DETAILS:
   modFile   : /home/canmotalka/web/can-motalka.ru/public_html/vqmod/xml/lightning.xml
   id        : OpenCart Lightning
   version   : 3.37
   vqmver    : 
   author    : MaxD http://devs.mx

File Name    : system/library/cache.php(0)
VQModObject::applyMod - SEARCH NOT FOUND (SKIPPED): if (is_file(DIR_SYSTEM . 'library/journal3/vendor/SuperCache

----------------------------------------------------------------------


---------- Date: 2026-03-28 15:30:44 ~ IP : 185.179.188.62 ----------
REQUEST URI : /instrukciya-podmotka-niva-travel-chevrolet/
MOD DETAILS:
   modFile   : /home/canmotalka/web/can-motalka.ru/public_html/vqmod/xml/lightning.xml
   id        : OpenCart Lightning
   version   : 3.37
   vqmver    : 
   author    : MaxD http://devs.mx

File Name    : system/library/cache.php(0)
VQModObject::applyMod - SEARCH NOT FOUND (SKIPPED): if (is_file(DIR_SYSTEM . 'library/journal3/vendor/SuperCache

----------------------------------------------------------------------


---------- Date: 2026-03-28 15:35:52 ~ IP : 185.179.188.62 ----------
REQUEST URI : /manuals/
MOD DETAILS:
   modFile   : /home/canmotalka/web/can-motalka.ru/public_html/vqmod/xml/lightning.xml
   id        : OpenCart Lightning
   version   : 3.37
   vqmver    : 
   author    : MaxD http://devs.mx

File Name    : system/library/cache.php(0)
VQModObject::applyMod - SEARCH NOT FOUND (SKIPPED): if (is_file(DIR_SYSTEM . 'library/journal3/vendor/SuperCache

----------------------------------------------------------------------


---------- Date: 2026-03-28 15:36:57 ~ IP : 185.179.188.62 ----------
REQUEST URI : /namotchik-probega-dlya-audi-a4/
MOD DETAILS:
   modFile   : /home/canmotalka/web/can-motalka.ru/public_html/vqmod/xml/lightning.xml
   id        : OpenCart Lightning
   version   : 3.37
   vqmver    : 
   author    : MaxD http://devs.mx

File Name    : system/library/cache.php(0)
VQModObject::applyMod - SEARCH NOT FOUND (SKIPPED): if (is_file(DIR_SYSTEM . 'library/journal3/vendor/SuperCache

----------------------------------------------------------------------


---------- Date: 2026-03-28 15:37:58 ~ IP : 185.179.188.62 ----------
REQUEST URI : /instrukciya-podmotka-niva-travel-chevrolet/
MOD DETAILS:
   modFile   : /home/canmotalka/web/can-motalka.ru/public_html/vqmod/xml/lightning.xml
   id        : OpenCart Lightning
   version   : 3.37
   vqmver    : 
   author    : MaxD http://devs.mx

File Name    : system/library/cache.php(0)
VQModObject::applyMod - SEARCH NOT FOUND (SKIPPED): if (is_file(DIR_SYSTEM . 'library/journal3/vendor/SuperCache

----------------------------------------------------------------------


---------- Date: 2026-03-28 15:37:59 ~ IP : 185.179.188.62 ----------
REQUEST URI : /index.php?route=module/popupcart_extended
MOD DETAILS:
   modFile   : /home/canmotalka/web/can-motalka.ru/public_html/vqmod/xml/lightning.xml
   id        : OpenCart Lightning
   version   : 3.37
   vqmver    : 
   author    : MaxD http://devs.mx

File Name    : system/library/cache.php(0)
VQModObject::applyMod - SEARCH NOT FOUND (SKIPPED): if (is_file(DIR_SYSTEM . 'library/journal3/vendor/SuperCache

----------------------------------------------------------------------


---------- Date: 2026-03-28 15:39:46 ~ IP : 185.179.188.62 ----------
REQUEST URI : /setting_php/nabor-positivniy/481-suhagra-sravnit-ceni-armavir/
MOD DETAILS:
   modFile   : /home/canmotalka/web/can-motalka.ru/public_html/vqmod/xml/lightning.xml
   id        : OpenCart Lightning
   version   : 3.37
   vqmver    : 
   author    : MaxD http://devs.mx

File Name    : system/library/cache.php(0)
VQModObject::applyMod - SEARCH NOT FOUND (SKIPPED): if (is_file(DIR_SYSTEM . 'library/journal3/vendor/SuperCache

----------------------------------------------------------------------


---------- Date: 2026-03-28 15:39:49 ~ IP : 185.179.188.62 ----------
REQUEST URI : /index.php?route=module/popupcart_extended
MOD DETAILS:
   modFile   : /home/canmotalka/web/can-motalka.ru/public_html/vqmod/xml/lightning.xml
   id        : OpenCart Lightning
   version   : 3.37
   vqmver    : 
   author    : MaxD http://devs.mx

File Name    : system/library/cache.php(0)
VQModObject::applyMod - SEARCH NOT FOUND (SKIPPED): if (is_file(DIR_SYSTEM . 'library/journal3/vendor/SuperCache

----------------------------------------------------------------------


---------- Date: 2026-03-28 15:41:07 ~ IP : 185.179.188.62 ----------
REQUEST URI : /setting_php/nabor-positivniy/481-suhagra-sravnit-ceni-armavir/
MOD DETAILS:
   modFile   : /home/canmotalka/web/can-motalka.ru/public_html/vqmod/xml/lightning.xml
   id        : OpenCart Lightning
   version   : 3.37
   vqmver    : 
   author    : MaxD http://devs.mx

File Name    : system/library/cache.php(0)
VQModObject::applyMod - SEARCH NOT FOUND (SKIPPED): if (is_file(DIR_SYSTEM . 'library/journal3/vendor/SuperCache

----------------------------------------------------------------------


---------- Date: 2026-03-28 15:44:19 ~ IP : 185.179.188.62 ----------
REQUEST URI : /podmotka_uaz_re/?ysclid=mnablxqqis383007488
MOD DETAILS:
   modFile   : /home/canmotalka/web/can-motalka.ru/public_html/vqmod/xml/lightning.xml
   id        : OpenCart Lightning
   version   : 3.37
   vqmver    : 
   author    : MaxD http://devs.mx

File Name    : system/library/cache.php(0)
VQModObject::applyMod - SEARCH NOT FOUND (SKIPPED): if (is_file(DIR_SYSTEM . 'library/journal3/vendor/SuperCache

----------------------------------------------------------------------


---------- Date: 2026-03-28 15:44:20 ~ IP : 185.179.188.62 ----------
REQUEST URI : /podmotka_uaz_re/
MOD DETAILS:
   modFile   : /home/canmotalka/web/can-motalka.ru/public_html/vqmod/xml/lightning.xml
   id        : OpenCart Lightning
   version   : 3.37
   vqmver    : 
   author    : MaxD http://devs.mx

File Name    : system/library/cache.php(0)
VQModObject::applyMod - SEARCH NOT FOUND (SKIPPED): if (is_file(DIR_SYSTEM . 'library/journal3/vendor/SuperCache

----------------------------------------------------------------------


---------- Date: 2026-03-28 15:44:20 ~ IP : 185.179.188.62 ----------
REQUEST URI : /index.php?route=module/popupcart_extended
MOD DETAILS:
   modFile   : /home/canmotalka/web/can-motalka.ru/public_html/vqmod/xml/lightning.xml
   id        : OpenCart Lightning
   version   : 3.37
   vqmver    : 
   author    : MaxD http://devs.mx

File Name    : system/library/cache.php(0)
VQModObject::applyMod - SEARCH NOT FOUND (SKIPPED): if (is_file(DIR_SYSTEM . 'library/journal3/vendor/SuperCache

----------------------------------------------------------------------


---------- Date: 2026-03-28 15:44:29 ~ IP : 185.179.188.62 ----------
REQUEST URI : /instrukciya-podmotka-kamaz/
MOD DETAILS:
   modFile   : /home/canmotalka/web/can-motalka.ru/public_html/vqmod/xml/lightning.xml
   id        : OpenCart Lightning
   version   : 3.37
   vqmver    : 
   author    : MaxD http://devs.mx

File Name    : system/library/cache.php(0)
VQModObject::applyMod - SEARCH NOT FOUND (SKIPPED): if (is_file(DIR_SYSTEM . 'library/journal3/vendor/SuperCache

----------------------------------------------------------------------


---------- Date: 2026-03-28 15:44:31 ~ IP : 185.179.188.62 ----------
REQUEST URI : /index.php?route=module/popupcart_extended
MOD DETAILS:
   modFile   : /home/canmotalka/web/can-motalka.ru/public_html/vqmod/xml/lightning.xml
   id        : OpenCart Lightning
   version   : 3.37
   vqmver    : 
   author    : MaxD http://devs.mx

File Name    : system/library/cache.php(0)
VQModObject::applyMod - SEARCH NOT FOUND (SKIPPED): if (is_file(DIR_SYSTEM . 'library/journal3/vendor/SuperCache

----------------------------------------------------------------------


---------- Date: 2026-03-28 15:45:07 ~ IP : 185.179.188.62 ----------
REQUEST URI : /patriot_re/?ysclid=mnabmyu7pt741034180
MOD DETAILS:
   modFile   : /home/canmotalka/web/can-motalka.ru/public_html/vqmod/xml/lightning.xml
   id        : OpenCart Lightning
   version   : 3.37
   vqmver    : 
   author    : MaxD http://devs.mx

File Name    : system/library/cache.php(0)
VQModObject::applyMod - SEARCH NOT FOUND (SKIPPED): if (is_file(DIR_SYSTEM . 'library/journal3/vendor/SuperCache

----------------------------------------------------------------------


---------- Date: 2026-03-28 15:45:08 ~ IP : 185.179.188.62 ----------
REQUEST URI : /patriot_re/
MOD DETAILS:
   modFile   : /home/canmotalka/web/can-motalka.ru/public_html/vqmod/xml/lightning.xml
   id        : OpenCart Lightning
   version   : 3.37
   vqmver    : 
   author    : MaxD http://devs.mx

File Name    : system/library/cache.php(0)
VQModObject::applyMod - SEARCH NOT FOUND (SKIPPED): if (is_file(DIR_SYSTEM . 'library/journal3/vendor/SuperCache

----------------------------------------------------------------------


---------- Date: 2026-03-28 15:45:59 ~ IP : 185.179.188.62 ----------
REQUEST URI : /podmotka-spidometra-reno-logan-za-3000r/
MOD DETAILS:
   modFile   : /home/canmotalka/web/can-motalka.ru/public_html/vqmod/xml/lightning.xml
   id        : OpenCart Lightning
   version   : 3.37
   vqmver    : 
   author    : MaxD http://devs.mx

File Name    : system/library/cache.php(0)
VQModObject::applyMod - SEARCH NOT FOUND (SKIPPED): if (is_file(DIR_SYSTEM . 'library/journal3/vendor/SuperCache

----------------------------------------------------------------------


---------- Date: 2026-03-28 15:46:48 ~ IP : 185.179.188.62 ----------
REQUEST URI : /podmotka-spidometra-kia-sorento4/
MOD DETAILS:
   modFile   : /home/canmotalka/web/can-motalka.ru/public_html/vqmod/xml/lightning.xml
   id        : OpenCart Lightning
   version   : 3.37
   vqmver    : 
   author    : MaxD http://devs.mx

File Name    : system/library/cache.php(0)
VQModObject::applyMod - SEARCH NOT FOUND (SKIPPED): if (is_file(DIR_SYSTEM . 'library/journal3/vendor/SuperCache

----------------------------------------------------------------------


---------- Date: 2026-03-28 15:46:48 ~ IP : 185.179.188.62 ----------
REQUEST URI : /index.php?route=product/product/review&amp;product_id=304
MOD DETAILS:
   modFile   : /home/canmotalka/web/can-motalka.ru/public_html/vqmod/xml/lightning.xml
   id        : OpenCart Lightning
   version   : 3.37
   vqmver    : 
   author    : MaxD http://devs.mx

File Name    : system/library/cache.php(0)
VQModObject::applyMod - SEARCH NOT FOUND (SKIPPED): if (is_file(DIR_SYSTEM . 'library/journal3/vendor/SuperCache

----------------------------------------------------------------------


---------- Date: 2026-03-28 15:47:32 ~ IP : 185.179.188.62 ----------
REQUEST URI : /test/?ysclid=mnabs3iulm198175756
MOD DETAILS:
   modFile   : /home/canmotalka/web/can-motalka.ru/public_html/vqmod/xml/lightning.xml
   id        : OpenCart Lightning
   version   : 3.37
   vqmver    : 
   author    : MaxD http://devs.mx

File Name    : system/library/cache.php(0)
VQModObject::applyMod - SEARCH NOT FOUND (SKIPPED): if (is_file(DIR_SYSTEM . 'library/journal3/vendor/SuperCache

----------------------------------------------------------------------


---------- Date: 2026-03-28 15:47:33 ~ IP : 185.179.188.62 ----------
REQUEST URI : /index.php?route=module/popupcart_extended
MOD DETAILS:
   modFile   : /home/canmotalka/web/can-motalka.ru/public_html/vqmod/xml/lightning.xml
   id        : OpenCart Lightning
   version   : 3.37
   vqmver    : 
   author    : MaxD http://devs.mx

File Name    : system/library/cache.php(0)
VQModObject::applyMod - SEARCH NOT FOUND (SKIPPED): if (is_file(DIR_SYSTEM . 'library/journal3/vendor/SuperCache

----------------------------------------------------------------------


---------- Date: 2026-03-28 15:51:38 ~ IP : 185.179.188.62 ----------
REQUEST URI : /podmotka-spidometra-lada-granta-fl/
MOD DETAILS:
   modFile   : /home/canmotalka/web/can-motalka.ru/public_html/vqmod/xml/lightning.xml
   id        : OpenCart Lightning
   version   : 3.37
   vqmver    : 
   author    : MaxD http://devs.mx

File Name    : system/library/cache.php(0)
VQModObject::applyMod - SEARCH NOT FOUND (SKIPPED): if (is_file(DIR_SYSTEM . 'library/journal3/vendor/SuperCache

----------------------------------------------------------------------


---------- Date: 2026-03-28 15:51:45 ~ IP : 185.179.188.62 ----------
REQUEST URI : /podmotka_vw_manual/
MOD DETAILS:
   modFile   : /home/canmotalka/web/can-motalka.ru/public_html/vqmod/xml/lightning.xml
   id        : OpenCart Lightning
   version   : 3.37
   vqmver    : 
   author    : MaxD http://devs.mx

File Name    : system/library/cache.php(0)
VQModObject::applyMod - SEARCH NOT FOUND (SKIPPED): if (is_file(DIR_SYSTEM . 'library/journal3/vendor/SuperCache

----------------------------------------------------------------------


---------- Date: 2026-03-28 15:53:49 ~ IP : 185.179.188.62 ----------
REQUEST URI : /xmlrpc.php
MOD DETAILS:
   modFile   : /home/canmotalka/web/can-motalka.ru/public_html/vqmod/xml/lightning.xml
   id        : OpenCart Lightning
   version   : 3.37
   vqmver    : 
   author    : MaxD http://devs.mx

File Name    : system/library/cache.php(0)
VQModObject::applyMod - SEARCH NOT FOUND (SKIPPED): if (is_file(DIR_SYSTEM . 'library/journal3/vendor/SuperCache

----------------------------------------------------------------------


---------- Date: 2026-03-28 15:55:17 ~ IP : 185.179.188.62 ----------
REQUEST URI : /podmotka-spidometra-haval-f7/
MOD DETAILS:
   modFile   : /home/canmotalka/web/can-motalka.ru/public_html/vqmod/xml/lightning.xml
   id        : OpenCart Lightning
   version   : 3.37
   vqmver    : 
   author    : MaxD http://devs.mx

File Name    : system/library/cache.php(0)
VQModObject::applyMod - SEARCH NOT FOUND (SKIPPED): if (is_file(DIR_SYSTEM . 'library/journal3/vendor/SuperCache

----------------------------------------------------------------------


---------- Date: 2026-03-28 15:56:47 ~ IP : 185.179.188.62 ----------
REQUEST URI : /podmotka-krutilka-spidometra-gazel-biznes-benzin-evotec-ili-cummins/
MOD DETAILS:
   modFile   : /home/canmotalka/web/can-motalka.ru/public_html/vqmod/xml/lightning.xml
   id        : OpenCart Lightning
   version   : 3.37
   vqmver    : 
   author    : MaxD http://devs.mx

File Name    : system/library/cache.php(0)
VQModObject::applyMod - SEARCH NOT FOUND (SKIPPED): if (is_file(DIR_SYSTEM . 'library/journal3/vendor/SuperCache

----------------------------------------------------------------------


---------- Date: 2026-03-28 16:00:33 ~ IP : 185.179.188.62 ----------
REQUEST URI : /podmotka-spidometra-renault-logan-2005-2014/
MOD DETAILS:
   modFile   : /home/canmotalka/web/can-motalka.ru/public_html/vqmod/xml/lightning.xml
   id        : OpenCart Lightning
   version   : 3.37
   vqmver    : 
   author    : MaxD http://devs.mx

File Name    : system/library/cache.php(0)
VQModObject::applyMod - SEARCH NOT FOUND (SKIPPED): if (is_file(DIR_SYSTEM . 'library/journal3/vendor/SuperCache

----------------------------------------------------------------------


---------- Date: 2026-03-28 16:01:46 ~ IP : 185.179.188.62 ----------
REQUEST URI : /namotchik-probega-dlya-uaz-patriot-konec-do-2016-zelenyy-displey/
MOD DETAILS:
   modFile   : /home/canmotalka/web/can-motalka.ru/public_html/vqmod/xml/lightning.xml
   id        : OpenCart Lightning
   version   : 3.37
   vqmver    : 
   author    : MaxD http://devs.mx

File Name    : system/library/cache.php(0)
VQModObject::applyMod - SEARCH NOT FOUND (SKIPPED): if (is_file(DIR_SYSTEM . 'library/journal3/vendor/SuperCache

----------------------------------------------------------------------


---------- Date: 2026-03-28 16:03:18 ~ IP : 185.179.188.62 ----------
REQUEST URI : /podmotka-spidometra-reno-logan-za-3000r/
MOD DETAILS:
   modFile   : /home/canmotalka/web/can-motalka.ru/public_html/vqmod/xml/lightning.xml
   id        : OpenCart Lightning
   version   : 3.37
   vqmver    : 
   author    : MaxD http://devs.mx

File Name    : system/library/cache.php(0)
VQModObject::applyMod - SEARCH NOT FOUND (SKIPPED): if (is_file(DIR_SYSTEM . 'library/journal3/vendor/SuperCache

----------------------------------------------------------------------


---------- Date: 2026-03-28 16:03:41 ~ IP : 185.179.188.62 ----------
REQUEST URI : /podmotka-spidometra-toyota-corolla/?ysclid=mnacapmdyt431237649
MOD DETAILS:
   modFile   : /home/canmotalka/web/can-motalka.ru/public_html/vqmod/xml/lightning.xml
   id        : OpenCart Lightning
   version   : 3.37
   vqmver    : 
   author    : MaxD http://devs.mx

File Name    : system/library/cache.php(0)
VQModObject::applyMod - SEARCH NOT FOUND (SKIPPED): if (is_file(DIR_SYSTEM . 'library/journal3/vendor/SuperCache

----------------------------------------------------------------------


---------- Date: 2026-03-28 16:03:41 ~ IP : 185.179.188.62 ----------
REQUEST URI : /podmotka-spidometra-toyota-corolla/
MOD DETAILS:
   modFile   : /home/canmotalka/web/can-motalka.ru/public_html/vqmod/xml/lightning.xml
   id        : OpenCart Lightning
   version   : 3.37
   vqmver    : 
   author    : MaxD http://devs.mx

File Name    : system/library/cache.php(0)
VQModObject::applyMod - SEARCH NOT FOUND (SKIPPED): if (is_file(DIR_SYSTEM . 'library/journal3/vendor/SuperCache

----------------------------------------------------------------------


---------- Date: 2026-03-28 16:03:42 ~ IP : 185.179.188.62 ----------
REQUEST URI : /index.php?route=product/product/review&amp;product_id=197
MOD DETAILS:
   modFile   : /home/canmotalka/web/can-motalka.ru/public_html/vqmod/xml/lightning.xml
   id        : OpenCart Lightning
   version   : 3.37
   vqmver    : 
   author    : MaxD http://devs.mx

File Name    : system/library/cache.php(0)
VQModObject::applyMod - SEARCH NOT FOUND (SKIPPED): if (is_file(DIR_SYSTEM . 'library/journal3/vendor/SuperCache

----------------------------------------------------------------------


---------- Date: 2026-03-28 16:03:42 ~ IP : 185.179.188.62 ----------
REQUEST URI : /index.php?route=module/popupcart_extended
MOD DETAILS:
   modFile   : /home/canmotalka/web/can-motalka.ru/public_html/vqmod/xml/lightning.xml
   id        : OpenCart Lightning
   version   : 3.37
   vqmver    : 
   author    : MaxD http://devs.mx

File Name    : system/library/cache.php(0)
VQModObject::applyMod - SEARCH NOT FOUND (SKIPPED): if (is_file(DIR_SYSTEM . 'library/journal3/vendor/SuperCache

----------------------------------------------------------------------


---------- Date: 2026-03-28 16:04:23 ~ IP : 185.179.188.62 ----------
REQUEST URI : /podmotka-spidometra-toyota-corolla/
MOD DETAILS:
   modFile   : /home/canmotalka/web/can-motalka.ru/public_html/vqmod/xml/lightning.xml
   id        : OpenCart Lightning
   version   : 3.37
   vqmver    : 
   author    : MaxD http://devs.mx

File Name    : system/library/cache.php(0)
VQModObject::applyMod - SEARCH NOT FOUND (SKIPPED): if (is_file(DIR_SYSTEM . 'library/journal3/vendor/SuperCache

----------------------------------------------------------------------


---------- Date: 2026-03-28 16:04:25 ~ IP : 185.179.188.62 ----------
REQUEST URI : /setting_php/vardenafil/669-kupit-indiyskiy-dapoksetin-naberejnie-chelni
MOD DETAILS:
   modFile   : /home/canmotalka/web/can-motalka.ru/public_html/vqmod/xml/lightning.xml
   id        : OpenCart Lightning
   version   : 3.37
   vqmver    : 
   author    : MaxD http://devs.mx

File Name    : system/library/cache.php(0)
VQModObject::applyMod - SEARCH NOT FOUND (SKIPPED): if (is_file(DIR_SYSTEM . 'library/journal3/vendor/SuperCache

----------------------------------------------------------------------


---------- Date: 2026-03-28 16:04:59 ~ IP : 185.179.188.62 ----------
REQUEST URI : /podmotka-spidometra-haval-jolion/
MOD DETAILS:
   modFile   : /home/canmotalka/web/can-motalka.ru/public_html/vqmod/xml/lightning.xml
   id        : OpenCart Lightning
   version   : 3.37
   vqmver    : 
   author    : MaxD http://devs.mx

File Name    : system/library/cache.php(0)
VQModObject::applyMod - SEARCH NOT FOUND (SKIPPED): if (is_file(DIR_SYSTEM . 'library/journal3/vendor/SuperCache

----------------------------------------------------------------------


---------- Date: 2026-03-28 16:13:45 ~ IP : 185.179.188.62 ----------
REQUEST URI : /namotchik-probega-dlya-uaz-patriot-konec-do-2016-zelenyy-displey/
MOD DETAILS:
   modFile   : /home/canmotalka/web/can-motalka.ru/public_html/vqmod/xml/lightning.xml
   id        : OpenCart Lightning
   version   : 3.37
   vqmver    : 
   author    : MaxD http://devs.mx

File Name    : system/library/cache.php(0)
VQModObject::applyMod - SEARCH NOT FOUND (SKIPPED): if (is_file(DIR_SYSTEM . 'library/journal3/vendor/SuperCache

----------------------------------------------------------------------


---------- Date: 2026-03-28 16:13:47 ~ IP : 185.179.188.62 ----------
REQUEST URI : /index.php?route=product/product/review&amp;product_id=262
MOD DETAILS:
   modFile   : /home/canmotalka/web/can-motalka.ru/public_html/vqmod/xml/lightning.xml
   id        : OpenCart Lightning
   version   : 3.37
   vqmver    : 
   author    : MaxD http://devs.mx

File Name    : system/library/cache.php(0)
VQModObject::applyMod - SEARCH NOT FOUND (SKIPPED): if (is_file(DIR_SYSTEM . 'library/journal3/vendor/SuperCache

----------------------------------------------------------------------


---------- Date: 2026-03-28 16:13:47 ~ IP : 185.179.188.62 ----------
REQUEST URI : /index.php?route=module/popupcart_extended
MOD DETAILS:
   modFile   : /home/canmotalka/web/can-motalka.ru/public_html/vqmod/xml/lightning.xml
   id        : OpenCart Lightning
   version   : 3.37
   vqmver    : 
   author    : MaxD http://devs.mx

File Name    : system/library/cache.php(0)
VQModObject::applyMod - SEARCH NOT FOUND (SKIPPED): if (is_file(DIR_SYSTEM . 'library/journal3/vendor/SuperCache

----------------------------------------------------------------------


---------- Date: 2026-03-28 16:14:27 ~ IP : 185.179.188.62 ----------
REQUEST URI : /instrukciya-podmotka-vesta/
MOD DETAILS:
   modFile   : /home/canmotalka/web/can-motalka.ru/public_html/vqmod/xml/lightning.xml
   id        : OpenCart Lightning
   version   : 3.37
   vqmver    : 
   author    : MaxD http://devs.mx

File Name    : system/library/cache.php(0)
VQModObject::applyMod - SEARCH NOT FOUND (SKIPPED): if (is_file(DIR_SYSTEM . 'library/journal3/vendor/SuperCache

----------------------------------------------------------------------


---------- Date: 2026-03-28 16:14:28 ~ IP : 185.179.188.62 ----------
REQUEST URI : /index.php?route=module/popupcart_extended
MOD DETAILS:
   modFile   : /home/canmotalka/web/can-motalka.ru/public_html/vqmod/xml/lightning.xml
   id        : OpenCart Lightning
   version   : 3.37
   vqmver    : 
   author    : MaxD http://devs.mx

File Name    : system/library/cache.php(0)
VQModObject::applyMod - SEARCH NOT FOUND (SKIPPED): if (is_file(DIR_SYSTEM . 'library/journal3/vendor/SuperCache

----------------------------------------------------------------------


---------- Date: 2026-03-28 16:14:29 ~ IP : 185.179.188.62 ----------
REQUEST URI : /podmotka-spidometra-uaz-patriot/
MOD DETAILS:
   modFile   : /home/canmotalka/web/can-motalka.ru/public_html/vqmod/xml/lightning.xml
   id        : OpenCart Lightning
   version   : 3.37
   vqmver    : 
   author    : MaxD http://devs.mx

File Name    : system/library/cache.php(0)
VQModObject::applyMod - SEARCH NOT FOUND (SKIPPED): if (is_file(DIR_SYSTEM . 'library/journal3/vendor/SuperCache

----------------------------------------------------------------------


---------- Date: 2026-03-28 16:14:30 ~ IP : 185.179.188.62 ----------
REQUEST URI : /index.php?route=product/product/review&amp;product_id=277
MOD DETAILS:
   modFile   : /home/canmotalka/web/can-motalka.ru/public_html/vqmod/xml/lightning.xml
   id        : OpenCart Lightning
   version   : 3.37
   vqmver    : 
   author    : MaxD http://devs.mx

File Name    : system/library/cache.php(0)
VQModObject::applyMod - SEARCH NOT FOUND (SKIPPED): if (is_file(DIR_SYSTEM . 'library/journal3/vendor/SuperCache

----------------------------------------------------------------------


---------- Date: 2026-03-28 16:14:46 ~ IP : 185.179.188.62 ----------
REQUEST URI : /podmotka-spidometra-ssang-young-kyron/
MOD DETAILS:
   modFile   : /home/canmotalka/web/can-motalka.ru/public_html/vqmod/xml/lightning.xml
   id        : OpenCart Lightning
   version   : 3.37
   vqmver    : 
   author    : MaxD http://devs.mx

File Name    : system/library/cache.php(0)
VQModObject::applyMod - SEARCH NOT FOUND (SKIPPED): if (is_file(DIR_SYSTEM . 'library/journal3/vendor/SuperCache

----------------------------------------------------------------------


---------- Date: 2026-03-28 16:14:48 ~ IP : 185.179.188.62 ----------
REQUEST URI : /index.php?route=product/product/review&amp;product_id=186
MOD DETAILS:
   modFile   : /home/canmotalka/web/can-motalka.ru/public_html/vqmod/xml/lightning.xml
   id        : OpenCart Lightning
   version   : 3.37
   vqmver    : 
   author    : MaxD http://devs.mx

File Name    : system/library/cache.php(0)
VQModObject::applyMod - SEARCH NOT FOUND (SKIPPED): if (is_file(DIR_SYSTEM . 'library/journal3/vendor/SuperCache

----------------------------------------------------------------------


---------- Date: 2026-03-28 16:14:48 ~ IP : 185.179.188.62 ----------
REQUEST URI : /index.php?route=module/popupcart_extended
MOD DETAILS:
   modFile   : /home/canmotalka/web/can-motalka.ru/public_html/vqmod/xml/lightning.xml
   id        : OpenCart Lightning
   version   : 3.37
   vqmver    : 
   author    : MaxD http://devs.mx

File Name    : system/library/cache.php(0)
VQModObject::applyMod - SEARCH NOT FOUND (SKIPPED): if (is_file(DIR_SYSTEM . 'library/journal3/vendor/SuperCache

----------------------------------------------------------------------


---------- Date: 2026-03-28 16:16:58 ~ IP : 185.179.188.62 ----------
REQUEST URI : /motalki/hyundai/
MOD DETAILS:
   modFile   : /home/canmotalka/web/can-motalka.ru/public_html/vqmod/xml/lightning.xml
   id        : OpenCart Lightning
   version   : 3.37
   vqmver    : 
   author    : MaxD http://devs.mx

File Name    : system/library/cache.php(0)
VQModObject::applyMod - SEARCH NOT FOUND (SKIPPED): if (is_file(DIR_SYSTEM . 'library/journal3/vendor/SuperCache

----------------------------------------------------------------------


---------- Date: 2026-03-28 16:17:36 ~ IP : 185.179.188.62 ----------
REQUEST URI : /podmotka-spidometra-ssang-young-kyron/
MOD DETAILS:
   modFile   : /home/canmotalka/web/can-motalka.ru/public_html/vqmod/xml/lightning.xml
   id        : OpenCart Lightning
   version   : 3.37
   vqmver    : 
   author    : MaxD http://devs.mx

File Name    : system/library/cache.php(0)
VQModObject::applyMod - SEARCH NOT FOUND (SKIPPED): if (is_file(DIR_SYSTEM . 'library/journal3/vendor/SuperCache

----------------------------------------------------------------------


---------- Date: 2026-03-28 16:20:29 ~ IP : 185.179.188.62 ----------
REQUEST URI : /podmotka_vw_manual/
MOD DETAILS:
   modFile   : /home/canmotalka/web/can-motalka.ru/public_html/vqmod/xml/lightning.xml
   id        : OpenCart Lightning
   version   : 3.37
   vqmver    : 
   author    : MaxD http://devs.mx

File Name    : system/library/cache.php(0)
VQModObject::applyMod - SEARCH NOT FOUND (SKIPPED): if (is_file(DIR_SYSTEM . 'library/journal3/vendor/SuperCache

----------------------------------------------------------------------


---------- Date: 2026-03-28 16:32:44 ~ IP : 185.179.188.62 ----------
REQUEST URI : /kak-rabotaet-podmotka-spidometra/?ysclid=mnade7ohp8936327472
MOD DETAILS:
   modFile   : /home/canmotalka/web/can-motalka.ru/public_html/vqmod/xml/lightning.xml
   id        : OpenCart Lightning
   version   : 3.37
   vqmver    : 
   author    : MaxD http://devs.mx

File Name    : system/library/cache.php(0)
VQModObject::applyMod - SEARCH NOT FOUND (SKIPPED): if (is_file(DIR_SYSTEM . 'library/journal3/vendor/SuperCache

----------------------------------------------------------------------


---------- Date: 2026-03-28 16:32:44 ~ IP : 185.179.188.62 ----------
REQUEST URI : /kak-rabotaet-podmotka-spidometra/
MOD DETAILS:
   modFile   : /home/canmotalka/web/can-motalka.ru/public_html/vqmod/xml/lightning.xml
   id        : OpenCart Lightning
   version   : 3.37
   vqmver    : 
   author    : MaxD http://devs.mx

File Name    : system/library/cache.php(0)
VQModObject::applyMod - SEARCH NOT FOUND (SKIPPED): if (is_file(DIR_SYSTEM . 'library/journal3/vendor/SuperCache

----------------------------------------------------------------------


---------- Date: 2026-03-28 16:32:45 ~ IP : 185.179.188.62 ----------
REQUEST URI : /index.php?route=module/popupcart_extended
MOD DETAILS:
   modFile   : /home/canmotalka/web/can-motalka.ru/public_html/vqmod/xml/lightning.xml
   id        : OpenCart Lightning
   version   : 3.37
   vqmver    : 
   author    : MaxD http://devs.mx

File Name    : system/library/cache.php(0)
VQModObject::applyMod - SEARCH NOT FOUND (SKIPPED): if (is_file(DIR_SYSTEM . 'library/journal3/vendor/SuperCache

----------------------------------------------------------------------


---------- Date: 2026-03-28 16:34:41 ~ IP : 185.179.188.62 ----------
REQUEST URI : /namotchik-probega-dlya-audi-a8/
MOD DETAILS:
   modFile   : /home/canmotalka/web/can-motalka.ru/public_html/vqmod/xml/lightning.xml
   id        : OpenCart Lightning
   version   : 3.37
   vqmver    : 
   author    : MaxD http://devs.mx

File Name    : system/library/cache.php(0)
VQModObject::applyMod - SEARCH NOT FOUND (SKIPPED): if (is_file(DIR_SYSTEM . 'library/journal3/vendor/SuperCache

----------------------------------------------------------------------


---------- Date: 2026-03-28 16:35:01 ~ IP : 185.179.188.62 ----------
REQUEST URI : /index.php?route=product/product/review&amp;product_id=235
MOD DETAILS:
   modFile   : /home/canmotalka/web/can-motalka.ru/public_html/vqmod/xml/lightning.xml
   id        : OpenCart Lightning
   version   : 3.37
   vqmver    : 
   author    : MaxD http://devs.mx

File Name    : system/library/cache.php(0)
VQModObject::applyMod - SEARCH NOT FOUND (SKIPPED): if (is_file(DIR_SYSTEM . 'library/journal3/vendor/SuperCache

----------------------------------------------------------------------


---------- Date: 2026-03-28 16:35:11 ~ IP : 185.179.188.62 ----------
REQUEST URI : /index.php?route=module/popupcart_extended
MOD DETAILS:
   modFile   : /home/canmotalka/web/can-motalka.ru/public_html/vqmod/xml/lightning.xml
   id        : OpenCart Lightning
   version   : 3.37
   vqmver    : 
   author    : MaxD http://devs.mx

File Name    : system/library/cache.php(0)
VQModObject::applyMod - SEARCH NOT FOUND (SKIPPED): if (is_file(DIR_SYSTEM . 'library/journal3/vendor/SuperCache

----------------------------------------------------------------------


---------- Date: 2026-03-28 16:35:35 ~ IP : 185.179.188.62 ----------
REQUEST URI : /namotchik-probega-dlya-audi-a4/
MOD DETAILS:
   modFile   : /home/canmotalka/web/can-motalka.ru/public_html/vqmod/xml/lightning.xml
   id        : OpenCart Lightning
   version   : 3.37
   vqmver    : 
   author    : MaxD http://devs.mx

File Name    : system/library/cache.php(0)
VQModObject::applyMod - SEARCH NOT FOUND (SKIPPED): if (is_file(DIR_SYSTEM . 'library/journal3/vendor/SuperCache

----------------------------------------------------------------------


---------- Date: 2026-03-28 16:36:50 ~ IP : 185.179.188.62 ----------
REQUEST URI : /.well-known/traffic-advice
MOD DETAILS:
   modFile   : /home/canmotalka/web/can-motalka.ru/public_html/vqmod/xml/lightning.xml
   id        : OpenCart Lightning
   version   : 3.37
   vqmver    : 
   author    : MaxD http://devs.mx

File Name    : system/library/cache.php(0)
VQModObject::applyMod - SEARCH NOT FOUND (SKIPPED): if (is_file(DIR_SYSTEM . 'library/journal3/vendor/SuperCache

----------------------------------------------------------------------


---------- Date: 2026-03-28 16:36:51 ~ IP : 185.179.188.62 ----------
REQUEST URI : /instrukciya-podmotka-niva-travel-chevrolet/
MOD DETAILS:
   modFile   : /home/canmotalka/web/can-motalka.ru/public_html/vqmod/xml/lightning.xml
   id        : OpenCart Lightning
   version   : 3.37
   vqmver    : 
   author    : MaxD http://devs.mx

File Name    : system/library/cache.php(0)
VQModObject::applyMod - SEARCH NOT FOUND (SKIPPED): if (is_file(DIR_SYSTEM . 'library/journal3/vendor/SuperCache

----------------------------------------------------------------------


---------- Date: 2026-03-28 16:43:54 ~ IP : 185.179.188.62 ----------
REQUEST URI : /podmotka_spidometra/
MOD DETAILS:
   modFile   : /home/canmotalka/web/can-motalka.ru/public_html/vqmod/xml/lightning.xml
   id        : OpenCart Lightning
   version   : 3.37
   vqmver    : 
   author    : MaxD http://devs.mx

File Name    : system/library/cache.php(0)
VQModObject::applyMod - SEARCH NOT FOUND (SKIPPED): if (is_file(DIR_SYSTEM . 'library/journal3/vendor/SuperCache

----------------------------------------------------------------------


---------- Date: 2026-03-28 16:47:54 ~ IP : 185.179.188.62 ----------
REQUEST URI : /log/
MOD DETAILS:
   modFile   : /home/canmotalka/web/can-motalka.ru/public_html/vqmod/xml/lightning.xml
   id        : OpenCart Lightning
   version   : 3.37
   vqmver    : 
   author    : MaxD http://devs.mx

File Name    : system/library/cache.php(0)
VQModObject::applyMod - SEARCH NOT FOUND (SKIPPED): if (is_file(DIR_SYSTEM . 'library/journal3/vendor/SuperCache

----------------------------------------------------------------------


---------- Date: 2026-03-28 16:51:23 ~ IP : 185.179.188.62 ----------
REQUEST URI : /motalki/gaz
MOD DETAILS:
   modFile   : /home/canmotalka/web/can-motalka.ru/public_html/vqmod/xml/lightning.xml
   id        : OpenCart Lightning
   version   : 3.37
   vqmver    : 
   author    : MaxD http://devs.mx

File Name    : system/library/cache.php(0)
VQModObject::applyMod - SEARCH NOT FOUND (SKIPPED): if (is_file(DIR_SYSTEM . 'library/journal3/vendor/SuperCache

----------------------------------------------------------------------


---------- Date: 2026-03-28 16:54:21 ~ IP : 185.179.188.62 ----------
REQUEST URI : /podmotka_spidometra/
MOD DETAILS:
   modFile   : /home/canmotalka/web/can-motalka.ru/public_html/vqmod/xml/lightning.xml
   id        : OpenCart Lightning
   version   : 3.37
   vqmver    : 
   author    : MaxD http://devs.mx

File Name    : system/library/cache.php(0)
VQModObject::applyMod - SEARCH NOT FOUND (SKIPPED): if (is_file(DIR_SYSTEM . 'library/journal3/vendor/SuperCache

----------------------------------------------------------------------


---------- Date: 2026-03-28 16:54:22 ~ IP : 185.179.188.62 ----------
REQUEST URI : /index.php?route=module/popupcart_extended
MOD DETAILS:
   modFile   : /home/canmotalka/web/can-motalka.ru/public_html/vqmod/xml/lightning.xml
   id        : OpenCart Lightning
   version   : 3.37
   vqmver    : 
   author    : MaxD http://devs.mx

File Name    : system/library/cache.php(0)
VQModObject::applyMod - SEARCH NOT FOUND (SKIPPED): if (is_file(DIR_SYSTEM . 'library/journal3/vendor/SuperCache

----------------------------------------------------------------------


---------- Date: 2026-03-28 16:54:30 ~ IP : 185.179.188.62 ----------
REQUEST URI : /podmotka-spidometra-gazel-nekst/
MOD DETAILS:
   modFile   : /home/canmotalka/web/can-motalka.ru/public_html/vqmod/xml/lightning.xml
   id        : OpenCart Lightning
   version   : 3.37
   vqmver    : 
   author    : MaxD http://devs.mx

File Name    : system/library/cache.php(0)
VQModObject::applyMod - SEARCH NOT FOUND (SKIPPED): if (is_file(DIR_SYSTEM . 'library/journal3/vendor/SuperCache

----------------------------------------------------------------------


---------- Date: 2026-03-28 16:54:37 ~ IP : 185.179.188.62 ----------
REQUEST URI : /motalki/lada/
MOD DETAILS:
   modFile   : /home/canmotalka/web/can-motalka.ru/public_html/vqmod/xml/lightning.xml
   id        : OpenCart Lightning
   version   : 3.37
   vqmver    : 
   author    : MaxD http://devs.mx

File Name    : system/library/cache.php(0)
VQModObject::applyMod - SEARCH NOT FOUND (SKIPPED): if (is_file(DIR_SYSTEM . 'library/journal3/vendor/SuperCache

----------------------------------------------------------------------


---------- Date: 2026-03-28 16:54:37 ~ IP : 185.179.188.62 ----------
REQUEST URI : /index.php?route=product/product/review&amp;product_id=97
MOD DETAILS:
   modFile   : /home/canmotalka/web/can-motalka.ru/public_html/vqmod/xml/lightning.xml
   id        : OpenCart Lightning
   version   : 3.37
   vqmver    : 
   author    : MaxD http://devs.mx

File Name    : system/library/cache.php(0)
VQModObject::applyMod - SEARCH NOT FOUND (SKIPPED): if (is_file(DIR_SYSTEM . 'library/journal3/vendor/SuperCache

----------------------------------------------------------------------


---------- Date: 2026-03-28 16:54:37 ~ IP : 185.179.188.62 ----------
REQUEST URI : /index.php?route=module/popupcart_extended
MOD DETAILS:
   modFile   : /home/canmotalka/web/can-motalka.ru/public_html/vqmod/xml/lightning.xml
   id        : OpenCart Lightning
   version   : 3.37
   vqmver    : 
   author    : MaxD http://devs.mx

File Name    : system/library/cache.php(0)
VQModObject::applyMod - SEARCH NOT FOUND (SKIPPED): if (is_file(DIR_SYSTEM . 'library/journal3/vendor/SuperCache

----------------------------------------------------------------------


---------- Date: 2026-03-28 16:54:56 ~ IP : 185.179.188.62 ----------
REQUEST URI : /niva_abs_re/
MOD DETAILS:
   modFile   : /home/canmotalka/web/can-motalka.ru/public_html/vqmod/xml/lightning.xml
   id        : OpenCart Lightning
   version   : 3.37
   vqmver    : 
   author    : MaxD http://devs.mx

File Name    : system/library/cache.php(0)
VQModObject::applyMod - SEARCH NOT FOUND (SKIPPED): if (is_file(DIR_SYSTEM . 'library/journal3/vendor/SuperCache

----------------------------------------------------------------------


---------- Date: 2026-03-28 16:54:58 ~ IP : 185.179.188.62 ----------
REQUEST URI : /index.php?route=module/popupcart_extended
MOD DETAILS:
   modFile   : /home/canmotalka/web/can-motalka.ru/public_html/vqmod/xml/lightning.xml
   id        : OpenCart Lightning
   version   : 3.37
   vqmver    : 
   author    : MaxD http://devs.mx

File Name    : system/library/cache.php(0)
VQModObject::applyMod - SEARCH NOT FOUND (SKIPPED): if (is_file(DIR_SYSTEM . 'library/journal3/vendor/SuperCache

----------------------------------------------------------------------


---------- Date: 2026-03-28 16:55:27 ~ IP : 185.179.188.62 ----------
REQUEST URI : /podmotka-spidometra-largus/
MOD DETAILS:
   modFile   : /home/canmotalka/web/can-motalka.ru/public_html/vqmod/xml/lightning.xml
   id        : OpenCart Lightning
   version   : 3.37
   vqmver    : 
   author    : MaxD http://devs.mx

File Name    : system/library/cache.php(0)
VQModObject::applyMod - SEARCH NOT FOUND (SKIPPED): if (is_file(DIR_SYSTEM . 'library/journal3/vendor/SuperCache

----------------------------------------------------------------------


---------- Date: 2026-03-28 16:55:28 ~ IP : 185.179.188.62 ----------
REQUEST URI : /index.php?route=product/product/review&amp;product_id=258
MOD DETAILS:
   modFile   : /home/canmotalka/web/can-motalka.ru/public_html/vqmod/xml/lightning.xml
   id        : OpenCart Lightning
   version   : 3.37
   vqmver    : 
   author    : MaxD http://devs.mx

File Name    : system/library/cache.php(0)
VQModObject::applyMod - SEARCH NOT FOUND (SKIPPED): if (is_file(DIR_SYSTEM . 'library/journal3/vendor/SuperCache

----------------------------------------------------------------------


---------- Date: 2026-03-28 16:55:35 ~ IP : 185.179.188.62 ----------
REQUEST URI : /podmotka-spidometra-henday-sonata-8/;/
MOD DETAILS:
   modFile   : /home/canmotalka/web/can-motalka.ru/public_html/vqmod/xml/lightning.xml
   id        : OpenCart Lightning
   version   : 3.37
   vqmver    : 
   author    : MaxD http://devs.mx

File Name    : system/library/cache.php(0)
VQModObject::applyMod - SEARCH NOT FOUND (SKIPPED): if (is_file(DIR_SYSTEM . 'library/journal3/vendor/SuperCache

----------------------------------------------------------------------


---------- Date: 2026-03-28 16:55:36 ~ IP : 185.179.188.62 ----------
REQUEST URI : /otzyvy/
MOD DETAILS:
   modFile   : /home/canmotalka/web/can-motalka.ru/public_html/vqmod/xml/lightning.xml
   id        : OpenCart Lightning
   version   : 3.37
   vqmver    : 
   author    : MaxD http://devs.mx

File Name    : system/library/cache.php(0)
VQModObject::applyMod - SEARCH NOT FOUND (SKIPPED): if (is_file(DIR_SYSTEM . 'library/journal3/vendor/SuperCache

----------------------------------------------------------------------


---------- Date: 2026-03-28 17:01:40 ~ IP : 185.179.188.62 ----------
REQUEST URI : /setting_php/zdorovie-soveti/796-kamagra-gel-deshevo-chelyabinsk/
MOD DETAILS:
   modFile   : /home/canmotalka/web/can-motalka.ru/public_html/vqmod/xml/lightning.xml
   id        : OpenCart Lightning
   version   : 3.37
   vqmver    : 
   author    : MaxD http://devs.mx

File Name    : system/library/cache.php(0)
VQModObject::applyMod - SEARCH NOT FOUND (SKIPPED): if (is_file(DIR_SYSTEM . 'library/journal3/vendor/SuperCache

----------------------------------------------------------------------


---------- Date: 2026-03-28 17:01:46 ~ IP : 185.179.188.62 ----------
REQUEST URI : /index.php?route=module/popupcart_extended
MOD DETAILS:
   modFile   : /home/canmotalka/web/can-motalka.ru/public_html/vqmod/xml/lightning.xml
   id        : OpenCart Lightning
   version   : 3.37
   vqmver    : 
   author    : MaxD http://devs.mx

File Name    : system/library/cache.php(0)
VQModObject::applyMod - SEARCH NOT FOUND (SKIPPED): if (is_file(DIR_SYSTEM . 'library/journal3/vendor/SuperCache

----------------------------------------------------------------------


---------- Date: 2026-03-28 17:02:30 ~ IP : 185.179.188.62 ----------
REQUEST URI : /instrukciya-podmotka-kamaz/
MOD DETAILS:
   modFile   : /home/canmotalka/web/can-motalka.ru/public_html/vqmod/xml/lightning.xml
   id        : OpenCart Lightning
   version   : 3.37
   vqmver    : 
   author    : MaxD http://devs.mx

File Name    : system/library/cache.php(0)
VQModObject::applyMod - SEARCH NOT FOUND (SKIPPED): if (is_file(DIR_SYSTEM . 'library/journal3/vendor/SuperCache

----------------------------------------------------------------------


---------- Date: 2026-03-28 17:03:06 ~ IP : 185.179.188.62 ----------
REQUEST URI : /podmotka-spidometra-henday-sonata-8/
MOD DETAILS:
   modFile   : /home/canmotalka/web/can-motalka.ru/public_html/vqmod/xml/lightning.xml
   id        : OpenCart Lightning
   version   : 3.37
   vqmver    : 
   author    : MaxD http://devs.mx

File Name    : system/library/cache.php(0)
VQModObject::applyMod - SEARCH NOT FOUND (SKIPPED): if (is_file(DIR_SYSTEM . 'library/journal3/vendor/SuperCache

----------------------------------------------------------------------


---------- Date: 2026-03-28 17:03:07 ~ IP : 185.179.188.62 ----------
REQUEST URI : /otzyvy/
MOD DETAILS:
   modFile   : /home/canmotalka/web/can-motalka.ru/public_html/vqmod/xml/lightning.xml
   id        : OpenCart Lightning
   version   : 3.37
   vqmver    : 
   author    : MaxD http://devs.mx

File Name    : system/library/cache.php(0)
VQModObject::applyMod - SEARCH NOT FOUND (SKIPPED): if (is_file(DIR_SYSTEM . 'library/journal3/vendor/SuperCache

----------------------------------------------------------------------


---------- Date: 2026-03-28 17:03:49 ~ IP : 185.179.188.62 ----------
REQUEST URI : /podmotka-krutilka-motalka-spidometra-toyota-camry-v50/
MOD DETAILS:
   modFile   : /home/canmotalka/web/can-motalka.ru/public_html/vqmod/xml/lightning.xml
   id        : OpenCart Lightning
   version   : 3.37
   vqmver    : 
   author    : MaxD http://devs.mx

File Name    : system/library/cache.php(0)
VQModObject::applyMod - SEARCH NOT FOUND (SKIPPED): if (is_file(DIR_SYSTEM . 'library/journal3/vendor/SuperCache

----------------------------------------------------------------------


---------- Date: 2026-03-28 17:03:50 ~ IP : 185.179.188.62 ----------
REQUEST URI : /index.php?route=product/product/review&amp;product_id=194
MOD DETAILS:
   modFile   : /home/canmotalka/web/can-motalka.ru/public_html/vqmod/xml/lightning.xml
   id        : OpenCart Lightning
   version   : 3.37
   vqmver    : 
   author    : MaxD http://devs.mx

File Name    : system/library/cache.php(0)
VQModObject::applyMod - SEARCH NOT FOUND (SKIPPED): if (is_file(DIR_SYSTEM . 'library/journal3/vendor/SuperCache

----------------------------------------------------------------------


---------- Date: 2026-03-28 17:03:50 ~ IP : 185.179.188.62 ----------
REQUEST URI : /index.php?route=module/popupcart_extended
MOD DETAILS:
   modFile   : /home/canmotalka/web/can-motalka.ru/public_html/vqmod/xml/lightning.xml
   id        : OpenCart Lightning
   version   : 3.37
   vqmver    : 
   author    : MaxD http://devs.mx

File Name    : system/library/cache.php(0)
VQModObject::applyMod - SEARCH NOT FOUND (SKIPPED): if (is_file(DIR_SYSTEM . 'library/journal3/vendor/SuperCache

----------------------------------------------------------------------


---------- Date: 2026-03-28 17:04:24 ~ IP : 185.179.188.62 ----------
REQUEST URI : /sitemap.xml
MOD DETAILS:
   modFile   : /home/canmotalka/web/can-motalka.ru/public_html/vqmod/xml/lightning.xml
   id        : OpenCart Lightning
   version   : 3.37
   vqmver    : 
   author    : MaxD http://devs.mx

File Name    : system/library/cache.php(0)
VQModObject::applyMod - SEARCH NOT FOUND (SKIPPED): if (is_file(DIR_SYSTEM . 'library/journal3/vendor/SuperCache

----------------------------------------------------------------------


---------- Date: 2026-03-28 17:04:24 ~ IP : 185.179.188.62 ----------
REQUEST URI : /index.php?route=feed/google_sitemap_fast
MOD DETAILS:
   modFile   : /home/canmotalka/web/can-motalka.ru/public_html/vqmod/xml/lightning.xml
   id        : OpenCart Lightning
   version   : 3.37
   vqmver    : 
   author    : MaxD http://devs.mx

File Name    : system/library/cache.php(0)
VQModObject::applyMod - SEARCH NOT FOUND (SKIPPED): if (is_file(DIR_SYSTEM . 'library/journal3/vendor/SuperCache

----------------------------------------------------------------------


---------- Date: 2026-03-28 17:04:43 ~ IP : 185.179.188.62 ----------
REQUEST URI : /podmotka-krutilka-motalka-spidometra-toyota-camry-v50/
MOD DETAILS:
   modFile   : /home/canmotalka/web/can-motalka.ru/public_html/vqmod/xml/lightning.xml
   id        : OpenCart Lightning
   version   : 3.37
   vqmver    : 
   author    : MaxD http://devs.mx

File Name    : system/library/cache.php(0)
VQModObject::applyMod - SEARCH NOT FOUND (SKIPPED): if (is_file(DIR_SYSTEM . 'library/journal3/vendor/SuperCache

----------------------------------------------------------------------


---------- Date: 2026-03-28 17:06:46 ~ IP : 185.179.188.62 ----------
REQUEST URI : /instrukciya-lada-granta-2021/
MOD DETAILS:
   modFile   : /home/canmotalka/web/can-motalka.ru/public_html/vqmod/xml/lightning.xml
   id        : OpenCart Lightning
   version   : 3.37
   vqmver    : 
   author    : MaxD http://devs.mx

File Name    : system/library/cache.php(0)
VQModObject::applyMod - SEARCH NOT FOUND (SKIPPED): if (is_file(DIR_SYSTEM . 'library/journal3/vendor/SuperCache

----------------------------------------------------------------------


---------- Date: 2026-03-28 17:06:59 ~ IP : 185.179.188.62 ----------
REQUEST URI : /index.php?route=module/popupcart_extended
MOD DETAILS:
   modFile   : /home/canmotalka/web/can-motalka.ru/public_html/vqmod/xml/lightning.xml
   id        : OpenCart Lightning
   version   : 3.37
   vqmver    : 
   author    : MaxD http://devs.mx

File Name    : system/library/cache.php(0)
VQModObject::applyMod - SEARCH NOT FOUND (SKIPPED): if (is_file(DIR_SYSTEM . 'library/journal3/vendor/SuperCache

----------------------------------------------------------------------


---------- Date: 2026-03-28 17:07:27 ~ IP : 185.179.188.62 ----------
REQUEST URI : /patriot_re/
MOD DETAILS:
   modFile   : /home/canmotalka/web/can-motalka.ru/public_html/vqmod/xml/lightning.xml
   id        : OpenCart Lightning
   version   : 3.37
   vqmver    : 
   author    : MaxD http://devs.mx

File Name    : system/library/cache.php(0)
VQModObject::applyMod - SEARCH NOT FOUND (SKIPPED): if (is_file(DIR_SYSTEM . 'library/journal3/vendor/SuperCache

----------------------------------------------------------------------


---------- Date: 2026-03-28 17:07:28 ~ IP : 185.179.188.62 ----------
REQUEST URI : /index.php?route=module/popupcart_extended
MOD DETAILS:
   modFile   : /home/canmotalka/web/can-motalka.ru/public_html/vqmod/xml/lightning.xml
   id        : OpenCart Lightning
   version   : 3.37
   vqmver    : 
   author    : MaxD http://devs.mx

File Name    : system/library/cache.php(0)
VQModObject::applyMod - SEARCH NOT FOUND (SKIPPED): if (is_file(DIR_SYSTEM . 'library/journal3/vendor/SuperCache

----------------------------------------------------------------------


---------- Date: 2026-03-28 17:08:34 ~ IP : 185.179.188.62 ----------
REQUEST URI : /index.php?route=module/popupcart_extended
MOD DETAILS:
   modFile   : /home/canmotalka/web/can-motalka.ru/public_html/vqmod/xml/lightning.xml
   id        : OpenCart Lightning
   version   : 3.37
   vqmver    : 
   author    : MaxD http://devs.mx

File Name    : system/library/cache.php(0)
VQModObject::applyMod - SEARCH NOT FOUND (SKIPPED): if (is_file(DIR_SYSTEM . 'library/journal3/vendor/SuperCache

----------------------------------------------------------------------


---------- Date: 2026-03-28 17:11:31 ~ IP : 185.179.188.62 ----------
REQUEST URI : /podmotka-spidometra-peugeot-boxer/?ysclid=mnaes3mq4b148109156
MOD DETAILS:
   modFile   : /home/canmotalka/web/can-motalka.ru/public_html/vqmod/xml/lightning.xml
   id        : OpenCart Lightning
   version   : 3.37
   vqmver    : 
   author    : MaxD http://devs.mx

File Name    : system/library/cache.php(0)
VQModObject::applyMod - SEARCH NOT FOUND (SKIPPED): if (is_file(DIR_SYSTEM . 'library/journal3/vendor/SuperCache

----------------------------------------------------------------------


---------- Date: 2026-03-28 17:11:31 ~ IP : 185.179.188.62 ----------
REQUEST URI : /podmotka-spidometra-peugeot-boxer/
MOD DETAILS:
   modFile   : /home/canmotalka/web/can-motalka.ru/public_html/vqmod/xml/lightning.xml
   id        : OpenCart Lightning
   version   : 3.37
   vqmver    : 
   author    : MaxD http://devs.mx

File Name    : system/library/cache.php(0)
VQModObject::applyMod - SEARCH NOT FOUND (SKIPPED): if (is_file(DIR_SYSTEM . 'library/journal3/vendor/SuperCache

----------------------------------------------------------------------


---------- Date: 2026-03-28 17:11:32 ~ IP : 185.179.188.62 ----------
REQUEST URI : /index.php?route=product/product/review&amp;product_id=158
MOD DETAILS:
   modFile   : /home/canmotalka/web/can-motalka.ru/public_html/vqmod/xml/lightning.xml
   id        : OpenCart Lightning
   version   : 3.37
   vqmver    : 
   author    : MaxD http://devs.mx

File Name    : system/library/cache.php(0)
VQModObject::applyMod - SEARCH NOT FOUND (SKIPPED): if (is_file(DIR_SYSTEM . 'library/journal3/vendor/SuperCache

----------------------------------------------------------------------


---------- Date: 2026-03-28 17:11:32 ~ IP : 185.179.188.62 ----------
REQUEST URI : /index.php?route=module/popupcart_extended
MOD DETAILS:
   modFile   : /home/canmotalka/web/can-motalka.ru/public_html/vqmod/xml/lightning.xml
   id        : OpenCart Lightning
   version   : 3.37
   vqmver    : 
   author    : MaxD http://devs.mx

File Name    : system/library/cache.php(0)
VQModObject::applyMod - SEARCH NOT FOUND (SKIPPED): if (is_file(DIR_SYSTEM . 'library/journal3/vendor/SuperCache

----------------------------------------------------------------------


---------- Date: 2026-03-28 17:12:33 ~ IP : 185.179.188.62 ----------
REQUEST URI : /index.php?route=common/footer/click_counter
MOD DETAILS:
   modFile   : /home/canmotalka/web/can-motalka.ru/public_html/vqmod/xml/lightning.xml
   id        : OpenCart Lightning
   version   : 3.37
   vqmver    : 
   author    : MaxD http://devs.mx

File Name    : system/library/cache.php(0)
VQModObject::applyMod - SEARCH NOT FOUND (SKIPPED): if (is_file(DIR_SYSTEM . 'library/journal3/vendor/SuperCache

----------------------------------------------------------------------


---------- Date: 2026-03-28 17:13:45 ~ IP : 185.179.188.62 ----------
REQUEST URI : /index.php?route=common/footer/click_counter
MOD DETAILS:
   modFile   : /home/canmotalka/web/can-motalka.ru/public_html/vqmod/xml/lightning.xml
   id        : OpenCart Lightning
   version   : 3.37
   vqmver    : 
   author    : MaxD http://devs.mx

File Name    : system/library/cache.php(0)
VQModObject::applyMod - SEARCH NOT FOUND (SKIPPED): if (is_file(DIR_SYSTEM . 'library/journal3/vendor/SuperCache

----------------------------------------------------------------------


---------- Date: 2026-03-28 17:19:33 ~ IP : 185.179.188.62 ----------
REQUEST URI : /niva_abs_re/
MOD DETAILS:
   modFile   : /home/canmotalka/web/can-motalka.ru/public_html/vqmod/xml/lightning.xml
   id        : OpenCart Lightning
   version   : 3.37
   vqmver    : 
   author    : MaxD http://devs.mx

File Name    : system/library/cache.php(0)
VQModObject::applyMod - SEARCH NOT FOUND (SKIPPED): if (is_file(DIR_SYSTEM . 'library/journal3/vendor/SuperCache

----------------------------------------------------------------------


---------- Date: 2026-03-28 17:21:42 ~ IP : 185.179.188.62 ----------
REQUEST URI : /podmotka-spidometra-niva/
MOD DETAILS:
   modFile   : /home/canmotalka/web/can-motalka.ru/public_html/vqmod/xml/lightning.xml
   id        : OpenCart Lightning
   version   : 3.37
   vqmver    : 
   author    : MaxD http://devs.mx

File Name    : system/library/cache.php(0)
VQModObject::applyMod - SEARCH NOT FOUND (SKIPPED): if (is_file(DIR_SYSTEM . 'library/journal3/vendor/SuperCache

----------------------------------------------------------------------


---------- Date: 2026-03-28 17:23:52 ~ IP : 185.179.188.62 ----------
REQUEST URI : /podmotka-spidometra-henday-sonata-8/
MOD DETAILS:
   modFile   : /home/canmotalka/web/can-motalka.ru/public_html/vqmod/xml/lightning.xml
   id        : OpenCart Lightning
   version   : 3.37
   vqmver    : 
   author    : MaxD http://devs.mx

File Name    : system/library/cache.php(0)
VQModObject::applyMod - SEARCH NOT FOUND (SKIPPED): if (is_file(DIR_SYSTEM . 'library/journal3/vendor/SuperCache

----------------------------------------------------------------------


---------- Date: 2026-03-28 17:23:52 ~ IP : 185.179.188.62 ----------
REQUEST URI : /otzyvy/
MOD DETAILS:
   modFile   : /home/canmotalka/web/can-motalka.ru/public_html/vqmod/xml/lightning.xml
   id        : OpenCart Lightning
   version   : 3.37
   vqmver    : 
   author    : MaxD http://devs.mx

File Name    : system/library/cache.php(0)
VQModObject::applyMod - SEARCH NOT FOUND (SKIPPED): if (is_file(DIR_SYSTEM . 'library/journal3/vendor/SuperCache

----------------------------------------------------------------------


---------- Date: 2026-03-28 17:27:18 ~ IP : 185.179.188.62 ----------
REQUEST URI : /podmotka-spidometra-henday-sonata-8/;/
MOD DETAILS:
   modFile   : /home/canmotalka/web/can-motalka.ru/public_html/vqmod/xml/lightning.xml
   id        : OpenCart Lightning
   version   : 3.37
   vqmver    : 
   author    : MaxD http://devs.mx

File Name    : system/library/cache.php(0)
VQModObject::applyMod - SEARCH NOT FOUND (SKIPPED): if (is_file(DIR_SYSTEM . 'library/journal3/vendor/SuperCache

----------------------------------------------------------------------


---------- Date: 2026-03-28 17:27:18 ~ IP : 185.179.188.62 ----------
REQUEST URI : /otzyvy/
MOD DETAILS:
   modFile   : /home/canmotalka/web/can-motalka.ru/public_html/vqmod/xml/lightning.xml
   id        : OpenCart Lightning
   version   : 3.37
   vqmver    : 
   author    : MaxD http://devs.mx

File Name    : system/library/cache.php(0)
VQModObject::applyMod - SEARCH NOT FOUND (SKIPPED): if (is_file(DIR_SYSTEM . 'library/journal3/vendor/SuperCache

----------------------------------------------------------------------


---------- Date: 2026-03-28 17:27:20 ~ IP : 185.179.188.62 ----------
REQUEST URI : /podmotka-spidometra-gazel-nekst/?ysclid=mnafcf6udx549941332
MOD DETAILS:
   modFile   : /home/canmotalka/web/can-motalka.ru/public_html/vqmod/xml/lightning.xml
   id        : OpenCart Lightning
   version   : 3.37
   vqmver    : 
   author    : MaxD http://devs.mx

File Name    : system/library/cache.php(0)
VQModObject::applyMod - SEARCH NOT FOUND (SKIPPED): if (is_file(DIR_SYSTEM . 'library/journal3/vendor/SuperCache

----------------------------------------------------------------------


---------- Date: 2026-03-28 17:27:21 ~ IP : 185.179.188.62 ----------
REQUEST URI : /podmotka-spidometra-gazel-nekst/
MOD DETAILS:
   modFile   : /home/canmotalka/web/can-motalka.ru/public_html/vqmod/xml/lightning.xml
   id        : OpenCart Lightning
   version   : 3.37
   vqmver    : 
   author    : MaxD http://devs.mx

File Name    : system/library/cache.php(0)
VQModObject::applyMod - SEARCH NOT FOUND (SKIPPED): if (is_file(DIR_SYSTEM . 'library/journal3/vendor/SuperCache

----------------------------------------------------------------------


---------- Date: 2026-03-28 17:27:21 ~ IP : 185.179.188.62 ----------
REQUEST URI : /index.php?route=product/product/review&amp;product_id=97
MOD DETAILS:
   modFile   : /home/canmotalka/web/can-motalka.ru/public_html/vqmod/xml/lightning.xml
   id        : OpenCart Lightning
   version   : 3.37
   vqmver    : 
   author    : MaxD http://devs.mx

File Name    : system/library/cache.php(0)
VQModObject::applyMod - SEARCH NOT FOUND (SKIPPED): if (is_file(DIR_SYSTEM . 'library/journal3/vendor/SuperCache

----------------------------------------------------------------------


---------- Date: 2026-03-28 17:27:22 ~ IP : 185.179.188.62 ----------
REQUEST URI : /index.php?route=module/popupcart_extended
MOD DETAILS:
   modFile   : /home/canmotalka/web/can-motalka.ru/public_html/vqmod/xml/lightning.xml
   id        : OpenCart Lightning
   version   : 3.37
   vqmver    : 
   author    : MaxD http://devs.mx

File Name    : system/library/cache.php(0)
VQModObject::applyMod - SEARCH NOT FOUND (SKIPPED): if (is_file(DIR_SYSTEM . 'library/journal3/vendor/SuperCache

----------------------------------------------------------------------


---------- Date: 2026-03-28 17:31:08 ~ IP : 185.179.188.62 ----------
REQUEST URI : /setting_php/tadalafil-20/402-pokupka-sialisa-soft-borisoglebsk
MOD DETAILS:
   modFile   : /home/canmotalka/web/can-motalka.ru/public_html/vqmod/xml/lightning.xml
   id        : OpenCart Lightning
   version   : 3.37
   vqmver    : 
   author    : MaxD http://devs.mx

File Name    : system/library/cache.php(0)
VQModObject::applyMod - SEARCH NOT FOUND (SKIPPED): if (is_file(DIR_SYSTEM . 'library/journal3/vendor/SuperCache

----------------------------------------------------------------------


---------- Date: 2026-03-28 17:31:22 ~ IP : 185.179.188.62 ----------
REQUEST URI : /podmotka-spidometra-vesta/
MOD DETAILS:
   modFile   : /home/canmotalka/web/can-motalka.ru/public_html/vqmod/xml/lightning.xml
   id        : OpenCart Lightning
   version   : 3.37
   vqmver    : 
   author    : MaxD http://devs.mx

File Name    : system/library/cache.php(0)
VQModObject::applyMod - SEARCH NOT FOUND (SKIPPED): if (is_file(DIR_SYSTEM . 'library/journal3/vendor/SuperCache

----------------------------------------------------------------------


---------- Date: 2026-03-28 17:32:40 ~ IP : 185.179.188.62 ----------
REQUEST URI : /sitemap.xml
MOD DETAILS:
   modFile   : /home/canmotalka/web/can-motalka.ru/public_html/vqmod/xml/lightning.xml
   id        : OpenCart Lightning
   version   : 3.37
   vqmver    : 
   author    : MaxD http://devs.mx

File Name    : system/library/cache.php(0)
VQModObject::applyMod - SEARCH NOT FOUND (SKIPPED): if (is_file(DIR_SYSTEM . 'library/journal3/vendor/SuperCache

----------------------------------------------------------------------


---------- Date: 2026-03-28 17:39:38 ~ IP : 185.179.188.62 ----------
REQUEST URI : /podmotka-spidometra-toyota-kamri/
MOD DETAILS:
   modFile   : /home/canmotalka/web/can-motalka.ru/public_html/vqmod/xml/lightning.xml
   id        : OpenCart Lightning
   version   : 3.37
   vqmver    : 
   author    : MaxD http://devs.mx

File Name    : system/library/cache.php(0)
VQModObject::applyMod - SEARCH NOT FOUND (SKIPPED): if (is_file(DIR_SYSTEM . 'library/journal3/vendor/SuperCache

----------------------------------------------------------------------


---------- Date: 2026-03-28 17:39:39 ~ IP : 185.179.188.62 ----------
REQUEST URI : /index.php?route=product/product/review&amp;product_id=265
MOD DETAILS:
   modFile   : /home/canmotalka/web/can-motalka.ru/public_html/vqmod/xml/lightning.xml
   id        : OpenCart Lightning
   version   : 3.37
   vqmver    : 
   author    : MaxD http://devs.mx

File Name    : system/library/cache.php(0)
VQModObject::applyMod - SEARCH NOT FOUND (SKIPPED): if (is_file(DIR_SYSTEM . 'library/journal3/vendor/SuperCache

----------------------------------------------------------------------


---------- Date: 2026-03-28 17:39:39 ~ IP : 185.179.188.62 ----------
REQUEST URI : /index.php?route=module/popupcart_extended
MOD DETAILS:
   modFile   : /home/canmotalka/web/can-motalka.ru/public_html/vqmod/xml/lightning.xml
   id        : OpenCart Lightning
   version   : 3.37
   vqmver    : 
   author    : MaxD http://devs.mx

File Name    : system/library/cache.php(0)
VQModObject::applyMod - SEARCH NOT FOUND (SKIPPED): if (is_file(DIR_SYSTEM . 'library/journal3/vendor/SuperCache

----------------------------------------------------------------------


---------- Date: 2026-03-28 17:42:40 ~ IP : 185.179.188.62 ----------
REQUEST URI : /instrukciya-lada-granta-2021/
MOD DETAILS:
   modFile   : /home/canmotalka/web/can-motalka.ru/public_html/vqmod/xml/lightning.xml
   id        : OpenCart Lightning
   version   : 3.37
   vqmver    : 
   author    : MaxD http://devs.mx

File Name    : system/library/cache.php(0)
VQModObject::applyMod - SEARCH NOT FOUND (SKIPPED): if (is_file(DIR_SYSTEM . 'library/journal3/vendor/SuperCache

----------------------------------------------------------------------


---------- Date: 2026-03-28 17:42:41 ~ IP : 185.179.188.62 ----------
REQUEST URI : /index.php?route=module/popupcart_extended
MOD DETAILS:
   modFile   : /home/canmotalka/web/can-motalka.ru/public_html/vqmod/xml/lightning.xml
   id        : OpenCart Lightning
   version   : 3.37
   vqmver    : 
   author    : MaxD http://devs.mx

File Name    : system/library/cache.php(0)
VQModObject::applyMod - SEARCH NOT FOUND (SKIPPED): if (is_file(DIR_SYSTEM . 'library/journal3/vendor/SuperCache

----------------------------------------------------------------------


---------- Date: 2026-03-28 17:43:44 ~ IP : 185.179.188.62 ----------
REQUEST URI : /instrukciya-podmotka-kamaz/?ysclid=mnahzh1n38748452858
MOD DETAILS:
   modFile   : /home/canmotalka/web/can-motalka.ru/public_html/vqmod/xml/lightning.xml
   id        : OpenCart Lightning
   version   : 3.37
   vqmver    : 
   author    : MaxD http://devs.mx

File Name    : system/library/cache.php(0)
VQModObject::applyMod - SEARCH NOT FOUND (SKIPPED): if (is_file(DIR_SYSTEM . 'library/journal3/vendor/SuperCache

----------------------------------------------------------------------


---------- Date: 2026-03-28 17:43:44 ~ IP : 185.179.188.62 ----------
REQUEST URI : /instrukciya-podmotka-kamaz/
MOD DETAILS:
   modFile   : /home/canmotalka/web/can-motalka.ru/public_html/vqmod/xml/lightning.xml
   id        : OpenCart Lightning
   version   : 3.37
   vqmver    : 
   author    : MaxD http://devs.mx

File Name    : system/library/cache.php(0)
VQModObject::applyMod - SEARCH NOT FOUND (SKIPPED): if (is_file(DIR_SYSTEM . 'library/journal3/vendor/SuperCache

----------------------------------------------------------------------


---------- Date: 2026-03-28 17:43:46 ~ IP : 185.179.188.62 ----------
REQUEST URI : /index.php?route=module/popupcart_extended
MOD DETAILS:
   modFile   : /home/canmotalka/web/can-motalka.ru/public_html/vqmod/xml/lightning.xml
   id        : OpenCart Lightning
   version   : 3.37
   vqmver    : 
   author    : MaxD http://devs.mx

File Name    : system/library/cache.php(0)
VQModObject::applyMod - SEARCH NOT FOUND (SKIPPED): if (is_file(DIR_SYSTEM . 'library/journal3/vendor/SuperCache

----------------------------------------------------------------------


---------- Date: 2026-03-28 18:08:09 ~ IP : 185.179.188.62 ----------
REQUEST URI : /niva_abs_re/?ysclid=mnagsxdaso653360332
MOD DETAILS:
   modFile   : /home/canmotalka/web/can-motalka.ru/public_html/vqmod/xml/lightning.xml
   id        : OpenCart Lightning
   version   : 3.37
   vqmver    : 
   author    : MaxD http://devs.mx

File Name    : system/library/cache.php(0)
VQModObject::applyMod - SEARCH NOT FOUND (SKIPPED): if (is_file(DIR_SYSTEM . 'library/journal3/vendor/SuperCache

----------------------------------------------------------------------


---------- Date: 2026-03-28 18:08:10 ~ IP : 185.179.188.62 ----------
REQUEST URI : /niva_abs_re/
MOD DETAILS:
   modFile   : /home/canmotalka/web/can-motalka.ru/public_html/vqmod/xml/lightning.xml
   id        : OpenCart Lightning
   version   : 3.37
   vqmver    : 
   author    : MaxD http://devs.mx

File Name    : system/library/cache.php(0)
VQModObject::applyMod - SEARCH NOT FOUND (SKIPPED): if (is_file(DIR_SYSTEM . 'library/journal3/vendor/SuperCache

----------------------------------------------------------------------


---------- Date: 2026-03-28 18:08:11 ~ IP : 185.179.188.62 ----------
REQUEST URI : /index.php?route=module/popupcart_extended
MOD DETAILS:
   modFile   : /home/canmotalka/web/can-motalka.ru/public_html/vqmod/xml/lightning.xml
   id        : OpenCart Lightning
   version   : 3.37
   vqmver    : 
   author    : MaxD http://devs.mx

File Name    : system/library/cache.php(0)
VQModObject::applyMod - SEARCH NOT FOUND (SKIPPED): if (is_file(DIR_SYSTEM . 'library/journal3/vendor/SuperCache

----------------------------------------------------------------------


---------- Date: 2026-03-28 18:13:46 ~ IP : 185.179.188.62 ----------
REQUEST URI : /podmotka-spidometra-peugeot-traveller/?ysclid=mnah04oeln783611702
MOD DETAILS:
   modFile   : /home/canmotalka/web/can-motalka.ru/public_html/vqmod/xml/lightning.xml
   id        : OpenCart Lightning
   version   : 3.37
   vqmver    : 
   author    : MaxD http://devs.mx

File Name    : system/library/cache.php(0)
VQModObject::applyMod - SEARCH NOT FOUND (SKIPPED): if (is_file(DIR_SYSTEM . 'library/journal3/vendor/SuperCache

----------------------------------------------------------------------


---------- Date: 2026-03-28 18:13:47 ~ IP : 185.179.188.62 ----------
REQUEST URI : /podmotka-spidometra-peugeot-traveller/
MOD DETAILS:
   modFile   : /home/canmotalka/web/can-motalka.ru/public_html/vqmod/xml/lightning.xml
   id        : OpenCart Lightning
   version   : 3.37
   vqmver    : 
   author    : MaxD http://devs.mx

File Name    : system/library/cache.php(0)
VQModObject::applyMod - SEARCH NOT FOUND (SKIPPED): if (is_file(DIR_SYSTEM . 'library/journal3/vendor/SuperCache

----------------------------------------------------------------------


---------- Date: 2026-03-28 18:13:48 ~ IP : 185.179.188.62 ----------
REQUEST URI : /index.php?route=product/product/review&amp;product_id=293
MOD DETAILS:
   modFile   : /home/canmotalka/web/can-motalka.ru/public_html/vqmod/xml/lightning.xml
   id        : OpenCart Lightning
   version   : 3.37
   vqmver    : 
   author    : MaxD http://devs.mx

File Name    : system/library/cache.php(0)
VQModObject::applyMod - SEARCH NOT FOUND (SKIPPED): if (is_file(DIR_SYSTEM . 'library/journal3/vendor/SuperCache

----------------------------------------------------------------------


---------- Date: 2026-03-28 18:13:58 ~ IP : 185.179.188.62 ----------
REQUEST URI : /index.php?route=module/popupcart_extended
MOD DETAILS:
   modFile   : /home/canmotalka/web/can-motalka.ru/public_html/vqmod/xml/lightning.xml
   id        : OpenCart Lightning
   version   : 3.37
   vqmver    : 
   author    : MaxD http://devs.mx

File Name    : system/library/cache.php(0)
VQModObject::applyMod - SEARCH NOT FOUND (SKIPPED): if (is_file(DIR_SYSTEM . 'library/journal3/vendor/SuperCache

----------------------------------------------------------------------


---------- Date: 2026-03-28 18:14:23 ~ IP : 185.179.188.62 ----------
REQUEST URI : /podmotka-spidometra-niva
MOD DETAILS:
   modFile   : /home/canmotalka/web/can-motalka.ru/public_html/vqmod/xml/lightning.xml
   id        : OpenCart Lightning
   version   : 3.37
   vqmver    : 
   author    : MaxD http://devs.mx

File Name    : system/library/cache.php(0)
VQModObject::applyMod - SEARCH NOT FOUND (SKIPPED): if (is_file(DIR_SYSTEM . 'library/journal3/vendor/SuperCache

----------------------------------------------------------------------


---------- Date: 2026-03-28 18:15:55 ~ IP : 185.179.188.62 ----------
REQUEST URI : /setting_php/uluchshenie-potencii/596-kamagra-150-sravnit-ceni-apatiti/
MOD DETAILS:
   modFile   : /home/canmotalka/web/can-motalka.ru/public_html/vqmod/xml/lightning.xml
   id        : OpenCart Lightning
   version   : 3.37
   vqmver    : 
   author    : MaxD http://devs.mx

File Name    : system/library/cache.php(0)
VQModObject::applyMod - SEARCH NOT FOUND (SKIPPED): if (is_file(DIR_SYSTEM . 'library/journal3/vendor/SuperCache

----------------------------------------------------------------------


---------- Date: 2026-03-28 18:19:01 ~ IP : 185.179.188.62 ----------
REQUEST URI : /podmotka_spidometra/
MOD DETAILS:
   modFile   : /home/canmotalka/web/can-motalka.ru/public_html/vqmod/xml/lightning.xml
   id        : OpenCart Lightning
   version   : 3.37
   vqmver    : 
   author    : MaxD http://devs.mx

File Name    : system/library/cache.php(0)
VQModObject::applyMod - SEARCH NOT FOUND (SKIPPED): if (is_file(DIR_SYSTEM . 'library/journal3/vendor/SuperCache

----------------------------------------------------------------------


---------- Date: 2026-03-28 18:19:03 ~ IP : 185.179.188.62 ----------
REQUEST URI : /index.php?route=module/popupcart_extended
MOD DETAILS:
   modFile   : /home/canmotalka/web/can-motalka.ru/public_html/vqmod/xml/lightning.xml
   id        : OpenCart Lightning
   version   : 3.37
   vqmver    : 
   author    : MaxD http://devs.mx

File Name    : system/library/cache.php(0)
VQModObject::applyMod - SEARCH NOT FOUND (SKIPPED): if (is_file(DIR_SYSTEM . 'library/journal3/vendor/SuperCache

----------------------------------------------------------------------


---------- Date: 2026-03-28 18:19:05 ~ IP : 185.179.188.62 ----------
REQUEST URI : /podmotka_spidometra/
MOD DETAILS:
   modFile   : /home/canmotalka/web/can-motalka.ru/public_html/vqmod/xml/lightning.xml
   id        : OpenCart Lightning
   version   : 3.37
   vqmver    : 
   author    : MaxD http://devs.mx

File Name    : system/library/cache.php(0)
VQModObject::applyMod - SEARCH NOT FOUND (SKIPPED): if (is_file(DIR_SYSTEM . 'library/journal3/vendor/SuperCache

----------------------------------------------------------------------


---------- Date: 2026-03-28 18:25:34 ~ IP : 185.179.188.62 ----------
REQUEST URI : /otzyvy?page=7
MOD DETAILS:
   modFile   : /home/canmotalka/web/can-motalka.ru/public_html/vqmod/xml/lightning.xml
   id        : OpenCart Lightning
   version   : 3.37
   vqmver    : 
   author    : MaxD http://devs.mx

File Name    : system/library/cache.php(0)
VQModObject::applyMod - SEARCH NOT FOUND (SKIPPED): if (is_file(DIR_SYSTEM . 'library/journal3/vendor/SuperCache

----------------------------------------------------------------------


---------- Date: 2026-03-28 18:25:35 ~ IP : 185.179.188.62 ----------
REQUEST URI : /otzyvy/?page=7
MOD DETAILS:
   modFile   : /home/canmotalka/web/can-motalka.ru/public_html/vqmod/xml/lightning.xml
   id        : OpenCart Lightning
   version   : 3.37
   vqmver    : 
   author    : MaxD http://devs.mx

File Name    : system/library/cache.php(0)
VQModObject::applyMod - SEARCH NOT FOUND (SKIPPED): if (is_file(DIR_SYSTEM . 'library/journal3/vendor/SuperCache

----------------------------------------------------------------------


---------- Date: 2026-03-28 18:25:57 ~ IP : 185.179.188.62 ----------
REQUEST URI : /largus_manual/
MOD DETAILS:
   modFile   : /home/canmotalka/web/can-motalka.ru/public_html/vqmod/xml/lightning.xml
   id        : OpenCart Lightning
   version   : 3.37
   vqmver    : 
   author    : MaxD http://devs.mx

File Name    : system/library/cache.php(0)
VQModObject::applyMod - SEARCH NOT FOUND (SKIPPED): if (is_file(DIR_SYSTEM . 'library/journal3/vendor/SuperCache

----------------------------------------------------------------------


---------- Date: 2026-03-28 18:26:12 ~ IP : 185.179.188.62 ----------
REQUEST URI : /manuals/
MOD DETAILS:
   modFile   : /home/canmotalka/web/can-motalka.ru/public_html/vqmod/xml/lightning.xml
   id        : OpenCart Lightning
   version   : 3.37
   vqmver    : 
   author    : MaxD http://devs.mx

File Name    : system/library/cache.php(0)
VQModObject::applyMod - SEARCH NOT FOUND (SKIPPED): if (is_file(DIR_SYSTEM . 'library/journal3/vendor/SuperCache

----------------------------------------------------------------------


---------- Date: 2026-03-28 18:28:57 ~ IP : 185.179.188.62 ----------
REQUEST URI : /gazelle_biz_manual/
MOD DETAILS:
   modFile   : /home/canmotalka/web/can-motalka.ru/public_html/vqmod/xml/lightning.xml
   id        : OpenCart Lightning
   version   : 3.37
   vqmver    : 
   author    : MaxD http://devs.mx

File Name    : system/library/cache.php(0)
VQModObject::applyMod - SEARCH NOT FOUND (SKIPPED): if (is_file(DIR_SYSTEM . 'library/journal3/vendor/SuperCache

----------------------------------------------------------------------


---------- Date: 2026-03-28 18:29:49 ~ IP : 185.179.188.62 ----------
REQUEST URI : /manuals/?page=2
MOD DETAILS:
   modFile   : /home/canmotalka/web/can-motalka.ru/public_html/vqmod/xml/lightning.xml
   id        : OpenCart Lightning
   version   : 3.37
   vqmver    : 
   author    : MaxD http://devs.mx

File Name    : system/library/cache.php(0)
VQModObject::applyMod - SEARCH NOT FOUND (SKIPPED): if (is_file(DIR_SYSTEM . 'library/journal3/vendor/SuperCache

----------------------------------------------------------------------


---------- Date: 2026-03-28 18:30:06 ~ IP : 185.179.188.62 ----------
REQUEST URI : /creta_video_manual/
MOD DETAILS:
   modFile   : /home/canmotalka/web/can-motalka.ru/public_html/vqmod/xml/lightning.xml
   id        : OpenCart Lightning
   version   : 3.37
   vqmver    : 
   author    : MaxD http://devs.mx

File Name    : system/library/cache.php(0)
VQModObject::applyMod - SEARCH NOT FOUND (SKIPPED): if (is_file(DIR_SYSTEM . 'library/journal3/vendor/SuperCache

----------------------------------------------------------------------


---------- Date: 2026-03-28 18:30:32 ~ IP : 185.179.188.62 ----------
REQUEST URI : /creta_video_manual/
MOD DETAILS:
   modFile   : /home/canmotalka/web/can-motalka.ru/public_html/vqmod/xml/lightning.xml
   id        : OpenCart Lightning
   version   : 3.37
   vqmver    : 
   author    : MaxD http://devs.mx

File Name    : system/library/cache.php(0)
VQModObject::applyMod - SEARCH NOT FOUND (SKIPPED): if (is_file(DIR_SYSTEM . 'library/journal3/vendor/SuperCache

----------------------------------------------------------------------


---------- Date: 2026-03-28 18:34:45 ~ IP : 185.179.188.62 ----------
REQUEST URI : /podmotka-spidometra-na-ford-fokus-3-za-3000-rubley/
MOD DETAILS:
   modFile   : /home/canmotalka/web/can-motalka.ru/public_html/vqmod/xml/lightning.xml
   id        : OpenCart Lightning
   version   : 3.37
   vqmver    : 
   author    : MaxD http://devs.mx

File Name    : system/library/cache.php(0)
VQModObject::applyMod - SEARCH NOT FOUND (SKIPPED): if (is_file(DIR_SYSTEM . 'library/journal3/vendor/SuperCache

----------------------------------------------------------------------


---------- Date: 2026-03-28 18:35:37 ~ IP : 185.179.188.62 ----------
REQUEST URI : /creta_video_manual/
MOD DETAILS:
   modFile   : /home/canmotalka/web/can-motalka.ru/public_html/vqmod/xml/lightning.xml
   id        : OpenCart Lightning
   version   : 3.37
   vqmver    : 
   author    : MaxD http://devs.mx

File Name    : system/library/cache.php(0)
VQModObject::applyMod - SEARCH NOT FOUND (SKIPPED): if (is_file(DIR_SYSTEM . 'library/journal3/vendor/SuperCache

----------------------------------------------------------------------


---------- Date: 2026-03-28 18:35:40 ~ IP : 185.179.188.62 ----------
REQUEST URI : /tranzit_new_videomanual/
MOD DETAILS:
   modFile   : /home/canmotalka/web/can-motalka.ru/public_html/vqmod/xml/lightning.xml
   id        : OpenCart Lightning
   version   : 3.37
   vqmver    : 
   author    : MaxD http://devs.mx

File Name    : system/library/cache.php(0)
VQModObject::applyMod - SEARCH NOT FOUND (SKIPPED): if (is_file(DIR_SYSTEM . 'library/journal3/vendor/SuperCache

----------------------------------------------------------------------


---------- Date: 2026-03-28 18:36:51 ~ IP : 185.179.188.62 ----------
REQUEST URI : /tranzit_new_videomanual/
MOD DETAILS:
   modFile   : /home/canmotalka/web/can-motalka.ru/public_html/vqmod/xml/lightning.xml
   id        : OpenCart Lightning
   version   : 3.37
   vqmver    : 
   author    : MaxD http://devs.mx

File Name    : system/library/cache.php(0)
VQModObject::applyMod - SEARCH NOT FOUND (SKIPPED): if (is_file(DIR_SYSTEM . 'library/journal3/vendor/SuperCache

----------------------------------------------------------------------


---------- Date: 2026-03-28 18:38:55 ~ IP : 185.179.188.62 ----------
REQUEST URI : /index.php?route=common/footer/click_counter
MOD DETAILS:
   modFile   : /home/canmotalka/web/can-motalka.ru/public_html/vqmod/xml/lightning.xml
   id        : OpenCart Lightning
   version   : 3.37
   vqmver    : 
   author    : MaxD http://devs.mx

File Name    : system/library/cache.php(0)
VQModObject::applyMod - SEARCH NOT FOUND (SKIPPED): if (is_file(DIR_SYSTEM . 'library/journal3/vendor/SuperCache

----------------------------------------------------------------------


---------- Date: 2026-03-28 18:38:56 ~ IP : 185.179.188.62 ----------
REQUEST URI : /niva_abs_re/
MOD DETAILS:
   modFile   : /home/canmotalka/web/can-motalka.ru/public_html/vqmod/xml/lightning.xml
   id        : OpenCart Lightning
   version   : 3.37
   vqmver    : 
   author    : MaxD http://devs.mx

File Name    : system/library/cache.php(0)
VQModObject::applyMod - SEARCH NOT FOUND (SKIPPED): if (is_file(DIR_SYSTEM . 'library/journal3/vendor/SuperCache

----------------------------------------------------------------------


---------- Date: 2026-03-28 18:38:58 ~ IP : 185.179.188.62 ----------
REQUEST URI : /index.php?route=module/popupcart_extended
MOD DETAILS:
   modFile   : /home/canmotalka/web/can-motalka.ru/public_html/vqmod/xml/lightning.xml
   id        : OpenCart Lightning
   version   : 3.37
   vqmver    : 
   author    : MaxD http://devs.mx

File Name    : system/library/cache.php(0)
VQModObject::applyMod - SEARCH NOT FOUND (SKIPPED): if (is_file(DIR_SYSTEM . 'library/journal3/vendor/SuperCache

----------------------------------------------------------------------


---------- Date: 2026-03-28 18:40:12 ~ IP : 185.179.188.62 ----------
REQUEST URI : /podmotka-spidometra-vesta-ng-np/?ysclid=mnahy5fuav100387666
MOD DETAILS:
   modFile   : /home/canmotalka/web/can-motalka.ru/public_html/vqmod/xml/lightning.xml
   id        : OpenCart Lightning
   version   : 3.37
   vqmver    : 
   author    : MaxD http://devs.mx

File Name    : system/library/cache.php(0)
VQModObject::applyMod - SEARCH NOT FOUND (SKIPPED): if (is_file(DIR_SYSTEM . 'library/journal3/vendor/SuperCache

----------------------------------------------------------------------


---------- Date: 2026-03-28 18:40:12 ~ IP : 185.179.188.62 ----------
REQUEST URI : /podmotka-spidometra-vesta-ng-np/
MOD DETAILS:
   modFile   : /home/canmotalka/web/can-motalka.ru/public_html/vqmod/xml/lightning.xml
   id        : OpenCart Lightning
   version   : 3.37
   vqmver    : 
   author    : MaxD http://devs.mx

File Name    : system/library/cache.php(0)
VQModObject::applyMod - SEARCH NOT FOUND (SKIPPED): if (is_file(DIR_SYSTEM . 'library/journal3/vendor/SuperCache

----------------------------------------------------------------------


---------- Date: 2026-03-28 18:40:13 ~ IP : 185.179.188.62 ----------
REQUEST URI : /index.php?route=product/product/review&amp;product_id=309
MOD DETAILS:
   modFile   : /home/canmotalka/web/can-motalka.ru/public_html/vqmod/xml/lightning.xml
   id        : OpenCart Lightning
   version   : 3.37
   vqmver    : 
   author    : MaxD http://devs.mx

File Name    : system/library/cache.php(0)
VQModObject::applyMod - SEARCH NOT FOUND (SKIPPED): if (is_file(DIR_SYSTEM . 'library/journal3/vendor/SuperCache

----------------------------------------------------------------------


---------- Date: 2026-03-28 18:40:13 ~ IP : 185.179.188.62 ----------
REQUEST URI : /index.php?route=module/popupcart_extended
MOD DETAILS:
   modFile   : /home/canmotalka/web/can-motalka.ru/public_html/vqmod/xml/lightning.xml
   id        : OpenCart Lightning
   version   : 3.37
   vqmver    : 
   author    : MaxD http://devs.mx

File Name    : system/library/cache.php(0)
VQModObject::applyMod - SEARCH NOT FOUND (SKIPPED): if (is_file(DIR_SYSTEM . 'library/journal3/vendor/SuperCache

----------------------------------------------------------------------


---------- Date: 2026-03-28 18:41:13 ~ IP : 185.179.188.62 ----------
REQUEST URI : /niva_abs_re/
MOD DETAILS:
   modFile   : /home/canmotalka/web/can-motalka.ru/public_html/vqmod/xml/lightning.xml
   id        : OpenCart Lightning
   version   : 3.37
   vqmver    : 
   author    : MaxD http://devs.mx

File Name    : system/library/cache.php(0)
VQModObject::applyMod - SEARCH NOT FOUND (SKIPPED): if (is_file(DIR_SYSTEM . 'library/journal3/vendor/SuperCache

----------------------------------------------------------------------


---------- Date: 2026-03-28 18:41:45 ~ IP : 185.179.188.62 ----------
REQUEST URI : /manuals/
MOD DETAILS:
   modFile   : /home/canmotalka/web/can-motalka.ru/public_html/vqmod/xml/lightning.xml
   id        : OpenCart Lightning
   version   : 3.37
   vqmver    : 
   author    : MaxD http://devs.mx

File Name    : system/library/cache.php(0)
VQModObject::applyMod - SEARCH NOT FOUND (SKIPPED): if (is_file(DIR_SYSTEM . 'library/journal3/vendor/SuperCache

----------------------------------------------------------------------


---------- Date: 2026-03-28 18:42:20 ~ IP : 185.179.188.62 ----------
REQUEST URI : /podmotka-spidometra-moskvich-3/
MOD DETAILS:
   modFile   : /home/canmotalka/web/can-motalka.ru/public_html/vqmod/xml/lightning.xml
   id        : OpenCart Lightning
   version   : 3.37
   vqmver    : 
   author    : MaxD http://devs.mx

File Name    : system/library/cache.php(0)
VQModObject::applyMod - SEARCH NOT FOUND (SKIPPED): if (is_file(DIR_SYSTEM . 'library/journal3/vendor/SuperCache

----------------------------------------------------------------------


---------- Date: 2026-03-28 18:42:20 ~ IP : 185.179.188.62 ----------
REQUEST URI : /index.php?route=product/product/review&amp;product_id=307
MOD DETAILS:
   modFile   : /home/canmotalka/web/can-motalka.ru/public_html/vqmod/xml/lightning.xml
   id        : OpenCart Lightning
   version   : 3.37
   vqmver    : 
   author    : MaxD http://devs.mx

File Name    : system/library/cache.php(0)
VQModObject::applyMod - SEARCH NOT FOUND (SKIPPED): if (is_file(DIR_SYSTEM . 'library/journal3/vendor/SuperCache

----------------------------------------------------------------------


---------- Date: 2026-03-28 18:43:08 ~ IP : 185.179.188.62 ----------
REQUEST URI : /podmotka-spidometra-moskvich-3/
MOD DETAILS:
   modFile   : /home/canmotalka/web/can-motalka.ru/public_html/vqmod/xml/lightning.xml
   id        : OpenCart Lightning
   version   : 3.37
   vqmver    : 
   author    : MaxD http://devs.mx

File Name    : system/library/cache.php(0)
VQModObject::applyMod - SEARCH NOT FOUND (SKIPPED): if (is_file(DIR_SYSTEM . 'library/journal3/vendor/SuperCache

----------------------------------------------------------------------


---------- Date: 2026-03-28 18:44:42 ~ IP : 185.179.188.62 ----------
REQUEST URI : /index.php?route=product/product/review&amp;product_id=307
MOD DETAILS:
   modFile   : /home/canmotalka/web/can-motalka.ru/public_html/vqmod/xml/lightning.xml
   id        : OpenCart Lightning
   version   : 3.37
   vqmver    : 
   author    : MaxD http://devs.mx

File Name    : system/library/cache.php(0)
VQModObject::applyMod - SEARCH NOT FOUND (SKIPPED): if (is_file(DIR_SYSTEM . 'library/journal3/vendor/SuperCache

----------------------------------------------------------------------


---------- Date: 2026-03-28 18:49:26 ~ IP : 185.179.188.62 ----------
REQUEST URI : /podmotka-spidometra-toyota-corolla
MOD DETAILS:
   modFile   : /home/canmotalka/web/can-motalka.ru/public_html/vqmod/xml/lightning.xml
   id        : OpenCart Lightning
   version   : 3.37
   vqmver    : 
   author    : MaxD http://devs.mx

File Name    : system/library/cache.php(0)
VQModObject::applyMod - SEARCH NOT FOUND (SKIPPED): if (is_file(DIR_SYSTEM . 'library/journal3/vendor/SuperCache

----------------------------------------------------------------------


---------- Date: 2026-03-28 18:54:18 ~ IP : 185.179.188.62 ----------
REQUEST URI : /setting_php/pomojem-lechitsya/552-stoimost-nabora-kazanova-novokuybishevsk
MOD DETAILS:
   modFile   : /home/canmotalka/web/can-motalka.ru/public_html/vqmod/xml/lightning.xml
   id        : OpenCart Lightning
   version   : 3.37
   vqmver    : 
   author    : MaxD http://devs.mx

File Name    : system/library/cache.php(0)
VQModObject::applyMod - SEARCH NOT FOUND (SKIPPED): if (is_file(DIR_SYSTEM . 'library/journal3/vendor/SuperCache

----------------------------------------------------------------------


---------- Date: 2026-03-28 18:56:07 ~ IP : 185.179.188.62 ----------
REQUEST URI : /instrukciya-lada-granta-2021/
MOD DETAILS:
   modFile   : /home/canmotalka/web/can-motalka.ru/public_html/vqmod/xml/lightning.xml
   id        : OpenCart Lightning
   version   : 3.37
   vqmver    : 
   author    : MaxD http://devs.mx

File Name    : system/library/cache.php(0)
VQModObject::applyMod - SEARCH NOT FOUND (SKIPPED): if (is_file(DIR_SYSTEM . 'library/journal3/vendor/SuperCache

----------------------------------------------------------------------


---------- Date: 2026-03-28 18:56:10 ~ IP : 185.179.188.62 ----------
REQUEST URI : /index.php?route=module/popupcart_extended
MOD DETAILS:
   modFile   : /home/canmotalka/web/can-motalka.ru/public_html/vqmod/xml/lightning.xml
   id        : OpenCart Lightning
   version   : 3.37
   vqmver    : 
   author    : MaxD http://devs.mx

File Name    : system/library/cache.php(0)
VQModObject::applyMod - SEARCH NOT FOUND (SKIPPED): if (is_file(DIR_SYSTEM . 'library/journal3/vendor/SuperCache

----------------------------------------------------------------------


---------- Date: 2026-03-28 18:56:17 ~ IP : 185.179.188.62 ----------
REQUEST URI : /otzyvy/?page=13
MOD DETAILS:
   modFile   : /home/canmotalka/web/can-motalka.ru/public_html/vqmod/xml/lightning.xml
   id        : OpenCart Lightning
   version   : 3.37
   vqmver    : 
   author    : MaxD http://devs.mx

File Name    : system/library/cache.php(0)
VQModObject::applyMod - SEARCH NOT FOUND (SKIPPED): if (is_file(DIR_SYSTEM . 'library/journal3/vendor/SuperCache

----------------------------------------------------------------------


---------- Date: 2026-03-28 18:56:21 ~ IP : 185.179.188.62 ----------
REQUEST URI : /index.php?route=module/popupcart_extended
MOD DETAILS:
   modFile   : /home/canmotalka/web/can-motalka.ru/public_html/vqmod/xml/lightning.xml
   id        : OpenCart Lightning
   version   : 3.37
   vqmver    : 
   author    : MaxD http://devs.mx

File Name    : system/library/cache.php(0)
VQModObject::applyMod - SEARCH NOT FOUND (SKIPPED): if (is_file(DIR_SYSTEM . 'library/journal3/vendor/SuperCache

----------------------------------------------------------------------


---------- Date: 2026-03-28 18:59:02 ~ IP : 185.179.188.62 ----------
REQUEST URI : /podmotka-spidometra-haval-jolion/
MOD DETAILS:
   modFile   : /home/canmotalka/web/can-motalka.ru/public_html/vqmod/xml/lightning.xml
   id        : OpenCart Lightning
   version   : 3.37
   vqmver    : 
   author    : MaxD http://devs.mx

File Name    : system/library/cache.php(0)
VQModObject::applyMod - SEARCH NOT FOUND (SKIPPED): if (is_file(DIR_SYSTEM . 'library/journal3/vendor/SuperCache

----------------------------------------------------------------------


---------- Date: 2026-03-28 19:12:59 ~ IP : 185.179.188.62 ----------
REQUEST URI : /podmotka-spidometra-hyndai-santa-fe-4/
MOD DETAILS:
   modFile   : /home/canmotalka/web/can-motalka.ru/public_html/vqmod/xml/lightning.xml
   id        : OpenCart Lightning
   version   : 3.37
   vqmver    : 
   author    : MaxD http://devs.mx

File Name    : system/library/cache.php(0)
VQModObject::applyMod - SEARCH NOT FOUND (SKIPPED): if (is_file(DIR_SYSTEM . 'library/journal3/vendor/SuperCache

----------------------------------------------------------------------


---------- Date: 2026-03-28 19:16:47 ~ IP : 185.179.188.62 ----------
REQUEST URI : /instrukciya-dlya-ford-tranzit/
MOD DETAILS:
   modFile   : /home/canmotalka/web/can-motalka.ru/public_html/vqmod/xml/lightning.xml
   id        : OpenCart Lightning
   version   : 3.37
   vqmver    : 
   author    : MaxD http://devs.mx

File Name    : system/library/cache.php(0)
VQModObject::applyMod - SEARCH NOT FOUND (SKIPPED): if (is_file(DIR_SYSTEM . 'library/journal3/vendor/SuperCache

----------------------------------------------------------------------


---------- Date: 2026-03-28 19:28:04 ~ IP : 185.179.188.62 ----------
REQUEST URI : /.well-known/traffic-advice
MOD DETAILS:
   modFile   : /home/canmotalka/web/can-motalka.ru/public_html/vqmod/xml/lightning.xml
   id        : OpenCart Lightning
   version   : 3.37
   vqmver    : 
   author    : MaxD http://devs.mx

File Name    : system/library/cache.php(0)
VQModObject::applyMod - SEARCH NOT FOUND (SKIPPED): if (is_file(DIR_SYSTEM . 'library/journal3/vendor/SuperCache

----------------------------------------------------------------------


---------- Date: 2026-03-28 19:28:05 ~ IP : 185.179.188.62 ----------
REQUEST URI : /podmotka-krutilka-motalka-spidometra-dlya-toyota-camry-v55/
MOD DETAILS:
   modFile   : /home/canmotalka/web/can-motalka.ru/public_html/vqmod/xml/lightning.xml
   id        : OpenCart Lightning
   version   : 3.37
   vqmver    : 
   author    : MaxD http://devs.mx

File Name    : system/library/cache.php(0)
VQModObject::applyMod - SEARCH NOT FOUND (SKIPPED): if (is_file(DIR_SYSTEM . 'library/journal3/vendor/SuperCache

----------------------------------------------------------------------


---------- Date: 2026-03-28 19:33:12 ~ IP : 185.179.188.62 ----------
REQUEST URI : /podmotka-spidometra-haval-h9/?ysclid=mnajuawm95120187316
MOD DETAILS:
   modFile   : /home/canmotalka/web/can-motalka.ru/public_html/vqmod/xml/lightning.xml
   id        : OpenCart Lightning
   version   : 3.37
   vqmver    : 
   author    : MaxD http://devs.mx

File Name    : system/library/cache.php(0)
VQModObject::applyMod - SEARCH NOT FOUND (SKIPPED): if (is_file(DIR_SYSTEM . 'library/journal3/vendor/SuperCache

----------------------------------------------------------------------


---------- Date: 2026-03-28 19:33:13 ~ IP : 185.179.188.62 ----------
REQUEST URI : /podmotka-spidometra-haval-h9/
MOD DETAILS:
   modFile   : /home/canmotalka/web/can-motalka.ru/public_html/vqmod/xml/lightning.xml
   id        : OpenCart Lightning
   version   : 3.37
   vqmver    : 
   author    : MaxD http://devs.mx

File Name    : system/library/cache.php(0)
VQModObject::applyMod - SEARCH NOT FOUND (SKIPPED): if (is_file(DIR_SYSTEM . 'library/journal3/vendor/SuperCache

----------------------------------------------------------------------


---------- Date: 2026-03-28 19:33:13 ~ IP : 185.179.188.62 ----------
REQUEST URI : /index.php?route=product/product/review&amp;product_id=303
MOD DETAILS:
   modFile   : /home/canmotalka/web/can-motalka.ru/public_html/vqmod/xml/lightning.xml
   id        : OpenCart Lightning
   version   : 3.37
   vqmver    : 
   author    : MaxD http://devs.mx

File Name    : system/library/cache.php(0)
VQModObject::applyMod - SEARCH NOT FOUND (SKIPPED): if (is_file(DIR_SYSTEM . 'library/journal3/vendor/SuperCache

----------------------------------------------------------------------


---------- Date: 2026-03-28 19:33:14 ~ IP : 185.179.188.62 ----------
REQUEST URI : /index.php?route=module/popupcart_extended
MOD DETAILS:
   modFile   : /home/canmotalka/web/can-motalka.ru/public_html/vqmod/xml/lightning.xml
   id        : OpenCart Lightning
   version   : 3.37
   vqmver    : 
   author    : MaxD http://devs.mx

File Name    : system/library/cache.php(0)
VQModObject::applyMod - SEARCH NOT FOUND (SKIPPED): if (is_file(DIR_SYSTEM . 'library/journal3/vendor/SuperCache

----------------------------------------------------------------------


---------- Date: 2026-03-28 19:33:29 ~ IP : 185.179.188.62 ----------
REQUEST URI : /instrukciya-lada-granta-2021/
MOD DETAILS:
   modFile   : /home/canmotalka/web/can-motalka.ru/public_html/vqmod/xml/lightning.xml
   id        : OpenCart Lightning
   version   : 3.37
   vqmver    : 
   author    : MaxD http://devs.mx

File Name    : system/library/cache.php(0)
VQModObject::applyMod - SEARCH NOT FOUND (SKIPPED): if (is_file(DIR_SYSTEM . 'library/journal3/vendor/SuperCache

----------------------------------------------------------------------


---------- Date: 2026-03-28 19:33:29 ~ IP : 185.179.188.62 ----------
REQUEST URI : /index.php?route=module/popupcart_extended
MOD DETAILS:
   modFile   : /home/canmotalka/web/can-motalka.ru/public_html/vqmod/xml/lightning.xml
   id        : OpenCart Lightning
   version   : 3.37
   vqmver    : 
   author    : MaxD http://devs.mx

File Name    : system/library/cache.php(0)
VQModObject::applyMod - SEARCH NOT FOUND (SKIPPED): if (is_file(DIR_SYSTEM . 'library/journal3/vendor/SuperCache

----------------------------------------------------------------------


---------- Date: 2026-03-28 19:35:57 ~ IP : 185.179.188.62 ----------
REQUEST URI : /setting_php/super-jevitra/616-sialis-40-jigulevsk/
MOD DETAILS:
   modFile   : /home/canmotalka/web/can-motalka.ru/public_html/vqmod/xml/lightning.xml
   id        : OpenCart Lightning
   version   : 3.37
   vqmver    : 
   author    : MaxD http://devs.mx

File Name    : system/library/cache.php(0)
VQModObject::applyMod - SEARCH NOT FOUND (SKIPPED): if (is_file(DIR_SYSTEM . 'library/journal3/vendor/SuperCache

----------------------------------------------------------------------


---------- Date: 2026-03-28 19:39:00 ~ IP : 185.179.188.62 ----------
REQUEST URI : /podmotka-spidometra-gazel-v-prikurivatel/&amp;sa=U
MOD DETAILS:
   modFile   : /home/canmotalka/web/can-motalka.ru/public_html/vqmod/xml/lightning.xml
   id        : OpenCart Lightning
   version   : 3.37
   vqmver    : 
   author    : MaxD http://devs.mx

File Name    : system/library/cache.php(0)
VQModObject::applyMod - SEARCH NOT FOUND (SKIPPED): if (is_file(DIR_SYSTEM . 'library/journal3/vendor/SuperCache

----------------------------------------------------------------------


---------- Date: 2026-03-28 19:39:08 ~ IP : 185.179.188.62 ----------
REQUEST URI : /podmotka-spidometra-gazel-v-prikurivatel/
MOD DETAILS:
   modFile   : /home/canmotalka/web/can-motalka.ru/public_html/vqmod/xml/lightning.xml
   id        : OpenCart Lightning
   version   : 3.37
   vqmver    : 
   author    : MaxD http://devs.mx

File Name    : system/library/cache.php(0)
VQModObject::applyMod - SEARCH NOT FOUND (SKIPPED): if (is_file(DIR_SYSTEM . 'library/journal3/vendor/SuperCache

----------------------------------------------------------------------


---------- Date: 2026-03-28 19:39:42 ~ IP : 185.179.188.62 ----------
REQUEST URI : /setting_php/kamagra-100/838-zakaz-avanafila-borisoglebsk/
MOD DETAILS:
   modFile   : /home/canmotalka/web/can-motalka.ru/public_html/vqmod/xml/lightning.xml
   id        : OpenCart Lightning
   version   : 3.37
   vqmver    : 
   author    : MaxD http://devs.mx

File Name    : system/library/cache.php(0)
VQModObject::applyMod - SEARCH NOT FOUND (SKIPPED): if (is_file(DIR_SYSTEM . 'library/journal3/vendor/SuperCache

----------------------------------------------------------------------


---------- Date: 2026-03-28 19:39:55 ~ IP : 185.179.188.62 ----------
REQUEST URI : /podmotka-spidometra-lada-granta-fl/
MOD DETAILS:
   modFile   : /home/canmotalka/web/can-motalka.ru/public_html/vqmod/xml/lightning.xml
   id        : OpenCart Lightning
   version   : 3.37
   vqmver    : 
   author    : MaxD http://devs.mx

File Name    : system/library/cache.php(0)
VQModObject::applyMod - SEARCH NOT FOUND (SKIPPED): if (is_file(DIR_SYSTEM . 'library/journal3/vendor/SuperCache

----------------------------------------------------------------------


---------- Date: 2026-03-28 19:39:58 ~ IP : 185.179.188.62 ----------
REQUEST URI : /index.php?route=product/product/review&amp;product_id=270
MOD DETAILS:
   modFile   : /home/canmotalka/web/can-motalka.ru/public_html/vqmod/xml/lightning.xml
   id        : OpenCart Lightning
   version   : 3.37
   vqmver    : 
   author    : MaxD http://devs.mx

File Name    : system/library/cache.php(0)
VQModObject::applyMod - SEARCH NOT FOUND (SKIPPED): if (is_file(DIR_SYSTEM . 'library/journal3/vendor/SuperCache

----------------------------------------------------------------------


---------- Date: 2026-03-28 19:39:58 ~ IP : 185.179.188.62 ----------
REQUEST URI : /index.php?route=module/popupcart_extended
MOD DETAILS:
   modFile   : /home/canmotalka/web/can-motalka.ru/public_html/vqmod/xml/lightning.xml
   id        : OpenCart Lightning
   version   : 3.37
   vqmver    : 
   author    : MaxD http://devs.mx

File Name    : system/library/cache.php(0)
VQModObject::applyMod - SEARCH NOT FOUND (SKIPPED): if (is_file(DIR_SYSTEM . 'library/journal3/vendor/SuperCache

----------------------------------------------------------------------


---------- Date: 2026-03-28 19:40:15 ~ IP : 185.179.188.62 ----------
REQUEST URI : /otzyvy/
MOD DETAILS:
   modFile   : /home/canmotalka/web/can-motalka.ru/public_html/vqmod/xml/lightning.xml
   id        : OpenCart Lightning
   version   : 3.37
   vqmver    : 
   author    : MaxD http://devs.mx

File Name    : system/library/cache.php(0)
VQModObject::applyMod - SEARCH NOT FOUND (SKIPPED): if (is_file(DIR_SYSTEM . 'library/journal3/vendor/SuperCache

----------------------------------------------------------------------


---------- Date: 2026-03-28 19:41:21 ~ IP : 185.179.188.62 ----------
REQUEST URI : /instrukciya-dlya-podmotki-lada-niva/
MOD DETAILS:
   modFile   : /home/canmotalka/web/can-motalka.ru/public_html/vqmod/xml/lightning.xml
   id        : OpenCart Lightning
   version   : 3.37
   vqmver    : 
   author    : MaxD http://devs.mx

File Name    : system/library/cache.php(0)
VQModObject::applyMod - SEARCH NOT FOUND (SKIPPED): if (is_file(DIR_SYSTEM . 'library/journal3/vendor/SuperCache

----------------------------------------------------------------------


---------- Date: 2026-03-28 19:41:22 ~ IP : 185.179.188.62 ----------
REQUEST URI : /index.php?route=module/popupcart_extended
MOD DETAILS:
   modFile   : /home/canmotalka/web/can-motalka.ru/public_html/vqmod/xml/lightning.xml
   id        : OpenCart Lightning
   version   : 3.37
   vqmver    : 
   author    : MaxD http://devs.mx

File Name    : system/library/cache.php(0)
VQModObject::applyMod - SEARCH NOT FOUND (SKIPPED): if (is_file(DIR_SYSTEM . 'library/journal3/vendor/SuperCache

----------------------------------------------------------------------


---------- Date: 2026-03-28 19:41:53 ~ IP : 185.179.188.62 ----------
REQUEST URI : /podmotka-spidometra-nissan-almera/
MOD DETAILS:
   modFile   : /home/canmotalka/web/can-motalka.ru/public_html/vqmod/xml/lightning.xml
   id        : OpenCart Lightning
   version   : 3.37
   vqmver    : 
   author    : MaxD http://devs.mx

File Name    : system/library/cache.php(0)
VQModObject::applyMod - SEARCH NOT FOUND (SKIPPED): if (is_file(DIR_SYSTEM . 'library/journal3/vendor/SuperCache

----------------------------------------------------------------------


---------- Date: 2026-03-28 19:42:54 ~ IP : 185.179.188.62 ----------
REQUEST URI : /podmotka-spidometra-gazel-nekst
MOD DETAILS:
   modFile   : /home/canmotalka/web/can-motalka.ru/public_html/vqmod/xml/lightning.xml
   id        : OpenCart Lightning
   version   : 3.37
   vqmver    : 
   author    : MaxD http://devs.mx

File Name    : system/library/cache.php(0)
VQModObject::applyMod - SEARCH NOT FOUND (SKIPPED): if (is_file(DIR_SYSTEM . 'library/journal3/vendor/SuperCache

----------------------------------------------------------------------


---------- Date: 2026-03-28 19:45:13 ~ IP : 185.179.188.62 ----------
REQUEST URI : /sitemap.xml
MOD DETAILS:
   modFile   : /home/canmotalka/web/can-motalka.ru/public_html/vqmod/xml/lightning.xml
   id        : OpenCart Lightning
   version   : 3.37
   vqmver    : 
   author    : MaxD http://devs.mx

File Name    : system/library/cache.php(0)
VQModObject::applyMod - SEARCH NOT FOUND (SKIPPED): if (is_file(DIR_SYSTEM . 'library/journal3/vendor/SuperCache

----------------------------------------------------------------------


---------- Date: 2026-03-28 19:46:37 ~ IP : 185.179.188.62 ----------
REQUEST URI : /podmotka-spidometra-toyota-kamri/
MOD DETAILS:
   modFile   : /home/canmotalka/web/can-motalka.ru/public_html/vqmod/xml/lightning.xml
   id        : OpenCart Lightning
   version   : 3.37
   vqmver    : 
   author    : MaxD http://devs.mx

File Name    : system/library/cache.php(0)
VQModObject::applyMod - SEARCH NOT FOUND (SKIPPED): if (is_file(DIR_SYSTEM . 'library/journal3/vendor/SuperCache

----------------------------------------------------------------------


---------- Date: 2026-03-28 19:52:54 ~ IP : 185.179.188.62 ----------
REQUEST URI : /podmotka-spidometra-kia-sorento4/
MOD DETAILS:
   modFile   : /home/canmotalka/web/can-motalka.ru/public_html/vqmod/xml/lightning.xml
   id        : OpenCart Lightning
   version   : 3.37
   vqmver    : 
   author    : MaxD http://devs.mx

File Name    : system/library/cache.php(0)
VQModObject::applyMod - SEARCH NOT FOUND (SKIPPED): if (is_file(DIR_SYSTEM . 'library/journal3/vendor/SuperCache

----------------------------------------------------------------------


---------- Date: 2026-03-28 19:55:12 ~ IP : 185.179.188.62 ----------
REQUEST URI : /podmotka-spidometra-haval-f7/
MOD DETAILS:
   modFile   : /home/canmotalka/web/can-motalka.ru/public_html/vqmod/xml/lightning.xml
   id        : OpenCart Lightning
   version   : 3.37
   vqmver    : 
   author    : MaxD http://devs.mx

File Name    : system/library/cache.php(0)
VQModObject::applyMod - SEARCH NOT FOUND (SKIPPED): if (is_file(DIR_SYSTEM . 'library/journal3/vendor/SuperCache

----------------------------------------------------------------------


---------- Date: 2026-03-28 19:56:18 ~ IP : 185.179.188.62 ----------
REQUEST URI : /instrukciya-podmotka-vesta/
MOD DETAILS:
   modFile   : /home/canmotalka/web/can-motalka.ru/public_html/vqmod/xml/lightning.xml
   id        : OpenCart Lightning
   version   : 3.37
   vqmver    : 
   author    : MaxD http://devs.mx

File Name    : system/library/cache.php(0)
VQModObject::applyMod - SEARCH NOT FOUND (SKIPPED): if (is_file(DIR_SYSTEM . 'library/journal3/vendor/SuperCache

----------------------------------------------------------------------


---------- Date: 2026-03-28 19:58:44 ~ IP : 185.179.188.62 ----------
REQUEST URI : /podmotka-spidometra-reno-logan-za-3000r/
MOD DETAILS:
   modFile   : /home/canmotalka/web/can-motalka.ru/public_html/vqmod/xml/lightning.xml
   id        : OpenCart Lightning
   version   : 3.37
   vqmver    : 
   author    : MaxD http://devs.mx

File Name    : system/library/cache.php(0)
VQModObject::applyMod - SEARCH NOT FOUND (SKIPPED): if (is_file(DIR_SYSTEM . 'library/journal3/vendor/SuperCache

----------------------------------------------------------------------


---------- Date: 2026-03-28 20:00:42 ~ IP : 185.179.188.62 ----------
REQUEST URI : /podmotka-spidometra-kia-sorento/
MOD DETAILS:
   modFile   : /home/canmotalka/web/can-motalka.ru/public_html/vqmod/xml/lightning.xml
   id        : OpenCart Lightning
   version   : 3.37
   vqmver    : 
   author    : MaxD http://devs.mx

File Name    : system/library/cache.php(0)
VQModObject::applyMod - SEARCH NOT FOUND (SKIPPED): if (is_file(DIR_SYSTEM . 'library/journal3/vendor/SuperCache

----------------------------------------------------------------------


---------- Date: 2026-03-28 20:06:59 ~ IP : 185.179.188.62 ----------
REQUEST URI : /sitemap.xml
MOD DETAILS:
   modFile   : /home/canmotalka/web/can-motalka.ru/public_html/vqmod/xml/lightning.xml
   id        : OpenCart Lightning
   version   : 3.37
   vqmver    : 
   author    : MaxD http://devs.mx

File Name    : system/library/cache.php(0)
VQModObject::applyMod - SEARCH NOT FOUND (SKIPPED): if (is_file(DIR_SYSTEM . 'library/journal3/vendor/SuperCache

----------------------------------------------------------------------


---------- Date: 2026-03-28 20:07:22 ~ IP : 185.179.188.62 ----------
REQUEST URI : /podmotka-spidometra-lada-granta-fl/?ysclid=mnal28vhwi855864110
MOD DETAILS:
   modFile   : /home/canmotalka/web/can-motalka.ru/public_html/vqmod/xml/lightning.xml
   id        : OpenCart Lightning
   version   : 3.37
   vqmver    : 
   author    : MaxD http://devs.mx

File Name    : system/library/cache.php(0)
VQModObject::applyMod - SEARCH NOT FOUND (SKIPPED): if (is_file(DIR_SYSTEM . 'library/journal3/vendor/SuperCache

----------------------------------------------------------------------


---------- Date: 2026-03-28 20:07:23 ~ IP : 185.179.188.62 ----------
REQUEST URI : /podmotka-spidometra-lada-granta-fl/
MOD DETAILS:
   modFile   : /home/canmotalka/web/can-motalka.ru/public_html/vqmod/xml/lightning.xml
   id        : OpenCart Lightning
   version   : 3.37
   vqmver    : 
   author    : MaxD http://devs.mx

File Name    : system/library/cache.php(0)
VQModObject::applyMod - SEARCH NOT FOUND (SKIPPED): if (is_file(DIR_SYSTEM . 'library/journal3/vendor/SuperCache

----------------------------------------------------------------------


---------- Date: 2026-03-28 20:07:24 ~ IP : 185.179.188.62 ----------
REQUEST URI : /index.php?route=product/product/review&amp;product_id=270
MOD DETAILS:
   modFile   : /home/canmotalka/web/can-motalka.ru/public_html/vqmod/xml/lightning.xml
   id        : OpenCart Lightning
   version   : 3.37
   vqmver    : 
   author    : MaxD http://devs.mx

File Name    : system/library/cache.php(0)
VQModObject::applyMod - SEARCH NOT FOUND (SKIPPED): if (is_file(DIR_SYSTEM . 'library/journal3/vendor/SuperCache

----------------------------------------------------------------------


---------- Date: 2026-03-28 20:07:24 ~ IP : 185.179.188.62 ----------
REQUEST URI : /index.php?route=module/popupcart_extended
MOD DETAILS:
   modFile   : /home/canmotalka/web/can-motalka.ru/public_html/vqmod/xml/lightning.xml
   id        : OpenCart Lightning
   version   : 3.37
   vqmver    : 
   author    : MaxD http://devs.mx

File Name    : system/library/cache.php(0)
VQModObject::applyMod - SEARCH NOT FOUND (SKIPPED): if (is_file(DIR_SYSTEM . 'library/journal3/vendor/SuperCache

----------------------------------------------------------------------


---------- Date: 2026-03-28 20:07:37 ~ IP : 185.179.188.62 ----------
REQUEST URI : /namotchik-probega-dlya-audi-a8/
MOD DETAILS:
   modFile   : /home/canmotalka/web/can-motalka.ru/public_html/vqmod/xml/lightning.xml
   id        : OpenCart Lightning
   version   : 3.37
   vqmver    : 
   author    : MaxD http://devs.mx

File Name    : system/library/cache.php(0)
VQModObject::applyMod - SEARCH NOT FOUND (SKIPPED): if (is_file(DIR_SYSTEM . 'library/journal3/vendor/SuperCache

----------------------------------------------------------------------


---------- Date: 2026-03-28 20:08:04 ~ IP : 185.179.188.62 ----------
REQUEST URI : /podmotka-spidometra-renault-logan-2005-2014/
MOD DETAILS:
   modFile   : /home/canmotalka/web/can-motalka.ru/public_html/vqmod/xml/lightning.xml
   id        : OpenCart Lightning
   version   : 3.37
   vqmver    : 
   author    : MaxD http://devs.mx

File Name    : system/library/cache.php(0)
VQModObject::applyMod - SEARCH NOT FOUND (SKIPPED): if (is_file(DIR_SYSTEM . 'library/journal3/vendor/SuperCache

----------------------------------------------------------------------


---------- Date: 2026-03-28 20:08:53 ~ IP : 185.179.188.62 ----------
REQUEST URI : /podmotka-spidometra-henday-sonata-8/
MOD DETAILS:
   modFile   : /home/canmotalka/web/can-motalka.ru/public_html/vqmod/xml/lightning.xml
   id        : OpenCart Lightning
   version   : 3.37
   vqmver    : 
   author    : MaxD http://devs.mx

File Name    : system/library/cache.php(0)
VQModObject::applyMod - SEARCH NOT FOUND (SKIPPED): if (is_file(DIR_SYSTEM . 'library/journal3/vendor/SuperCache

----------------------------------------------------------------------


---------- Date: 2026-03-28 20:09:57 ~ IP : 185.179.188.62 ----------
REQUEST URI : /podmotka-spidometra-dlya-lada-granta-bez-abs-bezlimitnaya/
MOD DETAILS:
   modFile   : /home/canmotalka/web/can-motalka.ru/public_html/vqmod/xml/lightning.xml
   id        : OpenCart Lightning
   version   : 3.37
   vqmver    : 
   author    : MaxD http://devs.mx

File Name    : system/library/cache.php(0)
VQModObject::applyMod - SEARCH NOT FOUND (SKIPPED): if (is_file(DIR_SYSTEM . 'library/journal3/vendor/SuperCache

----------------------------------------------------------------------


---------- Date: 2026-03-28 20:10:04 ~ IP : 185.179.188.62 ----------
REQUEST URI : /podmotka_spidometra/
MOD DETAILS:
   modFile   : /home/canmotalka/web/can-motalka.ru/public_html/vqmod/xml/lightning.xml
   id        : OpenCart Lightning
   version   : 3.37
   vqmver    : 
   author    : MaxD http://devs.mx

File Name    : system/library/cache.php(0)
VQModObject::applyMod - SEARCH NOT FOUND (SKIPPED): if (is_file(DIR_SYSTEM . 'library/journal3/vendor/SuperCache

----------------------------------------------------------------------


---------- Date: 2026-03-28 20:10:51 ~ IP : 185.179.188.62 ----------
REQUEST URI : /podmotka-spidometra-henday-sonata-8/;/
MOD DETAILS:
   modFile   : /home/canmotalka/web/can-motalka.ru/public_html/vqmod/xml/lightning.xml
   id        : OpenCart Lightning
   version   : 3.37
   vqmver    : 
   author    : MaxD http://devs.mx

File Name    : system/library/cache.php(0)
VQModObject::applyMod - SEARCH NOT FOUND (SKIPPED): if (is_file(DIR_SYSTEM . 'library/journal3/vendor/SuperCache

----------------------------------------------------------------------


---------- Date: 2026-03-28 20:11:01 ~ IP : 185.179.188.62 ----------
REQUEST URI : /podmotka-spidometra-uaz-patriot/
MOD DETAILS:
   modFile   : /home/canmotalka/web/can-motalka.ru/public_html/vqmod/xml/lightning.xml
   id        : OpenCart Lightning
   version   : 3.37
   vqmver    : 
   author    : MaxD http://devs.mx

File Name    : system/library/cache.php(0)
VQModObject::applyMod - SEARCH NOT FOUND (SKIPPED): if (is_file(DIR_SYSTEM . 'library/journal3/vendor/SuperCache

----------------------------------------------------------------------


---------- Date: 2026-03-28 20:11:34 ~ IP : 185.179.188.62 ----------
REQUEST URI : /podmotka-spidometra-gazon-nekst/
MOD DETAILS:
   modFile   : /home/canmotalka/web/can-motalka.ru/public_html/vqmod/xml/lightning.xml
   id        : OpenCart Lightning
   version   : 3.37
   vqmver    : 
   author    : MaxD http://devs.mx

File Name    : system/library/cache.php(0)
VQModObject::applyMod - SEARCH NOT FOUND (SKIPPED): if (is_file(DIR_SYSTEM . 'library/journal3/vendor/SuperCache

----------------------------------------------------------------------


---------- Date: 2026-03-28 20:12:35 ~ IP : 185.179.188.62 ----------
REQUEST URI : /podmotka-spidometra-lada-kalina/
MOD DETAILS:
   modFile   : /home/canmotalka/web/can-motalka.ru/public_html/vqmod/xml/lightning.xml
   id        : OpenCart Lightning
   version   : 3.37
   vqmver    : 
   author    : MaxD http://devs.mx

File Name    : system/library/cache.php(0)
VQModObject::applyMod - SEARCH NOT FOUND (SKIPPED): if (is_file(DIR_SYSTEM . 'library/journal3/vendor/SuperCache

----------------------------------------------------------------------


---------- Date: 2026-03-28 20:12:39 ~ IP : 185.179.188.62 ----------
REQUEST URI : /cron__/thermo-detonator/300-trenbolon-forte-200-v-magazine-krasnogorsk/
MOD DETAILS:
   modFile   : /home/canmotalka/web/can-motalka.ru/public_html/vqmod/xml/lightning.xml
   id        : OpenCart Lightning
   version   : 3.37
   vqmver    : 
   author    : MaxD http://devs.mx

File Name    : system/library/cache.php(0)
VQModObject::applyMod - SEARCH NOT FOUND (SKIPPED): if (is_file(DIR_SYSTEM . 'library/journal3/vendor/SuperCache

----------------------------------------------------------------------


---------- Date: 2026-03-28 20:13:33 ~ IP : 185.179.188.62 ----------
REQUEST URI : /podmotka-spidometra-gazel-nekst/
MOD DETAILS:
   modFile   : /home/canmotalka/web/can-motalka.ru/public_html/vqmod/xml/lightning.xml
   id        : OpenCart Lightning
   version   : 3.37
   vqmver    : 
   author    : MaxD http://devs.mx

File Name    : system/library/cache.php(0)
VQModObject::applyMod - SEARCH NOT FOUND (SKIPPED): if (is_file(DIR_SYSTEM . 'library/journal3/vendor/SuperCache

----------------------------------------------------------------------


---------- Date: 2026-03-28 20:14:11 ~ IP : 185.179.188.62 ----------
REQUEST URI : /podmotka-spidometra-volkswagen-crafter/
MOD DETAILS:
   modFile   : /home/canmotalka/web/can-motalka.ru/public_html/vqmod/xml/lightning.xml
   id        : OpenCart Lightning
   version   : 3.37
   vqmver    : 
   author    : MaxD http://devs.mx

File Name    : system/library/cache.php(0)
VQModObject::applyMod - SEARCH NOT FOUND (SKIPPED): if (is_file(DIR_SYSTEM . 'library/journal3/vendor/SuperCache

----------------------------------------------------------------------


---------- Date: 2026-03-28 20:15:00 ~ IP : 185.179.188.62 ----------
REQUEST URI : /podmotka-spidometra-lada-kalina/
MOD DETAILS:
   modFile   : /home/canmotalka/web/can-motalka.ru/public_html/vqmod/xml/lightning.xml
   id        : OpenCart Lightning
   version   : 3.37
   vqmver    : 
   author    : MaxD http://devs.mx

File Name    : system/library/cache.php(0)
VQModObject::applyMod - SEARCH NOT FOUND (SKIPPED): if (is_file(DIR_SYSTEM . 'library/journal3/vendor/SuperCache

----------------------------------------------------------------------


---------- Date: 2026-03-28 20:16:07 ~ IP : 185.179.188.62 ----------
REQUEST URI : /index.php?route...
MOD DETAILS:
   modFile   : /home/canmotalka/web/can-motalka.ru/public_html/vqmod/xml/lightning.xml
   id        : OpenCart Lightning
   version   : 3.37
   vqmver    : 
   author    : MaxD http://devs.mx

File Name    : system/library/cache.php(0)
VQModObject::applyMod - SEARCH NOT FOUND (SKIPPED): if (is_file(DIR_SYSTEM . 'library/journal3/vendor/SuperCache

----------------------------------------------------------------------


---------- Date: 2026-03-28 20:19:05 ~ IP : 185.179.188.62 ----------
REQUEST URI : /o-kompanii/
MOD DETAILS:
   modFile   : /home/canmotalka/web/can-motalka.ru/public_html/vqmod/xml/lightning.xml
   id        : OpenCart Lightning
   version   : 3.37
   vqmver    : 
   author    : MaxD http://devs.mx

File Name    : system/library/cache.php(0)
VQModObject::applyMod - SEARCH NOT FOUND (SKIPPED): if (is_file(DIR_SYSTEM . 'library/journal3/vendor/SuperCache

----------------------------------------------------------------------


---------- Date: 2026-03-28 20:19:58 ~ IP : 185.179.188.62 ----------
REQUEST URI : /motalki/toyota/
MOD DETAILS:
   modFile   : /home/canmotalka/web/can-motalka.ru/public_html/vqmod/xml/lightning.xml
   id        : OpenCart Lightning
   version   : 3.37
   vqmver    : 
   author    : MaxD http://devs.mx

File Name    : system/library/cache.php(0)
VQModObject::applyMod - SEARCH NOT FOUND (SKIPPED): if (is_file(DIR_SYSTEM . 'library/journal3/vendor/SuperCache

----------------------------------------------------------------------


---------- Date: 2026-03-28 20:19:59 ~ IP : 185.179.188.62 ----------
REQUEST URI : /otzyvy/
MOD DETAILS:
   modFile   : /home/canmotalka/web/can-motalka.ru/public_html/vqmod/xml/lightning.xml
   id        : OpenCart Lightning
   version   : 3.37
   vqmver    : 
   author    : MaxD http://devs.mx

File Name    : system/library/cache.php(0)
VQModObject::applyMod - SEARCH NOT FOUND (SKIPPED): if (is_file(DIR_SYSTEM . 'library/journal3/vendor/SuperCache

----------------------------------------------------------------------


---------- Date: 2026-03-28 20:20:42 ~ IP : 185.179.188.62 ----------
REQUEST URI : /motalki/citroen/
MOD DETAILS:
   modFile   : /home/canmotalka/web/can-motalka.ru/public_html/vqmod/xml/lightning.xml
   id        : OpenCart Lightning
   version   : 3.37
   vqmver    : 
   author    : MaxD http://devs.mx

File Name    : system/library/cache.php(0)
VQModObject::applyMod - SEARCH NOT FOUND (SKIPPED): if (is_file(DIR_SYSTEM . 'library/journal3/vendor/SuperCache

----------------------------------------------------------------------


---------- Date: 2026-03-28 20:21:37 ~ IP : 185.179.188.62 ----------
REQUEST URI : /otzyvy/
MOD DETAILS:
   modFile   : /home/canmotalka/web/can-motalka.ru/public_html/vqmod/xml/lightning.xml
   id        : OpenCart Lightning
   version   : 3.37
   vqmver    : 
   author    : MaxD http://devs.mx

File Name    : system/library/cache.php(0)
VQModObject::applyMod - SEARCH NOT FOUND (SKIPPED): if (is_file(DIR_SYSTEM . 'library/journal3/vendor/SuperCache

----------------------------------------------------------------------


---------- Date: 2026-03-28 20:23:23 ~ IP : 185.179.188.62 ----------
REQUEST URI : /motalki/datsun/
MOD DETAILS:
   modFile   : /home/canmotalka/web/can-motalka.ru/public_html/vqmod/xml/lightning.xml
   id        : OpenCart Lightning
   version   : 3.37
   vqmver    : 
   author    : MaxD http://devs.mx

File Name    : system/library/cache.php(0)
VQModObject::applyMod - SEARCH NOT FOUND (SKIPPED): if (is_file(DIR_SYSTEM . 'library/journal3/vendor/SuperCache

----------------------------------------------------------------------


---------- Date: 2026-03-28 20:23:50 ~ IP : 185.179.188.62 ----------
REQUEST URI : /podmotka-spidometra-dlya-ford-tranzit-do-2014/
MOD DETAILS:
   modFile   : /home/canmotalka/web/can-motalka.ru/public_html/vqmod/xml/lightning.xml
   id        : OpenCart Lightning
   version   : 3.37
   vqmver    : 
   author    : MaxD http://devs.mx

File Name    : system/library/cache.php(0)
VQModObject::applyMod - SEARCH NOT FOUND (SKIPPED): if (is_file(DIR_SYSTEM . 'library/journal3/vendor/SuperCache

----------------------------------------------------------------------


---------- Date: 2026-03-28 20:24:18 ~ IP : 185.179.188.62 ----------
REQUEST URI : /podmotka-spidometra-volkswagen-caddy/
MOD DETAILS:
   modFile   : /home/canmotalka/web/can-motalka.ru/public_html/vqmod/xml/lightning.xml
   id        : OpenCart Lightning
   version   : 3.37
   vqmver    : 
   author    : MaxD http://devs.mx

File Name    : system/library/cache.php(0)
VQModObject::applyMod - SEARCH NOT FOUND (SKIPPED): if (is_file(DIR_SYSTEM . 'library/journal3/vendor/SuperCache

----------------------------------------------------------------------


---------- Date: 2026-03-28 20:25:05 ~ IP : 185.179.188.62 ----------
REQUEST URI : /podmotka-spidometra-nissan-terrano/
MOD DETAILS:
   modFile   : /home/canmotalka/web/can-motalka.ru/public_html/vqmod/xml/lightning.xml
   id        : OpenCart Lightning
   version   : 3.37
   vqmver    : 
   author    : MaxD http://devs.mx

File Name    : system/library/cache.php(0)
VQModObject::applyMod - SEARCH NOT FOUND (SKIPPED): if (is_file(DIR_SYSTEM . 'library/journal3/vendor/SuperCache

----------------------------------------------------------------------


---------- Date: 2026-03-28 20:25:59 ~ IP : 185.179.188.62 ----------
REQUEST URI : /info/
MOD DETAILS:
   modFile   : /home/canmotalka/web/can-motalka.ru/public_html/vqmod/xml/lightning.xml
   id        : OpenCart Lightning
   version   : 3.37
   vqmver    : 
   author    : MaxD http://devs.mx

File Name    : system/library/cache.php(0)
VQModObject::applyMod - SEARCH NOT FOUND (SKIPPED): if (is_file(DIR_SYSTEM . 'library/journal3/vendor/SuperCache

----------------------------------------------------------------------


---------- Date: 2026-03-28 20:28:13 ~ IP : 185.179.188.62 ----------
REQUEST URI : /manuals/
MOD DETAILS:
   modFile   : /home/canmotalka/web/can-motalka.ru/public_html/vqmod/xml/lightning.xml
   id        : OpenCart Lightning
   version   : 3.37
   vqmver    : 
   author    : MaxD http://devs.mx

File Name    : system/library/cache.php(0)
VQModObject::applyMod - SEARCH NOT FOUND (SKIPPED): if (is_file(DIR_SYSTEM . 'library/journal3/vendor/SuperCache

----------------------------------------------------------------------


---------- Date: 2026-03-28 20:28:29 ~ IP : 185.179.188.62 ----------
REQUEST URI : /podmotka-spidometra-largus/?ysclid=mnaltd87la395851414
MOD DETAILS:
   modFile   : /home/canmotalka/web/can-motalka.ru/public_html/vqmod/xml/lightning.xml
   id        : OpenCart Lightning
   version   : 3.37
   vqmver    : 
   author    : MaxD http://devs.mx

File Name    : system/library/cache.php(0)
VQModObject::applyMod - SEARCH NOT FOUND (SKIPPED): if (is_file(DIR_SYSTEM . 'library/journal3/vendor/SuperCache

----------------------------------------------------------------------


---------- Date: 2026-03-28 20:28:29 ~ IP : 185.179.188.62 ----------
REQUEST URI : /podmotka-spidometra-largus/
MOD DETAILS:
   modFile   : /home/canmotalka/web/can-motalka.ru/public_html/vqmod/xml/lightning.xml
   id        : OpenCart Lightning
   version   : 3.37
   vqmver    : 
   author    : MaxD http://devs.mx

File Name    : system/library/cache.php(0)
VQModObject::applyMod - SEARCH NOT FOUND (SKIPPED): if (is_file(DIR_SYSTEM . 'library/journal3/vendor/SuperCache

----------------------------------------------------------------------


---------- Date: 2026-03-28 20:28:31 ~ IP : 185.179.188.62 ----------
REQUEST URI : /index.php?route=product/product/review&amp;product_id=258
MOD DETAILS:
   modFile   : /home/canmotalka/web/can-motalka.ru/public_html/vqmod/xml/lightning.xml
   id        : OpenCart Lightning
   version   : 3.37
   vqmver    : 
   author    : MaxD http://devs.mx

File Name    : system/library/cache.php(0)
VQModObject::applyMod - SEARCH NOT FOUND (SKIPPED): if (is_file(DIR_SYSTEM . 'library/journal3/vendor/SuperCache

----------------------------------------------------------------------


---------- Date: 2026-03-28 20:29:00 ~ IP : 185.179.188.62 ----------
REQUEST URI : /motalki/lada/
MOD DETAILS:
   modFile   : /home/canmotalka/web/can-motalka.ru/public_html/vqmod/xml/lightning.xml
   id        : OpenCart Lightning
   version   : 3.37
   vqmver    : 
   author    : MaxD http://devs.mx

File Name    : system/library/cache.php(0)
VQModObject::applyMod - SEARCH NOT FOUND (SKIPPED): if (is_file(DIR_SYSTEM . 'library/journal3/vendor/SuperCache

----------------------------------------------------------------------


---------- Date: 2026-03-28 20:29:49 ~ IP : 185.179.188.62 ----------
REQUEST URI : /index.php?route=module/popupcart_extended
MOD DETAILS:
   modFile   : /home/canmotalka/web/can-motalka.ru/public_html/vqmod/xml/lightning.xml
   id        : OpenCart Lightning
   version   : 3.37
   vqmver    : 
   author    : MaxD http://devs.mx

File Name    : system/library/cache.php(0)
VQModObject::applyMod - SEARCH NOT FOUND (SKIPPED): if (is_file(DIR_SYSTEM . 'library/journal3/vendor/SuperCache

----------------------------------------------------------------------


---------- Date: 2026-03-28 20:29:51 ~ IP : 185.179.188.62 ----------
REQUEST URI : /instrukciya-podmotka-vesta/
MOD DETAILS:
   modFile   : /home/canmotalka/web/can-motalka.ru/public_html/vqmod/xml/lightning.xml
   id        : OpenCart Lightning
   version   : 3.37
   vqmver    : 
   author    : MaxD http://devs.mx

File Name    : system/library/cache.php(0)
VQModObject::applyMod - SEARCH NOT FOUND (SKIPPED): if (is_file(DIR_SYSTEM . 'library/journal3/vendor/SuperCache

----------------------------------------------------------------------


---------- Date: 2026-03-28 20:29:52 ~ IP : 185.179.188.62 ----------
REQUEST URI : /index.php?route=module/popupcart_extended
MOD DETAILS:
   modFile   : /home/canmotalka/web/can-motalka.ru/public_html/vqmod/xml/lightning.xml
   id        : OpenCart Lightning
   version   : 3.37
   vqmver    : 
   author    : MaxD http://devs.mx

File Name    : system/library/cache.php(0)
VQModObject::applyMod - SEARCH NOT FOUND (SKIPPED): if (is_file(DIR_SYSTEM . 'library/journal3/vendor/SuperCache

----------------------------------------------------------------------


---------- Date: 2026-03-28 20:29:52 ~ IP : 185.179.188.62 ----------
REQUEST URI : /podmotka-spidometra-kia-rio/
MOD DETAILS:
   modFile   : /home/canmotalka/web/can-motalka.ru/public_html/vqmod/xml/lightning.xml
   id        : OpenCart Lightning
   version   : 3.37
   vqmver    : 
   author    : MaxD http://devs.mx

File Name    : system/library/cache.php(0)
VQModObject::applyMod - SEARCH NOT FOUND (SKIPPED): if (is_file(DIR_SYSTEM . 'library/journal3/vendor/SuperCache

----------------------------------------------------------------------


---------- Date: 2026-03-28 20:29:56 ~ IP : 185.179.188.62 ----------
REQUEST URI : /podmotka-krutilka-spidometra-gazel-biznes-benzin-evotec-ili-cummins/
MOD DETAILS:
   modFile   : /home/canmotalka/web/can-motalka.ru/public_html/vqmod/xml/lightning.xml
   id        : OpenCart Lightning
   version   : 3.37
   vqmver    : 
   author    : MaxD http://devs.mx

File Name    : system/library/cache.php(0)
VQModObject::applyMod - SEARCH NOT FOUND (SKIPPED): if (is_file(DIR_SYSTEM . 'library/journal3/vendor/SuperCache

----------------------------------------------------------------------


---------- Date: 2026-03-28 20:29:57 ~ IP : 185.179.188.62 ----------
REQUEST URI : /index.php?route=product/product/review&amp;product_id=98
MOD DETAILS:
   modFile   : /home/canmotalka/web/can-motalka.ru/public_html/vqmod/xml/lightning.xml
   id        : OpenCart Lightning
   version   : 3.37
   vqmver    : 
   author    : MaxD http://devs.mx

File Name    : system/library/cache.php(0)
VQModObject::applyMod - SEARCH NOT FOUND (SKIPPED): if (is_file(DIR_SYSTEM . 'library/journal3/vendor/SuperCache

----------------------------------------------------------------------


---------- Date: 2026-03-28 20:29:58 ~ IP : 185.179.188.62 ----------
REQUEST URI : /index.php?route=module/popupcart_extended
MOD DETAILS:
   modFile   : /home/canmotalka/web/can-motalka.ru/public_html/vqmod/xml/lightning.xml
   id        : OpenCart Lightning
   version   : 3.37
   vqmver    : 
   author    : MaxD http://devs.mx

File Name    : system/library/cache.php(0)
VQModObject::applyMod - SEARCH NOT FOUND (SKIPPED): if (is_file(DIR_SYSTEM . 'library/journal3/vendor/SuperCache

----------------------------------------------------------------------


---------- Date: 2026-03-28 20:30:12 ~ IP : 185.179.188.62 ----------
REQUEST URI : /motalki/peugeot/
MOD DETAILS:
   modFile   : /home/canmotalka/web/can-motalka.ru/public_html/vqmod/xml/lightning.xml
   id        : OpenCart Lightning
   version   : 3.37
   vqmver    : 
   author    : MaxD http://devs.mx

File Name    : system/library/cache.php(0)
VQModObject::applyMod - SEARCH NOT FOUND (SKIPPED): if (is_file(DIR_SYSTEM . 'library/journal3/vendor/SuperCache

----------------------------------------------------------------------


---------- Date: 2026-03-28 20:30:12 ~ IP : 185.179.188.62 ----------
REQUEST URI : /index.php?route=module/popupcart_extended
MOD DETAILS:
   modFile   : /home/canmotalka/web/can-motalka.ru/public_html/vqmod/xml/lightning.xml
   id        : OpenCart Lightning
   version   : 3.37
   vqmver    : 
   author    : MaxD http://devs.mx

File Name    : system/library/cache.php(0)
VQModObject::applyMod - SEARCH NOT FOUND (SKIPPED): if (is_file(DIR_SYSTEM . 'library/journal3/vendor/SuperCache

----------------------------------------------------------------------


---------- Date: 2026-03-28 20:30:22 ~ IP : 185.179.188.62 ----------
REQUEST URI : /podmotka-spidometra-peugeot-boxer/
MOD DETAILS:
   modFile   : /home/canmotalka/web/can-motalka.ru/public_html/vqmod/xml/lightning.xml
   id        : OpenCart Lightning
   version   : 3.37
   vqmver    : 
   author    : MaxD http://devs.mx

File Name    : system/library/cache.php(0)
VQModObject::applyMod - SEARCH NOT FOUND (SKIPPED): if (is_file(DIR_SYSTEM . 'library/journal3/vendor/SuperCache

----------------------------------------------------------------------


---------- Date: 2026-03-28 20:30:22 ~ IP : 185.179.188.62 ----------
REQUEST URI : /index.php?route=product/product/review&amp;product_id=158
MOD DETAILS:
   modFile   : /home/canmotalka/web/can-motalka.ru/public_html/vqmod/xml/lightning.xml
   id        : OpenCart Lightning
   version   : 3.37
   vqmver    : 
   author    : MaxD http://devs.mx

File Name    : system/library/cache.php(0)
VQModObject::applyMod - SEARCH NOT FOUND (SKIPPED): if (is_file(DIR_SYSTEM . 'library/journal3/vendor/SuperCache

----------------------------------------------------------------------


---------- Date: 2026-03-28 20:30:24 ~ IP : 185.179.188.62 ----------
REQUEST URI : /instrukciya-podmotka-kamaz/
MOD DETAILS:
   modFile   : /home/canmotalka/web/can-motalka.ru/public_html/vqmod/xml/lightning.xml
   id        : OpenCart Lightning
   version   : 3.37
   vqmver    : 
   author    : MaxD http://devs.mx

File Name    : system/library/cache.php(0)
VQModObject::applyMod - SEARCH NOT FOUND (SKIPPED): if (is_file(DIR_SYSTEM . 'library/journal3/vendor/SuperCache

----------------------------------------------------------------------


---------- Date: 2026-03-28 20:30:25 ~ IP : 185.179.188.62 ----------
REQUEST URI : /index.php?route=module/popupcart_extended
MOD DETAILS:
   modFile   : /home/canmotalka/web/can-motalka.ru/public_html/vqmod/xml/lightning.xml
   id        : OpenCart Lightning
   version   : 3.37
   vqmver    : 
   author    : MaxD http://devs.mx

File Name    : system/library/cache.php(0)
VQModObject::applyMod - SEARCH NOT FOUND (SKIPPED): if (is_file(DIR_SYSTEM . 'library/journal3/vendor/SuperCache

----------------------------------------------------------------------


---------- Date: 2026-03-28 20:30:40 ~ IP : 185.179.188.62 ----------
REQUEST URI : /folksvagen-polo-podmotka-spidometra/
MOD DETAILS:
   modFile   : /home/canmotalka/web/can-motalka.ru/public_html/vqmod/xml/lightning.xml
   id        : OpenCart Lightning
   version   : 3.37
   vqmver    : 
   author    : MaxD http://devs.mx

File Name    : system/library/cache.php(0)
VQModObject::applyMod - SEARCH NOT FOUND (SKIPPED): if (is_file(DIR_SYSTEM . 'library/journal3/vendor/SuperCache

----------------------------------------------------------------------


---------- Date: 2026-03-28 20:31:10 ~ IP : 185.179.188.62 ----------
REQUEST URI : /podmotka-spidometra-uaz-patriot/
MOD DETAILS:
   modFile   : /home/canmotalka/web/can-motalka.ru/public_html/vqmod/xml/lightning.xml
   id        : OpenCart Lightning
   version   : 3.37
   vqmver    : 
   author    : MaxD http://devs.mx

File Name    : system/library/cache.php(0)
VQModObject::applyMod - SEARCH NOT FOUND (SKIPPED): if (is_file(DIR_SYSTEM . 'library/journal3/vendor/SuperCache

----------------------------------------------------------------------


---------- Date: 2026-03-28 20:31:12 ~ IP : 185.179.188.62 ----------
REQUEST URI : /index.php?route=product/product/review&amp;product_id=277
MOD DETAILS:
   modFile   : /home/canmotalka/web/can-motalka.ru/public_html/vqmod/xml/lightning.xml
   id        : OpenCart Lightning
   version   : 3.37
   vqmver    : 
   author    : MaxD http://devs.mx

File Name    : system/library/cache.php(0)
VQModObject::applyMod - SEARCH NOT FOUND (SKIPPED): if (is_file(DIR_SYSTEM . 'library/journal3/vendor/SuperCache

----------------------------------------------------------------------


---------- Date: 2026-03-28 20:31:12 ~ IP : 185.179.188.62 ----------
REQUEST URI : /index.php?route=module/popupcart_extended
MOD DETAILS:
   modFile   : /home/canmotalka/web/can-motalka.ru/public_html/vqmod/xml/lightning.xml
   id        : OpenCart Lightning
   version   : 3.37
   vqmver    : 
   author    : MaxD http://devs.mx

File Name    : system/library/cache.php(0)
VQModObject::applyMod - SEARCH NOT FOUND (SKIPPED): if (is_file(DIR_SYSTEM . 'library/journal3/vendor/SuperCache

----------------------------------------------------------------------


---------- Date: 2026-03-28 20:31:23 ~ IP : 185.179.188.62 ----------
REQUEST URI : /motalki/ssang-yong/
MOD DETAILS:
   modFile   : /home/canmotalka/web/can-motalka.ru/public_html/vqmod/xml/lightning.xml
   id        : OpenCart Lightning
   version   : 3.37
   vqmver    : 
   author    : MaxD http://devs.mx

File Name    : system/library/cache.php(0)
VQModObject::applyMod - SEARCH NOT FOUND (SKIPPED): if (is_file(DIR_SYSTEM . 'library/journal3/vendor/SuperCache

----------------------------------------------------------------------


---------- Date: 2026-03-28 20:33:00 ~ IP : 185.179.188.62 ----------
REQUEST URI : /motalki/haval/
MOD DETAILS:
   modFile   : /home/canmotalka/web/can-motalka.ru/public_html/vqmod/xml/lightning.xml
   id        : OpenCart Lightning
   version   : 3.37
   vqmver    : 
   author    : MaxD http://devs.mx

File Name    : system/library/cache.php(0)
VQModObject::applyMod - SEARCH NOT FOUND (SKIPPED): if (is_file(DIR_SYSTEM . 'library/journal3/vendor/SuperCache

----------------------------------------------------------------------


---------- Date: 2026-03-28 20:34:49 ~ IP : 185.179.188.62 ----------
REQUEST URI : /video-obzor/
MOD DETAILS:
   modFile   : /home/canmotalka/web/can-motalka.ru/public_html/vqmod/xml/lightning.xml
   id        : OpenCart Lightning
   version   : 3.37
   vqmver    : 
   author    : MaxD http://devs.mx

File Name    : system/library/cache.php(0)
VQModObject::applyMod - SEARCH NOT FOUND (SKIPPED): if (is_file(DIR_SYSTEM . 'library/journal3/vendor/SuperCache

----------------------------------------------------------------------


---------- Date: 2026-03-28 20:35:46 ~ IP : 185.179.188.62 ----------
REQUEST URI : /index.php?route=common/footer/click_counter
MOD DETAILS:
   modFile   : /home/canmotalka/web/can-motalka.ru/public_html/vqmod/xml/lightning.xml
   id        : OpenCart Lightning
   version   : 3.37
   vqmver    : 
   author    : MaxD http://devs.mx

File Name    : system/library/cache.php(0)
VQModObject::applyMod - SEARCH NOT FOUND (SKIPPED): if (is_file(DIR_SYSTEM . 'library/journal3/vendor/SuperCache

----------------------------------------------------------------------


---------- Date: 2026-03-28 20:35:58 ~ IP : 185.179.188.62 ----------
REQUEST URI : /podmotka-spidometra-largus/
MOD DETAILS:
   modFile   : /home/canmotalka/web/can-motalka.ru/public_html/vqmod/xml/lightning.xml
   id        : OpenCart Lightning
   version   : 3.37
   vqmver    : 
   author    : MaxD http://devs.mx

File Name    : system/library/cache.php(0)
VQModObject::applyMod - SEARCH NOT FOUND (SKIPPED): if (is_file(DIR_SYSTEM . 'library/journal3/vendor/SuperCache

----------------------------------------------------------------------


---------- Date: 2026-03-28 20:36:40 ~ IP : 185.179.188.62 ----------
REQUEST URI : /index.php?route=product/product/review&amp;product_id=258
MOD DETAILS:
   modFile   : /home/canmotalka/web/can-motalka.ru/public_html/vqmod/xml/lightning.xml
   id        : OpenCart Lightning
   version   : 3.37
   vqmver    : 
   author    : MaxD http://devs.mx

File Name    : system/library/cache.php(0)
VQModObject::applyMod - SEARCH NOT FOUND (SKIPPED): if (is_file(DIR_SYSTEM . 'library/journal3/vendor/SuperCache

----------------------------------------------------------------------


---------- Date: 2026-03-28 20:36:40 ~ IP : 185.179.188.62 ----------
REQUEST URI : /index.php?route=module/popupcart_extended
MOD DETAILS:
   modFile   : /home/canmotalka/web/can-motalka.ru/public_html/vqmod/xml/lightning.xml
   id        : OpenCart Lightning
   version   : 3.37
   vqmver    : 
   author    : MaxD http://devs.mx

File Name    : system/library/cache.php(0)
VQModObject::applyMod - SEARCH NOT FOUND (SKIPPED): if (is_file(DIR_SYSTEM . 'library/journal3/vendor/SuperCache

----------------------------------------------------------------------


---------- Date: 2026-03-28 20:37:31 ~ IP : 185.179.188.62 ----------
REQUEST URI : /motalki/skoda/
MOD DETAILS:
   modFile   : /home/canmotalka/web/can-motalka.ru/public_html/vqmod/xml/lightning.xml
   id        : OpenCart Lightning
   version   : 3.37
   vqmver    : 
   author    : MaxD http://devs.mx

File Name    : system/library/cache.php(0)
VQModObject::applyMod - SEARCH NOT FOUND (SKIPPED): if (is_file(DIR_SYSTEM . 'library/journal3/vendor/SuperCache

----------------------------------------------------------------------


---------- Date: 2026-03-28 20:39:08 ~ IP : 185.179.188.62 ----------
REQUEST URI : /motalki/mercedes/
MOD DETAILS:
   modFile   : /home/canmotalka/web/can-motalka.ru/public_html/vqmod/xml/lightning.xml
   id        : OpenCart Lightning
   version   : 3.37
   vqmver    : 
   author    : MaxD http://devs.mx

File Name    : system/library/cache.php(0)
VQModObject::applyMod - SEARCH NOT FOUND (SKIPPED): if (is_file(DIR_SYSTEM . 'library/journal3/vendor/SuperCache

----------------------------------------------------------------------


---------- Date: 2026-03-28 20:39:22 ~ IP : 185.179.188.62 ----------
REQUEST URI : /oferta/
MOD DETAILS:
   modFile   : /home/canmotalka/web/can-motalka.ru/public_html/vqmod/xml/lightning.xml
   id        : OpenCart Lightning
   version   : 3.37
   vqmver    : 
   author    : MaxD http://devs.mx

File Name    : system/library/cache.php(0)
VQModObject::applyMod - SEARCH NOT FOUND (SKIPPED): if (is_file(DIR_SYSTEM . 'library/journal3/vendor/SuperCache

----------------------------------------------------------------------


---------- Date: 2026-03-28 20:40:10 ~ IP : 185.179.188.62 ----------
REQUEST URI : /garantiya/
MOD DETAILS:
   modFile   : /home/canmotalka/web/can-motalka.ru/public_html/vqmod/xml/lightning.xml
   id        : OpenCart Lightning
   version   : 3.37
   vqmver    : 
   author    : MaxD http://devs.mx

File Name    : system/library/cache.php(0)
VQModObject::applyMod - SEARCH NOT FOUND (SKIPPED): if (is_file(DIR_SYSTEM . 'library/journal3/vendor/SuperCache

----------------------------------------------------------------------


---------- Date: 2026-03-28 20:40:41 ~ IP : 185.179.188.62 ----------
REQUEST URI : /podmotka-spidometra-mercedes-sprinter/?ysclid=mnam92hx79456455859
MOD DETAILS:
   modFile   : /home/canmotalka/web/can-motalka.ru/public_html/vqmod/xml/lightning.xml
   id        : OpenCart Lightning
   version   : 3.37
   vqmver    : 
   author    : MaxD http://devs.mx

File Name    : system/library/cache.php(0)
VQModObject::applyMod - SEARCH NOT FOUND (SKIPPED): if (is_file(DIR_SYSTEM . 'library/journal3/vendor/SuperCache

----------------------------------------------------------------------


---------- Date: 2026-03-28 20:40:41 ~ IP : 185.179.188.62 ----------
REQUEST URI : /podmotka-spidometra-mercedes-sprinter/
MOD DETAILS:
   modFile   : /home/canmotalka/web/can-motalka.ru/public_html/vqmod/xml/lightning.xml
   id        : OpenCart Lightning
   version   : 3.37
   vqmver    : 
   author    : MaxD http://devs.mx

File Name    : system/library/cache.php(0)
VQModObject::applyMod - SEARCH NOT FOUND (SKIPPED): if (is_file(DIR_SYSTEM . 'library/journal3/vendor/SuperCache

----------------------------------------------------------------------


---------- Date: 2026-03-28 20:40:42 ~ IP : 185.179.188.62 ----------
REQUEST URI : /index.php?route=product/product/review&amp;product_id=244
MOD DETAILS:
   modFile   : /home/canmotalka/web/can-motalka.ru/public_html/vqmod/xml/lightning.xml
   id        : OpenCart Lightning
   version   : 3.37
   vqmver    : 
   author    : MaxD http://devs.mx

File Name    : system/library/cache.php(0)
VQModObject::applyMod - SEARCH NOT FOUND (SKIPPED): if (is_file(DIR_SYSTEM . 'library/journal3/vendor/SuperCache

----------------------------------------------------------------------


---------- Date: 2026-03-28 20:40:57 ~ IP : 185.179.188.62 ----------
REQUEST URI : /podmotka-spidometra-toyota-fortuner/
MOD DETAILS:
   modFile   : /home/canmotalka/web/can-motalka.ru/public_html/vqmod/xml/lightning.xml
   id        : OpenCart Lightning
   version   : 3.37
   vqmver    : 
   author    : MaxD http://devs.mx

File Name    : system/library/cache.php(0)
VQModObject::applyMod - SEARCH NOT FOUND (SKIPPED): if (is_file(DIR_SYSTEM . 'library/journal3/vendor/SuperCache

----------------------------------------------------------------------


---------- Date: 2026-03-28 20:41:29 ~ IP : 185.179.188.62 ----------
REQUEST URI : /instrukciya-lada-granta-2021/
MOD DETAILS:
   modFile   : /home/canmotalka/web/can-motalka.ru/public_html/vqmod/xml/lightning.xml
   id        : OpenCart Lightning
   version   : 3.37
   vqmver    : 
   author    : MaxD http://devs.mx

File Name    : system/library/cache.php(0)
VQModObject::applyMod - SEARCH NOT FOUND (SKIPPED): if (is_file(DIR_SYSTEM . 'library/journal3/vendor/SuperCache

----------------------------------------------------------------------


---------- Date: 2026-03-28 20:42:31 ~ IP : 185.179.188.62 ----------
REQUEST URI : /podmotka-spidometra-gazel-nekst/
MOD DETAILS:
   modFile   : /home/canmotalka/web/can-motalka.ru/public_html/vqmod/xml/lightning.xml
   id        : OpenCart Lightning
   version   : 3.37
   vqmver    : 
   author    : MaxD http://devs.mx

File Name    : system/library/cache.php(0)
VQModObject::applyMod - SEARCH NOT FOUND (SKIPPED): if (is_file(DIR_SYSTEM . 'library/journal3/vendor/SuperCache

----------------------------------------------------------------------


---------- Date: 2026-03-28 20:43:08 ~ IP : 185.179.188.62 ----------
REQUEST URI : /instrukciya-lada-granta-2021/
MOD DETAILS:
   modFile   : /home/canmotalka/web/can-motalka.ru/public_html/vqmod/xml/lightning.xml
   id        : OpenCart Lightning
   version   : 3.37
   vqmver    : 
   author    : MaxD http://devs.mx

File Name    : system/library/cache.php(0)
VQModObject::applyMod - SEARCH NOT FOUND (SKIPPED): if (is_file(DIR_SYSTEM . 'library/journal3/vendor/SuperCache

----------------------------------------------------------------------


---------- Date: 2026-03-28 20:43:10 ~ IP : 185.179.188.62 ----------
REQUEST URI : /index.php?route=module/popupcart_extended
MOD DETAILS:
   modFile   : /home/canmotalka/web/can-motalka.ru/public_html/vqmod/xml/lightning.xml
   id        : OpenCart Lightning
   version   : 3.37
   vqmver    : 
   author    : MaxD http://devs.mx

File Name    : system/library/cache.php(0)
VQModObject::applyMod - SEARCH NOT FOUND (SKIPPED): if (is_file(DIR_SYSTEM . 'library/journal3/vendor/SuperCache

----------------------------------------------------------------------


---------- Date: 2026-03-28 20:43:24 ~ IP : 185.179.188.62 ----------
REQUEST URI : /podmotka-spidometra-hyundai-h1/
MOD DETAILS:
   modFile   : /home/canmotalka/web/can-motalka.ru/public_html/vqmod/xml/lightning.xml
   id        : OpenCart Lightning
   version   : 3.37
   vqmver    : 
   author    : MaxD http://devs.mx

File Name    : system/library/cache.php(0)
VQModObject::applyMod - SEARCH NOT FOUND (SKIPPED): if (is_file(DIR_SYSTEM . 'library/journal3/vendor/SuperCache

----------------------------------------------------------------------


---------- Date: 2026-03-28 20:44:24 ~ IP : 185.179.188.62 ----------
REQUEST URI : /setting_php/prilidji-60/702-kupit-kamagru-gold-solnechnogorsk
MOD DETAILS:
   modFile   : /home/canmotalka/web/can-motalka.ru/public_html/vqmod/xml/lightning.xml
   id        : OpenCart Lightning
   version   : 3.37
   vqmver    : 
   author    : MaxD http://devs.mx

File Name    : system/library/cache.php(0)
VQModObject::applyMod - SEARCH NOT FOUND (SKIPPED): if (is_file(DIR_SYSTEM . 'library/journal3/vendor/SuperCache

----------------------------------------------------------------------


---------- Date: 2026-03-28 20:44:47 ~ IP : 185.179.188.62 ----------
REQUEST URI : /podmotka_uaz_re/?ysclid=mnameddclk956308909
MOD DETAILS:
   modFile   : /home/canmotalka/web/can-motalka.ru/public_html/vqmod/xml/lightning.xml
   id        : OpenCart Lightning
   version   : 3.37
   vqmver    : 
   author    : MaxD http://devs.mx

File Name    : system/library/cache.php(0)
VQModObject::applyMod - SEARCH NOT FOUND (SKIPPED): if (is_file(DIR_SYSTEM . 'library/journal3/vendor/SuperCache

----------------------------------------------------------------------


---------- Date: 2026-03-28 20:44:47 ~ IP : 185.179.188.62 ----------
REQUEST URI : /podmotka_uaz_re/
MOD DETAILS:
   modFile   : /home/canmotalka/web/can-motalka.ru/public_html/vqmod/xml/lightning.xml
   id        : OpenCart Lightning
   version   : 3.37
   vqmver    : 
   author    : MaxD http://devs.mx

File Name    : system/library/cache.php(0)
VQModObject::applyMod - SEARCH NOT FOUND (SKIPPED): if (is_file(DIR_SYSTEM . 'library/journal3/vendor/SuperCache

----------------------------------------------------------------------


---------- Date: 2026-03-28 20:44:48 ~ IP : 185.179.188.62 ----------
REQUEST URI : /index.php?route=module/popupcart_extended
MOD DETAILS:
   modFile   : /home/canmotalka/web/can-motalka.ru/public_html/vqmod/xml/lightning.xml
   id        : OpenCart Lightning
   version   : 3.37
   vqmver    : 
   author    : MaxD http://devs.mx

File Name    : system/library/cache.php(0)
VQModObject::applyMod - SEARCH NOT FOUND (SKIPPED): if (is_file(DIR_SYSTEM . 'library/journal3/vendor/SuperCache

----------------------------------------------------------------------


---------- Date: 2026-03-28 20:46:33 ~ IP : 185.179.188.62 ----------
REQUEST URI : /patriot_re/
MOD DETAILS:
   modFile   : /home/canmotalka/web/can-motalka.ru/public_html/vqmod/xml/lightning.xml
   id        : OpenCart Lightning
   version   : 3.37
   vqmver    : 
   author    : MaxD http://devs.mx

File Name    : system/library/cache.php(0)
VQModObject::applyMod - SEARCH NOT FOUND (SKIPPED): if (is_file(DIR_SYSTEM . 'library/journal3/vendor/SuperCache

----------------------------------------------------------------------


---------- Date: 2026-03-28 20:46:33 ~ IP : 185.179.188.62 ----------
REQUEST URI : /index.php?route=module/popupcart_extended
MOD DETAILS:
   modFile   : /home/canmotalka/web/can-motalka.ru/public_html/vqmod/xml/lightning.xml
   id        : OpenCart Lightning
   version   : 3.37
   vqmver    : 
   author    : MaxD http://devs.mx

File Name    : system/library/cache.php(0)
VQModObject::applyMod - SEARCH NOT FOUND (SKIPPED): if (is_file(DIR_SYSTEM . 'library/journal3/vendor/SuperCache

----------------------------------------------------------------------


---------- Date: 2026-03-28 20:46:42 ~ IP : 185.179.188.62 ----------
REQUEST URI : /index.php?route=product/category&amp;path=59
MOD DETAILS:
   modFile   : /home/canmotalka/web/can-motalka.ru/public_html/vqmod/xml/lightning.xml
   id        : OpenCart Lightning
   version   : 3.37
   vqmver    : 
   author    : MaxD http://devs.mx

File Name    : system/library/cache.php(0)
VQModObject::applyMod - SEARCH NOT FOUND (SKIPPED): if (is_file(DIR_SYSTEM . 'library/journal3/vendor/SuperCache

----------------------------------------------------------------------


---------- Date: 2026-03-28 20:46:43 ~ IP : 185.179.188.62 ----------
REQUEST URI : /index.php?route=module/popupcart_extended
MOD DETAILS:
   modFile   : /home/canmotalka/web/can-motalka.ru/public_html/vqmod/xml/lightning.xml
   id        : OpenCart Lightning
   version   : 3.37
   vqmver    : 
   author    : MaxD http://devs.mx

File Name    : system/library/cache.php(0)
VQModObject::applyMod - SEARCH NOT FOUND (SKIPPED): if (is_file(DIR_SYSTEM . 'library/journal3/vendor/SuperCache

----------------------------------------------------------------------


---------- Date: 2026-03-28 20:47:53 ~ IP : 185.179.188.62 ----------
REQUEST URI : /podmotka-spidometra-haval-jolion/
MOD DETAILS:
   modFile   : /home/canmotalka/web/can-motalka.ru/public_html/vqmod/xml/lightning.xml
   id        : OpenCart Lightning
   version   : 3.37
   vqmver    : 
   author    : MaxD http://devs.mx

File Name    : system/library/cache.php(0)
VQModObject::applyMod - SEARCH NOT FOUND (SKIPPED): if (is_file(DIR_SYSTEM . 'library/journal3/vendor/SuperCache

----------------------------------------------------------------------


---------- Date: 2026-03-28 20:48:00 ~ IP : 185.179.188.62 ----------
REQUEST URI : /namotchik-probega-dlya-audi-q5/
MOD DETAILS:
   modFile   : /home/canmotalka/web/can-motalka.ru/public_html/vqmod/xml/lightning.xml
   id        : OpenCart Lightning
   version   : 3.37
   vqmver    : 
   author    : MaxD http://devs.mx

File Name    : system/library/cache.php(0)
VQModObject::applyMod - SEARCH NOT FOUND (SKIPPED): if (is_file(DIR_SYSTEM . 'library/journal3/vendor/SuperCache

----------------------------------------------------------------------


---------- Date: 2026-03-28 20:48:16 ~ IP : 185.179.188.62 ----------
REQUEST URI : /index.php?route=product/product/review&amp;product_id=237
MOD DETAILS:
   modFile   : /home/canmotalka/web/can-motalka.ru/public_html/vqmod/xml/lightning.xml
   id        : OpenCart Lightning
   version   : 3.37
   vqmver    : 
   author    : MaxD http://devs.mx

File Name    : system/library/cache.php(0)
VQModObject::applyMod - SEARCH NOT FOUND (SKIPPED): if (is_file(DIR_SYSTEM . 'library/journal3/vendor/SuperCache

----------------------------------------------------------------------


---------- Date: 2026-03-28 20:48:25 ~ IP : 185.179.188.62 ----------
REQUEST URI : /index.php?route=module/popupcart_extended
MOD DETAILS:
   modFile   : /home/canmotalka/web/can-motalka.ru/public_html/vqmod/xml/lightning.xml
   id        : OpenCart Lightning
   version   : 3.37
   vqmver    : 
   author    : MaxD http://devs.mx

File Name    : system/library/cache.php(0)
VQModObject::applyMod - SEARCH NOT FOUND (SKIPPED): if (is_file(DIR_SYSTEM . 'library/journal3/vendor/SuperCache

----------------------------------------------------------------------


---------- Date: 2026-03-28 20:48:54 ~ IP : 185.179.188.62 ----------
REQUEST URI : /dostavka-i-oplata/
MOD DETAILS:
   modFile   : /home/canmotalka/web/can-motalka.ru/public_html/vqmod/xml/lightning.xml
   id        : OpenCart Lightning
   version   : 3.37
   vqmver    : 
   author    : MaxD http://devs.mx

File Name    : system/library/cache.php(0)
VQModObject::applyMod - SEARCH NOT FOUND (SKIPPED): if (is_file(DIR_SYSTEM . 'library/journal3/vendor/SuperCache

----------------------------------------------------------------------


---------- Date: 2026-03-28 20:50:07 ~ IP : 185.179.188.62 ----------
REQUEST URI : /podmotka-spidometra-ford-mondeo-4/
MOD DETAILS:
   modFile   : /home/canmotalka/web/can-motalka.ru/public_html/vqmod/xml/lightning.xml
   id        : OpenCart Lightning
   version   : 3.37
   vqmver    : 
   author    : MaxD http://devs.mx

File Name    : system/library/cache.php(0)
VQModObject::applyMod - SEARCH NOT FOUND (SKIPPED): if (is_file(DIR_SYSTEM . 'library/journal3/vendor/SuperCache

----------------------------------------------------------------------


---------- Date: 2026-03-28 20:50:50 ~ IP : 185.179.188.62 ----------
REQUEST URI : /contact/
MOD DETAILS:
   modFile   : /home/canmotalka/web/can-motalka.ru/public_html/vqmod/xml/lightning.xml
   id        : OpenCart Lightning
   version   : 3.37
   vqmver    : 
   author    : MaxD http://devs.mx

File Name    : system/library/cache.php(0)
VQModObject::applyMod - SEARCH NOT FOUND (SKIPPED): if (is_file(DIR_SYSTEM . 'library/journal3/vendor/SuperCache

----------------------------------------------------------------------


---------- Date: 2026-03-28 20:51:42 ~ IP : 185.179.188.62 ----------
REQUEST URI : /sitemap/
MOD DETAILS:
   modFile   : /home/canmotalka/web/can-motalka.ru/public_html/vqmod/xml/lightning.xml
   id        : OpenCart Lightning
   version   : 3.37
   vqmver    : 
   author    : MaxD http://devs.mx

File Name    : system/library/cache.php(0)
VQModObject::applyMod - SEARCH NOT FOUND (SKIPPED): if (is_file(DIR_SYSTEM . 'library/journal3/vendor/SuperCache

----------------------------------------------------------------------


---------- Date: 2026-03-28 20:52:28 ~ IP : 185.179.188.62 ----------
REQUEST URI : /politika-konfidencialnosti/
MOD DETAILS:
   modFile   : /home/canmotalka/web/can-motalka.ru/public_html/vqmod/xml/lightning.xml
   id        : OpenCart Lightning
   version   : 3.37
   vqmver    : 
   author    : MaxD http://devs.mx

File Name    : system/library/cache.php(0)
VQModObject::applyMod - SEARCH NOT FOUND (SKIPPED): if (is_file(DIR_SYSTEM . 'library/journal3/vendor/SuperCache

----------------------------------------------------------------------


---------- Date: 2026-03-28 20:54:01 ~ IP : 185.179.188.62 ----------
REQUEST URI : /motalki/uaz/
MOD DETAILS:
   modFile   : /home/canmotalka/web/can-motalka.ru/public_html/vqmod/xml/lightning.xml
   id        : OpenCart Lightning
   version   : 3.37
   vqmver    : 
   author    : MaxD http://devs.mx

File Name    : system/library/cache.php(0)
VQModObject::applyMod - SEARCH NOT FOUND (SKIPPED): if (is_file(DIR_SYSTEM . 'library/journal3/vendor/SuperCache

----------------------------------------------------------------------


---------- Date: 2026-03-28 20:55:40 ~ IP : 185.179.188.62 ----------
REQUEST URI : /zakaz/
MOD DETAILS:
   modFile   : /home/canmotalka/web/can-motalka.ru/public_html/vqmod/xml/lightning.xml
   id        : OpenCart Lightning
   version   : 3.37
   vqmver    : 
   author    : MaxD http://devs.mx

File Name    : system/library/cache.php(0)
VQModObject::applyMod - SEARCH NOT FOUND (SKIPPED): if (is_file(DIR_SYSTEM . 'library/journal3/vendor/SuperCache

----------------------------------------------------------------------


---------- Date: 2026-03-28 20:56:37 ~ IP : 185.179.188.62 ----------
REQUEST URI : /podmotka-spidometra-uaz-profi/
MOD DETAILS:
   modFile   : /home/canmotalka/web/can-motalka.ru/public_html/vqmod/xml/lightning.xml
   id        : OpenCart Lightning
   version   : 3.37
   vqmver    : 
   author    : MaxD http://devs.mx

File Name    : system/library/cache.php(0)
VQModObject::applyMod - SEARCH NOT FOUND (SKIPPED): if (is_file(DIR_SYSTEM . 'library/journal3/vendor/SuperCache

----------------------------------------------------------------------


---------- Date: 2026-03-28 20:56:56 ~ IP : 185.179.188.62 ----------
REQUEST URI : /podmotka-spidometra-henday-sonata-8/
MOD DETAILS:
   modFile   : /home/canmotalka/web/can-motalka.ru/public_html/vqmod/xml/lightning.xml
   id        : OpenCart Lightning
   version   : 3.37
   vqmver    : 
   author    : MaxD http://devs.mx

File Name    : system/library/cache.php(0)
VQModObject::applyMod - SEARCH NOT FOUND (SKIPPED): if (is_file(DIR_SYSTEM . 'library/journal3/vendor/SuperCache

----------------------------------------------------------------------


---------- Date: 2026-03-28 20:56:57 ~ IP : 185.179.188.62 ----------
REQUEST URI : /otzyvy/
MOD DETAILS:
   modFile   : /home/canmotalka/web/can-motalka.ru/public_html/vqmod/xml/lightning.xml
   id        : OpenCart Lightning
   version   : 3.37
   vqmver    : 
   author    : MaxD http://devs.mx

File Name    : system/library/cache.php(0)
VQModObject::applyMod - SEARCH NOT FOUND (SKIPPED): if (is_file(DIR_SYSTEM . 'library/journal3/vendor/SuperCache

----------------------------------------------------------------------


---------- Date: 2026-03-28 20:57:26 ~ IP : 185.179.188.62 ----------
REQUEST URI : /motalki/chevrolet/
MOD DETAILS:
   modFile   : /home/canmotalka/web/can-motalka.ru/public_html/vqmod/xml/lightning.xml
   id        : OpenCart Lightning
   version   : 3.37
   vqmver    : 
   author    : MaxD http://devs.mx

File Name    : system/library/cache.php(0)
VQModObject::applyMod - SEARCH NOT FOUND (SKIPPED): if (is_file(DIR_SYSTEM . 'library/journal3/vendor/SuperCache

----------------------------------------------------------------------


---------- Date: 2026-03-28 20:58:23 ~ IP : 185.179.188.62 ----------
REQUEST URI : /podmotka-spidometra-niva-travel/
MOD DETAILS:
   modFile   : /home/canmotalka/web/can-motalka.ru/public_html/vqmod/xml/lightning.xml
   id        : OpenCart Lightning
   version   : 3.37
   vqmver    : 
   author    : MaxD http://devs.mx

File Name    : system/library/cache.php(0)
VQModObject::applyMod - SEARCH NOT FOUND (SKIPPED): if (is_file(DIR_SYSTEM . 'library/journal3/vendor/SuperCache

----------------------------------------------------------------------


---------- Date: 2026-03-28 20:59:07 ~ IP : 185.179.188.62 ----------
REQUEST URI : /.well-known/traffic-advice
MOD DETAILS:
   modFile   : /home/canmotalka/web/can-motalka.ru/public_html/vqmod/xml/lightning.xml
   id        : OpenCart Lightning
   version   : 3.37
   vqmver    : 
   author    : MaxD http://devs.mx

File Name    : system/library/cache.php(0)
VQModObject::applyMod - SEARCH NOT FOUND (SKIPPED): if (is_file(DIR_SYSTEM . 'library/journal3/vendor/SuperCache

----------------------------------------------------------------------


---------- Date: 2026-03-28 20:59:08 ~ IP : 185.179.188.62 ----------
REQUEST URI : /patriot_re/
MOD DETAILS:
   modFile   : /home/canmotalka/web/can-motalka.ru/public_html/vqmod/xml/lightning.xml
   id        : OpenCart Lightning
   version   : 3.37
   vqmver    : 
   author    : MaxD http://devs.mx

File Name    : system/library/cache.php(0)
VQModObject::applyMod - SEARCH NOT FOUND (SKIPPED): if (is_file(DIR_SYSTEM . 'library/journal3/vendor/SuperCache

----------------------------------------------------------------------


---------- Date: 2026-03-28 21:01:05 ~ IP : 185.179.188.62 ----------
REQUEST URI : /patriot_re/
MOD DETAILS:
   modFile   : /home/canmotalka/web/can-motalka.ru/public_html/vqmod/xml/lightning.xml
   id        : OpenCart Lightning
   version   : 3.37
   vqmver    : 
   author    : MaxD http://devs.mx

File Name    : system/library/cache.php(0)
VQModObject::applyMod - SEARCH NOT FOUND (SKIPPED): if (is_file(DIR_SYSTEM . 'library/journal3/vendor/SuperCache

----------------------------------------------------------------------


---------- Date: 2026-03-28 21:03:14 ~ IP : 185.179.188.62 ----------
REQUEST URI : /podmotka-spidometra-henday-sonata-8/
MOD DETAILS:
   modFile   : /home/canmotalka/web/can-motalka.ru/public_html/vqmod/xml/lightning.xml
   id        : OpenCart Lightning
   version   : 3.37
   vqmver    : 
   author    : MaxD http://devs.mx

File Name    : system/library/cache.php(0)
VQModObject::applyMod - SEARCH NOT FOUND (SKIPPED): if (is_file(DIR_SYSTEM . 'library/journal3/vendor/SuperCache

----------------------------------------------------------------------


---------- Date: 2026-03-28 21:03:15 ~ IP : 185.179.188.62 ----------
REQUEST URI : /otzyvy/
MOD DETAILS:
   modFile   : /home/canmotalka/web/can-motalka.ru/public_html/vqmod/xml/lightning.xml
   id        : OpenCart Lightning
   version   : 3.37
   vqmver    : 
   author    : MaxD http://devs.mx

File Name    : system/library/cache.php(0)
VQModObject::applyMod - SEARCH NOT FOUND (SKIPPED): if (is_file(DIR_SYSTEM . 'library/journal3/vendor/SuperCache

----------------------------------------------------------------------


---------- Date: 2026-03-28 21:05:52 ~ IP : 185.179.188.62 ----------
REQUEST URI : //wp-includes/wlwmanifest.xml
MOD DETAILS:
   modFile   : /home/canmotalka/web/can-motalka.ru/public_html/vqmod/xml/lightning.xml
   id        : OpenCart Lightning
   version   : 3.37
   vqmver    : 
   author    : MaxD http://devs.mx

File Name    : system/library/cache.php(0)
VQModObject::applyMod - SEARCH NOT FOUND (SKIPPED): if (is_file(DIR_SYSTEM . 'library/journal3/vendor/SuperCache

----------------------------------------------------------------------


---------- Date: 2026-03-28 21:05:52 ~ IP : 185.179.188.62 ----------
REQUEST URI : //xmlrpc.php?rsd
MOD DETAILS:
   modFile   : /home/canmotalka/web/can-motalka.ru/public_html/vqmod/xml/lightning.xml
   id        : OpenCart Lightning
   version   : 3.37
   vqmver    : 
   author    : MaxD http://devs.mx

File Name    : system/library/cache.php(0)
VQModObject::applyMod - SEARCH NOT FOUND (SKIPPED): if (is_file(DIR_SYSTEM . 'library/journal3/vendor/SuperCache

----------------------------------------------------------------------


---------- Date: 2026-03-28 21:05:53 ~ IP : 185.179.188.62 ----------
REQUEST URI : //blog/wp-includes/wlwmanifest.xml
MOD DETAILS:
   modFile   : /home/canmotalka/web/can-motalka.ru/public_html/vqmod/xml/lightning.xml
   id        : OpenCart Lightning
   version   : 3.37
   vqmver    : 
   author    : MaxD http://devs.mx

File Name    : system/library/cache.php(0)
VQModObject::applyMod - SEARCH NOT FOUND (SKIPPED): if (is_file(DIR_SYSTEM . 'library/journal3/vendor/SuperCache

----------------------------------------------------------------------


---------- Date: 2026-03-28 21:05:54 ~ IP : 185.179.188.62 ----------
REQUEST URI : //web/wp-includes/wlwmanifest.xml
MOD DETAILS:
   modFile   : /home/canmotalka/web/can-motalka.ru/public_html/vqmod/xml/lightning.xml
   id        : OpenCart Lightning
   version   : 3.37
   vqmver    : 
   author    : MaxD http://devs.mx

File Name    : system/library/cache.php(0)
VQModObject::applyMod - SEARCH NOT FOUND (SKIPPED): if (is_file(DIR_SYSTEM . 'library/journal3/vendor/SuperCache

----------------------------------------------------------------------


---------- Date: 2026-03-28 21:05:54 ~ IP : 185.179.188.62 ----------
REQUEST URI : //wordpress/wp-includes/wlwmanifest.xml
MOD DETAILS:
   modFile   : /home/canmotalka/web/can-motalka.ru/public_html/vqmod/xml/lightning.xml
   id        : OpenCart Lightning
   version   : 3.37
   vqmver    : 
   author    : MaxD http://devs.mx

File Name    : system/library/cache.php(0)
VQModObject::applyMod - SEARCH NOT FOUND (SKIPPED): if (is_file(DIR_SYSTEM . 'library/journal3/vendor/SuperCache

----------------------------------------------------------------------


---------- Date: 2026-03-28 21:05:54 ~ IP : 185.179.188.62 ----------
REQUEST URI : //website/wp-includes/wlwmanifest.xml
MOD DETAILS:
   modFile   : /home/canmotalka/web/can-motalka.ru/public_html/vqmod/xml/lightning.xml
   id        : OpenCart Lightning
   version   : 3.37
   vqmver    : 
   author    : MaxD http://devs.mx

File Name    : system/library/cache.php(0)
VQModObject::applyMod - SEARCH NOT FOUND (SKIPPED): if (is_file(DIR_SYSTEM . 'library/journal3/vendor/SuperCache

----------------------------------------------------------------------


---------- Date: 2026-03-28 21:05:55 ~ IP : 185.179.188.62 ----------
REQUEST URI : //wp/wp-includes/wlwmanifest.xml
MOD DETAILS:
   modFile   : /home/canmotalka/web/can-motalka.ru/public_html/vqmod/xml/lightning.xml
   id        : OpenCart Lightning
   version   : 3.37
   vqmver    : 
   author    : MaxD http://devs.mx

File Name    : system/library/cache.php(0)
VQModObject::applyMod - SEARCH NOT FOUND (SKIPPED): if (is_file(DIR_SYSTEM . 'library/journal3/vendor/SuperCache

----------------------------------------------------------------------


---------- Date: 2026-03-28 21:05:55 ~ IP : 185.179.188.62 ----------
REQUEST URI : //news/wp-includes/wlwmanifest.xml
MOD DETAILS:
   modFile   : /home/canmotalka/web/can-motalka.ru/public_html/vqmod/xml/lightning.xml
   id        : OpenCart Lightning
   version   : 3.37
   vqmver    : 
   author    : MaxD http://devs.mx

File Name    : system/library/cache.php(0)
VQModObject::applyMod - SEARCH NOT FOUND (SKIPPED): if (is_file(DIR_SYSTEM . 'library/journal3/vendor/SuperCache

----------------------------------------------------------------------


---------- Date: 2026-03-28 21:05:56 ~ IP : 185.179.188.62 ----------
REQUEST URI : //2020/wp-includes/wlwmanifest.xml
MOD DETAILS:
   modFile   : /home/canmotalka/web/can-motalka.ru/public_html/vqmod/xml/lightning.xml
   id        : OpenCart Lightning
   version   : 3.37
   vqmver    : 
   author    : MaxD http://devs.mx

File Name    : system/library/cache.php(0)
VQModObject::applyMod - SEARCH NOT FOUND (SKIPPED): if (is_file(DIR_SYSTEM . 'library/journal3/vendor/SuperCache

----------------------------------------------------------------------


---------- Date: 2026-03-28 21:05:56 ~ IP : 185.179.188.62 ----------
REQUEST URI : //2019/wp-includes/wlwmanifest.xml
MOD DETAILS:
   modFile   : /home/canmotalka/web/can-motalka.ru/public_html/vqmod/xml/lightning.xml
   id        : OpenCart Lightning
   version   : 3.37
   vqmver    : 
   author    : MaxD http://devs.mx

File Name    : system/library/cache.php(0)
VQModObject::applyMod - SEARCH NOT FOUND (SKIPPED): if (is_file(DIR_SYSTEM . 'library/journal3/vendor/SuperCache

----------------------------------------------------------------------


---------- Date: 2026-03-28 21:05:56 ~ IP : 185.179.188.62 ----------
REQUEST URI : //shop/wp-includes/wlwmanifest.xml
MOD DETAILS:
   modFile   : /home/canmotalka/web/can-motalka.ru/public_html/vqmod/xml/lightning.xml
   id        : OpenCart Lightning
   version   : 3.37
   vqmver    : 
   author    : MaxD http://devs.mx

File Name    : system/library/cache.php(0)
VQModObject::applyMod - SEARCH NOT FOUND (SKIPPED): if (is_file(DIR_SYSTEM . 'library/journal3/vendor/SuperCache

----------------------------------------------------------------------


---------- Date: 2026-03-28 21:05:57 ~ IP : 185.179.188.62 ----------
REQUEST URI : //wp1/wp-includes/wlwmanifest.xml
MOD DETAILS:
   modFile   : /home/canmotalka/web/can-motalka.ru/public_html/vqmod/xml/lightning.xml
   id        : OpenCart Lightning
   version   : 3.37
   vqmver    : 
   author    : MaxD http://devs.mx

File Name    : system/library/cache.php(0)
VQModObject::applyMod - SEARCH NOT FOUND (SKIPPED): if (is_file(DIR_SYSTEM . 'library/journal3/vendor/SuperCache

----------------------------------------------------------------------


---------- Date: 2026-03-28 21:05:57 ~ IP : 185.179.188.62 ----------
REQUEST URI : //test/wp-includes/wlwmanifest.xml
MOD DETAILS:
   modFile   : /home/canmotalka/web/can-motalka.ru/public_html/vqmod/xml/lightning.xml
   id        : OpenCart Lightning
   version   : 3.37
   vqmver    : 
   author    : MaxD http://devs.mx

File Name    : system/library/cache.php(0)
VQModObject::applyMod - SEARCH NOT FOUND (SKIPPED): if (is_file(DIR_SYSTEM . 'library/journal3/vendor/SuperCache

----------------------------------------------------------------------


---------- Date: 2026-03-28 21:05:58 ~ IP : 185.179.188.62 ----------
REQUEST URI : //wp2/wp-includes/wlwmanifest.xml
MOD DETAILS:
   modFile   : /home/canmotalka/web/can-motalka.ru/public_html/vqmod/xml/lightning.xml
   id        : OpenCart Lightning
   version   : 3.37
   vqmver    : 
   author    : MaxD http://devs.mx

File Name    : system/library/cache.php(0)
VQModObject::applyMod - SEARCH NOT FOUND (SKIPPED): if (is_file(DIR_SYSTEM . 'library/journal3/vendor/SuperCache

----------------------------------------------------------------------


---------- Date: 2026-03-28 21:05:58 ~ IP : 185.179.188.62 ----------
REQUEST URI : //site/wp-includes/wlwmanifest.xml
MOD DETAILS:
   modFile   : /home/canmotalka/web/can-motalka.ru/public_html/vqmod/xml/lightning.xml
   id        : OpenCart Lightning
   version   : 3.37
   vqmver    : 
   author    : MaxD http://devs.mx

File Name    : system/library/cache.php(0)
VQModObject::applyMod - SEARCH NOT FOUND (SKIPPED): if (is_file(DIR_SYSTEM . 'library/journal3/vendor/SuperCache

----------------------------------------------------------------------


---------- Date: 2026-03-28 21:05:58 ~ IP : 185.179.188.62 ----------
REQUEST URI : //cms/wp-includes/wlwmanifest.xml
MOD DETAILS:
   modFile   : /home/canmotalka/web/can-motalka.ru/public_html/vqmod/xml/lightning.xml
   id        : OpenCart Lightning
   version   : 3.37
   vqmver    : 
   author    : MaxD http://devs.mx

File Name    : system/library/cache.php(0)
VQModObject::applyMod - SEARCH NOT FOUND (SKIPPED): if (is_file(DIR_SYSTEM . 'library/journal3/vendor/SuperCache

----------------------------------------------------------------------


---------- Date: 2026-03-28 21:05:59 ~ IP : 185.179.188.62 ----------
REQUEST URI : //sito/wp-includes/wlwmanifest.xml
MOD DETAILS:
   modFile   : /home/canmotalka/web/can-motalka.ru/public_html/vqmod/xml/lightning.xml
   id        : OpenCart Lightning
   version   : 3.37
   vqmver    : 
   author    : MaxD http://devs.mx

File Name    : system/library/cache.php(0)
VQModObject::applyMod - SEARCH NOT FOUND (SKIPPED): if (is_file(DIR_SYSTEM . 'library/journal3/vendor/SuperCache

----------------------------------------------------------------------


---------- Date: 2026-03-28 21:08:44 ~ IP : 185.179.188.62 ----------
REQUEST URI : /sitemap.xml
MOD DETAILS:
   modFile   : /home/canmotalka/web/can-motalka.ru/public_html/vqmod/xml/lightning.xml
   id        : OpenCart Lightning
   version   : 3.37
   vqmver    : 
   author    : MaxD http://devs.mx

File Name    : system/library/cache.php(0)
VQModObject::applyMod - SEARCH NOT FOUND (SKIPPED): if (is_file(DIR_SYSTEM . 'library/journal3/vendor/SuperCache

----------------------------------------------------------------------


---------- Date: 2026-03-28 21:08:45 ~ IP : 185.179.188.62 ----------
REQUEST URI : /index.php?route=feed/google_sitemap_fast
MOD DETAILS:
   modFile   : /home/canmotalka/web/can-motalka.ru/public_html/vqmod/xml/lightning.xml
   id        : OpenCart Lightning
   version   : 3.37
   vqmver    : 
   author    : MaxD http://devs.mx

File Name    : system/library/cache.php(0)
VQModObject::applyMod - SEARCH NOT FOUND (SKIPPED): if (is_file(DIR_SYSTEM . 'library/journal3/vendor/SuperCache

----------------------------------------------------------------------


---------- Date: 2026-03-28 21:11:01 ~ IP : 185.179.188.62 ----------
REQUEST URI : /instrukciya-lada-granta-2021/
MOD DETAILS:
   modFile   : /home/canmotalka/web/can-motalka.ru/public_html/vqmod/xml/lightning.xml
   id        : OpenCart Lightning
   version   : 3.37
   vqmver    : 
   author    : MaxD http://devs.mx

File Name    : system/library/cache.php(0)
VQModObject::applyMod - SEARCH NOT FOUND (SKIPPED): if (is_file(DIR_SYSTEM . 'library/journal3/vendor/SuperCache

----------------------------------------------------------------------


---------- Date: 2026-03-28 21:17:27 ~ IP : 185.179.188.62 ----------
REQUEST URI : /404.php
MOD DETAILS:
   modFile   : /home/canmotalka/web/can-motalka.ru/public_html/vqmod/xml/lightning.xml
   id        : OpenCart Lightning
   version   : 3.37
   vqmver    : 
   author    : MaxD http://devs.mx

File Name    : system/library/cache.php(0)
VQModObject::applyMod - SEARCH NOT FOUND (SKIPPED): if (is_file(DIR_SYSTEM . 'library/journal3/vendor/SuperCache

----------------------------------------------------------------------


---------- Date: 2026-03-28 21:17:31 ~ IP : 185.179.188.62 ----------
REQUEST URI : /users.php
MOD DETAILS:
   modFile   : /home/canmotalka/web/can-motalka.ru/public_html/vqmod/xml/lightning.xml
   id        : OpenCart Lightning
   version   : 3.37
   vqmver    : 
   author    : MaxD http://devs.mx

File Name    : system/library/cache.php(0)
VQModObject::applyMod - SEARCH NOT FOUND (SKIPPED): if (is_file(DIR_SYSTEM . 'library/journal3/vendor/SuperCache

----------------------------------------------------------------------


---------- Date: 2026-03-28 21:17:35 ~ IP : 185.179.188.62 ----------
REQUEST URI : /classwithtostring.php
MOD DETAILS:
   modFile   : /home/canmotalka/web/can-motalka.ru/public_html/vqmod/xml/lightning.xml
   id        : OpenCart Lightning
   version   : 3.37
   vqmver    : 
   author    : MaxD http://devs.mx

File Name    : system/library/cache.php(0)
VQModObject::applyMod - SEARCH NOT FOUND (SKIPPED): if (is_file(DIR_SYSTEM . 'library/journal3/vendor/SuperCache

----------------------------------------------------------------------


---------- Date: 2026-03-28 21:17:38 ~ IP : 185.179.188.62 ----------
REQUEST URI : /wp-head.php
MOD DETAILS:
   modFile   : /home/canmotalka/web/can-motalka.ru/public_html/vqmod/xml/lightning.xml
   id        : OpenCart Lightning
   version   : 3.37
   vqmver    : 
   author    : MaxD http://devs.mx

File Name    : system/library/cache.php(0)
VQModObject::applyMod - SEARCH NOT FOUND (SKIPPED): if (is_file(DIR_SYSTEM . 'library/journal3/vendor/SuperCache

----------------------------------------------------------------------


---------- Date: 2026-03-28 21:17:43 ~ IP : 185.179.188.62 ----------
REQUEST URI : /admin.php
MOD DETAILS:
   modFile   : /home/canmotalka/web/can-motalka.ru/public_html/vqmod/xml/lightning.xml
   id        : OpenCart Lightning
   version   : 3.37
   vqmver    : 
   author    : MaxD http://devs.mx

File Name    : system/library/cache.php(0)
VQModObject::applyMod - SEARCH NOT FOUND (SKIPPED): if (is_file(DIR_SYSTEM . 'library/journal3/vendor/SuperCache

----------------------------------------------------------------------


---------- Date: 2026-03-28 21:17:46 ~ IP : 185.179.188.62 ----------
REQUEST URI : /about.php
MOD DETAILS:
   modFile   : /home/canmotalka/web/can-motalka.ru/public_html/vqmod/xml/lightning.xml
   id        : OpenCart Lightning
   version   : 3.37
   vqmver    : 
   author    : MaxD http://devs.mx

File Name    : system/library/cache.php(0)
VQModObject::applyMod - SEARCH NOT FOUND (SKIPPED): if (is_file(DIR_SYSTEM . 'library/journal3/vendor/SuperCache

----------------------------------------------------------------------


---------- Date: 2026-03-28 21:17:50 ~ IP : 185.179.188.62 ----------
REQUEST URI : /dropdown.php
MOD DETAILS:
   modFile   : /home/canmotalka/web/can-motalka.ru/public_html/vqmod/xml/lightning.xml
   id        : OpenCart Lightning
   version   : 3.37
   vqmver    : 
   author    : MaxD http://devs.mx

File Name    : system/library/cache.php(0)
VQModObject::applyMod - SEARCH NOT FOUND (SKIPPED): if (is_file(DIR_SYSTEM . 'library/journal3/vendor/SuperCache

----------------------------------------------------------------------


---------- Date: 2026-03-28 21:17:55 ~ IP : 185.179.188.62 ----------
REQUEST URI : /wp-header.php
MOD DETAILS:
   modFile   : /home/canmotalka/web/can-motalka.ru/public_html/vqmod/xml/lightning.xml
   id        : OpenCart Lightning
   version   : 3.37
   vqmver    : 
   author    : MaxD http://devs.mx

File Name    : system/library/cache.php(0)
VQModObject::applyMod - SEARCH NOT FOUND (SKIPPED): if (is_file(DIR_SYSTEM . 'library/journal3/vendor/SuperCache

----------------------------------------------------------------------


---------- Date: 2026-03-28 21:17:59 ~ IP : 185.179.188.62 ----------
REQUEST URI : /alfanew.php
MOD DETAILS:
   modFile   : /home/canmotalka/web/can-motalka.ru/public_html/vqmod/xml/lightning.xml
   id        : OpenCart Lightning
   version   : 3.37
   vqmver    : 
   author    : MaxD http://devs.mx

File Name    : system/library/cache.php(0)
VQModObject::applyMod - SEARCH NOT FOUND (SKIPPED): if (is_file(DIR_SYSTEM . 'library/journal3/vendor/SuperCache

----------------------------------------------------------------------


---------- Date: 2026-03-28 21:18:04 ~ IP : 185.179.188.62 ----------
REQUEST URI : /radio.php
MOD DETAILS:
   modFile   : /home/canmotalka/web/can-motalka.ru/public_html/vqmod/xml/lightning.xml
   id        : OpenCart Lightning
   version   : 3.37
   vqmver    : 
   author    : MaxD http://devs.mx

File Name    : system/library/cache.php(0)
VQModObject::applyMod - SEARCH NOT FOUND (SKIPPED): if (is_file(DIR_SYSTEM . 'library/journal3/vendor/SuperCache

----------------------------------------------------------------------


---------- Date: 2026-03-28 21:18:08 ~ IP : 185.179.188.62 ----------
REQUEST URI : /simple.php
MOD DETAILS:
   modFile   : /home/canmotalka/web/can-motalka.ru/public_html/vqmod/xml/lightning.xml
   id        : OpenCart Lightning
   version   : 3.37
   vqmver    : 
   author    : MaxD http://devs.mx

File Name    : system/library/cache.php(0)
VQModObject::applyMod - SEARCH NOT FOUND (SKIPPED): if (is_file(DIR_SYSTEM . 'library/journal3/vendor/SuperCache

----------------------------------------------------------------------


---------- Date: 2026-03-28 21:18:13 ~ IP : 185.179.188.62 ----------
REQUEST URI : /cong.php
MOD DETAILS:
   modFile   : /home/canmotalka/web/can-motalka.ru/public_html/vqmod/xml/lightning.xml
   id        : OpenCart Lightning
   version   : 3.37
   vqmver    : 
   author    : MaxD http://devs.mx

File Name    : system/library/cache.php(0)
VQModObject::applyMod - SEARCH NOT FOUND (SKIPPED): if (is_file(DIR_SYSTEM . 'library/journal3/vendor/SuperCache

----------------------------------------------------------------------


---------- Date: 2026-03-28 21:18:16 ~ IP : 185.179.188.62 ----------
REQUEST URI : /options.php
MOD DETAILS:
   modFile   : /home/canmotalka/web/can-motalka.ru/public_html/vqmod/xml/lightning.xml
   id        : OpenCart Lightning
   version   : 3.37
   vqmver    : 
   author    : MaxD http://devs.mx

File Name    : system/library/cache.php(0)
VQModObject::applyMod - SEARCH NOT FOUND (SKIPPED): if (is_file(DIR_SYSTEM . 'library/journal3/vendor/SuperCache

----------------------------------------------------------------------


---------- Date: 2026-03-28 21:18:19 ~ IP : 185.179.188.62 ----------
REQUEST URI : /alfa-rex.php
MOD DETAILS:
   modFile   : /home/canmotalka/web/can-motalka.ru/public_html/vqmod/xml/lightning.xml
   id        : OpenCart Lightning
   version   : 3.37
   vqmver    : 
   author    : MaxD http://devs.mx

File Name    : system/library/cache.php(0)
VQModObject::applyMod - SEARCH NOT FOUND (SKIPPED): if (is_file(DIR_SYSTEM . 'library/journal3/vendor/SuperCache

----------------------------------------------------------------------


---------- Date: 2026-03-28 21:18:22 ~ IP : 185.179.188.62 ----------
REQUEST URI : /wp-content/index.php?x=ooo
MOD DETAILS:
   modFile   : /home/canmotalka/web/can-motalka.ru/public_html/vqmod/xml/lightning.xml
   id        : OpenCart Lightning
   version   : 3.37
   vqmver    : 
   author    : MaxD http://devs.mx

File Name    : system/library/cache.php(0)
VQModObject::applyMod - SEARCH NOT FOUND (SKIPPED): if (is_file(DIR_SYSTEM . 'library/journal3/vendor/SuperCache

----------------------------------------------------------------------


---------- Date: 2026-03-28 21:18:27 ~ IP : 185.179.188.62 ----------
REQUEST URI : /wp-admin/options.php
MOD DETAILS:
   modFile   : /home/canmotalka/web/can-motalka.ru/public_html/vqmod/xml/lightning.xml
   id        : OpenCart Lightning
   version   : 3.37
   vqmver    : 
   author    : MaxD http://devs.mx

File Name    : system/library/cache.php(0)
VQModObject::applyMod - SEARCH NOT FOUND (SKIPPED): if (is_file(DIR_SYSTEM . 'library/journal3/vendor/SuperCache

----------------------------------------------------------------------


---------- Date: 2026-03-28 21:18:32 ~ IP : 185.179.188.62 ----------
REQUEST URI : /wp-content/plugins/fix/up.php
MOD DETAILS:
   modFile   : /home/canmotalka/web/can-motalka.ru/public_html/vqmod/xml/lightning.xml
   id        : OpenCart Lightning
   version   : 3.37
   vqmver    : 
   author    : MaxD http://devs.mx

File Name    : system/library/cache.php(0)
VQModObject::applyMod - SEARCH NOT FOUND (SKIPPED): if (is_file(DIR_SYSTEM . 'library/journal3/vendor/SuperCache

----------------------------------------------------------------------


---------- Date: 2026-03-28 21:18:40 ~ IP : 185.179.188.62 ----------
REQUEST URI : /manual-podmotka-toyota-camry-corolla-tlc-rav4/
MOD DETAILS:
   modFile   : /home/canmotalka/web/can-motalka.ru/public_html/vqmod/xml/lightning.xml
   id        : OpenCart Lightning
   version   : 3.37
   vqmver    : 
   author    : MaxD http://devs.mx

File Name    : system/library/cache.php(0)
VQModObject::applyMod - SEARCH NOT FOUND (SKIPPED): if (is_file(DIR_SYSTEM . 'library/journal3/vendor/SuperCache

----------------------------------------------------------------------


---------- Date: 2026-03-28 21:18:40 ~ IP : 185.179.188.62 ----------
REQUEST URI : /index.php?route=module/popupcart_extended
MOD DETAILS:
   modFile   : /home/canmotalka/web/can-motalka.ru/public_html/vqmod/xml/lightning.xml
   id        : OpenCart Lightning
   version   : 3.37
   vqmver    : 
   author    : MaxD http://devs.mx

File Name    : system/library/cache.php(0)
VQModObject::applyMod - SEARCH NOT FOUND (SKIPPED): if (is_file(DIR_SYSTEM . 'library/journal3/vendor/SuperCache

----------------------------------------------------------------------


---------- Date: 2026-03-28 21:21:44 ~ IP : 185.179.188.62 ----------
REQUEST URI : /contact/
MOD DETAILS:
   modFile   : /home/canmotalka/web/can-motalka.ru/public_html/vqmod/xml/lightning.xml
   id        : OpenCart Lightning
   version   : 3.37
   vqmver    : 
   author    : MaxD http://devs.mx

File Name    : system/library/cache.php(0)
VQModObject::applyMod - SEARCH NOT FOUND (SKIPPED): if (is_file(DIR_SYSTEM . 'library/journal3/vendor/SuperCache

----------------------------------------------------------------------


---------- Date: 2026-03-28 21:25:38 ~ IP : 185.179.188.62 ----------
REQUEST URI : /manuals
MOD DETAILS:
   modFile   : /home/canmotalka/web/can-motalka.ru/public_html/vqmod/xml/lightning.xml
   id        : OpenCart Lightning
   version   : 3.37
   vqmver    : 
   author    : MaxD http://devs.mx

File Name    : system/library/cache.php(0)
VQModObject::applyMod - SEARCH NOT FOUND (SKIPPED): if (is_file(DIR_SYSTEM . 'library/journal3/vendor/SuperCache

----------------------------------------------------------------------


---------- Date: 2026-03-28 21:27:29 ~ IP : 185.179.188.62 ----------
REQUEST URI : /sitemap.xml
MOD DETAILS:
   modFile   : /home/canmotalka/web/can-motalka.ru/public_html/vqmod/xml/lightning.xml
   id        : OpenCart Lightning
   version   : 3.37
   vqmver    : 
   author    : MaxD http://devs.mx

File Name    : system/library/cache.php(0)
VQModObject::applyMod - SEARCH NOT FOUND (SKIPPED): if (is_file(DIR_SYSTEM . 'library/journal3/vendor/SuperCache

----------------------------------------------------------------------


---------- Date: 2026-03-28 21:34:39 ~ IP : 185.179.188.62 ----------
REQUEST URI : /index.php?route=module/popupcart_extended
MOD DETAILS:
   modFile   : /home/canmotalka/web/can-motalka.ru/public_html/vqmod/xml/lightning.xml
   id        : OpenCart Lightning
   version   : 3.37
   vqmver    : 
   author    : MaxD http://devs.mx

File Name    : system/library/cache.php(0)
VQModObject::applyMod - SEARCH NOT FOUND (SKIPPED): if (is_file(DIR_SYSTEM . 'library/journal3/vendor/SuperCache

----------------------------------------------------------------------


---------- Date: 2026-03-28 21:35:00 ~ IP : 185.179.188.62 ----------
REQUEST URI : /index.php?route=module/popupcart_extended
MOD DETAILS:
   modFile   : /home/canmotalka/web/can-motalka.ru/public_html/vqmod/xml/lightning.xml
   id        : OpenCart Lightning
   version   : 3.37
   vqmver    : 
   author    : MaxD http://devs.mx

File Name    : system/library/cache.php(0)
VQModObject::applyMod - SEARCH NOT FOUND (SKIPPED): if (is_file(DIR_SYSTEM . 'library/journal3/vendor/SuperCache

----------------------------------------------------------------------


---------- Date: 2026-03-28 21:36:24 ~ IP : 185.179.188.62 ----------
REQUEST URI : /index.php?route=module/popupcart_extended
MOD DETAILS:
   modFile   : /home/canmotalka/web/can-motalka.ru/public_html/vqmod/xml/lightning.xml
   id        : OpenCart Lightning
   version   : 3.37
   vqmver    : 
   author    : MaxD http://devs.mx

File Name    : system/library/cache.php(0)
VQModObject::applyMod - SEARCH NOT FOUND (SKIPPED): if (is_file(DIR_SYSTEM . 'library/journal3/vendor/SuperCache

----------------------------------------------------------------------


---------- Date: 2026-03-28 21:36:53 ~ IP : 185.179.188.62 ----------
REQUEST URI : /setting_php/zdorovie-soveti/323-viagra-gel-deshevo-chaykovskiy/
MOD DETAILS:
   modFile   : /home/canmotalka/web/can-motalka.ru/public_html/vqmod/xml/lightning.xml
   id        : OpenCart Lightning
   version   : 3.37
   vqmver    : 
   author    : MaxD http://devs.mx

File Name    : system/library/cache.php(0)
VQModObject::applyMod - SEARCH NOT FOUND (SKIPPED): if (is_file(DIR_SYSTEM . 'library/journal3/vendor/SuperCache

----------------------------------------------------------------------


---------- Date: 2026-03-28 21:36:57 ~ IP : 185.179.188.62 ----------
REQUEST URI : /index.php?route=module/popupcart_extended
MOD DETAILS:
   modFile   : /home/canmotalka/web/can-motalka.ru/public_html/vqmod/xml/lightning.xml
   id        : OpenCart Lightning
   version   : 3.37
   vqmver    : 
   author    : MaxD http://devs.mx

File Name    : system/library/cache.php(0)
VQModObject::applyMod - SEARCH NOT FOUND (SKIPPED): if (is_file(DIR_SYSTEM . 'library/journal3/vendor/SuperCache

----------------------------------------------------------------------


---------- Date: 2026-03-28 21:37:45 ~ IP : 185.179.188.62 ----------
REQUEST URI : /setting_php/zdorovie-soveti/323-viagra-gel-deshevo-chaykovskiy/
MOD DETAILS:
   modFile   : /home/canmotalka/web/can-motalka.ru/public_html/vqmod/xml/lightning.xml
   id        : OpenCart Lightning
   version   : 3.37
   vqmver    : 
   author    : MaxD http://devs.mx

File Name    : system/library/cache.php(0)
VQModObject::applyMod - SEARCH NOT FOUND (SKIPPED): if (is_file(DIR_SYSTEM . 'library/journal3/vendor/SuperCache

----------------------------------------------------------------------


---------- Date: 2026-03-28 21:39:32 ~ IP : 185.179.188.62 ----------
REQUEST URI : /podmotka_uaz_re/?ysclid=mnaocrgfpm807863572
MOD DETAILS:
   modFile   : /home/canmotalka/web/can-motalka.ru/public_html/vqmod/xml/lightning.xml
   id        : OpenCart Lightning
   version   : 3.37
   vqmver    : 
   author    : MaxD http://devs.mx

File Name    : system/library/cache.php(0)
VQModObject::applyMod - SEARCH NOT FOUND (SKIPPED): if (is_file(DIR_SYSTEM . 'library/journal3/vendor/SuperCache

----------------------------------------------------------------------


---------- Date: 2026-03-28 21:39:32 ~ IP : 185.179.188.62 ----------
REQUEST URI : /podmotka_uaz_re/
MOD DETAILS:
   modFile   : /home/canmotalka/web/can-motalka.ru/public_html/vqmod/xml/lightning.xml
   id        : OpenCart Lightning
   version   : 3.37
   vqmver    : 
   author    : MaxD http://devs.mx

File Name    : system/library/cache.php(0)
VQModObject::applyMod - SEARCH NOT FOUND (SKIPPED): if (is_file(DIR_SYSTEM . 'library/journal3/vendor/SuperCache

----------------------------------------------------------------------


---------- Date: 2026-03-28 21:39:34 ~ IP : 185.179.188.62 ----------
REQUEST URI : /index.php?route=module/popupcart_extended
MOD DETAILS:
   modFile   : /home/canmotalka/web/can-motalka.ru/public_html/vqmod/xml/lightning.xml
   id        : OpenCart Lightning
   version   : 3.37
   vqmver    : 
   author    : MaxD http://devs.mx

File Name    : system/library/cache.php(0)
VQModObject::applyMod - SEARCH NOT FOUND (SKIPPED): if (is_file(DIR_SYSTEM . 'library/journal3/vendor/SuperCache

----------------------------------------------------------------------


---------- Date: 2026-03-28 21:41:00 ~ IP : 185.179.188.62 ----------
REQUEST URI : /manuals/
MOD DETAILS:
   modFile   : /home/canmotalka/web/can-motalka.ru/public_html/vqmod/xml/lightning.xml
   id        : OpenCart Lightning
   version   : 3.37
   vqmver    : 
   author    : MaxD http://devs.mx

File Name    : system/library/cache.php(0)
VQModObject::applyMod - SEARCH NOT FOUND (SKIPPED): if (is_file(DIR_SYSTEM . 'library/journal3/vendor/SuperCache

----------------------------------------------------------------------


---------- Date: 2026-03-28 21:41:01 ~ IP : 185.179.188.62 ----------
REQUEST URI : /index.php?route=module/popupcart_extended
MOD DETAILS:
   modFile   : /home/canmotalka/web/can-motalka.ru/public_html/vqmod/xml/lightning.xml
   id        : OpenCart Lightning
   version   : 3.37
   vqmver    : 
   author    : MaxD http://devs.mx

File Name    : system/library/cache.php(0)
VQModObject::applyMod - SEARCH NOT FOUND (SKIPPED): if (is_file(DIR_SYSTEM . 'library/journal3/vendor/SuperCache

----------------------------------------------------------------------


---------- Date: 2026-03-28 21:41:07 ~ IP : 185.179.188.62 ----------
REQUEST URI : /podmotka_uaz_re/?ysclid=mnaocrgfpm807863572
MOD DETAILS:
   modFile   : /home/canmotalka/web/can-motalka.ru/public_html/vqmod/xml/lightning.xml
   id        : OpenCart Lightning
   version   : 3.37
   vqmver    : 
   author    : MaxD http://devs.mx

File Name    : system/library/cache.php(0)
VQModObject::applyMod - SEARCH NOT FOUND (SKIPPED): if (is_file(DIR_SYSTEM . 'library/journal3/vendor/SuperCache

----------------------------------------------------------------------


---------- Date: 2026-03-28 21:43:00 ~ IP : 185.179.188.62 ----------
REQUEST URI : /patriot_re/
MOD DETAILS:
   modFile   : /home/canmotalka/web/can-motalka.ru/public_html/vqmod/xml/lightning.xml
   id        : OpenCart Lightning
   version   : 3.37
   vqmver    : 
   author    : MaxD http://devs.mx

File Name    : system/library/cache.php(0)
VQModObject::applyMod - SEARCH NOT FOUND (SKIPPED): if (is_file(DIR_SYSTEM . 'library/journal3/vendor/SuperCache

----------------------------------------------------------------------


---------- Date: 2026-03-28 21:50:34 ~ IP : 185.179.188.62 ----------
REQUEST URI : /instrukciya-podmotka-vesta/
MOD DETAILS:
   modFile   : /home/canmotalka/web/can-motalka.ru/public_html/vqmod/xml/lightning.xml
   id        : OpenCart Lightning
   version   : 3.37
   vqmver    : 
   author    : MaxD http://devs.mx

File Name    : system/library/cache.php(0)
VQModObject::applyMod - SEARCH NOT FOUND (SKIPPED): if (is_file(DIR_SYSTEM . 'library/journal3/vendor/SuperCache

----------------------------------------------------------------------


---------- Date: 2026-03-28 21:54:57 ~ IP : 185.179.188.62 ----------
REQUEST URI : /?ysclid=mnaowkzh5g413912618
MOD DETAILS:
   modFile   : /home/canmotalka/web/can-motalka.ru/public_html/vqmod/xml/lightning.xml
   id        : OpenCart Lightning
   version   : 3.37
   vqmver    : 
   author    : MaxD http://devs.mx

File Name    : system/library/cache.php(0)
VQModObject::applyMod - SEARCH NOT FOUND (SKIPPED): if (is_file(DIR_SYSTEM . 'library/journal3/vendor/SuperCache

----------------------------------------------------------------------


---------- Date: 2026-03-28 21:55:28 ~ IP : 185.179.188.62 ----------
REQUEST URI : /index.php?route=module/popupcart_extended
MOD DETAILS:
   modFile   : /home/canmotalka/web/can-motalka.ru/public_html/vqmod/xml/lightning.xml
   id        : OpenCart Lightning
   version   : 3.37
   vqmver    : 
   author    : MaxD http://devs.mx

File Name    : system/library/cache.php(0)
VQModObject::applyMod - SEARCH NOT FOUND (SKIPPED): if (is_file(DIR_SYSTEM . 'library/journal3/vendor/SuperCache

----------------------------------------------------------------------


---------- Date: 2026-03-28 21:55:59 ~ IP : 185.179.188.62 ----------
REQUEST URI : /index.php?route=module/popupcart_extended
MOD DETAILS:
   modFile   : /home/canmotalka/web/can-motalka.ru/public_html/vqmod/xml/lightning.xml
   id        : OpenCart Lightning
   version   : 3.37
   vqmver    : 
   author    : MaxD http://devs.mx

File Name    : system/library/cache.php(0)
VQModObject::applyMod - SEARCH NOT FOUND (SKIPPED): if (is_file(DIR_SYSTEM . 'library/journal3/vendor/SuperCache

----------------------------------------------------------------------


---------- Date: 2026-03-28 21:56:19 ~ IP : 185.179.188.62 ----------
REQUEST URI : /wp-content/plugins/hellopress/wp_filemanager.php
MOD DETAILS:
   modFile   : /home/canmotalka/web/can-motalka.ru/public_html/vqmod/xml/lightning.xml
   id        : OpenCart Lightning
   version   : 3.37
   vqmver    : 
   author    : MaxD http://devs.mx

File Name    : system/library/cache.php(0)
VQModObject::applyMod - SEARCH NOT FOUND (SKIPPED): if (is_file(DIR_SYSTEM . 'library/journal3/vendor/SuperCache

----------------------------------------------------------------------


---------- Date: 2026-03-28 21:56:19 ~ IP : 185.179.188.62 ----------
REQUEST URI : /kaza.php
MOD DETAILS:
   modFile   : /home/canmotalka/web/can-motalka.ru/public_html/vqmod/xml/lightning.xml
   id        : OpenCart Lightning
   version   : 3.37
   vqmver    : 
   author    : MaxD http://devs.mx

File Name    : system/library/cache.php(0)
VQModObject::applyMod - SEARCH NOT FOUND (SKIPPED): if (is_file(DIR_SYSTEM . 'library/journal3/vendor/SuperCache

----------------------------------------------------------------------


---------- Date: 2026-03-28 21:56:20 ~ IP : 185.179.188.62 ----------
REQUEST URI : /wsd.php
MOD DETAILS:
   modFile   : /home/canmotalka/web/can-motalka.ru/public_html/vqmod/xml/lightning.xml
   id        : OpenCart Lightning
   version   : 3.37
   vqmver    : 
   author    : MaxD http://devs.mx

File Name    : system/library/cache.php(0)
VQModObject::applyMod - SEARCH NOT FOUND (SKIPPED): if (is_file(DIR_SYSTEM . 'library/journal3/vendor/SuperCache

----------------------------------------------------------------------


---------- Date: 2026-03-28 21:56:21 ~ IP : 185.179.188.62 ----------
REQUEST URI : /gifclass4.php
MOD DETAILS:
   modFile   : /home/canmotalka/web/can-motalka.ru/public_html/vqmod/xml/lightning.xml
   id        : OpenCart Lightning
   version   : 3.37
   vqmver    : 
   author    : MaxD http://devs.mx

File Name    : system/library/cache.php(0)
VQModObject::applyMod - SEARCH NOT FOUND (SKIPPED): if (is_file(DIR_SYSTEM . 'library/journal3/vendor/SuperCache

----------------------------------------------------------------------


---------- Date: 2026-03-28 21:56:21 ~ IP : 185.179.188.62 ----------
REQUEST URI : /info.php
MOD DETAILS:
   modFile   : /home/canmotalka/web/can-motalka.ru/public_html/vqmod/xml/lightning.xml
   id        : OpenCart Lightning
   version   : 3.37
   vqmver    : 
   author    : MaxD http://devs.mx

File Name    : system/library/cache.php(0)
VQModObject::applyMod - SEARCH NOT FOUND (SKIPPED): if (is_file(DIR_SYSTEM . 'library/journal3/vendor/SuperCache

----------------------------------------------------------------------


---------- Date: 2026-03-28 21:56:22 ~ IP : 185.179.188.62 ----------
REQUEST URI : /info/
MOD DETAILS:
   modFile   : /home/canmotalka/web/can-motalka.ru/public_html/vqmod/xml/lightning.xml
   id        : OpenCart Lightning
   version   : 3.37
   vqmver    : 
   author    : MaxD http://devs.mx

File Name    : system/library/cache.php(0)
VQModObject::applyMod - SEARCH NOT FOUND (SKIPPED): if (is_file(DIR_SYSTEM . 'library/journal3/vendor/SuperCache

----------------------------------------------------------------------


---------- Date: 2026-03-28 21:56:22 ~ IP : 185.179.188.62 ----------
REQUEST URI : /333.php
MOD DETAILS:
   modFile   : /home/canmotalka/web/can-motalka.ru/public_html/vqmod/xml/lightning.xml
   id        : OpenCart Lightning
   version   : 3.37
   vqmver    : 
   author    : MaxD http://devs.mx

File Name    : system/library/cache.php(0)
VQModObject::applyMod - SEARCH NOT FOUND (SKIPPED): if (is_file(DIR_SYSTEM . 'library/journal3/vendor/SuperCache

----------------------------------------------------------------------


---------- Date: 2026-03-28 21:56:23 ~ IP : 185.179.188.62 ----------
REQUEST URI : /cfile.php
MOD DETAILS:
   modFile   : /home/canmotalka/web/can-motalka.ru/public_html/vqmod/xml/lightning.xml
   id        : OpenCart Lightning
   version   : 3.37
   vqmver    : 
   author    : MaxD http://devs.mx

File Name    : system/library/cache.php(0)
VQModObject::applyMod - SEARCH NOT FOUND (SKIPPED): if (is_file(DIR_SYSTEM . 'library/journal3/vendor/SuperCache

----------------------------------------------------------------------


---------- Date: 2026-03-28 21:56:23 ~ IP : 185.179.188.62 ----------
REQUEST URI : /bless3.php
MOD DETAILS:
   modFile   : /home/canmotalka/web/can-motalka.ru/public_html/vqmod/xml/lightning.xml
   id        : OpenCart Lightning
   version   : 3.37
   vqmver    : 
   author    : MaxD http://devs.mx

File Name    : system/library/cache.php(0)
VQModObject::applyMod - SEARCH NOT FOUND (SKIPPED): if (is_file(DIR_SYSTEM . 'library/journal3/vendor/SuperCache

----------------------------------------------------------------------


---------- Date: 2026-03-28 21:56:24 ~ IP : 185.179.188.62 ----------
REQUEST URI : /bless.php
MOD DETAILS:
   modFile   : /home/canmotalka/web/can-motalka.ru/public_html/vqmod/xml/lightning.xml
   id        : OpenCart Lightning
   version   : 3.37
   vqmver    : 
   author    : MaxD http://devs.mx

File Name    : system/library/cache.php(0)
VQModObject::applyMod - SEARCH NOT FOUND (SKIPPED): if (is_file(DIR_SYSTEM . 'library/journal3/vendor/SuperCache

----------------------------------------------------------------------


---------- Date: 2026-03-28 21:56:24 ~ IP : 185.179.188.62 ----------
REQUEST URI : /doti.php
MOD DETAILS:
   modFile   : /home/canmotalka/web/can-motalka.ru/public_html/vqmod/xml/lightning.xml
   id        : OpenCart Lightning
   version   : 3.37
   vqmver    : 
   author    : MaxD http://devs.mx

File Name    : system/library/cache.php(0)
VQModObject::applyMod - SEARCH NOT FOUND (SKIPPED): if (is_file(DIR_SYSTEM . 'library/journal3/vendor/SuperCache

----------------------------------------------------------------------


---------- Date: 2026-03-28 21:56:25 ~ IP : 185.179.188.62 ----------
REQUEST URI : /031.php
MOD DETAILS:
   modFile   : /home/canmotalka/web/can-motalka.ru/public_html/vqmod/xml/lightning.xml
   id        : OpenCart Lightning
   version   : 3.37
   vqmver    : 
   author    : MaxD http://devs.mx

File Name    : system/library/cache.php(0)
VQModObject::applyMod - SEARCH NOT FOUND (SKIPPED): if (is_file(DIR_SYSTEM . 'library/journal3/vendor/SuperCache

----------------------------------------------------------------------


---------- Date: 2026-03-28 21:56:26 ~ IP : 185.179.188.62 ----------
REQUEST URI : /wfile.php
MOD DETAILS:
   modFile   : /home/canmotalka/web/can-motalka.ru/public_html/vqmod/xml/lightning.xml
   id        : OpenCart Lightning
   version   : 3.37
   vqmver    : 
   author    : MaxD http://devs.mx

File Name    : system/library/cache.php(0)
VQModObject::applyMod - SEARCH NOT FOUND (SKIPPED): if (is_file(DIR_SYSTEM . 'library/journal3/vendor/SuperCache

----------------------------------------------------------------------


---------- Date: 2026-03-28 21:56:26 ~ IP : 185.179.188.62 ----------
REQUEST URI : /lala.php
MOD DETAILS:
   modFile   : /home/canmotalka/web/can-motalka.ru/public_html/vqmod/xml/lightning.xml
   id        : OpenCart Lightning
   version   : 3.37
   vqmver    : 
   author    : MaxD http://devs.mx

File Name    : system/library/cache.php(0)
VQModObject::applyMod - SEARCH NOT FOUND (SKIPPED): if (is_file(DIR_SYSTEM . 'library/journal3/vendor/SuperCache

----------------------------------------------------------------------


---------- Date: 2026-03-28 21:56:27 ~ IP : 185.179.188.62 ----------
REQUEST URI : /gmo.php
MOD DETAILS:
   modFile   : /home/canmotalka/web/can-motalka.ru/public_html/vqmod/xml/lightning.xml
   id        : OpenCart Lightning
   version   : 3.37
   vqmver    : 
   author    : MaxD http://devs.mx

File Name    : system/library/cache.php(0)
VQModObject::applyMod - SEARCH NOT FOUND (SKIPPED): if (is_file(DIR_SYSTEM . 'library/journal3/vendor/SuperCache

----------------------------------------------------------------------


---------- Date: 2026-03-28 21:56:27 ~ IP : 185.179.188.62 ----------
REQUEST URI : /he.php
MOD DETAILS:
   modFile   : /home/canmotalka/web/can-motalka.ru/public_html/vqmod/xml/lightning.xml
   id        : OpenCart Lightning
   version   : 3.37
   vqmver    : 
   author    : MaxD http://devs.mx

File Name    : system/library/cache.php(0)
VQModObject::applyMod - SEARCH NOT FOUND (SKIPPED): if (is_file(DIR_SYSTEM . 'library/journal3/vendor/SuperCache

----------------------------------------------------------------------


---------- Date: 2026-03-28 21:56:28 ~ IP : 185.179.188.62 ----------
REQUEST URI : /plss3.php
MOD DETAILS:
   modFile   : /home/canmotalka/web/can-motalka.ru/public_html/vqmod/xml/lightning.xml
   id        : OpenCart Lightning
   version   : 3.37
   vqmver    : 
   author    : MaxD http://devs.mx

File Name    : system/library/cache.php(0)
VQModObject::applyMod - SEARCH NOT FOUND (SKIPPED): if (is_file(DIR_SYSTEM . 'library/journal3/vendor/SuperCache

----------------------------------------------------------------------


---------- Date: 2026-03-28 21:56:28 ~ IP : 185.179.188.62 ----------
REQUEST URI : /ton.php
MOD DETAILS:
   modFile   : /home/canmotalka/web/can-motalka.ru/public_html/vqmod/xml/lightning.xml
   id        : OpenCart Lightning
   version   : 3.37
   vqmver    : 
   author    : MaxD http://devs.mx

File Name    : system/library/cache.php(0)
VQModObject::applyMod - SEARCH NOT FOUND (SKIPPED): if (is_file(DIR_SYSTEM . 'library/journal3/vendor/SuperCache

----------------------------------------------------------------------


---------- Date: 2026-03-28 21:56:29 ~ IP : 185.179.188.62 ----------
REQUEST URI : /nfile.php
MOD DETAILS:
   modFile   : /home/canmotalka/web/can-motalka.ru/public_html/vqmod/xml/lightning.xml
   id        : OpenCart Lightning
   version   : 3.37
   vqmver    : 
   author    : MaxD http://devs.mx

File Name    : system/library/cache.php(0)
VQModObject::applyMod - SEARCH NOT FOUND (SKIPPED): if (is_file(DIR_SYSTEM . 'library/journal3/vendor/SuperCache

----------------------------------------------------------------------


---------- Date: 2026-03-28 21:56:30 ~ IP : 185.179.188.62 ----------
REQUEST URI : /ffile.php
MOD DETAILS:
   modFile   : /home/canmotalka/web/can-motalka.ru/public_html/vqmod/xml/lightning.xml
   id        : OpenCart Lightning
   version   : 3.37
   vqmver    : 
   author    : MaxD http://devs.mx

File Name    : system/library/cache.php(0)
VQModObject::applyMod - SEARCH NOT FOUND (SKIPPED): if (is_file(DIR_SYSTEM . 'library/journal3/vendor/SuperCache

----------------------------------------------------------------------


---------- Date: 2026-03-28 21:56:30 ~ IP : 185.179.188.62 ----------
REQUEST URI : /file18.php
MOD DETAILS:
   modFile   : /home/canmotalka/web/can-motalka.ru/public_html/vqmod/xml/lightning.xml
   id        : OpenCart Lightning
   version   : 3.37
   vqmver    : 
   author    : MaxD http://devs.mx

File Name    : system/library/cache.php(0)
VQModObject::applyMod - SEARCH NOT FOUND (SKIPPED): if (is_file(DIR_SYSTEM . 'library/journal3/vendor/SuperCache

----------------------------------------------------------------------


---------- Date: 2026-03-28 21:56:31 ~ IP : 185.179.188.62 ----------
REQUEST URI : /file21.php
MOD DETAILS:
   modFile   : /home/canmotalka/web/can-motalka.ru/public_html/vqmod/xml/lightning.xml
   id        : OpenCart Lightning
   version   : 3.37
   vqmver    : 
   author    : MaxD http://devs.mx

File Name    : system/library/cache.php(0)
VQModObject::applyMod - SEARCH NOT FOUND (SKIPPED): if (is_file(DIR_SYSTEM . 'library/journal3/vendor/SuperCache

----------------------------------------------------------------------


---------- Date: 2026-03-28 21:56:32 ~ IP : 185.179.188.62 ----------
REQUEST URI : /yellow.php
MOD DETAILS:
   modFile   : /home/canmotalka/web/can-motalka.ru/public_html/vqmod/xml/lightning.xml
   id        : OpenCart Lightning
   version   : 3.37
   vqmver    : 
   author    : MaxD http://devs.mx

File Name    : system/library/cache.php(0)
VQModObject::applyMod - SEARCH NOT FOUND (SKIPPED): if (is_file(DIR_SYSTEM . 'library/journal3/vendor/SuperCache

----------------------------------------------------------------------


---------- Date: 2026-03-28 21:56:32 ~ IP : 185.179.188.62 ----------
REQUEST URI : /file1.php
MOD DETAILS:
   modFile   : /home/canmotalka/web/can-motalka.ru/public_html/vqmod/xml/lightning.xml
   id        : OpenCart Lightning
   version   : 3.37
   vqmver    : 
   author    : MaxD http://devs.mx

File Name    : system/library/cache.php(0)
VQModObject::applyMod - SEARCH NOT FOUND (SKIPPED): if (is_file(DIR_SYSTEM . 'library/journal3/vendor/SuperCache

----------------------------------------------------------------------


---------- Date: 2026-03-28 21:56:33 ~ IP : 185.179.188.62 ----------
REQUEST URI : /geck.php
MOD DETAILS:
   modFile   : /home/canmotalka/web/can-motalka.ru/public_html/vqmod/xml/lightning.xml
   id        : OpenCart Lightning
   version   : 3.37
   vqmver    : 
   author    : MaxD http://devs.mx

File Name    : system/library/cache.php(0)
VQModObject::applyMod - SEARCH NOT FOUND (SKIPPED): if (is_file(DIR_SYSTEM . 'library/journal3/vendor/SuperCache

----------------------------------------------------------------------


---------- Date: 2026-03-28 21:56:34 ~ IP : 185.179.188.62 ----------
REQUEST URI : /file4.php
MOD DETAILS:
   modFile   : /home/canmotalka/web/can-motalka.ru/public_html/vqmod/xml/lightning.xml
   id        : OpenCart Lightning
   version   : 3.37
   vqmver    : 
   author    : MaxD http://devs.mx

File Name    : system/library/cache.php(0)
VQModObject::applyMod - SEARCH NOT FOUND (SKIPPED): if (is_file(DIR_SYSTEM . 'library/journal3/vendor/SuperCache

----------------------------------------------------------------------


---------- Date: 2026-03-28 21:56:35 ~ IP : 185.179.188.62 ----------
REQUEST URI : /file88.php
MOD DETAILS:
   modFile   : /home/canmotalka/web/can-motalka.ru/public_html/vqmod/xml/lightning.xml
   id        : OpenCart Lightning
   version   : 3.37
   vqmver    : 
   author    : MaxD http://devs.mx

File Name    : system/library/cache.php(0)
VQModObject::applyMod - SEARCH NOT FOUND (SKIPPED): if (is_file(DIR_SYSTEM . 'library/journal3/vendor/SuperCache

----------------------------------------------------------------------


---------- Date: 2026-03-28 21:56:35 ~ IP : 185.179.188.62 ----------
REQUEST URI : /111.php
MOD DETAILS:
   modFile   : /home/canmotalka/web/can-motalka.ru/public_html/vqmod/xml/lightning.xml
   id        : OpenCart Lightning
   version   : 3.37
   vqmver    : 
   author    : MaxD http://devs.mx

File Name    : system/library/cache.php(0)
VQModObject::applyMod - SEARCH NOT FOUND (SKIPPED): if (is_file(DIR_SYSTEM . 'library/journal3/vendor/SuperCache

----------------------------------------------------------------------


---------- Date: 2026-03-28 21:56:36 ~ IP : 185.179.188.62 ----------
REQUEST URI : /size.php
MOD DETAILS:
   modFile   : /home/canmotalka/web/can-motalka.ru/public_html/vqmod/xml/lightning.xml
   id        : OpenCart Lightning
   version   : 3.37
   vqmver    : 
   author    : MaxD http://devs.mx

File Name    : system/library/cache.php(0)
VQModObject::applyMod - SEARCH NOT FOUND (SKIPPED): if (is_file(DIR_SYSTEM . 'library/journal3/vendor/SuperCache

----------------------------------------------------------------------


---------- Date: 2026-03-28 21:56:36 ~ IP : 185.179.188.62 ----------
REQUEST URI : /bolt.php
MOD DETAILS:
   modFile   : /home/canmotalka/web/can-motalka.ru/public_html/vqmod/xml/lightning.xml
   id        : OpenCart Lightning
   version   : 3.37
   vqmver    : 
   author    : MaxD http://devs.mx

File Name    : system/library/cache.php(0)
VQModObject::applyMod - SEARCH NOT FOUND (SKIPPED): if (is_file(DIR_SYSTEM . 'library/journal3/vendor/SuperCache

----------------------------------------------------------------------


---------- Date: 2026-03-28 21:56:37 ~ IP : 185.179.188.62 ----------
REQUEST URI : /file8.php
MOD DETAILS:
   modFile   : /home/canmotalka/web/can-motalka.ru/public_html/vqmod/xml/lightning.xml
   id        : OpenCart Lightning
   version   : 3.37
   vqmver    : 
   author    : MaxD http://devs.mx

File Name    : system/library/cache.php(0)
VQModObject::applyMod - SEARCH NOT FOUND (SKIPPED): if (is_file(DIR_SYSTEM . 'library/journal3/vendor/SuperCache

----------------------------------------------------------------------


---------- Date: 2026-03-28 21:56:38 ~ IP : 185.179.188.62 ----------
REQUEST URI : /file2.php
MOD DETAILS:
   modFile   : /home/canmotalka/web/can-motalka.ru/public_html/vqmod/xml/lightning.xml
   id        : OpenCart Lightning
   version   : 3.37
   vqmver    : 
   author    : MaxD http://devs.mx

File Name    : system/library/cache.php(0)
VQModObject::applyMod - SEARCH NOT FOUND (SKIPPED): if (is_file(DIR_SYSTEM . 'library/journal3/vendor/SuperCache

----------------------------------------------------------------------


---------- Date: 2026-03-28 21:56:39 ~ IP : 185.179.188.62 ----------
REQUEST URI : /vee.php
MOD DETAILS:
   modFile   : /home/canmotalka/web/can-motalka.ru/public_html/vqmod/xml/lightning.xml
   id        : OpenCart Lightning
   version   : 3.37
   vqmver    : 
   author    : MaxD http://devs.mx

File Name    : system/library/cache.php(0)
VQModObject::applyMod - SEARCH NOT FOUND (SKIPPED): if (is_file(DIR_SYSTEM . 'library/journal3/vendor/SuperCache

----------------------------------------------------------------------


---------- Date: 2026-03-28 21:56:39 ~ IP : 185.179.188.62 ----------
REQUEST URI : /a2.php
MOD DETAILS:
   modFile   : /home/canmotalka/web/can-motalka.ru/public_html/vqmod/xml/lightning.xml
   id        : OpenCart Lightning
   version   : 3.37
   vqmver    : 
   author    : MaxD http://devs.mx

File Name    : system/library/cache.php(0)
VQModObject::applyMod - SEARCH NOT FOUND (SKIPPED): if (is_file(DIR_SYSTEM . 'library/journal3/vendor/SuperCache

----------------------------------------------------------------------


---------- Date: 2026-03-28 21:56:40 ~ IP : 185.179.188.62 ----------
REQUEST URI : /mlex.php
MOD DETAILS:
   modFile   : /home/canmotalka/web/can-motalka.ru/public_html/vqmod/xml/lightning.xml
   id        : OpenCart Lightning
   version   : 3.37
   vqmver    : 
   author    : MaxD http://devs.mx

File Name    : system/library/cache.php(0)
VQModObject::applyMod - SEARCH NOT FOUND (SKIPPED): if (is_file(DIR_SYSTEM . 'library/journal3/vendor/SuperCache

----------------------------------------------------------------------


---------- Date: 2026-03-28 21:56:40 ~ IP : 185.179.188.62 ----------
REQUEST URI : /030.php
MOD DETAILS:
   modFile   : /home/canmotalka/web/can-motalka.ru/public_html/vqmod/xml/lightning.xml
   id        : OpenCart Lightning
   version   : 3.37
   vqmver    : 
   author    : MaxD http://devs.mx

File Name    : system/library/cache.php(0)
VQModObject::applyMod - SEARCH NOT FOUND (SKIPPED): if (is_file(DIR_SYSTEM . 'library/journal3/vendor/SuperCache

----------------------------------------------------------------------


---------- Date: 2026-03-28 21:56:41 ~ IP : 185.179.188.62 ----------
REQUEST URI : /haa.php
MOD DETAILS:
   modFile   : /home/canmotalka/web/can-motalka.ru/public_html/vqmod/xml/lightning.xml
   id        : OpenCart Lightning
   version   : 3.37
   vqmver    : 
   author    : MaxD http://devs.mx

File Name    : system/library/cache.php(0)
VQModObject::applyMod - SEARCH NOT FOUND (SKIPPED): if (is_file(DIR_SYSTEM . 'library/journal3/vendor/SuperCache

----------------------------------------------------------------------


---------- Date: 2026-03-28 21:56:41 ~ IP : 185.179.188.62 ----------
REQUEST URI : /xsox.php
MOD DETAILS:
   modFile   : /home/canmotalka/web/can-motalka.ru/public_html/vqmod/xml/lightning.xml
   id        : OpenCart Lightning
   version   : 3.37
   vqmver    : 
   author    : MaxD http://devs.mx

File Name    : system/library/cache.php(0)
VQModObject::applyMod - SEARCH NOT FOUND (SKIPPED): if (is_file(DIR_SYSTEM . 'library/journal3/vendor/SuperCache

----------------------------------------------------------------------


---------- Date: 2026-03-28 21:56:42 ~ IP : 185.179.188.62 ----------
REQUEST URI : /classgoto24.php
MOD DETAILS:
   modFile   : /home/canmotalka/web/can-motalka.ru/public_html/vqmod/xml/lightning.xml
   id        : OpenCart Lightning
   version   : 3.37
   vqmver    : 
   author    : MaxD http://devs.mx

File Name    : system/library/cache.php(0)
VQModObject::applyMod - SEARCH NOT FOUND (SKIPPED): if (is_file(DIR_SYSTEM . 'library/journal3/vendor/SuperCache

----------------------------------------------------------------------


---------- Date: 2026-03-28 21:56:43 ~ IP : 185.179.188.62 ----------
REQUEST URI : /inde.php
MOD DETAILS:
   modFile   : /home/canmotalka/web/can-motalka.ru/public_html/vqmod/xml/lightning.xml
   id        : OpenCart Lightning
   version   : 3.37
   vqmver    : 
   author    : MaxD http://devs.mx

File Name    : system/library/cache.php(0)
VQModObject::applyMod - SEARCH NOT FOUND (SKIPPED): if (is_file(DIR_SYSTEM . 'library/journal3/vendor/SuperCache

----------------------------------------------------------------------


---------- Date: 2026-03-28 21:56:43 ~ IP : 185.179.188.62 ----------
REQUEST URI : /akk.php
MOD DETAILS:
   modFile   : /home/canmotalka/web/can-motalka.ru/public_html/vqmod/xml/lightning.xml
   id        : OpenCart Lightning
   version   : 3.37
   vqmver    : 
   author    : MaxD http://devs.mx

File Name    : system/library/cache.php(0)
VQModObject::applyMod - SEARCH NOT FOUND (SKIPPED): if (is_file(DIR_SYSTEM . 'library/journal3/vendor/SuperCache

----------------------------------------------------------------------


---------- Date: 2026-03-28 21:56:44 ~ IP : 185.179.188.62 ----------
REQUEST URI : /alpa.php
MOD DETAILS:
   modFile   : /home/canmotalka/web/can-motalka.ru/public_html/vqmod/xml/lightning.xml
   id        : OpenCart Lightning
   version   : 3.37
   vqmver    : 
   author    : MaxD http://devs.mx

File Name    : system/library/cache.php(0)
VQModObject::applyMod - SEARCH NOT FOUND (SKIPPED): if (is_file(DIR_SYSTEM . 'library/journal3/vendor/SuperCache

----------------------------------------------------------------------


---------- Date: 2026-03-28 21:56:44 ~ IP : 185.179.188.62 ----------
REQUEST URI : /finny.php
MOD DETAILS:
   modFile   : /home/canmotalka/web/can-motalka.ru/public_html/vqmod/xml/lightning.xml
   id        : OpenCart Lightning
   version   : 3.37
   vqmver    : 
   author    : MaxD http://devs.mx

File Name    : system/library/cache.php(0)
VQModObject::applyMod - SEARCH NOT FOUND (SKIPPED): if (is_file(DIR_SYSTEM . 'library/journal3/vendor/SuperCache

----------------------------------------------------------------------


---------- Date: 2026-03-28 21:56:45 ~ IP : 185.179.188.62 ----------
REQUEST URI : /file15.php
MOD DETAILS:
   modFile   : /home/canmotalka/web/can-motalka.ru/public_html/vqmod/xml/lightning.xml
   id        : OpenCart Lightning
   version   : 3.37
   vqmver    : 
   author    : MaxD http://devs.mx

File Name    : system/library/cache.php(0)
VQModObject::applyMod - SEARCH NOT FOUND (SKIPPED): if (is_file(DIR_SYSTEM . 'library/journal3/vendor/SuperCache

----------------------------------------------------------------------


---------- Date: 2026-03-28 21:56:45 ~ IP : 185.179.188.62 ----------
REQUEST URI : /0x0x.php
MOD DETAILS:
   modFile   : /home/canmotalka/web/can-motalka.ru/public_html/vqmod/xml/lightning.xml
   id        : OpenCart Lightning
   version   : 3.37
   vqmver    : 
   author    : MaxD http://devs.mx

File Name    : system/library/cache.php(0)
VQModObject::applyMod - SEARCH NOT FOUND (SKIPPED): if (is_file(DIR_SYSTEM . 'library/journal3/vendor/SuperCache

----------------------------------------------------------------------


---------- Date: 2026-03-28 21:56:46 ~ IP : 185.179.188.62 ----------
REQUEST URI : /2clas.php
MOD DETAILS:
   modFile   : /home/canmotalka/web/can-motalka.ru/public_html/vqmod/xml/lightning.xml
   id        : OpenCart Lightning
   version   : 3.37
   vqmver    : 
   author    : MaxD http://devs.mx

File Name    : system/library/cache.php(0)
VQModObject::applyMod - SEARCH NOT FOUND (SKIPPED): if (is_file(DIR_SYSTEM . 'library/journal3/vendor/SuperCache

----------------------------------------------------------------------


---------- Date: 2026-03-28 21:56:47 ~ IP : 185.179.188.62 ----------
REQUEST URI : /file9.php
MOD DETAILS:
   modFile   : /home/canmotalka/web/can-motalka.ru/public_html/vqmod/xml/lightning.xml
   id        : OpenCart Lightning
   version   : 3.37
   vqmver    : 
   author    : MaxD http://devs.mx

File Name    : system/library/cache.php(0)
VQModObject::applyMod - SEARCH NOT FOUND (SKIPPED): if (is_file(DIR_SYSTEM . 'library/journal3/vendor/SuperCache

----------------------------------------------------------------------


---------- Date: 2026-03-28 21:56:47 ~ IP : 185.179.188.62 ----------
REQUEST URI : /aaa.php
MOD DETAILS:
   modFile   : /home/canmotalka/web/can-motalka.ru/public_html/vqmod/xml/lightning.xml
   id        : OpenCart Lightning
   version   : 3.37
   vqmver    : 
   author    : MaxD http://devs.mx

File Name    : system/library/cache.php(0)
VQModObject::applyMod - SEARCH NOT FOUND (SKIPPED): if (is_file(DIR_SYSTEM . 'library/journal3/vendor/SuperCache

----------------------------------------------------------------------


---------- Date: 2026-03-28 21:56:48 ~ IP : 185.179.188.62 ----------
REQUEST URI : /ilex.php
MOD DETAILS:
   modFile   : /home/canmotalka/web/can-motalka.ru/public_html/vqmod/xml/lightning.xml
   id        : OpenCart Lightning
   version   : 3.37
   vqmver    : 
   author    : MaxD http://devs.mx

File Name    : system/library/cache.php(0)
VQModObject::applyMod - SEARCH NOT FOUND (SKIPPED): if (is_file(DIR_SYSTEM . 'library/journal3/vendor/SuperCache

----------------------------------------------------------------------


---------- Date: 2026-03-28 21:56:48 ~ IP : 185.179.188.62 ----------
REQUEST URI : /tor.php
MOD DETAILS:
   modFile   : /home/canmotalka/web/can-motalka.ru/public_html/vqmod/xml/lightning.xml
   id        : OpenCart Lightning
   version   : 3.37
   vqmver    : 
   author    : MaxD http://devs.mx

File Name    : system/library/cache.php(0)
VQModObject::applyMod - SEARCH NOT FOUND (SKIPPED): if (is_file(DIR_SYSTEM . 'library/journal3/vendor/SuperCache

----------------------------------------------------------------------


---------- Date: 2026-03-28 21:56:49 ~ IP : 185.179.188.62 ----------
REQUEST URI : /klex.php
MOD DETAILS:
   modFile   : /home/canmotalka/web/can-motalka.ru/public_html/vqmod/xml/lightning.xml
   id        : OpenCart Lightning
   version   : 3.37
   vqmver    : 
   author    : MaxD http://devs.mx

File Name    : system/library/cache.php(0)
VQModObject::applyMod - SEARCH NOT FOUND (SKIPPED): if (is_file(DIR_SYSTEM . 'library/journal3/vendor/SuperCache

----------------------------------------------------------------------


---------- Date: 2026-03-28 21:56:50 ~ IP : 185.179.188.62 ----------
REQUEST URI : /alfa.php
MOD DETAILS:
   modFile   : /home/canmotalka/web/can-motalka.ru/public_html/vqmod/xml/lightning.xml
   id        : OpenCart Lightning
   version   : 3.37
   vqmver    : 
   author    : MaxD http://devs.mx

File Name    : system/library/cache.php(0)
VQModObject::applyMod - SEARCH NOT FOUND (SKIPPED): if (is_file(DIR_SYSTEM . 'library/journal3/vendor/SuperCache

----------------------------------------------------------------------


---------- Date: 2026-03-28 21:56:50 ~ IP : 185.179.188.62 ----------
REQUEST URI : /1.php
MOD DETAILS:
   modFile   : /home/canmotalka/web/can-motalka.ru/public_html/vqmod/xml/lightning.xml
   id        : OpenCart Lightning
   version   : 3.37
   vqmver    : 
   author    : MaxD http://devs.mx

File Name    : system/library/cache.php(0)
VQModObject::applyMod - SEARCH NOT FOUND (SKIPPED): if (is_file(DIR_SYSTEM . 'library/journal3/vendor/SuperCache

----------------------------------------------------------------------


---------- Date: 2026-03-28 21:56:51 ~ IP : 185.179.188.62 ----------
REQUEST URI : /403.php
MOD DETAILS:
   modFile   : /home/canmotalka/web/can-motalka.ru/public_html/vqmod/xml/lightning.xml
   id        : OpenCart Lightning
   version   : 3.37
   vqmver    : 
   author    : MaxD http://devs.mx

File Name    : system/library/cache.php(0)
VQModObject::applyMod - SEARCH NOT FOUND (SKIPPED): if (is_file(DIR_SYSTEM . 'library/journal3/vendor/SuperCache

----------------------------------------------------------------------


---------- Date: 2026-03-28 21:56:51 ~ IP : 185.179.188.62 ----------
REQUEST URI : /link.php
MOD DETAILS:
   modFile   : /home/canmotalka/web/can-motalka.ru/public_html/vqmod/xml/lightning.xml
   id        : OpenCart Lightning
   version   : 3.37
   vqmver    : 
   author    : MaxD http://devs.mx

File Name    : system/library/cache.php(0)
VQModObject::applyMod - SEARCH NOT FOUND (SKIPPED): if (is_file(DIR_SYSTEM . 'library/journal3/vendor/SuperCache

----------------------------------------------------------------------


---------- Date: 2026-03-28 21:56:52 ~ IP : 185.179.188.62 ----------
REQUEST URI : /byp.php
MOD DETAILS:
   modFile   : /home/canmotalka/web/can-motalka.ru/public_html/vqmod/xml/lightning.xml
   id        : OpenCart Lightning
   version   : 3.37
   vqmver    : 
   author    : MaxD http://devs.mx

File Name    : system/library/cache.php(0)
VQModObject::applyMod - SEARCH NOT FOUND (SKIPPED): if (is_file(DIR_SYSTEM . 'library/journal3/vendor/SuperCache

----------------------------------------------------------------------


---------- Date: 2026-03-28 21:56:53 ~ IP : 185.179.188.62 ----------
REQUEST URI : /bak.php
MOD DETAILS:
   modFile   : /home/canmotalka/web/can-motalka.ru/public_html/vqmod/xml/lightning.xml
   id        : OpenCart Lightning
   version   : 3.37
   vqmver    : 
   author    : MaxD http://devs.mx

File Name    : system/library/cache.php(0)
VQModObject::applyMod - SEARCH NOT FOUND (SKIPPED): if (is_file(DIR_SYSTEM . 'library/journal3/vendor/SuperCache

----------------------------------------------------------------------


---------- Date: 2026-03-28 21:56:53 ~ IP : 185.179.188.62 ----------
REQUEST URI : /ini.php
MOD DETAILS:
   modFile   : /home/canmotalka/web/can-motalka.ru/public_html/vqmod/xml/lightning.xml
   id        : OpenCart Lightning
   version   : 3.37
   vqmver    : 
   author    : MaxD http://devs.mx

File Name    : system/library/cache.php(0)
VQModObject::applyMod - SEARCH NOT FOUND (SKIPPED): if (is_file(DIR_SYSTEM . 'library/journal3/vendor/SuperCache

----------------------------------------------------------------------


---------- Date: 2026-03-28 21:56:54 ~ IP : 185.179.188.62 ----------
REQUEST URI : /ws.php
MOD DETAILS:
   modFile   : /home/canmotalka/web/can-motalka.ru/public_html/vqmod/xml/lightning.xml
   id        : OpenCart Lightning
   version   : 3.37
   vqmver    : 
   author    : MaxD http://devs.mx

File Name    : system/library/cache.php(0)
VQModObject::applyMod - SEARCH NOT FOUND (SKIPPED): if (is_file(DIR_SYSTEM . 'library/journal3/vendor/SuperCache

----------------------------------------------------------------------


---------- Date: 2026-03-28 21:56:54 ~ IP : 185.179.188.62 ----------
REQUEST URI : /moon.php
MOD DETAILS:
   modFile   : /home/canmotalka/web/can-motalka.ru/public_html/vqmod/xml/lightning.xml
   id        : OpenCart Lightning
   version   : 3.37
   vqmver    : 
   author    : MaxD http://devs.mx

File Name    : system/library/cache.php(0)
VQModObject::applyMod - SEARCH NOT FOUND (SKIPPED): if (is_file(DIR_SYSTEM . 'library/journal3/vendor/SuperCache

----------------------------------------------------------------------


---------- Date: 2026-03-28 21:56:55 ~ IP : 185.179.188.62 ----------
REQUEST URI : /0x.php
MOD DETAILS:
   modFile   : /home/canmotalka/web/can-motalka.ru/public_html/vqmod/xml/lightning.xml
   id        : OpenCart Lightning
   version   : 3.37
   vqmver    : 
   author    : MaxD http://devs.mx

File Name    : system/library/cache.php(0)
VQModObject::applyMod - SEARCH NOT FOUND (SKIPPED): if (is_file(DIR_SYSTEM . 'library/journal3/vendor/SuperCache

----------------------------------------------------------------------


---------- Date: 2026-03-28 21:56:56 ~ IP : 185.179.188.62 ----------
REQUEST URI : /moon.php?p=
MOD DETAILS:
   modFile   : /home/canmotalka/web/can-motalka.ru/public_html/vqmod/xml/lightning.xml
   id        : OpenCart Lightning
   version   : 3.37
   vqmver    : 
   author    : MaxD http://devs.mx

File Name    : system/library/cache.php(0)
VQModObject::applyMod - SEARCH NOT FOUND (SKIPPED): if (is_file(DIR_SYSTEM . 'library/journal3/vendor/SuperCache

----------------------------------------------------------------------


---------- Date: 2026-03-28 21:56:56 ~ IP : 185.179.188.62 ----------
REQUEST URI : /autoload_classmap.php?p=
MOD DETAILS:
   modFile   : /home/canmotalka/web/can-motalka.ru/public_html/vqmod/xml/lightning.xml
   id        : OpenCart Lightning
   version   : 3.37
   vqmver    : 
   author    : MaxD http://devs.mx

File Name    : system/library/cache.php(0)
VQModObject::applyMod - SEARCH NOT FOUND (SKIPPED): if (is_file(DIR_SYSTEM . 'library/journal3/vendor/SuperCache

----------------------------------------------------------------------


---------- Date: 2026-03-28 21:56:57 ~ IP : 185.179.188.62 ----------
REQUEST URI : /inputs.php
MOD DETAILS:
   modFile   : /home/canmotalka/web/can-motalka.ru/public_html/vqmod/xml/lightning.xml
   id        : OpenCart Lightning
   version   : 3.37
   vqmver    : 
   author    : MaxD http://devs.mx

File Name    : system/library/cache.php(0)
VQModObject::applyMod - SEARCH NOT FOUND (SKIPPED): if (is_file(DIR_SYSTEM . 'library/journal3/vendor/SuperCache

----------------------------------------------------------------------


---------- Date: 2026-03-28 21:56:58 ~ IP : 185.179.188.62 ----------
REQUEST URI : /fm.php?p=
MOD DETAILS:
   modFile   : /home/canmotalka/web/can-motalka.ru/public_html/vqmod/xml/lightning.xml
   id        : OpenCart Lightning
   version   : 3.37
   vqmver    : 
   author    : MaxD http://devs.mx

File Name    : system/library/cache.php(0)
VQModObject::applyMod - SEARCH NOT FOUND (SKIPPED): if (is_file(DIR_SYSTEM . 'library/journal3/vendor/SuperCache

----------------------------------------------------------------------


---------- Date: 2026-03-28 21:56:59 ~ IP : 185.179.188.62 ----------
REQUEST URI : /fm.php?fm=true
MOD DETAILS:
   modFile   : /home/canmotalka/web/can-motalka.ru/public_html/vqmod/xml/lightning.xml
   id        : OpenCart Lightning
   version   : 3.37
   vqmver    : 
   author    : MaxD http://devs.mx

File Name    : system/library/cache.php(0)
VQModObject::applyMod - SEARCH NOT FOUND (SKIPPED): if (is_file(DIR_SYSTEM . 'library/journal3/vendor/SuperCache

----------------------------------------------------------------------


---------- Date: 2026-03-28 21:56:59 ~ IP : 185.179.188.62 ----------
REQUEST URI : /about.php
MOD DETAILS:
   modFile   : /home/canmotalka/web/can-motalka.ru/public_html/vqmod/xml/lightning.xml
   id        : OpenCart Lightning
   version   : 3.37
   vqmver    : 
   author    : MaxD http://devs.mx

File Name    : system/library/cache.php(0)
VQModObject::applyMod - SEARCH NOT FOUND (SKIPPED): if (is_file(DIR_SYSTEM . 'library/journal3/vendor/SuperCache

----------------------------------------------------------------------


---------- Date: 2026-03-28 21:57:00 ~ IP : 185.179.188.62 ----------
REQUEST URI : /file.php?
MOD DETAILS:
   modFile   : /home/canmotalka/web/can-motalka.ru/public_html/vqmod/xml/lightning.xml
   id        : OpenCart Lightning
   version   : 3.37
   vqmver    : 
   author    : MaxD http://devs.mx

File Name    : system/library/cache.php(0)
VQModObject::applyMod - SEARCH NOT FOUND (SKIPPED): if (is_file(DIR_SYSTEM . 'library/journal3/vendor/SuperCache

----------------------------------------------------------------------


---------- Date: 2026-03-28 21:57:01 ~ IP : 185.179.188.62 ----------
REQUEST URI : /wp-admin/tools.php
MOD DETAILS:
   modFile   : /home/canmotalka/web/can-motalka.ru/public_html/vqmod/xml/lightning.xml
   id        : OpenCart Lightning
   version   : 3.37
   vqmver    : 
   author    : MaxD http://devs.mx

File Name    : system/library/cache.php(0)
VQModObject::applyMod - SEARCH NOT FOUND (SKIPPED): if (is_file(DIR_SYSTEM . 'library/journal3/vendor/SuperCache

----------------------------------------------------------------------


---------- Date: 2026-03-28 21:57:01 ~ IP : 185.179.188.62 ----------
REQUEST URI : /.well-known/themes.php
MOD DETAILS:
   modFile   : /home/canmotalka/web/can-motalka.ru/public_html/vqmod/xml/lightning.xml
   id        : OpenCart Lightning
   version   : 3.37
   vqmver    : 
   author    : MaxD http://devs.mx

File Name    : system/library/cache.php(0)
VQModObject::applyMod - SEARCH NOT FOUND (SKIPPED): if (is_file(DIR_SYSTEM . 'library/journal3/vendor/SuperCache

----------------------------------------------------------------------


---------- Date: 2026-03-28 21:57:02 ~ IP : 185.179.188.62 ----------
REQUEST URI : /wp-includes/mah.php
MOD DETAILS:
   modFile   : /home/canmotalka/web/can-motalka.ru/public_html/vqmod/xml/lightning.xml
   id        : OpenCart Lightning
   version   : 3.37
   vqmver    : 
   author    : MaxD http://devs.mx

File Name    : system/library/cache.php(0)
VQModObject::applyMod - SEARCH NOT FOUND (SKIPPED): if (is_file(DIR_SYSTEM . 'library/journal3/vendor/SuperCache

----------------------------------------------------------------------


---------- Date: 2026-03-28 21:57:02 ~ IP : 185.179.188.62 ----------
REQUEST URI : /wp-includes/pomo/install.php
MOD DETAILS:
   modFile   : /home/canmotalka/web/can-motalka.ru/public_html/vqmod/xml/lightning.xml
   id        : OpenCart Lightning
   version   : 3.37
   vqmver    : 
   author    : MaxD http://devs.mx

File Name    : system/library/cache.php(0)
VQModObject::applyMod - SEARCH NOT FOUND (SKIPPED): if (is_file(DIR_SYSTEM . 'library/journal3/vendor/SuperCache

----------------------------------------------------------------------


---------- Date: 2026-03-28 21:57:03 ~ IP : 185.179.188.62 ----------
REQUEST URI : /wp-includes/packed.php
MOD DETAILS:
   modFile   : /home/canmotalka/web/can-motalka.ru/public_html/vqmod/xml/lightning.xml
   id        : OpenCart Lightning
   version   : 3.37
   vqmver    : 
   author    : MaxD http://devs.mx

File Name    : system/library/cache.php(0)
VQModObject::applyMod - SEARCH NOT FOUND (SKIPPED): if (is_file(DIR_SYSTEM . 'library/journal3/vendor/SuperCache

----------------------------------------------------------------------


---------- Date: 2026-03-28 21:57:03 ~ IP : 185.179.188.62 ----------
REQUEST URI : /simple.php
MOD DETAILS:
   modFile   : /home/canmotalka/web/can-motalka.ru/public_html/vqmod/xml/lightning.xml
   id        : OpenCart Lightning
   version   : 3.37
   vqmver    : 
   author    : MaxD http://devs.mx

File Name    : system/library/cache.php(0)
VQModObject::applyMod - SEARCH NOT FOUND (SKIPPED): if (is_file(DIR_SYSTEM . 'library/journal3/vendor/SuperCache

----------------------------------------------------------------------


---------- Date: 2026-03-28 21:57:04 ~ IP : 185.179.188.62 ----------
REQUEST URI : /admin.php
MOD DETAILS:
   modFile   : /home/canmotalka/web/can-motalka.ru/public_html/vqmod/xml/lightning.xml
   id        : OpenCart Lightning
   version   : 3.37
   vqmver    : 
   author    : MaxD http://devs.mx

File Name    : system/library/cache.php(0)
VQModObject::applyMod - SEARCH NOT FOUND (SKIPPED): if (is_file(DIR_SYSTEM . 'library/journal3/vendor/SuperCache

----------------------------------------------------------------------


---------- Date: 2026-03-28 21:57:05 ~ IP : 185.179.188.62 ----------
REQUEST URI : /adminfuns.php
MOD DETAILS:
   modFile   : /home/canmotalka/web/can-motalka.ru/public_html/vqmod/xml/lightning.xml
   id        : OpenCart Lightning
   version   : 3.37
   vqmver    : 
   author    : MaxD http://devs.mx

File Name    : system/library/cache.php(0)
VQModObject::applyMod - SEARCH NOT FOUND (SKIPPED): if (is_file(DIR_SYSTEM . 'library/journal3/vendor/SuperCache

----------------------------------------------------------------------


---------- Date: 2026-03-28 21:57:05 ~ IP : 185.179.188.62 ----------
REQUEST URI : /app.php
MOD DETAILS:
   modFile   : /home/canmotalka/web/can-motalka.ru/public_html/vqmod/xml/lightning.xml
   id        : OpenCart Lightning
   version   : 3.37
   vqmver    : 
   author    : MaxD http://devs.mx

File Name    : system/library/cache.php(0)
VQModObject::applyMod - SEARCH NOT FOUND (SKIPPED): if (is_file(DIR_SYSTEM . 'library/journal3/vendor/SuperCache

----------------------------------------------------------------------


---------- Date: 2026-03-28 21:57:06 ~ IP : 185.179.188.62 ----------
REQUEST URI : /bootstrap.php
MOD DETAILS:
   modFile   : /home/canmotalka/web/can-motalka.ru/public_html/vqmod/xml/lightning.xml
   id        : OpenCart Lightning
   version   : 3.37
   vqmver    : 
   author    : MaxD http://devs.mx

File Name    : system/library/cache.php(0)
VQModObject::applyMod - SEARCH NOT FOUND (SKIPPED): if (is_file(DIR_SYSTEM . 'library/journal3/vendor/SuperCache

----------------------------------------------------------------------


---------- Date: 2026-03-28 21:57:06 ~ IP : 185.179.188.62 ----------
REQUEST URI : /config-backup.php
MOD DETAILS:
   modFile   : /home/canmotalka/web/can-motalka.ru/public_html/vqmod/xml/lightning.xml
   id        : OpenCart Lightning
   version   : 3.37
   vqmver    : 
   author    : MaxD http://devs.mx

File Name    : system/library/cache.php(0)
VQModObject::applyMod - SEARCH NOT FOUND (SKIPPED): if (is_file(DIR_SYSTEM . 'library/journal3/vendor/SuperCache

----------------------------------------------------------------------


---------- Date: 2026-03-28 21:57:07 ~ IP : 185.179.188.62 ----------
REQUEST URI : /g.php
MOD DETAILS:
   modFile   : /home/canmotalka/web/can-motalka.ru/public_html/vqmod/xml/lightning.xml
   id        : OpenCart Lightning
   version   : 3.37
   vqmver    : 
   author    : MaxD http://devs.mx

File Name    : system/library/cache.php(0)
VQModObject::applyMod - SEARCH NOT FOUND (SKIPPED): if (is_file(DIR_SYSTEM . 'library/journal3/vendor/SuperCache

----------------------------------------------------------------------


---------- Date: 2026-03-28 21:57:08 ~ IP : 185.179.188.62 ----------
REQUEST URI : /goods.php
MOD DETAILS:
   modFile   : /home/canmotalka/web/can-motalka.ru/public_html/vqmod/xml/lightning.xml
   id        : OpenCart Lightning
   version   : 3.37
   vqmver    : 
   author    : MaxD http://devs.mx

File Name    : system/library/cache.php(0)
VQModObject::applyMod - SEARCH NOT FOUND (SKIPPED): if (is_file(DIR_SYSTEM . 'library/journal3/vendor/SuperCache

----------------------------------------------------------------------


---------- Date: 2026-03-28 21:57:09 ~ IP : 185.179.188.62 ----------
REQUEST URI : /init.php
MOD DETAILS:
   modFile   : /home/canmotalka/web/can-motalka.ru/public_html/vqmod/xml/lightning.xml
   id        : OpenCart Lightning
   version   : 3.37
   vqmver    : 
   author    : MaxD http://devs.mx

File Name    : system/library/cache.php(0)
VQModObject::applyMod - SEARCH NOT FOUND (SKIPPED): if (is_file(DIR_SYSTEM . 'library/journal3/vendor/SuperCache

----------------------------------------------------------------------


---------- Date: 2026-03-28 21:57:10 ~ IP : 185.179.188.62 ----------
REQUEST URI : /login.php
MOD DETAILS:
   modFile   : /home/canmotalka/web/can-motalka.ru/public_html/vqmod/xml/lightning.xml
   id        : OpenCart Lightning
   version   : 3.37
   vqmver    : 
   author    : MaxD http://devs.mx

File Name    : system/library/cache.php(0)
VQModObject::applyMod - SEARCH NOT FOUND (SKIPPED): if (is_file(DIR_SYSTEM . 'library/journal3/vendor/SuperCache

----------------------------------------------------------------------


---------- Date: 2026-03-28 21:57:11 ~ IP : 185.179.188.62 ----------
REQUEST URI : /settings.php
MOD DETAILS:
   modFile   : /home/canmotalka/web/can-motalka.ru/public_html/vqmod/xml/lightning.xml
   id        : OpenCart Lightning
   version   : 3.37
   vqmver    : 
   author    : MaxD http://devs.mx

File Name    : system/library/cache.php(0)
VQModObject::applyMod - SEARCH NOT FOUND (SKIPPED): if (is_file(DIR_SYSTEM . 'library/journal3/vendor/SuperCache

----------------------------------------------------------------------


---------- Date: 2026-03-28 21:57:12 ~ IP : 185.179.188.62 ----------
REQUEST URI : /wp-activate.php
MOD DETAILS:
   modFile   : /home/canmotalka/web/can-motalka.ru/public_html/vqmod/xml/lightning.xml
   id        : OpenCart Lightning
   version   : 3.37
   vqmver    : 
   author    : MaxD http://devs.mx

File Name    : system/library/cache.php(0)
VQModObject::applyMod - SEARCH NOT FOUND (SKIPPED): if (is_file(DIR_SYSTEM . 'library/journal3/vendor/SuperCache

----------------------------------------------------------------------


---------- Date: 2026-03-28 21:57:12 ~ IP : 185.179.188.62 ----------
REQUEST URI : /wp-blog-header.php
MOD DETAILS:
   modFile   : /home/canmotalka/web/can-motalka.ru/public_html/vqmod/xml/lightning.xml
   id        : OpenCart Lightning
   version   : 3.37
   vqmver    : 
   author    : MaxD http://devs.mx

File Name    : system/library/cache.php(0)
VQModObject::applyMod - SEARCH NOT FOUND (SKIPPED): if (is_file(DIR_SYSTEM . 'library/journal3/vendor/SuperCache

----------------------------------------------------------------------


---------- Date: 2026-03-28 21:57:13 ~ IP : 185.179.188.62 ----------
REQUEST URI : /wp-comments-post.php
MOD DETAILS:
   modFile   : /home/canmotalka/web/can-motalka.ru/public_html/vqmod/xml/lightning.xml
   id        : OpenCart Lightning
   version   : 3.37
   vqmver    : 
   author    : MaxD http://devs.mx

File Name    : system/library/cache.php(0)
VQModObject::applyMod - SEARCH NOT FOUND (SKIPPED): if (is_file(DIR_SYSTEM . 'library/journal3/vendor/SuperCache

----------------------------------------------------------------------


---------- Date: 2026-03-28 21:57:13 ~ IP : 185.179.188.62 ----------
REQUEST URI : /wp-conffq.php
MOD DETAILS:
   modFile   : /home/canmotalka/web/can-motalka.ru/public_html/vqmod/xml/lightning.xml
   id        : OpenCart Lightning
   version   : 3.37
   vqmver    : 
   author    : MaxD http://devs.mx

File Name    : system/library/cache.php(0)
VQModObject::applyMod - SEARCH NOT FOUND (SKIPPED): if (is_file(DIR_SYSTEM . 'library/journal3/vendor/SuperCache

----------------------------------------------------------------------


---------- Date: 2026-03-28 21:57:14 ~ IP : 185.179.188.62 ----------
REQUEST URI : /wp-config-sample.php
MOD DETAILS:
   modFile   : /home/canmotalka/web/can-motalka.ru/public_html/vqmod/xml/lightning.xml
   id        : OpenCart Lightning
   version   : 3.37
   vqmver    : 
   author    : MaxD http://devs.mx

File Name    : system/library/cache.php(0)
VQModObject::applyMod - SEARCH NOT FOUND (SKIPPED): if (is_file(DIR_SYSTEM . 'library/journal3/vendor/SuperCache

----------------------------------------------------------------------


---------- Date: 2026-03-28 21:57:15 ~ IP : 185.179.188.62 ----------
REQUEST URI : /wp-config.php
MOD DETAILS:
   modFile   : /home/canmotalka/web/can-motalka.ru/public_html/vqmod/xml/lightning.xml
   id        : OpenCart Lightning
   version   : 3.37
   vqmver    : 
   author    : MaxD http://devs.mx

File Name    : system/library/cache.php(0)
VQModObject::applyMod - SEARCH NOT FOUND (SKIPPED): if (is_file(DIR_SYSTEM . 'library/journal3/vendor/SuperCache

----------------------------------------------------------------------


---------- Date: 2026-03-28 21:57:15 ~ IP : 185.179.188.62 ----------
REQUEST URI : /wp-cron.php
MOD DETAILS:
   modFile   : /home/canmotalka/web/can-motalka.ru/public_html/vqmod/xml/lightning.xml
   id        : OpenCart Lightning
   version   : 3.37
   vqmver    : 
   author    : MaxD http://devs.mx

File Name    : system/library/cache.php(0)
VQModObject::applyMod - SEARCH NOT FOUND (SKIPPED): if (is_file(DIR_SYSTEM . 'library/journal3/vendor/SuperCache

----------------------------------------------------------------------


---------- Date: 2026-03-28 21:57:16 ~ IP : 185.179.188.62 ----------
REQUEST URI : /wp-headre.php
MOD DETAILS:
   modFile   : /home/canmotalka/web/can-motalka.ru/public_html/vqmod/xml/lightning.xml
   id        : OpenCart Lightning
   version   : 3.37
   vqmver    : 
   author    : MaxD http://devs.mx

File Name    : system/library/cache.php(0)
VQModObject::applyMod - SEARCH NOT FOUND (SKIPPED): if (is_file(DIR_SYSTEM . 'library/journal3/vendor/SuperCache

----------------------------------------------------------------------


---------- Date: 2026-03-28 21:57:17 ~ IP : 185.179.188.62 ----------
REQUEST URI : /wp-links-opml.php
MOD DETAILS:
   modFile   : /home/canmotalka/web/can-motalka.ru/public_html/vqmod/xml/lightning.xml
   id        : OpenCart Lightning
   version   : 3.37
   vqmver    : 
   author    : MaxD http://devs.mx

File Name    : system/library/cache.php(0)
VQModObject::applyMod - SEARCH NOT FOUND (SKIPPED): if (is_file(DIR_SYSTEM . 'library/journal3/vendor/SuperCache

----------------------------------------------------------------------


---------- Date: 2026-03-28 21:57:17 ~ IP : 185.179.188.62 ----------
REQUEST URI : /wp-load.php
MOD DETAILS:
   modFile   : /home/canmotalka/web/can-motalka.ru/public_html/vqmod/xml/lightning.xml
   id        : OpenCart Lightning
   version   : 3.37
   vqmver    : 
   author    : MaxD http://devs.mx

File Name    : system/library/cache.php(0)
VQModObject::applyMod - SEARCH NOT FOUND (SKIPPED): if (is_file(DIR_SYSTEM . 'library/journal3/vendor/SuperCache

----------------------------------------------------------------------


---------- Date: 2026-03-28 21:57:18 ~ IP : 185.179.188.62 ----------
REQUEST URI : /wp-login.php
MOD DETAILS:
   modFile   : /home/canmotalka/web/can-motalka.ru/public_html/vqmod/xml/lightning.xml
   id        : OpenCart Lightning
   version   : 3.37
   vqmver    : 
   author    : MaxD http://devs.mx

File Name    : system/library/cache.php(0)
VQModObject::applyMod - SEARCH NOT FOUND (SKIPPED): if (is_file(DIR_SYSTEM . 'library/journal3/vendor/SuperCache

----------------------------------------------------------------------


---------- Date: 2026-03-28 21:57:19 ~ IP : 185.179.188.62 ----------
REQUEST URI : /wp-mail.php
MOD DETAILS:
   modFile   : /home/canmotalka/web/can-motalka.ru/public_html/vqmod/xml/lightning.xml
   id        : OpenCart Lightning
   version   : 3.37
   vqmver    : 
   author    : MaxD http://devs.mx

File Name    : system/library/cache.php(0)
VQModObject::applyMod - SEARCH NOT FOUND (SKIPPED): if (is_file(DIR_SYSTEM . 'library/journal3/vendor/SuperCache

----------------------------------------------------------------------


---------- Date: 2026-03-28 21:57:50 ~ IP : 185.179.188.62 ----------
REQUEST URI : /xmlrpc.php
MOD DETAILS:
   modFile   : /home/canmotalka/web/can-motalka.ru/public_html/vqmod/xml/lightning.xml
   id        : OpenCart Lightning
   version   : 3.37
   vqmver    : 
   author    : MaxD http://devs.mx

File Name    : system/library/cache.php(0)
VQModObject::applyMod - SEARCH NOT FOUND (SKIPPED): if (is_file(DIR_SYSTEM . 'library/journal3/vendor/SuperCache

----------------------------------------------------------------------


---------- Date: 2026-03-28 22:04:02 ~ IP : 185.179.188.62 ----------
REQUEST URI : /podmotka-spidometra-largus/
MOD DETAILS:
   modFile   : /home/canmotalka/web/can-motalka.ru/public_html/vqmod/xml/lightning.xml
   id        : OpenCart Lightning
   version   : 3.37
   vqmver    : 
   author    : MaxD http://devs.mx

File Name    : system/library/cache.php(0)
VQModObject::applyMod - SEARCH NOT FOUND (SKIPPED): if (is_file(DIR_SYSTEM . 'library/journal3/vendor/SuperCache

----------------------------------------------------------------------


---------- Date: 2026-03-28 22:09:05 ~ IP : 185.179.188.62 ----------
REQUEST URI : /podmotka-spidometra-chevrolet-cruze/
MOD DETAILS:
   modFile   : /home/canmotalka/web/can-motalka.ru/public_html/vqmod/xml/lightning.xml
   id        : OpenCart Lightning
   version   : 3.37
   vqmver    : 
   author    : MaxD http://devs.mx

File Name    : system/library/cache.php(0)
VQModObject::applyMod - SEARCH NOT FOUND (SKIPPED): if (is_file(DIR_SYSTEM . 'library/journal3/vendor/SuperCache

----------------------------------------------------------------------


---------- Date: 2026-03-28 22:09:27 ~ IP : 185.179.188.62 ----------
REQUEST URI : /sitemap.xml
MOD DETAILS:
   modFile   : /home/canmotalka/web/can-motalka.ru/public_html/vqmod/xml/lightning.xml
   id        : OpenCart Lightning
   version   : 3.37
   vqmver    : 
   author    : MaxD http://devs.mx

File Name    : system/library/cache.php(0)
VQModObject::applyMod - SEARCH NOT FOUND (SKIPPED): if (is_file(DIR_SYSTEM . 'library/journal3/vendor/SuperCache

----------------------------------------------------------------------


---------- Date: 2026-03-28 22:13:41 ~ IP : 185.179.188.62 ----------
REQUEST URI : /setting_php/vardenafil/829-viagra-analog-ribinsk/
MOD DETAILS:
   modFile   : /home/canmotalka/web/can-motalka.ru/public_html/vqmod/xml/lightning.xml
   id        : OpenCart Lightning
   version   : 3.37
   vqmver    : 
   author    : MaxD http://devs.mx

File Name    : system/library/cache.php(0)
VQModObject::applyMod - SEARCH NOT FOUND (SKIPPED): if (is_file(DIR_SYSTEM . 'library/journal3/vendor/SuperCache

----------------------------------------------------------------------


---------- Date: 2026-03-28 22:20:14 ~ IP : 185.179.188.62 ----------
REQUEST URI : /niva_abs_re/
MOD DETAILS:
   modFile   : /home/canmotalka/web/can-motalka.ru/public_html/vqmod/xml/lightning.xml
   id        : OpenCart Lightning
   version   : 3.37
   vqmver    : 
   author    : MaxD http://devs.mx

File Name    : system/library/cache.php(0)
VQModObject::applyMod - SEARCH NOT FOUND (SKIPPED): if (is_file(DIR_SYSTEM . 'library/journal3/vendor/SuperCache

----------------------------------------------------------------------


---------- Date: 2026-03-28 22:23:36 ~ IP : 185.179.188.62 ----------
REQUEST URI : /instrukciya-dlya-podmotki-lada-niva/
MOD DETAILS:
   modFile   : /home/canmotalka/web/can-motalka.ru/public_html/vqmod/xml/lightning.xml
   id        : OpenCart Lightning
   version   : 3.37
   vqmver    : 
   author    : MaxD http://devs.mx

File Name    : system/library/cache.php(0)
VQModObject::applyMod - SEARCH NOT FOUND (SKIPPED): if (is_file(DIR_SYSTEM . 'library/journal3/vendor/SuperCache

----------------------------------------------------------------------


---------- Date: 2026-03-28 22:23:37 ~ IP : 185.179.188.62 ----------
REQUEST URI : /contact/
MOD DETAILS:
   modFile   : /home/canmotalka/web/can-motalka.ru/public_html/vqmod/xml/lightning.xml
   id        : OpenCart Lightning
   version   : 3.37
   vqmver    : 
   author    : MaxD http://devs.mx

File Name    : system/library/cache.php(0)
VQModObject::applyMod - SEARCH NOT FOUND (SKIPPED): if (is_file(DIR_SYSTEM . 'library/journal3/vendor/SuperCache

----------------------------------------------------------------------


---------- Date: 2026-03-28 22:23:38 ~ IP : 185.179.188.62 ----------
REQUEST URI : /index.php?route=module/popupcart_extended
MOD DETAILS:
   modFile   : /home/canmotalka/web/can-motalka.ru/public_html/vqmod/xml/lightning.xml
   id        : OpenCart Lightning
   version   : 3.37
   vqmver    : 
   author    : MaxD http://devs.mx

File Name    : system/library/cache.php(0)
VQModObject::applyMod - SEARCH NOT FOUND (SKIPPED): if (is_file(DIR_SYSTEM . 'library/journal3/vendor/SuperCache

----------------------------------------------------------------------


---------- Date: 2026-03-28 22:23:45 ~ IP : 185.179.188.62 ----------
REQUEST URI : /contact/
MOD DETAILS:
   modFile   : /home/canmotalka/web/can-motalka.ru/public_html/vqmod/xml/lightning.xml
   id        : OpenCart Lightning
   version   : 3.37
   vqmver    : 
   author    : MaxD http://devs.mx

File Name    : system/library/cache.php(0)
VQModObject::applyMod - SEARCH NOT FOUND (SKIPPED): if (is_file(DIR_SYSTEM . 'library/journal3/vendor/SuperCache

----------------------------------------------------------------------


---------- Date: 2026-03-28 22:24:11 ~ IP : 185.179.188.62 ----------
REQUEST URI : /index.php?route=module/popupcart_extended
MOD DETAILS:
   modFile   : /home/canmotalka/web/can-motalka.ru/public_html/vqmod/xml/lightning.xml
   id        : OpenCart Lightning
   version   : 3.37
   vqmver    : 
   author    : MaxD http://devs.mx

File Name    : system/library/cache.php(0)
VQModObject::applyMod - SEARCH NOT FOUND (SKIPPED): if (is_file(DIR_SYSTEM . 'library/journal3/vendor/SuperCache

----------------------------------------------------------------------


---------- Date: 2026-03-28 22:24:33 ~ IP : 185.179.188.62 ----------
REQUEST URI : /video-obzor/
MOD DETAILS:
   modFile   : /home/canmotalka/web/can-motalka.ru/public_html/vqmod/xml/lightning.xml
   id        : OpenCart Lightning
   version   : 3.37
   vqmver    : 
   author    : MaxD http://devs.mx

File Name    : system/library/cache.php(0)
VQModObject::applyMod - SEARCH NOT FOUND (SKIPPED): if (is_file(DIR_SYSTEM . 'library/journal3/vendor/SuperCache

----------------------------------------------------------------------


---------- Date: 2026-03-28 22:27:57 ~ IP : 185.179.188.62 ----------
REQUEST URI : /cron__/thermo-detonator/300-trenbolon-forte-200-v-magazine-krasnogorsk/
MOD DETAILS:
   modFile   : /home/canmotalka/web/can-motalka.ru/public_html/vqmod/xml/lightning.xml
   id        : OpenCart Lightning
   version   : 3.37
   vqmver    : 
   author    : MaxD http://devs.mx

File Name    : system/library/cache.php(0)
VQModObject::applyMod - SEARCH NOT FOUND (SKIPPED): if (is_file(DIR_SYSTEM . 'library/journal3/vendor/SuperCache

----------------------------------------------------------------------


---------- Date: 2026-03-28 22:31:26 ~ IP : 185.179.188.62 ----------
REQUEST URI : /manual-podmotka-toyota-camry-corolla-tlc-rav4/
MOD DETAILS:
   modFile   : /home/canmotalka/web/can-motalka.ru/public_html/vqmod/xml/lightning.xml
   id        : OpenCart Lightning
   version   : 3.37
   vqmver    : 
   author    : MaxD http://devs.mx

File Name    : system/library/cache.php(0)
VQModObject::applyMod - SEARCH NOT FOUND (SKIPPED): if (is_file(DIR_SYSTEM . 'library/journal3/vendor/SuperCache

----------------------------------------------------------------------


---------- Date: 2026-03-28 22:31:27 ~ IP : 185.179.188.62 ----------
REQUEST URI : /index.php?route=module/popupcart_extended
MOD DETAILS:
   modFile   : /home/canmotalka/web/can-motalka.ru/public_html/vqmod/xml/lightning.xml
   id        : OpenCart Lightning
   version   : 3.37
   vqmver    : 
   author    : MaxD http://devs.mx

File Name    : system/library/cache.php(0)
VQModObject::applyMod - SEARCH NOT FOUND (SKIPPED): if (is_file(DIR_SYSTEM . 'library/journal3/vendor/SuperCache

----------------------------------------------------------------------


---------- Date: 2026-03-28 22:35:37 ~ IP : 185.179.188.62 ----------
REQUEST URI : /instrukciya-podmotka-camry/
MOD DETAILS:
   modFile   : /home/canmotalka/web/can-motalka.ru/public_html/vqmod/xml/lightning.xml
   id        : OpenCart Lightning
   version   : 3.37
   vqmver    : 
   author    : MaxD http://devs.mx

File Name    : system/library/cache.php(0)
VQModObject::applyMod - SEARCH NOT FOUND (SKIPPED): if (is_file(DIR_SYSTEM . 'library/journal3/vendor/SuperCache

----------------------------------------------------------------------


---------- Date: 2026-03-28 22:35:38 ~ IP : 185.179.188.62 ----------
REQUEST URI : /index.php?route=module/popupcart_extended
MOD DETAILS:
   modFile   : /home/canmotalka/web/can-motalka.ru/public_html/vqmod/xml/lightning.xml
   id        : OpenCart Lightning
   version   : 3.37
   vqmver    : 
   author    : MaxD http://devs.mx

File Name    : system/library/cache.php(0)
VQModObject::applyMod - SEARCH NOT FOUND (SKIPPED): if (is_file(DIR_SYSTEM . 'library/journal3/vendor/SuperCache

----------------------------------------------------------------------


---------- Date: 2026-03-28 22:36:07 ~ IP : 185.179.188.62 ----------
REQUEST URI : /manual-podmotka-toyota-camry-corolla-tlc-rav4/
MOD DETAILS:
   modFile   : /home/canmotalka/web/can-motalka.ru/public_html/vqmod/xml/lightning.xml
   id        : OpenCart Lightning
   version   : 3.37
   vqmver    : 
   author    : MaxD http://devs.mx

File Name    : system/library/cache.php(0)
VQModObject::applyMod - SEARCH NOT FOUND (SKIPPED): if (is_file(DIR_SYSTEM . 'library/journal3/vendor/SuperCache

----------------------------------------------------------------------


---------- Date: 2026-03-28 22:36:07 ~ IP : 185.179.188.62 ----------
REQUEST URI : /index.php?route=module/popupcart_extended
MOD DETAILS:
   modFile   : /home/canmotalka/web/can-motalka.ru/public_html/vqmod/xml/lightning.xml
   id        : OpenCart Lightning
   version   : 3.37
   vqmver    : 
   author    : MaxD http://devs.mx

File Name    : system/library/cache.php(0)
VQModObject::applyMod - SEARCH NOT FOUND (SKIPPED): if (is_file(DIR_SYSTEM . 'library/journal3/vendor/SuperCache

----------------------------------------------------------------------


---------- Date: 2026-03-28 22:36:22 ~ IP : 185.179.188.62 ----------
REQUEST URI : /manual-podmotka-toyota-camry-corolla-tlc-rav4/
MOD DETAILS:
   modFile   : /home/canmotalka/web/can-motalka.ru/public_html/vqmod/xml/lightning.xml
   id        : OpenCart Lightning
   version   : 3.37
   vqmver    : 
   author    : MaxD http://devs.mx

File Name    : system/library/cache.php(0)
VQModObject::applyMod - SEARCH NOT FOUND (SKIPPED): if (is_file(DIR_SYSTEM . 'library/journal3/vendor/SuperCache

----------------------------------------------------------------------


---------- Date: 2026-03-28 22:36:22 ~ IP : 185.179.188.62 ----------
REQUEST URI : /index.php?route=module/popupcart_extended
MOD DETAILS:
   modFile   : /home/canmotalka/web/can-motalka.ru/public_html/vqmod/xml/lightning.xml
   id        : OpenCart Lightning
   version   : 3.37
   vqmver    : 
   author    : MaxD http://devs.mx

File Name    : system/library/cache.php(0)
VQModObject::applyMod - SEARCH NOT FOUND (SKIPPED): if (is_file(DIR_SYSTEM . 'library/journal3/vendor/SuperCache

----------------------------------------------------------------------


---------- Date: 2026-03-28 22:36:42 ~ IP : 185.179.188.62 ----------
REQUEST URI : /index.php?route=module/popupcart_extended
MOD DETAILS:
   modFile   : /home/canmotalka/web/can-motalka.ru/public_html/vqmod/xml/lightning.xml
   id        : OpenCart Lightning
   version   : 3.37
   vqmver    : 
   author    : MaxD http://devs.mx

File Name    : system/library/cache.php(0)
VQModObject::applyMod - SEARCH NOT FOUND (SKIPPED): if (is_file(DIR_SYSTEM . 'library/journal3/vendor/SuperCache

----------------------------------------------------------------------


---------- Date: 2026-03-28 22:36:59 ~ IP : 185.179.188.62 ----------
REQUEST URI : /podmotka-spidometra-toyota-kamri/
MOD DETAILS:
   modFile   : /home/canmotalka/web/can-motalka.ru/public_html/vqmod/xml/lightning.xml
   id        : OpenCart Lightning
   version   : 3.37
   vqmver    : 
   author    : MaxD http://devs.mx

File Name    : system/library/cache.php(0)
VQModObject::applyMod - SEARCH NOT FOUND (SKIPPED): if (is_file(DIR_SYSTEM . 'library/journal3/vendor/SuperCache

----------------------------------------------------------------------


---------- Date: 2026-03-28 22:37:00 ~ IP : 185.179.188.62 ----------
REQUEST URI : /index.php?route=product/product/review&amp;product_id=265
MOD DETAILS:
   modFile   : /home/canmotalka/web/can-motalka.ru/public_html/vqmod/xml/lightning.xml
   id        : OpenCart Lightning
   version   : 3.37
   vqmver    : 
   author    : MaxD http://devs.mx

File Name    : system/library/cache.php(0)
VQModObject::applyMod - SEARCH NOT FOUND (SKIPPED): if (is_file(DIR_SYSTEM . 'library/journal3/vendor/SuperCache

----------------------------------------------------------------------


---------- Date: 2026-03-28 22:37:00 ~ IP : 185.179.188.62 ----------
REQUEST URI : /index.php?route=module/popupcart_extended
MOD DETAILS:
   modFile   : /home/canmotalka/web/can-motalka.ru/public_html/vqmod/xml/lightning.xml
   id        : OpenCart Lightning
   version   : 3.37
   vqmver    : 
   author    : MaxD http://devs.mx

File Name    : system/library/cache.php(0)
VQModObject::applyMod - SEARCH NOT FOUND (SKIPPED): if (is_file(DIR_SYSTEM . 'library/journal3/vendor/SuperCache

----------------------------------------------------------------------


---------- Date: 2026-03-28 22:38:11 ~ IP : 185.179.188.62 ----------
REQUEST URI : /index.php?route=checkout/cart/add
MOD DETAILS:
   modFile   : /home/canmotalka/web/can-motalka.ru/public_html/vqmod/xml/lightning.xml
   id        : OpenCart Lightning
   version   : 3.37
   vqmver    : 
   author    : MaxD http://devs.mx

File Name    : system/library/cache.php(0)
VQModObject::applyMod - SEARCH NOT FOUND (SKIPPED): if (is_file(DIR_SYSTEM . 'library/journal3/vendor/SuperCache

----------------------------------------------------------------------


---------- Date: 2026-03-28 22:38:11 ~ IP : 185.179.188.62 ----------
REQUEST URI : /index.php?route=checkout/simplecheckout
MOD DETAILS:
   modFile   : /home/canmotalka/web/can-motalka.ru/public_html/vqmod/xml/lightning.xml
   id        : OpenCart Lightning
   version   : 3.37
   vqmver    : 
   author    : MaxD http://devs.mx

File Name    : system/library/cache.php(0)
VQModObject::applyMod - SEARCH NOT FOUND (SKIPPED): if (is_file(DIR_SYSTEM . 'library/journal3/vendor/SuperCache

----------------------------------------------------------------------


---------- Date: 2026-03-28 22:38:11 ~ IP : 185.179.188.62 ----------
REQUEST URI : /zakaz/
MOD DETAILS:
   modFile   : /home/canmotalka/web/can-motalka.ru/public_html/vqmod/xml/lightning.xml
   id        : OpenCart Lightning
   version   : 3.37
   vqmver    : 
   author    : MaxD http://devs.mx

File Name    : system/library/cache.php(0)
VQModObject::applyMod - SEARCH NOT FOUND (SKIPPED): if (is_file(DIR_SYSTEM . 'library/journal3/vendor/SuperCache

----------------------------------------------------------------------


---------- Date: 2026-03-28 22:40:30 ~ IP : 185.179.188.62 ----------
REQUEST URI : /podmotka-spidometra-dlya-lada-granta-fl-2018-2019-s-abs-bezlimitnaya/
MOD DETAILS:
   modFile   : /home/canmotalka/web/can-motalka.ru/public_html/vqmod/xml/lightning.xml
   id        : OpenCart Lightning
   version   : 3.37
   vqmver    : 
   author    : MaxD http://devs.mx

File Name    : system/library/cache.php(0)
VQModObject::applyMod - SEARCH NOT FOUND (SKIPPED): if (is_file(DIR_SYSTEM . 'library/journal3/vendor/SuperCache

----------------------------------------------------------------------


---------- Date: 2026-03-28 22:40:31 ~ IP : 185.179.188.62 ----------
REQUEST URI : /podmotka-spidometra-lada-granta-fl/
MOD DETAILS:
   modFile   : /home/canmotalka/web/can-motalka.ru/public_html/vqmod/xml/lightning.xml
   id        : OpenCart Lightning
   version   : 3.37
   vqmver    : 
   author    : MaxD http://devs.mx

File Name    : system/library/cache.php(0)
VQModObject::applyMod - SEARCH NOT FOUND (SKIPPED): if (is_file(DIR_SYSTEM . 'library/journal3/vendor/SuperCache

----------------------------------------------------------------------


---------- Date: 2026-03-28 22:41:04 ~ IP : 185.179.188.62 ----------
REQUEST URI : /instrukciya-lada-granta-2021/
MOD DETAILS:
   modFile   : /home/canmotalka/web/can-motalka.ru/public_html/vqmod/xml/lightning.xml
   id        : OpenCart Lightning
   version   : 3.37
   vqmver    : 
   author    : MaxD http://devs.mx

File Name    : system/library/cache.php(0)
VQModObject::applyMod - SEARCH NOT FOUND (SKIPPED): if (is_file(DIR_SYSTEM . 'library/journal3/vendor/SuperCache

----------------------------------------------------------------------


---------- Date: 2026-03-28 22:41:05 ~ IP : 185.179.188.62 ----------
REQUEST URI : /index.php?route=module/popupcart_extended
MOD DETAILS:
   modFile   : /home/canmotalka/web/can-motalka.ru/public_html/vqmod/xml/lightning.xml
   id        : OpenCart Lightning
   version   : 3.37
   vqmver    : 
   author    : MaxD http://devs.mx

File Name    : system/library/cache.php(0)
VQModObject::applyMod - SEARCH NOT FOUND (SKIPPED): if (is_file(DIR_SYSTEM . 'library/journal3/vendor/SuperCache

----------------------------------------------------------------------


---------- Date: 2026-03-28 22:44:34 ~ IP : 185.179.188.62 ----------
REQUEST URI : /manual-podmotka-toyota-camry-corolla-tlc-rav4/
MOD DETAILS:
   modFile   : /home/canmotalka/web/can-motalka.ru/public_html/vqmod/xml/lightning.xml
   id        : OpenCart Lightning
   version   : 3.37
   vqmver    : 
   author    : MaxD http://devs.mx

File Name    : system/library/cache.php(0)
VQModObject::applyMod - SEARCH NOT FOUND (SKIPPED): if (is_file(DIR_SYSTEM . 'library/journal3/vendor/SuperCache

----------------------------------------------------------------------


---------- Date: 2026-03-28 22:44:35 ~ IP : 185.179.188.62 ----------
REQUEST URI : /manual-podmotka-toyota-camry-corolla-tlc-rav4/
MOD DETAILS:
   modFile   : /home/canmotalka/web/can-motalka.ru/public_html/vqmod/xml/lightning.xml
   id        : OpenCart Lightning
   version   : 3.37
   vqmver    : 
   author    : MaxD http://devs.mx

File Name    : system/library/cache.php(0)
VQModObject::applyMod - SEARCH NOT FOUND (SKIPPED): if (is_file(DIR_SYSTEM . 'library/journal3/vendor/SuperCache

----------------------------------------------------------------------


---------- Date: 2026-03-28 22:44:35 ~ IP : 185.179.188.62 ----------
REQUEST URI : /index.php?route=module/popupcart_extended
MOD DETAILS:
   modFile   : /home/canmotalka/web/can-motalka.ru/public_html/vqmod/xml/lightning.xml
   id        : OpenCart Lightning
   version   : 3.37
   vqmver    : 
   author    : MaxD http://devs.mx

File Name    : system/library/cache.php(0)
VQModObject::applyMod - SEARCH NOT FOUND (SKIPPED): if (is_file(DIR_SYSTEM . 'library/journal3/vendor/SuperCache

----------------------------------------------------------------------


---------- Date: 2026-03-28 22:44:35 ~ IP : 185.179.188.62 ----------
REQUEST URI : /index.php?route=module/popupcart_extended
MOD DETAILS:
   modFile   : /home/canmotalka/web/can-motalka.ru/public_html/vqmod/xml/lightning.xml
   id        : OpenCart Lightning
   version   : 3.37
   vqmver    : 
   author    : MaxD http://devs.mx

File Name    : system/library/cache.php(0)
VQModObject::applyMod - SEARCH NOT FOUND (SKIPPED): if (is_file(DIR_SYSTEM . 'library/journal3/vendor/SuperCache

----------------------------------------------------------------------


---------- Date: 2026-03-28 22:54:35 ~ IP : 185.179.188.62 ----------
REQUEST URI : /podmotka-spidometra-renault-kaptur/
MOD DETAILS:
   modFile   : /home/canmotalka/web/can-motalka.ru/public_html/vqmod/xml/lightning.xml
   id        : OpenCart Lightning
   version   : 3.37
   vqmver    : 
   author    : MaxD http://devs.mx

File Name    : system/library/cache.php(0)
VQModObject::applyMod - SEARCH NOT FOUND (SKIPPED): if (is_file(DIR_SYSTEM . 'library/journal3/vendor/SuperCache

----------------------------------------------------------------------


---------- Date: 2026-03-28 22:56:23 ~ IP : 185.179.188.62 ----------
REQUEST URI : /manual-podmotka-toyota-camry-corolla-tlc-rav4/
MOD DETAILS:
   modFile   : /home/canmotalka/web/can-motalka.ru/public_html/vqmod/xml/lightning.xml
   id        : OpenCart Lightning
   version   : 3.37
   vqmver    : 
   author    : MaxD http://devs.mx

File Name    : system/library/cache.php(0)
VQModObject::applyMod - SEARCH NOT FOUND (SKIPPED): if (is_file(DIR_SYSTEM . 'library/journal3/vendor/SuperCache

----------------------------------------------------------------------


---------- Date: 2026-03-28 22:56:24 ~ IP : 185.179.188.62 ----------
REQUEST URI : /index.php?route=module/popupcart_extended
MOD DETAILS:
   modFile   : /home/canmotalka/web/can-motalka.ru/public_html/vqmod/xml/lightning.xml
   id        : OpenCart Lightning
   version   : 3.37
   vqmver    : 
   author    : MaxD http://devs.mx

File Name    : system/library/cache.php(0)
VQModObject::applyMod - SEARCH NOT FOUND (SKIPPED): if (is_file(DIR_SYSTEM . 'library/journal3/vendor/SuperCache

----------------------------------------------------------------------


---------- Date: 2026-03-28 22:57:02 ~ IP : 185.179.188.62 ----------
REQUEST URI : /xmlrpc.php
MOD DETAILS:
   modFile   : /home/canmotalka/web/can-motalka.ru/public_html/vqmod/xml/lightning.xml
   id        : OpenCart Lightning
   version   : 3.37
   vqmver    : 
   author    : MaxD http://devs.mx

File Name    : system/library/cache.php(0)
VQModObject::applyMod - SEARCH NOT FOUND (SKIPPED): if (is_file(DIR_SYSTEM . 'library/journal3/vendor/SuperCache

----------------------------------------------------------------------


---------- Date: 2026-03-28 23:03:11 ~ IP : 185.179.188.62 ----------
REQUEST URI : /manual-podmotka-toyota-camry-corolla-tlc-rav4/
MOD DETAILS:
   modFile   : /home/canmotalka/web/can-motalka.ru/public_html/vqmod/xml/lightning.xml
   id        : OpenCart Lightning
   version   : 3.37
   vqmver    : 
   author    : MaxD http://devs.mx

File Name    : system/library/cache.php(0)
VQModObject::applyMod - SEARCH NOT FOUND (SKIPPED): if (is_file(DIR_SYSTEM . 'library/journal3/vendor/SuperCache

----------------------------------------------------------------------


---------- Date: 2026-03-28 23:03:12 ~ IP : 185.179.188.62 ----------
REQUEST URI : /index.php?route=module/popupcart_extended
MOD DETAILS:
   modFile   : /home/canmotalka/web/can-motalka.ru/public_html/vqmod/xml/lightning.xml
   id        : OpenCart Lightning
   version   : 3.37
   vqmver    : 
   author    : MaxD http://devs.mx

File Name    : system/library/cache.php(0)
VQModObject::applyMod - SEARCH NOT FOUND (SKIPPED): if (is_file(DIR_SYSTEM . 'library/journal3/vendor/SuperCache

----------------------------------------------------------------------


---------- Date: 2026-03-28 23:03:20 ~ IP : 185.179.188.62 ----------
REQUEST URI : /manual-podmotka-toyota-camry-corolla-tlc-rav4/
MOD DETAILS:
   modFile   : /home/canmotalka/web/can-motalka.ru/public_html/vqmod/xml/lightning.xml
   id        : OpenCart Lightning
   version   : 3.37
   vqmver    : 
   author    : MaxD http://devs.mx

File Name    : system/library/cache.php(0)
VQModObject::applyMod - SEARCH NOT FOUND (SKIPPED): if (is_file(DIR_SYSTEM . 'library/journal3/vendor/SuperCache

----------------------------------------------------------------------


---------- Date: 2026-03-28 23:03:21 ~ IP : 185.179.188.62 ----------
REQUEST URI : /index.php?route=module/popupcart_extended
MOD DETAILS:
   modFile   : /home/canmotalka/web/can-motalka.ru/public_html/vqmod/xml/lightning.xml
   id        : OpenCart Lightning
   version   : 3.37
   vqmver    : 
   author    : MaxD http://devs.mx

File Name    : system/library/cache.php(0)
VQModObject::applyMod - SEARCH NOT FOUND (SKIPPED): if (is_file(DIR_SYSTEM . 'library/journal3/vendor/SuperCache

----------------------------------------------------------------------


---------- Date: 2026-03-28 23:04:14 ~ IP : 185.179.188.62 ----------
REQUEST URI : /podmotka-spidometra-kia-optima-bezlimitnaya/
MOD DETAILS:
   modFile   : /home/canmotalka/web/can-motalka.ru/public_html/vqmod/xml/lightning.xml
   id        : OpenCart Lightning
   version   : 3.37
   vqmver    : 
   author    : MaxD http://devs.mx

File Name    : system/library/cache.php(0)
VQModObject::applyMod - SEARCH NOT FOUND (SKIPPED): if (is_file(DIR_SYSTEM . 'library/journal3/vendor/SuperCache

----------------------------------------------------------------------


---------- Date: 2026-03-28 23:05:12 ~ IP : 185.179.188.62 ----------
REQUEST URI : /hyundai_h1_manual/
MOD DETAILS:
   modFile   : /home/canmotalka/web/can-motalka.ru/public_html/vqmod/xml/lightning.xml
   id        : OpenCart Lightning
   version   : 3.37
   vqmver    : 
   author    : MaxD http://devs.mx

File Name    : system/library/cache.php(0)
VQModObject::applyMod - SEARCH NOT FOUND (SKIPPED): if (is_file(DIR_SYSTEM . 'library/journal3/vendor/SuperCache

----------------------------------------------------------------------


---------- Date: 2026-03-28 23:09:22 ~ IP : 185.179.188.62 ----------
REQUEST URI : /index.php?route=module/popupcart_extended
MOD DETAILS:
   modFile   : /home/canmotalka/web/can-motalka.ru/public_html/vqmod/xml/lightning.xml
   id        : OpenCart Lightning
   version   : 3.37
   vqmver    : 
   author    : MaxD http://devs.mx

File Name    : system/library/cache.php(0)
VQModObject::applyMod - SEARCH NOT FOUND (SKIPPED): if (is_file(DIR_SYSTEM . 'library/journal3/vendor/SuperCache

----------------------------------------------------------------------


---------- Date: 2026-03-28 23:12:03 ~ IP : 185.179.188.62 ----------
REQUEST URI : /instrukciya-podmotka-niva-travel-chevrolet/?ysclid=mnarniv3eu908447285
MOD DETAILS:
   modFile   : /home/canmotalka/web/can-motalka.ru/public_html/vqmod/xml/lightning.xml
   id        : OpenCart Lightning
   version   : 3.37
   vqmver    : 
   author    : MaxD http://devs.mx

File Name    : system/library/cache.php(0)
VQModObject::applyMod - SEARCH NOT FOUND (SKIPPED): if (is_file(DIR_SYSTEM . 'library/journal3/vendor/SuperCache

----------------------------------------------------------------------


---------- Date: 2026-03-28 23:12:04 ~ IP : 185.179.188.62 ----------
REQUEST URI : /instrukciya-podmotka-niva-travel-chevrolet/
MOD DETAILS:
   modFile   : /home/canmotalka/web/can-motalka.ru/public_html/vqmod/xml/lightning.xml
   id        : OpenCart Lightning
   version   : 3.37
   vqmver    : 
   author    : MaxD http://devs.mx

File Name    : system/library/cache.php(0)
VQModObject::applyMod - SEARCH NOT FOUND (SKIPPED): if (is_file(DIR_SYSTEM . 'library/journal3/vendor/SuperCache

----------------------------------------------------------------------


---------- Date: 2026-03-28 23:12:06 ~ IP : 185.179.188.62 ----------
REQUEST URI : /index.php?route=module/popupcart_extended
MOD DETAILS:
   modFile   : /home/canmotalka/web/can-motalka.ru/public_html/vqmod/xml/lightning.xml
   id        : OpenCart Lightning
   version   : 3.37
   vqmver    : 
   author    : MaxD http://devs.mx

File Name    : system/library/cache.php(0)
VQModObject::applyMod - SEARCH NOT FOUND (SKIPPED): if (is_file(DIR_SYSTEM . 'library/journal3/vendor/SuperCache

----------------------------------------------------------------------


---------- Date: 2026-03-28 23:14:14 ~ IP : 185.179.188.62 ----------
REQUEST URI : /motalka_spidometra_re/
MOD DETAILS:
   modFile   : /home/canmotalka/web/can-motalka.ru/public_html/vqmod/xml/lightning.xml
   id        : OpenCart Lightning
   version   : 3.37
   vqmver    : 
   author    : MaxD http://devs.mx

File Name    : system/library/cache.php(0)
VQModObject::applyMod - SEARCH NOT FOUND (SKIPPED): if (is_file(DIR_SYSTEM . 'library/journal3/vendor/SuperCache

----------------------------------------------------------------------


---------- Date: 2026-03-28 23:14:16 ~ IP : 185.179.188.62 ----------
REQUEST URI : /index.php?route=module/popupcart_extended
MOD DETAILS:
   modFile   : /home/canmotalka/web/can-motalka.ru/public_html/vqmod/xml/lightning.xml
   id        : OpenCart Lightning
   version   : 3.37
   vqmver    : 
   author    : MaxD http://devs.mx

File Name    : system/library/cache.php(0)
VQModObject::applyMod - SEARCH NOT FOUND (SKIPPED): if (is_file(DIR_SYSTEM . 'library/journal3/vendor/SuperCache

----------------------------------------------------------------------


---------- Date: 2026-03-28 23:20:28 ~ IP : 185.179.188.62 ----------
REQUEST URI : /
MOD DETAILS:
   modFile   : /home/canmotalka/web/can-motalka.ru/public_html/vqmod/xml/lightning.xml
   id        : OpenCart Lightning
   version   : 3.37
   vqmver    : 
   author    : MaxD http://devs.mx

File Name    : system/library/cache.php(0)
VQModObject::applyMod - SEARCH NOT FOUND (SKIPPED): if (is_file(DIR_SYSTEM . 'library/journal3/vendor/SuperCache

----------------------------------------------------------------------


---------- Date: 2026-03-28 23:20:52 ~ IP : 185.179.188.62 ----------
REQUEST URI : /podmotka-spidometra-largus/
MOD DETAILS:
   modFile   : /home/canmotalka/web/can-motalka.ru/public_html/vqmod/xml/lightning.xml
   id        : OpenCart Lightning
   version   : 3.37
   vqmver    : 
   author    : MaxD http://devs.mx

File Name    : system/library/cache.php(0)
VQModObject::applyMod - SEARCH NOT FOUND (SKIPPED): if (is_file(DIR_SYSTEM . 'library/journal3/vendor/SuperCache

----------------------------------------------------------------------


---------- Date: 2026-03-28 23:20:54 ~ IP : 185.179.188.62 ----------
REQUEST URI : /manual-podmotka-toyota-camry-corolla-tlc-rav4/
MOD DETAILS:
   modFile   : /home/canmotalka/web/can-motalka.ru/public_html/vqmod/xml/lightning.xml
   id        : OpenCart Lightning
   version   : 3.37
   vqmver    : 
   author    : MaxD http://devs.mx

File Name    : system/library/cache.php(0)
VQModObject::applyMod - SEARCH NOT FOUND (SKIPPED): if (is_file(DIR_SYSTEM . 'library/journal3/vendor/SuperCache

----------------------------------------------------------------------


---------- Date: 2026-03-28 23:20:55 ~ IP : 185.179.188.62 ----------
REQUEST URI : /index.php?route=module/popupcart_extended
MOD DETAILS:
   modFile   : /home/canmotalka/web/can-motalka.ru/public_html/vqmod/xml/lightning.xml
   id        : OpenCart Lightning
   version   : 3.37
   vqmver    : 
   author    : MaxD http://devs.mx

File Name    : system/library/cache.php(0)
VQModObject::applyMod - SEARCH NOT FOUND (SKIPPED): if (is_file(DIR_SYSTEM . 'library/journal3/vendor/SuperCache

----------------------------------------------------------------------


---------- Date: 2026-03-28 23:21:12 ~ IP : 185.179.188.62 ----------
REQUEST URI : /manual-podmotka-toyota-camry-corolla-tlc-rav4/
MOD DETAILS:
   modFile   : /home/canmotalka/web/can-motalka.ru/public_html/vqmod/xml/lightning.xml
   id        : OpenCart Lightning
   version   : 3.37
   vqmver    : 
   author    : MaxD http://devs.mx

File Name    : system/library/cache.php(0)
VQModObject::applyMod - SEARCH NOT FOUND (SKIPPED): if (is_file(DIR_SYSTEM . 'library/journal3/vendor/SuperCache

----------------------------------------------------------------------


---------- Date: 2026-03-28 23:21:13 ~ IP : 185.179.188.62 ----------
REQUEST URI : /index.php?route=module/popupcart_extended
MOD DETAILS:
   modFile   : /home/canmotalka/web/can-motalka.ru/public_html/vqmod/xml/lightning.xml
   id        : OpenCart Lightning
   version   : 3.37
   vqmver    : 
   author    : MaxD http://devs.mx

File Name    : system/library/cache.php(0)
VQModObject::applyMod - SEARCH NOT FOUND (SKIPPED): if (is_file(DIR_SYSTEM . 'library/journal3/vendor/SuperCache

----------------------------------------------------------------------


---------- Date: 2026-03-28 23:21:34 ~ IP : 185.179.188.62 ----------
REQUEST URI : /index.php?route=product/product/review&amp;product_id=258
MOD DETAILS:
   modFile   : /home/canmotalka/web/can-motalka.ru/public_html/vqmod/xml/lightning.xml
   id        : OpenCart Lightning
   version   : 3.37
   vqmver    : 
   author    : MaxD http://devs.mx

File Name    : system/library/cache.php(0)
VQModObject::applyMod - SEARCH NOT FOUND (SKIPPED): if (is_file(DIR_SYSTEM . 'library/journal3/vendor/SuperCache

----------------------------------------------------------------------


---------- Date: 2026-03-28 23:21:35 ~ IP : 185.179.188.62 ----------
REQUEST URI : /index.php?route=module/popupcart_extended
MOD DETAILS:
   modFile   : /home/canmotalka/web/can-motalka.ru/public_html/vqmod/xml/lightning.xml
   id        : OpenCart Lightning
   version   : 3.37
   vqmver    : 
   author    : MaxD http://devs.mx

File Name    : system/library/cache.php(0)
VQModObject::applyMod - SEARCH NOT FOUND (SKIPPED): if (is_file(DIR_SYSTEM . 'library/journal3/vendor/SuperCache

----------------------------------------------------------------------


---------- Date: 2026-03-28 23:22:54 ~ IP : 185.179.188.62 ----------
REQUEST URI : /setting_php/zdorovie-soveti/515-djenerik-viagra-soft-cena-yaroslavl/
MOD DETAILS:
   modFile   : /home/canmotalka/web/can-motalka.ru/public_html/vqmod/xml/lightning.xml
   id        : OpenCart Lightning
   version   : 3.37
   vqmver    : 
   author    : MaxD http://devs.mx

File Name    : system/library/cache.php(0)
VQModObject::applyMod - SEARCH NOT FOUND (SKIPPED): if (is_file(DIR_SYSTEM . 'library/journal3/vendor/SuperCache

----------------------------------------------------------------------


---------- Date: 2026-03-28 23:39:31 ~ IP : 185.179.188.62 ----------
REQUEST URI : /podmotka-spidometra-dlya-ford-exploer/
MOD DETAILS:
   modFile   : /home/canmotalka/web/can-motalka.ru/public_html/vqmod/xml/lightning.xml
   id        : OpenCart Lightning
   version   : 3.37
   vqmver    : 
   author    : MaxD http://devs.mx

File Name    : system/library/cache.php(0)
VQModObject::applyMod - SEARCH NOT FOUND (SKIPPED): if (is_file(DIR_SYSTEM . 'library/journal3/vendor/SuperCache

----------------------------------------------------------------------


---------- Date: 2026-03-28 23:41:06 ~ IP : 185.179.188.62 ----------
REQUEST URI : /namotchik-probega-dlya-uaz-patriot-konec-do-2016-zelenyy-displey/?ysclid=mnasp24s7581542256
MOD DETAILS:
   modFile   : /home/canmotalka/web/can-motalka.ru/public_html/vqmod/xml/lightning.xml
   id        : OpenCart Lightning
   version   : 3.37
   vqmver    : 
   author    : MaxD http://devs.mx

File Name    : system/library/cache.php(0)
VQModObject::applyMod - SEARCH NOT FOUND (SKIPPED): if (is_file(DIR_SYSTEM . 'library/journal3/vendor/SuperCache

----------------------------------------------------------------------


---------- Date: 2026-03-28 23:41:06 ~ IP : 185.179.188.62 ----------
REQUEST URI : /namotchik-probega-dlya-uaz-patriot-konec-do-2016-zelenyy-displey/
MOD DETAILS:
   modFile   : /home/canmotalka/web/can-motalka.ru/public_html/vqmod/xml/lightning.xml
   id        : OpenCart Lightning
   version   : 3.37
   vqmver    : 
   author    : MaxD http://devs.mx

File Name    : system/library/cache.php(0)
VQModObject::applyMod - SEARCH NOT FOUND (SKIPPED): if (is_file(DIR_SYSTEM . 'library/journal3/vendor/SuperCache

----------------------------------------------------------------------


---------- Date: 2026-03-28 23:41:32 ~ IP : 185.179.188.62 ----------
REQUEST URI : /index.php?route=module/popupcart_extended
MOD DETAILS:
   modFile   : /home/canmotalka/web/can-motalka.ru/public_html/vqmod/xml/lightning.xml
   id        : OpenCart Lightning
   version   : 3.37
   vqmver    : 
   author    : MaxD http://devs.mx

File Name    : system/library/cache.php(0)
VQModObject::applyMod - SEARCH NOT FOUND (SKIPPED): if (is_file(DIR_SYSTEM . 'library/journal3/vendor/SuperCache

----------------------------------------------------------------------


---------- Date: 2026-03-28 23:41:45 ~ IP : 185.179.188.62 ----------
REQUEST URI : /sitemap.xml
MOD DETAILS:
   modFile   : /home/canmotalka/web/can-motalka.ru/public_html/vqmod/xml/lightning.xml
   id        : OpenCart Lightning
   version   : 3.37
   vqmver    : 
   author    : MaxD http://devs.mx

File Name    : system/library/cache.php(0)
VQModObject::applyMod - SEARCH NOT FOUND (SKIPPED): if (is_file(DIR_SYSTEM . 'library/journal3/vendor/SuperCache

----------------------------------------------------------------------


---------- Date: 2026-03-28 23:41:46 ~ IP : 185.179.188.62 ----------
REQUEST URI : /index.php?route=product/product/review&amp;product_id=262
MOD DETAILS:
   modFile   : /home/canmotalka/web/can-motalka.ru/public_html/vqmod/xml/lightning.xml
   id        : OpenCart Lightning
   version   : 3.37
   vqmver    : 
   author    : MaxD http://devs.mx

File Name    : system/library/cache.php(0)
VQModObject::applyMod - SEARCH NOT FOUND (SKIPPED): if (is_file(DIR_SYSTEM . 'library/journal3/vendor/SuperCache

----------------------------------------------------------------------


---------- Date: 2026-03-28 23:41:47 ~ IP : 185.179.188.62 ----------
REQUEST URI : /index.php?route=module/popupcart_extended
MOD DETAILS:
   modFile   : /home/canmotalka/web/can-motalka.ru/public_html/vqmod/xml/lightning.xml
   id        : OpenCart Lightning
   version   : 3.37
   vqmver    : 
   author    : MaxD http://devs.mx

File Name    : system/library/cache.php(0)
VQModObject::applyMod - SEARCH NOT FOUND (SKIPPED): if (is_file(DIR_SYSTEM . 'library/journal3/vendor/SuperCache

----------------------------------------------------------------------


---------- Date: 2026-03-28 23:43:32 ~ IP : 185.179.188.62 ----------
REQUEST URI : /namotchik-probega-dlya-land-rover-discovery/
MOD DETAILS:
   modFile   : /home/canmotalka/web/can-motalka.ru/public_html/vqmod/xml/lightning.xml
   id        : OpenCart Lightning
   version   : 3.37
   vqmver    : 
   author    : MaxD http://devs.mx

File Name    : system/library/cache.php(0)
VQModObject::applyMod - SEARCH NOT FOUND (SKIPPED): if (is_file(DIR_SYSTEM . 'library/journal3/vendor/SuperCache

----------------------------------------------------------------------


---------- Date: 2026-03-28 23:43:37 ~ IP : 185.179.188.62 ----------
REQUEST URI : /index.php?route=product/product/review&amp;product_id=114
MOD DETAILS:
   modFile   : /home/canmotalka/web/can-motalka.ru/public_html/vqmod/xml/lightning.xml
   id        : OpenCart Lightning
   version   : 3.37
   vqmver    : 
   author    : MaxD http://devs.mx

File Name    : system/library/cache.php(0)
VQModObject::applyMod - SEARCH NOT FOUND (SKIPPED): if (is_file(DIR_SYSTEM . 'library/journal3/vendor/SuperCache

----------------------------------------------------------------------


---------- Date: 2026-03-28 23:43:39 ~ IP : 185.179.188.62 ----------
REQUEST URI : /index.php?route=module/popupcart_extended
MOD DETAILS:
   modFile   : /home/canmotalka/web/can-motalka.ru/public_html/vqmod/xml/lightning.xml
   id        : OpenCart Lightning
   version   : 3.37
   vqmver    : 
   author    : MaxD http://devs.mx

File Name    : system/library/cache.php(0)
VQModObject::applyMod - SEARCH NOT FOUND (SKIPPED): if (is_file(DIR_SYSTEM . 'library/journal3/vendor/SuperCache

----------------------------------------------------------------------


---------- Date: 2026-03-28 23:44:01 ~ IP : 185.179.188.62 ----------
REQUEST URI : /namotchik-probega-dlya-land-rover-discovery/
MOD DETAILS:
   modFile   : /home/canmotalka/web/can-motalka.ru/public_html/vqmod/xml/lightning.xml
   id        : OpenCart Lightning
   version   : 3.37
   vqmver    : 
   author    : MaxD http://devs.mx

File Name    : system/library/cache.php(0)
VQModObject::applyMod - SEARCH NOT FOUND (SKIPPED): if (is_file(DIR_SYSTEM . 'library/journal3/vendor/SuperCache

----------------------------------------------------------------------


---------- Date: 2026-03-28 23:46:58 ~ IP : 185.179.188.62 ----------
REQUEST URI : /manual-podmotka-toyota-camry-corolla-tlc-rav4/
MOD DETAILS:
   modFile   : /home/canmotalka/web/can-motalka.ru/public_html/vqmod/xml/lightning.xml
   id        : OpenCart Lightning
   version   : 3.37
   vqmver    : 
   author    : MaxD http://devs.mx

File Name    : system/library/cache.php(0)
VQModObject::applyMod - SEARCH NOT FOUND (SKIPPED): if (is_file(DIR_SYSTEM . 'library/journal3/vendor/SuperCache

----------------------------------------------------------------------


---------- Date: 2026-03-28 23:46:58 ~ IP : 185.179.188.62 ----------
REQUEST URI : /index.php?route=module/popupcart_extended
MOD DETAILS:
   modFile   : /home/canmotalka/web/can-motalka.ru/public_html/vqmod/xml/lightning.xml
   id        : OpenCart Lightning
   version   : 3.37
   vqmver    : 
   author    : MaxD http://devs.mx

File Name    : system/library/cache.php(0)
VQModObject::applyMod - SEARCH NOT FOUND (SKIPPED): if (is_file(DIR_SYSTEM . 'library/journal3/vendor/SuperCache

----------------------------------------------------------------------


---------- Date: 2026-03-28 23:49:23 ~ IP : 185.179.188.62 ----------
REQUEST URI : /manual-podmotka-toyota-camry-corolla-tlc-rav4/
MOD DETAILS:
   modFile   : /home/canmotalka/web/can-motalka.ru/public_html/vqmod/xml/lightning.xml
   id        : OpenCart Lightning
   version   : 3.37
   vqmver    : 
   author    : MaxD http://devs.mx

File Name    : system/library/cache.php(0)
VQModObject::applyMod - SEARCH NOT FOUND (SKIPPED): if (is_file(DIR_SYSTEM . 'library/journal3/vendor/SuperCache

----------------------------------------------------------------------


---------- Date: 2026-03-28 23:49:24 ~ IP : 185.179.188.62 ----------
REQUEST URI : /index.php?route=module/popupcart_extended
MOD DETAILS:
   modFile   : /home/canmotalka/web/can-motalka.ru/public_html/vqmod/xml/lightning.xml
   id        : OpenCart Lightning
   version   : 3.37
   vqmver    : 
   author    : MaxD http://devs.mx

File Name    : system/library/cache.php(0)
VQModObject::applyMod - SEARCH NOT FOUND (SKIPPED): if (is_file(DIR_SYSTEM . 'library/journal3/vendor/SuperCache

----------------------------------------------------------------------


---------- Date: 2026-03-28 23:51:33 ~ IP : 185.179.188.62 ----------
REQUEST URI : /manual-podmotka-toyota-camry-corolla-tlc-rav4/
MOD DETAILS:
   modFile   : /home/canmotalka/web/can-motalka.ru/public_html/vqmod/xml/lightning.xml
   id        : OpenCart Lightning
   version   : 3.37
   vqmver    : 
   author    : MaxD http://devs.mx

File Name    : system/library/cache.php(0)
VQModObject::applyMod - SEARCH NOT FOUND (SKIPPED): if (is_file(DIR_SYSTEM . 'library/journal3/vendor/SuperCache

----------------------------------------------------------------------


---------- Date: 2026-03-28 23:51:34 ~ IP : 185.179.188.62 ----------
REQUEST URI : /index.php?route=module/popupcart_extended
MOD DETAILS:
   modFile   : /home/canmotalka/web/can-motalka.ru/public_html/vqmod/xml/lightning.xml
   id        : OpenCart Lightning
   version   : 3.37
   vqmver    : 
   author    : MaxD http://devs.mx

File Name    : system/library/cache.php(0)
VQModObject::applyMod - SEARCH NOT FOUND (SKIPPED): if (is_file(DIR_SYSTEM . 'library/journal3/vendor/SuperCache

----------------------------------------------------------------------


---------- Date: 2026-03-28 23:52:17 ~ IP : 185.179.188.62 ----------
REQUEST URI : /manual-podmotka-toyota-camry-corolla-tlc-rav4/
MOD DETAILS:
   modFile   : /home/canmotalka/web/can-motalka.ru/public_html/vqmod/xml/lightning.xml
   id        : OpenCart Lightning
   version   : 3.37
   vqmver    : 
   author    : MaxD http://devs.mx

File Name    : system/library/cache.php(0)
VQModObject::applyMod - SEARCH NOT FOUND (SKIPPED): if (is_file(DIR_SYSTEM . 'library/journal3/vendor/SuperCache

----------------------------------------------------------------------


---------- Date: 2026-03-28 23:52:18 ~ IP : 185.179.188.62 ----------
REQUEST URI : /index.php?route=module/popupcart_extended
MOD DETAILS:
   modFile   : /home/canmotalka/web/can-motalka.ru/public_html/vqmod/xml/lightning.xml
   id        : OpenCart Lightning
   version   : 3.37
   vqmver    : 
   author    : MaxD http://devs.mx

File Name    : system/library/cache.php(0)
VQModObject::applyMod - SEARCH NOT FOUND (SKIPPED): if (is_file(DIR_SYSTEM . 'library/journal3/vendor/SuperCache

----------------------------------------------------------------------


---------- Date: 2026-03-28 23:52:55 ~ IP : 185.179.188.62 ----------
REQUEST URI : /?ysclid=mnat4aubst755175041
MOD DETAILS:
   modFile   : /home/canmotalka/web/can-motalka.ru/public_html/vqmod/xml/lightning.xml
   id        : OpenCart Lightning
   version   : 3.37
   vqmver    : 
   author    : MaxD http://devs.mx

File Name    : system/library/cache.php(0)
VQModObject::applyMod - SEARCH NOT FOUND (SKIPPED): if (is_file(DIR_SYSTEM . 'library/journal3/vendor/SuperCache

----------------------------------------------------------------------


---------- Date: 2026-03-28 23:52:56 ~ IP : 185.179.188.62 ----------
REQUEST URI : /index.php?route=module/popupcart_extended
MOD DETAILS:
   modFile   : /home/canmotalka/web/can-motalka.ru/public_html/vqmod/xml/lightning.xml
   id        : OpenCart Lightning
   version   : 3.37
   vqmver    : 
   author    : MaxD http://devs.mx

File Name    : system/library/cache.php(0)
VQModObject::applyMod - SEARCH NOT FOUND (SKIPPED): if (is_file(DIR_SYSTEM . 'library/journal3/vendor/SuperCache

----------------------------------------------------------------------


---------- Date: 2026-03-28 23:54:55 ~ IP : 185.179.188.62 ----------
REQUEST URI : /video-obzor/
MOD DETAILS:
   modFile   : /home/canmotalka/web/can-motalka.ru/public_html/vqmod/xml/lightning.xml
   id        : OpenCart Lightning
   version   : 3.37
   vqmver    : 
   author    : MaxD http://devs.mx

File Name    : system/library/cache.php(0)
VQModObject::applyMod - SEARCH NOT FOUND (SKIPPED): if (is_file(DIR_SYSTEM . 'library/journal3/vendor/SuperCache

----------------------------------------------------------------------


---------- Date: 2026-03-28 23:55:12 ~ IP : 185.179.188.62 ----------
REQUEST URI : /video-obzor/
MOD DETAILS:
   modFile   : /home/canmotalka/web/can-motalka.ru/public_html/vqmod/xml/lightning.xml
   id        : OpenCart Lightning
   version   : 3.37
   vqmver    : 
   author    : MaxD http://devs.mx

File Name    : system/library/cache.php(0)
VQModObject::applyMod - SEARCH NOT FOUND (SKIPPED): if (is_file(DIR_SYSTEM . 'library/journal3/vendor/SuperCache

----------------------------------------------------------------------


